Nr_Riga;note appalto;n° righe capitolato: 928;Linea;"n.
corsa";ora part.;ora arr.;percorso;frequenza ;Km  corsa/servizio;Posti autobus;nr. gg;DITTA;MEZZO TITOLARE;posti mezzo titolare;MEZZO DI RISERVA 1;posti mezzo di riserva 1;MEZZO DI RISERVA 2 ;posti mezzo di riserva 2;Cod. Fermata Partenza;FERMATA PARTENZA;Cod. Fermata Arrivo;FERMATA ARRIVO;data inizio;data fine;data inizio 1;data fine 1;frequenza;inverno;estate;fer;scol;lun;mart;merc;giov;ven;sab;fest;postfest;no postfest;prefest;non scol lun;non scol mart;non scol merc;non scol giov;non scol ven;non scol sab; COSTO CTA ex lotto 1 ; COSTO CTA ex lotto 2 ; COSTO CTA NUOVA ;forfait ex lotto 2;forfait Giudicarie estivo;integrazione; fascia capienza mezzi ; AUMENTO € 2,00 9-35 POSTI ex lotto1 ; AUMENTO € 3,00 36-60 POSTI ex lotto1 ; AUMENTO € 2,00 9-35 POSTI ex lotto2 ; AUMENTO € 3,00 36-60 POSTI ex lotto2 ; Integrazione 20 euro <7:00 ;giorni settembre 2022;giorni ottobre 2022;giorni novembre 2022;giorni dicembre 2022;giorni gennaio 2023;costo/corsa;frequenza forfait / integrazioni;gg forfait / integrazioni sett'22;km x forfait sett'22;gg forfait / integrazioni ott'22;km x forfait ott'22;gg forfait / integrazioni nov'22;km x forfait nov'22;gg forfait / integrazioni dic'22;km x forfait dic'22;gg forfait / integrazioni genn'23;km x forfait genn'23;costo forfait / integrazioni;INTEGRAZIONE SOSTITUZIONI;;;;;;;;;;;;;
1;;1;091;492;12:35;13:40;Trento-Laives;"feriale
sabato";50,00;50; 50 ;SRT S.R.L.;GJ981MK;55+30;FH962KW (MDL);54;FL557HC (MDL);53;  0001FS;TRENTO (Stazione FS)         ;  1169SB;Laives - Stabilimento Seeber ;01/09/2022;31/08/2023;;;annuale feriale sab;x;x;x;;;;;;;x;;;;;;;;;;; € 150,00 ;;;;;;2; € -   ; € -   ;;;;4;5;4;3;4; 150,00 € ;;;;;;;;;;;;;;;;;;;;;;;;;;
2;;2;091;492;12:35;13:40;Trento-Laives;"feriale 
da lunedì a venerdì";50;50; 245 ;SRT S.R.L.;GJ981MK;55+30;FH962KW (MDL);54;FL557HC (MDL);53;  0001FS;TRENTO (Stazione FS)         ;  1169SB;Laives - Stabilimento Seeber ;01/09/2022;31/08/2023;;;annuale feriale lu-ve;x;x;x;;x;x;x;x;x;;;;;;;;;;;;;;;S. DUE DI SARTORELLI  LUCA ;;;2;;;;;;22;20;21;20;21; -   € ; annuale feriale lu-ve ;22;;20;;21;;20;;21;; 400,00 € ;;;;;;;;;;;;;;
3;;3;091;493;14:15;15:15;Laives-Trento;"feriale
sabato";50,00;50; 50 ;SRT S.R.L.;GJ981MK;55+30;FH962KW (MDL);54;FL557HC (MDL);53;  1169SB;#REF!;  0001FS;TRENTO (Stazione FS)         ;01/09/2022;31/08/2023;;;annuale feriale sab;x;x;x;;;;;;;x;;;;;;;;;;; € 150,00 ;;;;;;2; € -   ; € -   ;;;;4;5;4;3;4; 150,00 € ;;;;;;;;;;;;;;;;;;;;;;;;;;
4;;4;091;493;14:15;15:15;Laives-Trento;"feriale 
da lunedì a venerdì";50;50; 245 ;SRT S.R.L.;GJ981MK;55+30;FH962KW (MDL);54;FL557HC (MDL);53;  1169SB;Laives - Stabilimento Seeber ;  0001FS;TRENTO (Stazione FS)         ;01/09/2022;31/08/2023;;;annuale feriale lu-ve;x;x;x;;x;x;x;x;x;;;;;;;;;;;;;;;S. DUE DI SARTORELLI  LUCA ;;;2;;;;;;22;20;21;20;21; -   € ;;;;;;;;;;;;;;;;;;;;;;;;;;
5;;5;091;494;20:45;21:45;Trento-Laives;"feriale 
da lunedì a venerdì";50;50; 245 ;SRT S.R.L.;GJ981MK;55+30;FH962KW (MDL);54;FL557HC (MDL);53;  0001FS;TRENTO (Stazione FS)         ;  1169SB;Laives - Stabilimento Seeber ;01/09/2022;31/08/2023;;;annuale feriale lu-ve;x;x;x;;x;x;x;x;x;;;;;;;;;;;;;;;S. DUE DI SARTORELLI  LUCA ;;;2;;;;;;22;20;21;20;21; -   € ;;;;;;;;;;;;;;;;;;;;;;;;;;
6;;6;091;495;22:10;23:10;Laives-Trento;"feriale
sabato";50,00;50; 50 ;SRT S.R.L.;GJ981MK;55+30;FH962KW (MDL);54;FL557HC (MDL);53;  1169SB;Laives - Stabilimento Seeber ;  0001FS;TRENTO (Stazione FS)         ;01/09/2022;31/08/2023;;;annuale feriale sab;x;x;x;;;;;;;x;;;;;;;;;;; € 150,00 ;;;;;;2; € -   ; € -   ;;;;4;5;4;3;4; 150,00 € ;;;;;;;;;;;;;;;;;;;;;;;;;;
7;;7;091;495;22:10;23:10;Laives-Trento;"feriale 
da lunedì a venerdì";50;50; 245 ;SRT S.R.L.;GJ981MK;55+30;FH962KW (MDL);54;FL557HC (MDL);53;  1169SB;55+30;  0001FS;TRENTO (Stazione FS)         ;01/09/2022;31/08/2023;;;annuale feriale lu-ve;x;x;x;;x;x;x;x;x;;;;;;;;;;;;;;;S. DUE DI SARTORELLI  LUCA ;;;2;;;;;;22;20;21;20;21; -   € ;;;;;;;;;;;;;;;;;;;;;;;;;;
8;;8;102;146;13:16;13:56;Trento (via Giusti e giro scuole) - Verla (bis);"scolastica 
da lunedì a venerdì";19,00;55; 174 ;NICE srl;GE453VX;57;GG008PL;50;FA989GW (Perini) / FL781HC (Perini);48/56;  0001VG;Trento(Via Giusti)           ;1072;VERLA                        ;12/09/2022;09/06/2023;;;scolastica lu-ve;;;;x;x;x;x;x;x;;;;;;;;;;;; € 34,20 ;;;;;;2;;;;;;15;20;21;15;17; 34,20 € ;;;;;;;;;;;;;;;;;;;;;;;;;;
9;;9;103;110;12:20;14:12;Trento-Sover-Cavalese;"festiva 
invernale";62,00;40; 45 ;PERINI FRANCO ;FA989GW;48;FF182VP;45;FL781HC;56;1;TRENTO   (Autostaz.)         ;1070;CAVALESE  (Autostaz.)        ;12/09/2022;23/06/2023;;;invernale festiva;x;;;;;;;;;;x;;;;;;;;;; € 186,00 ;;;;;;2; € -   ; € -   ;;;;2;5;5;6;6; 186,00 € ;;;;;;;;;;;;;;;;;;;;;;;;;;
10;;10;103;110;12:20;14:12;Trento-Sover-Cavalese;"festiva 
estiva";62;30; 13 ;PERINI FRANCO ;FA989GW;48;FF182VP;45;FL781HC;56;1;524859,14;1070;CAVALESE  (Autostaz.)        ;01/01/2022;11/09/2022;24/06/2023;31/08/2023;estiva festiva;;x;;;;;;;;;x;;;;;;;;;;;;;PERINI FRANCO 1;;;1;;;;;;2;0;0;0;0; -   € ; estiva festiva ;2;;0;;0;;0;;0;; 350,00 € ;;;;;;;;;;;;;;
11;;11;103;118;16:40;17:30;Trento - Fornace - Albiano;"scolastica 
da lunedì a giovedì";27,00;55; 137 ;SRT S.R.L.;GJ981MK;55+30;FA989GW (Perini);48;FF182VP (Perini);45;1;TRENTO   (Autostaz.)         ;1113;ALBIANO                      ;12/09/2022;09/06/2023;;;scolastica lu, ma, me, gio;;;;x;x;x;x;x;;;;;;;;;;;;; € 81,00 ;;;;;;2; € -   ; € -   ;;;;12;16;17;12;14; 81,00 € ;;;;;;;;;;;;;;;;;;;;;;;;;;
12;;12;103;119;17:00;18:52;Cavalese-Trento;"festiva 
invernale";62,00;40; 45 ;PERINI FRANCO ;FA989GW;48;FF182VP;45;FL781HC;56;1070;CAVALESE  (Autostaz.)        ;1;TRENTO (Autostaz.)         ;12/09/2022;23/06/2023;;;invernale festiva;x;;;;;;;;;;x;;;;;;;;;; € 186,00 ;;;;;;2; € -   ; € -   ;;;;2;5;5;6;6; 186,00 € ;;;;;;;;;;;;;;;;;;;;;;;;;;
13;;13;103;119;17:00;18:56;Cavalese-Trento;"festiva 
estiva";62;30; 13 ;PERINI FRANCO ;FA989GW;48;FF182VP;45;FL781HC;56;1070;CAVALESE  (Autostaz.)        ;1;TRENTO (Autostaz.)         ;01/01/2022;11/09/2022;24/06/2023;31/08/2023;estiva festiva;;x;;;;;;;;;x;;;;;;;;;;;;;PERINI FRANCO 2;;;1;;;;;;2;0;0;0;0; -   € ; estiva festiva ;2;;0;;0;;0;;0;; 350,00 € ;;;;;;;;;;;;;;
14;;14;103;124;18:35;20:00;Trento-Fornace-Sover ;"feriale
sabato";48;50; 50 ;ATP SRLS;GJ968MK;57;GE453VX (Nice srl);57;FE205HG (Fersina Tour) / FY999HP (Fersina Tour);57;1;TRENTO   (Autostaz.)         ;1122;SOVER                        ;01/09/2022;31/08/2023;;;annuale feriale sab;x;x;x;;;;;;;x;;;;;;;;;;;; € 114,40 ;;;;;2;;;;;;4;5;4;5;4; 114,40 € ;;;;;;;;;;;;;;;;;;;;;;;;;;
15;;15;103;124;18:35;19:50;Trento-Sover ;"feriale 
da lunedì a venerdì";44;50; 252 ;ATP SRLS;GJ968MK;57;GG008PL (Nice srl);50;FE205HG (Fersina Tour) / FY999HP (Fersina Tour);57;1;TRENTO   (Autostaz.)         ;1122;SOVER                        ;01/09/2022;31/08/2023;;;annuale feriale lu-ve;x;x;x;;x;x;x;x;x;;;;;;;;;;;;; € 114,40 ;;;;;2;;;;;;22;21;21;20;21; 114,40 € ;;;;;;;;;;;;;;;;;;;;;;;;;;
16;;16;107;570;17:05;17:26;Mezzolombardo-Roverè della Luna;"scolastica 
da lunedì a sabato";15;30; 208 ;ATP SRLS;GJ968MK;57;GE453VX (Nice srl);57;FR777WP (Fersina Tour);57+18 in piedi;6120;  MEZZOLOMBARDO                ;  6113AD;Rovere' (Trentinalatte)      ;12/09/2022;09/06/2023;;;scolastica lu-sa;;;;x;x;x;x;x;x;x;;;;;;;;;;;;;;VPT SRL ;;;1;;;;;;17;25;25;18;20; -   € ; scolastica lu-sa ;17;;25;;25;;18;;20;; 165,00 € ;;;;;;;;;;;;;;
17;;17;107;571;17:26;17:46;Roverè della Luna-Mezzolombardo;"scolastica 
da lunedì a sabato";15;30; 208 ;ATP SRLS;GJ968MK;57;GG008PL (Nice srl);50;FR777WP (Fersina Tour);57+18 in piedi;  6113AD;Rovere' (Trentinalatte)      ;6120;  MEZZOLOMBARDO                ;12/09/2022;09/06/2023;;;scolastica lu-sa;;;;x;x;x;x;x;x;x;;;;;;;;;;;;;;VPT SRL ;;;1;;;;;;17;25;25;18;20; -   € ;;;;;;;;;;;;;;;;;;;;;;;;;;
18;;18;120;178;14:53;15:03;Cavalese-Ospedale-Cavalese;"festiva 
invernale";4,00;40; 45 ;PERINI FRANCO ;FA989GW;48;FF182VP;45;FL781HC;56;  1070OS;Cavalese (Ospedale)          ;1070;CAVALESE  (Autostaz.)        ;12/09/2022;23/06/2023;;;invernale festiva;x;;;;;;;;;;x;;;;;;;;;; € 12,00 ;;;;;;2; € -   ; € -   ;;;;2;5;5;6;6; 12,00 € ;;;;;;;;;;;;;;;;;;;;;;;;;;
19;;19;120;55;15:53;16:03;Cavalese-Ospedale-Cavalese;"festiva 
estiva";4,00;19; 13 ;PERINI FRANCO ;FA989GW;48;FF182VP;45;FL781HC;56;1070;CAVALESE  (Autostaz.)        ;  1070OS;Cavalese (Ospedale)          ;01/01/2022;11/09/2022;24/06/2023;31/08/2023;estiva festiva;;x;;;;;;;;;x;;;;;;;;;; € 18,00 ;;;;;;1; € -   ; € -   ;;;;2;0;0;0;0; 18,00 € ;;;;;;;;;;;;;;;;;;;;;;;;;;
20;;20;120;90;15:53;16:03;Cavalese-Ospedale-Cavalese;"festiva 
invernale";4,00;40; 45 ;PERINI FRANCO ;FA989GW;48;FF182VP;45;FL781HC;56;1070;CAVALESE  (Autostaz.)        ;  1070OS;Cavalese (Ospedale)          ;12/09/2022;23/06/2023;;;invernale festiva;x;;;;;;;;;;x;;;;;;;;;; € 12,00 ;;;;;;2; € -   ; € -   ;;;;2;5;5;6;6; 12,00 € ;;;;;;;;;;;;;;;;;;;;;;;;;;
21;;21;123;172;08:50;09:38;Moena - Falcade;"Estiva
lunedì-sabato";22,00;50; 67 ;DESILVESTRO TAXI E VIAGGI SRL;FN362MX;43;"FZ047KX GC807JF
";23+20;;;  1250AT;Moena (Albergo Trentino)     ;1255;FALCADE                      ;01/01/2022;11/09/2022;24/06/2023;31/08/2023;estiva feriale lu-sa;;x;x;;x;x;x;x;x;x;;;;;;;;;;; € 63,39 ;;;;;;2; € -   ; € 2,61 ;;;;9;0;0;0;0; 66,00 € ;;;;;;;;;;;;;;;;;;;;;;;;;;
22;;22;123;172;08:50;09:27;Moena-Passo S.Pellegrino-Falcade;"festiva 
estiva";22,00;50; 13 ;DESILVESTRO TAXI E VIAGGI SRL;FN362MX;43;"FZ047KX GC807JF
";23+20;;;  1250AT;Moena (Albergo Trentino)     ;1255;FALCADE                      ;01/01/2022;11/09/2022;24/06/2023;31/08/2023;estiva festiva;;x;;;;;;;;;x;;;;;;;;;; € 66,00 ;;;;;;2; € -   ; € -   ;;;;2;0;0;0;0; 66,00 € ;;;;;;;;;;;;;;;;;;;;;;;;;;
23;;23;123;173;09:37;10:14;Falcade - Moena;estiva feriale;22,00;50; 67 ;DESILVESTRO TAXI E VIAGGI SRL;FN362MX;43;"FZ047KX GC807JF
";23+20;;;1255;FALCADE                      ;  1250AT;Moena (Albergo Trentino)     ;01/01/2022;11/09/2022;24/06/2023;31/08/2023;estiva feriale lu-sa;;x;x;;x;x;x;x;x;x;;;;;;;;;;; € 63,39 ;;;;;;2; € -   ; € 2,61 ;;;;9;0;0;0;0; 66,00 € ;;;;;;;;;;;;;;;;;;;;;;;;;;
24;;24;123;173;09:37;10:14;Falcade-Passo S. Pellegrino-Moena;"festiva 
estiva";22,00;50; 13 ;DESILVESTRO TAXI E VIAGGI SRL;FN362MX;43;"FZ047KX GC807JF
";23+20;;;1255;FALCADE                      ;  1250AT;Moena (Albergo Trentino)     ;01/01/2022;11/09/2022;24/06/2023;31/08/2023;estiva festiva;;x;;;;;;;;;x;;;;;;;;;; € 66,00 ;;;;;;2; € -   ; € -   ;;;;2;0;0;0;0; 66,00 € ;;;;;;;;;;;;;;;;;;;;;;;;;;
25;;25;123;174;10:20;11:15;Moena - S.Pellegrino;estiva feriale;12,00;50; 67 ;DESILVESTRO TAXI E VIAGGI SRL;FN362MX;43;"FZ047KX GC807JF
";23+20;;;  1250AT;Moena (Albergo Trentino)     ;  1253CM;  P.S.PELLEGRINO (FUN.)        ;01/01/2022;11/09/2022;24/06/2023;31/08/2023;estiva feriale lu-sa;;x;x;;x;x;x;x;x;x;;;;;;;;;;; € 21,60 ;;;;;;2; € -   ; € 14,40 ;;;;9;0;0;0;0; 36,00 € ;;;;;;;;;;;;;;;;;;;;;;;;;;
26;;26;123;174;10:20;10:42;Moena-Passo S.Pellegrino;"festiva 
estiva";12,00;50; 13 ;DESILVESTRO TAXI E VIAGGI SRL;FN362MX;43;"FZ047KX GC807JF
";23+20;;;  1250AT;Moena (Albergo Trentino)     ;  1253CM;  P.S.PELLEGRINO (FUN.)        ;01/01/2022;11/09/2022;24/06/2023;31/08/2023;estiva festiva;;x;;;;;;;;;x;;;;;;;;;; € 36,00 ;;;;;;2; € -   ; € -   ;;;;2;0;0;0;0; 36,00 € ;;;;;;;;;;;;;;;;;;;;;;;;;;
27;frequenza corretta da capitolato;27;123;175;10:47;11:10;Passo S. Pellegrino-Moena;feriale estiva;12,00;50; 67 ;DESILVESTRO TAXI E VIAGGI SRL;FN362MX;43;"FZ047KX GC807JF
";23+20;;;  1253CM;P.S.PELLEGRINO (FUN.)        ;  1250AT;Moena (Albergo Trentino)     ;01/01/2022;11/09/2022;24/06/2023;31/08/2023;estiva feriale lu-sa;;x;x;;x;x;x;x;x;x;;;;;;;;;;; € 21,60 ;;;;;;2; € -   ; € 14,40 ;;;;9;0;0;0;0; 36,00 € ;;;;;;;;;;;;;;;;;;;;;;;;;;
28;;28;123;175;10:47;11:10;S. Pellegrino - Moena;"festiva 
estiva";12,00;50; 13 ;DESILVESTRO TAXI E VIAGGI SRL;FN362MX;43;"FZ047KX GC807JF
";23+20;;;  1253CM;P.S.PELLEGRINO (FUN.)        ;  1250AT;Moena (Albergo Trentino)     ;01/01/2022;11/09/2022;24/06/2023;31/08/2023;estiva festiva;;x;;;;;;;;;x;;;;;;;;;; € 36,00 ;;;;;;2; € -   ; € -   ;;;;2;0;0;0;0; 36,00 € ;;;;;;;;;;;;;;;;;;;;;;;;;;
29;;29;123;176;11:20;11:42;Moena-Passo S.Pellegrino;"estiva
feriale ";12,00;50; 67 ;DESILVESTRO TAXI E VIAGGI SRL;FN362MX;43;"FZ047KX GC807JF
";23+20;;;  1250AT;Moena (Albergo Trentino)     ;  1253CM;  P.S.PELLEGRINO (FUN.)        ;01/01/2022;11/09/2022;24/06/2023;31/08/2023;estiva feriale lu-sa;;x;x;;x;x;x;x;x;x;;;;;;;;;;; € 36,00 ;;;;;;2; € -   ; € -   ;;;;9;0;0;0;0; 36,00 € ;;;;;;;;;;;;;;;;;;;;;;;;;;
30;;30;123;176;11:20;11:42;Moena-Passo S.Pellegrino;"festiva 
estiva";12,00;50; 13 ;DESILVESTRO TAXI E VIAGGI SRL;FN362MX;43;"FZ047KX GC807JF
";23+20;;;  1250AT;Moena (Albergo Trentino)     ;  1253CM;  P.S.PELLEGRINO (FUN.)        ;01/01/2022;11/09/2022;24/06/2023;31/08/2023;estiva festiva;;x;;;;;;;;;x;;;;;;;;;; € 36,00 ;;;;;;2; € -   ; € -   ;;;;2;0;0;0;0; 36,00 € ;;;;;;;;;;;;;;;;;;;;;;;;;;
31;;31;123;177;11:47;12:10;Passo S. Pellegrino-Moena;"estiva
feriale ";12,00;50; 67 ;DESILVESTRO TAXI E VIAGGI SRL;FN362MX;43;"FZ047KX GC807JF
";23+20;;;  1253CM;P.S.PELLEGRINO (FUN.)        ;  1250AT;Moena (Albergo Trentino)     ;01/01/2022;11/09/2022;24/06/2023;31/08/2023;estiva feriale lu-sa;;x;x;;x;x;x;x;x;x;;;;;;;;;;; € 36,00 ;;;;;;2; € -   ; € -   ;;;;9;0;0;0;0; 36,00 € ;;;;;;;;;;;;;;;;;;;;;;;;;;
32;;32;123;177;11:47;12:10;Passo S. Pellegrino-Moena;"festiva 
estiva";12,00;50; 13 ;DESILVESTRO TAXI E VIAGGI SRL;FN362MX;43;"FZ047KX GC807JF
";23+20;;;  1253CM;P.S.PELLEGRINO (FUN.)        ;  1250AT;Moena (Albergo Trentino)     ;01/01/2022;11/09/2022;24/06/2023;31/08/2023;estiva festiva;;x;;;;;;;;;x;;;;;;;;;; € 36,00 ;;;;;;2; € -   ; € -   ;;;;2;0;0;0;0; 36,00 € ;;;;;;;;;;;;;;;;;;;;;;;;;;
33;;33;123;178;13:50;14:12;Moena-Passo S.Pellegrino;"estiva
feriale ";12,00;50; 67 ;DESILVESTRO TAXI E VIAGGI SRL;FN362MX;43;"FZ047KX GC807JF
";23+20;;;  1250AT;Moena (Albergo Trentino)     ;  1253CM;  P.S.PELLEGRINO (FUN.)        ;01/01/2022;11/09/2022;24/06/2023;31/08/2023;estiva feriale lu-sa;;x;x;;x;x;x;x;x;x;;;;;;;;;;; € 36,00 ;;;;;;2; € -   ; € -   ;;;;9;0;0;0;0; 36,00 € ;;;;;;;;;;;;;;;;;;;;;;;;;;
34;;34;123;178;13:50;14:12;Moena-Passo S.Pellegrino;"festiva 
estiva";12,00;50; 13 ;DESILVESTRO TAXI E VIAGGI SRL;FN362MX;43;"FZ047KX GC807JF
";23+20;;;  1250AT;Moena (Albergo Trentino)     ;  1253CM;  P.S.PELLEGRINO (FUN.)        ;01/01/2022;11/09/2022;24/06/2023;31/08/2023;estiva festiva;;x;;;;;;;;;x;;;;;;;;;; € 36,00 ;;;;;;2; € -   ; € -   ;;;;2;0;0;0;0; 36,00 € ;;;;;;;;;;;;;;;;;;;;;;;;;;
35;;35;123;179;14:20;14:42;Passo S. Pellegrino-Moena;"estiva
feriale ";12,00;50; 67 ;DESILVESTRO TAXI E VIAGGI SRL;FN362MX;43;"FZ047KX GC807JF
";23+20;;;  1253CM;P.S.PELLEGRINO (FUN.)        ;  1250AT;Moena (Albergo Trentino)     ;01/01/2022;11/09/2022;24/06/2023;31/08/2023;estiva feriale lu-sa;;x;x;;x;x;x;x;x;x;;;;;;;;;;; € 36,00 ;;;;;;2; € -   ; € -   ;;;;9;0;0;0;0; 36,00 € ;;;;;;;;;;;;;;;;;;;;;;;;;;
36;;36;123;179;14:20;14:42;Passo S. Pellegrino-Moena;"festiva 
estiva";12,00;50; 13 ;DESILVESTRO TAXI E VIAGGI SRL;FN362MX;43;"FZ047KX GC807JF
";23+20;;;  1253CM;P.S.PELLEGRINO (FUN.)        ;  1250AT;Moena (Albergo Trentino)     ;01/01/2022;11/09/2022;24/06/2023;31/08/2023;estiva festiva;;x;;;;;;;;;x;;;;;;;;;; € 36,00 ;;;;;;2; € -   ; € -   ;;;;2;0;0;0;0; 36,00 € ;;;;;;;;;;;;;;;;;;;;;;;;;;
37;;37;123;180;15:50;16:12;Moena-Passo S.Pellegrino;"estiva
feriale ";12,00;50; 67 ;DESILVESTRO TAXI E VIAGGI SRL;FN362MX;43;"FZ047KX GC807JF
";23+20;;;  1250AT;Moena (Albergo Trentino)     ;  1253CM;  P.S.PELLEGRINO (FUN.)        ;01/01/2022;11/09/2022;24/06/2023;31/08/2023;estiva feriale lu-sa;;x;x;;x;x;x;x;x;x;;;;;;;;;;; € 36,00 ;;;;;;2; € -   ; € -   ;;;;9;0;0;0;0; 36,00 € ;;;;;;;;;;;;;;;;;;;;;;;;;;
38;;38;123;180;15:50;16:12;Moena-Passo S.Pellegrino;"festiva 
estiva";12,00;50; 13 ;DESILVESTRO TAXI E VIAGGI SRL;FN362MX;43;"FZ047KX GC807JF
";23+20;;;  1250AT;Moena (Albergo Trentino)     ;  1253CM;  P.S.PELLEGRINO (FUN.)        ;01/01/2022;11/09/2022;24/06/2023;31/08/2023;estiva festiva;;x;;;;;;;;;x;;;;;;;;;; € 36,00 ;;;;;;2; € -   ; € -   ;;;;2;0;0;0;0; 36,00 € ;;;;;;;;;;;;;;;;;;;;;;;;;;
39;;39;123;181;16:17;16:39;Passo S. Pellegrino-Moena;"estiva
feriale ";12,00;50; 67 ;DESILVESTRO TAXI E VIAGGI SRL;FN362MX;43;"FZ047KX GC807JF
";23+20;;;  1253CM;P.S.PELLEGRINO (FUN.)        ;  1250AT;Moena (Albergo Trentino)     ;01/01/2022;11/09/2022;24/06/2023;31/08/2023;estiva feriale lu-sa;;x;x;;x;x;x;x;x;x;;;;;;;;;;; € 36,00 ;;;;;;2; € -   ; € -   ;;;;9;0;0;0;0; 36,00 € ;;;;;;;;;;;;;;;;;;;;;;;;;;
40;;40;123;181;16:17;16:39;Passo S. Pellegrino-Moena;"festiva 
estiva";12,00;50; 13 ;DESILVESTRO TAXI E VIAGGI SRL;FN362MX;43;"FZ047KX GC807JF
";23+20;;;  1253CM;P.S.PELLEGRINO (FUN.)        ;  1250AT;Moena (Albergo Trentino)     ;01/01/2022;11/09/2022;24/06/2023;31/08/2023;estiva festiva;;x;;;;;;;;;x;;;;;;;;;; € 36,00 ;;;;;;2; € -   ; € -   ;;;;2;0;0;0;0; 36,00 € ;;;;;;;;;;;;;;;;;;;;;;;;;;
41;;41;123;182;16:50;17:27;Moena - Falcade;estiva feriale;22,00;50; 67 ;DESILVESTRO TAXI E VIAGGI SRL;FN362MX;43;"FZ047KX GC807JF
";23+20;;;  1250AT;Moena (Albergo Trentino)     ;1255;FALCADE                      ;01/01/2022;11/09/2022;24/06/2023;31/08/2023;estiva feriale lu-sa;;x;x;;x;x;x;x;x;x;;;;;;;;;;; € 63,39 ;;;;;;2; € -   ; € 2,61 ;;;;9;0;0;0;0; 66,00 € ;;;;;;;;;;;;;;;;;;;;;;;;;;
42;;42;123;182;16:50;17:27;Moena-Passo S.Pellegrino-Falcade;"festiva 
estiva";22,00;50; 13 ;DESILVESTRO TAXI E VIAGGI SRL;FN362MX;43;"FZ047KX GC807JF
";23+20;;;  1250AT;Moena (Albergo Trentino)     ;1255;FALCADE                      ;01/01/2022;11/09/2022;24/06/2023;31/08/2023;estiva festiva;;x;;;;;;;;;x;;;;;;;;;; € 66,00 ;;;;;;2; € -   ; € -   ;;;;2;0;0;0;0; 66,00 € ;;;;;;;;;;;;;;;;;;;;;;;;;;
43;;43;123;183;17:37;18:14;Falcade-Passo S. Pellegrino-Moena;estiva feriale;22,00;50; 67 ;DESILVESTRO TAXI E VIAGGI SRL;FN362MX;43;"FZ047KX GC807JF
";23+20;;;1255;FALCADE                      ;  1250AT;Moena (Albergo Trentino)     ;01/01/2022;11/09/2022;24/06/2023;31/08/2023;estiva feriale lu-sa;;x;x;;x;x;x;x;x;x;;;;;;;;;;; € 63,39 ;;;;;;2; € -   ; € 2,61 ;;;;9;0;0;0;0; 66,00 € ;;;;;;;;;;;;;;;;;;;;;;;;;;
44;;44;123;183;17:37;18:14;Falcade-Passo S. Pellegrino-Moena;"festiva 
estiva";22,00;50; 13 ;DESILVESTRO TAXI E VIAGGI SRL;FN362MX;43;"FZ047KX GC807JF
";23+20;;;1255;FALCADE                      ;  1250AT;Moena (Albergo Trentino)     ;01/01/2022;11/09/2022;24/06/2023;31/08/2023;estiva festiva;;x;;;;;;;;;x;;;;;;;;;; € 66,00 ;;;;;;2; € -   ; € -   ;;;;2;0;0;0;0; 66,00 € ;;;;;;;;;;;;;;;;;;;;;;;;;;
45;;45;123;184;18:30;18:52;Moena - S.Pellegrino;estiva feriale;12,00;50; 67 ;DESILVESTRO TAXI E VIAGGI SRL;FN362MX;43;"FZ047KX GC807JF
";23+20;;;  1250AT;Moena (Albergo Trentino)     ;  1253CM;  P.S.PELLEGRINO (FUN.)        ;01/01/2022;11/09/2022;24/06/2023;31/08/2023;estiva feriale lu-sa;;x;x;;x;x;x;x;x;x;;;;;;;;;;; € 34,58 ;;;;;;2; € -   ; € 1,42 ;;;;9;0;0;0;0; 36,00 € ;;;;;;;;;;;;;;;;;;;;;;;;;;
46;;46;123;184;18:30;18:52;Moena-Passo S.Pellegrino;"festiva 
estiva";12,00;50; 13 ;DESILVESTRO TAXI E VIAGGI SRL;FN362MX;43;"FZ047KX GC807JF
";23+20;;;  1250AT;Moena (Albergo Trentino)     ;  1253CM;  P.S.PELLEGRINO (FUN.)        ;01/01/2022;11/09/2022;24/06/2023;31/08/2023;estiva festiva;;x;;;;;;;;;x;;;;;;;;;; € 36,00 ;;;;;;2; € -   ; € -   ;;;;2;0;0;0;0; 36,00 € ;;;;;;;;;;;;;;;;;;;;;;;;;;
47;frequenza corretta da capitolato;47;123;185;18:55;19:17;Passo S. Pellegrino-Moena;feriale estiva;12,00;50; 67 ;DESILVESTRO TAXI E VIAGGI SRL;FN362MX;43;"FZ047KX GC807JF
";23+20;;;  1253CM;P.S.PELLEGRINO (FUN.)        ;  1250AT;Moena (Albergo Trentino)     ;01/01/2022;11/09/2022;24/06/2023;31/08/2023;estiva feriale lu-sa;;x;x;;x;x;x;x;x;x;;;;;;;;;;; € 34,58 ;;;;;;2; € -   ; € 1,42 ;;;;9;0;0;0;0; 36,00 € ;;;;;;;;;;;;;;;;;;;;;;;;;;
48;;48;123;185;18:55;19:17;Passo S. Pellegrino-Moena;"festiva 
estiva";12,00;50; 13 ;DESILVESTRO TAXI E VIAGGI SRL;FN362MX;43;"FZ047KX GC807JF
";23+20;;;  1253CM;P.S.PELLEGRINO (FUN.)        ;  1250AT;Moena (Albergo Trentino)     ;01/01/2022;11/09/2022;24/06/2023;31/08/2023;estiva festiva;;x;;;;;;;;;x;;;;;;;;;; € 36,00 ;;;;;;2; € -   ; € -   ;;;;2;0;0;0;0; 36,00 € ;;;;;;;;;;;;;;;;;;;;;;;;;;
49;;49;202;92;07:45;08:40;Trento-Viote;"festiva 
estiva";24;30; 13 ;PERINI FRANCO ;FF182VP;45;FA989GW;48;EY198WJ;45;1;TRENTO   (Autostaz.)         ;2660;VIOTE                        ;01/01/2022;11/09/2022;24/06/2023;31/08/2023;estiva festiva;;x;;;;;;;;;x;;;;;;;;;;;;;PERINI FRANCO 3;;;1;;;;;;2;0;0;0;0; -   € ; estiva festiva ;2;;0;;0;;0;;0;; 350,00 € ;;;;;;;;;;;;;;
50;;50;202;85;08:45;09:40;Viote-Trento;"festiva 
estiva";24;30; 13 ;PERINI FRANCO ;FF182VP;45;FA989GW;48;EY198WJ;45;2660;VIOTE                        ;1;TRENTO (Autostaz.)         ;01/01/2022;11/09/2022;24/06/2023;31/08/2023;estiva festiva;;x;;;;;;;;;x;;;;;;;;;;;;;PERINI FRANCO 3;;;1;;;;;;2;0;0;0;0; -   € ;;;;;;;;;;;;;;;;;;;;;;;;;;
51;;51;204;148;06:40;07:50;Calavino-Riva del Garda;"scolastica 
da lunedì a sabato";34,00;50; 208 ;SARCATOUR s.r.l.;FK791WG;55;FE629SK;54;FA895BD (FL781HC+FA989GW Perini già autorizzate in caso di cambio titolarità);57;2048;CALAVINO                     ;960;RIVA DEL G. (Autostaz.)      ;12/09/2022;09/06/2023;;;scolastica lu-sa;;;;x;x;x;x;x;x;x;;;;;;;;;;; € 102,00 ;;;;;;2; € -   ; € -   ;;; € -   ;17;25;25;18;20; 102,00 € ;;;;;;;;;;;;;;;;;;;;;;;;;;
52;;52;204;281;07:18;07:48;Drena-Vigo Cavedine -Vezzano;"feriale 
da lunedì a venerdì";16,90;50; 252 ;NICE srl;GE452VX;36;GG008PL;50;FF182VP (Perini);45;2057;DRENA                        ;  2040RR;VEZZANO (Piazza);01/09/2022;31/08/2023;;;annuale feriale lu-ve;x;x;x;;x;x;x;x;x;;;;;;;;;;;; € 110,35 ;;;;;;2; € -   ; € -   ;;;;22;21;21;20;21; 110,35 € ;;;;;;;;;;;;;;;;;;;;;;;;;;
53;;53;204;375;14:22;14:37;Drò - Drena - Vigo Cavedine;"scolastica 
da lunedì a sabato";10,00;19; 208 ;SRT S.R.L.;;;;;FL596HC (Sarcatour);17;2127;DRO                          ;2054;VIGO CAVEDINE                ;12/09/2022;09/06/2023;;;scolastica lu-sa;;;;x;x;x;x;x;x;x;;;;;;;;;;; € 55,48 ;;;;;;1; € -   ; € -   ;;;;17;25;25;18;20; 55,48 € ;;;;;;;;;;;;;;;;;;;;;;;;;;
54;;54;204;414;14:30;15:02;Calavino-Dro;"scolastica 
da lunedì a venerdì";16,00;19; 174 ;SRT S.R.L.;;;GH658ZZ (Perini);23;EW749GD (Perini);23;2048;CALAVINO                     ;2127;DRO                          ;12/09/2022;09/06/2023;;;scolastica lu-ve;;;;x;x;x;x;x;x;;;;;;;;;;;; € 28,80 ;;;;;;1; € 3,20 ; € -   ;;;;15;20;21;15;17; 32,00 € ;;;;;;;;;;;;; € 8,00 ;;;;;;;;;;;;;
55;;55;204;200;16:32;17:03;Vezzano -Vigo Cavedine-Drena;"invernale
da lunedì a venerdì";17,90;55; 202 ;NICE srl;GE452VX;36;GG008PL;50;FF182VP (Perini);45;  2040RR;VEZZANO (Piazza)             ;2057;DRENA                        ;12/09/2022;23/06/2023;;;invernale feriale lu-ve;x;;x;;x;x;x;x;x;;;;;;;;;;;; € 56,22 ;;;;;;2; € -   ; € -   ;;;;15;21;21;20;21; 56,22 € ;;;;;;;;;;;;;;;;;;;;;;;;;;
56;;56;204;282;16:39;17:09;Vezzano -Vigo Cavedine-Drena;"Estiva
lunedì-venerdì";17,90;55; 55 ;NICE srl;GE453VX;57;GG008PL;50;FF182VP (Perini);45;  2040RR;VEZZANO (Piazza)             ;2057;DRENA                        ;01/01/2022;11/09/2022;24/06/2023;31/08/2023;estiva feriale lu-ve;;x;x;;x;x;x;x;x;;;;;;;;;;;; € 56,22 ;;;;;;2; € -   ; € -   ;;;;7;0;0;0;0; 56,22 € ;;;;;;;;;;;;;;;;;;;;;;;;;;
57;;57;205;59;06:52;06:58;S. Massenza - Due laghi;"estiva feriale 
dal lunedì al venerdì";1,00;19; 55 ;NICE srl;FN426MX;20;GA984ER;23;GC658CS;24;2101;S.Massenza                   ;2100;Due Laghi                    ;01/01/2022;11/09/2022;24/06/2023;31/08/2023;estiva feriale lu-ve;;x;x;;x;x;x;x;x;;;;;;;;;;;; € 11,87 ;;;;;;1; € -   ; € -   ;;; € 8,13 ;7;0;0;0;0; 20,00 € ;;;;;;;;;;;;;;;;;;;;;;;;;;
58;;58;205;397;06:52;06:55;S. Massenza - Due laghi;"feriale non scolastica
da lunedì a sabato";1,00;19; 29 ;NICE srl;FN426MX;20;GA984ER;23;GC658CS;24;2101;S.Massenza                   ;2100;Due Laghi                    ;12/09/2022;23/06/2023;;;invernale feriale no scol lu-sa;x;;x;;;;;;;;;;;;x;x;x;x;x;x; € 11,87 ;;;;;;1; € -   ; € -   ;;; € 8,13 ;0;1;0;7;5; 20,00 € ;;;;;;;;;;;;;;;;;;;;;;;;;;
59;;59;205;400;17:50;17:52;Due Laghi - S. Massenza;"scolastica 
da lunedì a venerdì";1,50;19; 174 ;NICE srl;FN426MX;20;GA984ER;23;GC658CS;24;2100;Due Laghi                    ;2101;S.Massenza                   ;12/09/2022;09/06/2023;;;scolastica lu-ve;;;;x;x;x;x;x;x;;;;;;;;;;;; € 11,87 ;;;;;;1; € -   ; € -   ;;;;15;20;21;15;17; 11,87 € ;;;;;;;;;;;;;;;;;;;;;;;;;;
60;;60;206;124;16:10;16:50;Trento - Terlago - Monte Terlago;"invernale
da lunedì a venerdì";18,30;35; 202 ;NICE srl;GC658CS;23;GE452VX;36;;;1;TRENTO   (Autostaz.)         ;  2023AL;M.TERLAGO (H. 2 Laghi)       ;12/09/2022;23/06/2023;;;invernale feriale lu-ve;x;;x;;x;x;x;x;x;;;;;;;;;;;; € 75,33 ;;;;;;1; € -   ; € -   ;;;;15;21;21;20;21; 75,33 € ;;;;;;;;;;;;;;;;;;;;;;;;;;
61;;61;213;5;06:55;07:10;Castel Condino - Cimego;"scolastica 
da lunedì a sabato";3,70;29; 208 ;MAESTRI AUGUSTO & C. S.N.C. ;FR892WP;21;FW907WP solo al sabato;9;;;2324;CASTEL CONDINO               ;2310;Cimego                       ;12/09/2022;09/06/2023;;;scolastica lu-sa;;;;x;x;x;x;x;x;x;;;;;;;;;;; € 25,60 ;;;;;;1; € -   ; € -   ;;; € -   ;17;25;25;18;20; 25,60 € ;;;;;;;;;;;;;;;;;;;;;;;;;;
62;;62;214;;07:24;07:45;Pregasina - Riva del Garda;"scolastica 
da lunedì a sabato";10,50;17; 208 ;EUROTOUR SERVICE (IN SIGLA E.T.S.) DI AZZOLINI LUCA & C. S.N.C. ; FN744MW;9; FC376RJ;9;;;2160;PREGASINA                    ;960;RIVA DEL G. (Autostaz.)      ;12/09/2022;09/06/2023;;;scolastica lu-sa;;;;x;x;x;x;x;x;x;;;;;;;;;;; € 31,50 ;;;;;;1; € -   ; € -   ;;;;17;25;25;18;20; 31,50 € ;;;;;;;;;;;;;;;;;;;;;;;;;;
63;;63;214;616;13:02;13:06;Pregasina bv.-Pregasina;"scolastica
sabato";3,10;8; 34 ;EUROTOUR SERVICE (IN SIGLA E.T.S.) DI AZZOLINI LUCA & C. S.N.C. ; FN744MW;9; FC376RJ;9;;;2163;Pregasina Bivio              ;2160;PREGASINA                    ;12/09/2022;09/06/2023;;;scolastica sab;;;;x;;;;;;x;;;;;;;;;;; € 18,90 ;;;;;;1; € -   ; € -   ;;;;2;5;4;3;3; 18,90 € ;;;;;;;;;;;;;;;;;;;;;;;;;;
64;;64;214;49;13:10;14:05;Pregasina - Riva del Garda;"scolastica 
sabato";10,50;8; 34 ;EUROTOUR SERVICE (IN SIGLA E.T.S.) DI AZZOLINI LUCA & C. S.N.C. ; FN744MW;9; FC376RJ;9;;;2160;PREGASINA                    ;960;RIVA DEL G. (Autostaz.)      ;12/09/2022;09/06/2023;;;scolastica sab;;;;x;;;;;;x;;;;;;;;;;; € 18,90 ;;;;;;1; € 2,10 ; € -   ;;;;2;5;4;3;3; 21,00 € ;;;;;;;;;;;;;;;;;;;;;;;;;;
65;;65;214;618;13:42;13:46;Pregasina bv.-Pregasina;scolastica di lunedì, mercoledì e venerdì;3,10;8; 106 ;AUTOSERVIZI MATTUZZI CLAUDIO & C. S.N.C.;FN589MX;9;FL778HC;23;FN339MX;7;2163;Pregasina Bivio              ;2160;PREGASINA                    ;12/09/2022;09/06/2023;;;scolastica lu, me, ve;;;;x;x;;x;;x;;;;;;;;;;;; € 18,90 ;;;;;;1; € -   ; € -   ;;;;9;12;13;9;10; 18,90 € ;;;;;;;;;;;;;;;;;;;;;;;;;;
66;;65 bis;214;618;13:42;13:46;Pregasina bv.-Pregasina;scolastica di martedì e giovedì;3,10;8; 68 ;EUROTOUR SERVICE (IN SIGLA E.T.S.) DI AZZOLINI LUCA & C. S.N.C. ;FN744MW;9;FC376RJ;9;;;2163;Pregasina Bivio              ;2160;PREGASINA                    ;12/09/2022;09/06/2023;;;scolastica ma, gio;;;;x;;x;;x;;;;;;;;;;;;; € 18,90 ;;;;;;1; € -   ; € -   ;;;;6;8;8;6;7; 18,90 € ;;;;;;;;;;;;;;;;;;;;;;;;;;
67;;66;214;49;14:37;14:58;Pregasina - Riva del Garda;scolastica di lunedì, mercoledì e venerdì;10,50;8/ 8; 106 ;AUTOSERVIZI MATTUZZI CLAUDIO & C. S.N.C.;FN589MX;9;FL778HC;23;FN339MX;7;2160;PREGASINA                    ;960;RIVA DEL G. (Autostaz.)      ;12/09/2022;09/06/2023;;;scolastica lu, me, ve;;;;x;x;;x;;x;;;;;;;;;;;; € 18,90 ;;;;;;1; € 2,10 ; € -   ;;;;9;12;13;9;10; 21,00 € ;;;;;;;;;;;;;;;;;;;;;;;;;;
68;;66 bis;214;49;14:37;14:58;Pregasina - Riva del Garda;scolastica di martedì e giovedì;10,50;8/ 8; 68 ;EUROTOUR SERVICE (IN SIGLA E.T.S.) DI AZZOLINI LUCA & C. S.N.C. ;FN744MW;9;FC376RJ;9;;;2160;PREGASINA                    ;960;RIVA DEL G. (Autostaz.)      ;12/09/2022;09/06/2023;;;scolastica ma, gio;;;;x;;x;;x;;;;;;;;;;;;; € 18,90 ;;;;;;1; € 2,10 ; € -   ;;;;6;8;8;6;7; 21,00 € ;;;;;;;;;;;;;;;;;;;;;;;;;;
69;;67;214;680;14:30;14:34;Pregasina bivio-Pregasina;scolastica di lunedì, mercoledì e venerdì;3,10;8/ 8; 106 ;AUTOSERVIZI MATTUZZI CLAUDIO & C. S.N.C.;FN589MX;9;FL778HC;23;FN339MX;7;2163;Pregasina Bivio              ;2160;PREGASINA                    ;12/09/2022;09/06/2023;;;scolastica lu, me, ve;;;;x;x;;x;;x;;;;;;;;;;;; € 18,90 ;;;;;;1; € -   ; € -   ;;;;9;12;13;9;10; 18,90 € ;;;;;;;;;;;;;;;;;;;;;;;;;;
70;;67 bis;214;680;14:30;14:34;Pregasina bivio-Pregasina;scolastica di martedì e giovedì;3,10;8/ 8; 68 ;EUROTOUR SERVICE (IN SIGLA E.T.S.) DI AZZOLINI LUCA & C. S.N.C. ;FN744MW;9;FC376RJ;9;;;2163;Pregasina Bivio              ;2160;PREGASINA                    ;12/09/2022;09/06/2023;;;scolastica ma, gio;;;;x;;x;;x;;;;;;;;;;;;; € 18,90 ;;;;;;1; € -   ; € -   ;;;;6;8;8;6;7; 18,90 € ;;;;;;;;;;;;;;;;;;;;;;;;;;
71;;68;312;730;08:30;09:54;Rovereto-Pian della Fugazze;"estiva+inv
festiva";41,00;30; 58 ;TODESCHI AUTONOLEGGI SRL;GA901ZZ;16;FG707GA;21;CJ625MG;15;  3100SV;ROVERETO (Via Savioli)       ;3169;PIAN DELLE FUGAZZE           ;01/09/2022;31/08/2023;;;annuale festiva;x;x;;;;;;;;;x;;;;;;;;;; € 123,00 ;;;;;;1; € -   ; € -   ;;;;4;5;5;6;6; 123,00 € ;;;;;;;;;;;;;;;;;;;;;;;;;;
72;;69;312;731;10:00;11:08;Pian delle Fugazze-Rovereto;"estiva+inv
festiva";32,00;30; 58 ;TODESCHI AUTONOLEGGI SRL;GA901ZZ;16;FG707GA;21;CJ625MG;15;3169;PIAN DELLE FUGAZZE           ;3100;ROVERETO (Via Manzoni)       ;01/09/2022;31/08/2023;;;annuale festiva;x;x;;;;;;;;;x;;;;;;;;;; € 96,00 ;;;;;;1; € -   ; € -   ;;;;4;5;5;6;6; 96,00 € ;;;;;;;;;;;;;;;;;;;;;;;;;;
73;;70;312;732;16:10;17:34;Rovereto-Pian della Fugazze;"estiva+inv
festiva";41,00;30; 58 ;TODESCHI AUTONOLEGGI SRL;GA901ZZ;16;FG707GA;21;CJ625MG;15;  3100SV;ROVERETO (Via Savioli)       ;3169;PIAN DELLE FUGAZZE           ;01/09/2022;31/08/2023;;;annuale festiva;x;x;;;;;;;;;x;;;;;;;;;; € 123,00 ;;;;;;1; € -   ; € -   ;;;;4;5;5;6;6; 123,00 € ;;;;;;;;;;;;;;;;;;;;;;;;;;
74;;71;312;733;17:40;18:48;Pian delle Fugazze-Rovereto;"estiva+inv
festiva";32,00;30; 58 ;TODESCHI AUTONOLEGGI SRL;GA901ZZ;16;FG707GA;21;CJ625MG;15;3169;PIAN DELLE FUGAZZE           ;3100;ROVERETO (Via Manzoni)       ;01/09/2022;31/08/2023;;;annuale festiva;x;x;;;;;;;;;x;;;;;;;;;; € 96,00 ;;;;;;1; € -   ; € -   ;;;;4;5;5;6;6; 96,00 € ;;;;;;;;;;;;;;;;;;;;;;;;;;
75;;72;413;11;06:25;06:33;Valcava - Brusago;"scolastica 
da lunedì a sabato";3,00;19; 208 ;SVALDI PIERINO ;ES278NX;17;GH441KX;9;;;1121;VALCAVA                      ;4060;BRUSAGO                      ;12/09/2022;09/06/2023;;;scolastica lu-sa;;;;x;x;x;x;x;x;x;;;;;;;;;;; € 18,46 ;;;;;;1; € -   ; € -   ;;; € 1,54 ;17;25;25;18;20; 20,00 € ;;;;;;;;;;;;;;;;;;;;;;;;;;
76;;73;428;5;06:40;06:45;Svaldi - Bedollo;"scolastica 
da lunedì a sabato";2,00;19; 208 ;SVALDI PIERINO ;ES278NX;17;GH441KX;9;;;4061;Svaldi                       ;4050;BEDOLLO                      ;12/09/2022;09/06/2023;;;scolastica lu-sa;;;;x;x;x;x;x;x;x;;;;;;;;;;; € 11,41 ;;;;;;1; € -   ; € -   ;;; € 8,59 ;17;25;25;18;20; 20,00 € ;;;;;;;;;;;;;;;;;;;;;;;;;;
77;;74;428;7;07:18;07:21;Svaldi - Bedollo;"scolastica 
da lunedì a sabato";2,00;19; 208 ;SVALDI PIERINO ;ES278NX;17;GH441KX;9;;;4061;Svaldi                       ;4050;BEDOLLO                      ;12/09/2022;09/06/2023;;;scolastica lu-sa;;;;x;x;x;x;x;x;x;;;;;;;;;;; € 11,41 ;;;;;;1; € -   ; € -   ;;;;17;25;25;18;20; 11,41 € ;;;;;;;;;;;;;;;;;;;;;;;;;;
78;;75;428;6;13:25;13:29;Bedollo - Svaldi;"scolastica 
da lunedì a sabato";2,00;19; 208 ;SVALDI PIERINO ;ES278NX;17;GH441KX;9;;;4050;BEDOLLO                      ;4061;Svaldi                       ;12/09/2022;09/06/2023;;;scolastica lu-sa;;;;x;x;x;x;x;x;x;;;;;;;;;;; € 11,41 ;;;;;;1; € -   ; € -   ;;;;17;25;25;18;20; 11,41 € ;;;;;;;;;;;;;;;;;;;;;;;;;;
79;;76;428;8;14:20;14:24;Bedollo - Svaldi;"scolastica 
da lunedì a sabato";2,00;19; 208 ;SVALDI PIERINO ;ES278NX;17;GH441KX;9;;;4050;BEDOLLO                      ;4061;Svaldi                       ;12/09/2022;09/06/2023;;;scolastica lu-sa;;;;x;x;x;x;x;x;x;;;;;;;;;;; € 11,41 ;;;;;;1; € -   ; € -   ;;;;17;25;25;18;20; 11,41 € ;;;;;;;;;;;;;;;;;;;;;;;;;;
80;;77;428;10;18:35;18:39;Bedollo - Svaldi;"scolastica 
da lunedì a venerdì";2,00;19; 174 ;SVALDI PIERINO ;ES278NX;17;GH441KX;9;;;4050;BEDOLLO                      ;4061;Svaldi                       ;12/09/2022;09/06/2023;;;scolastica lu-ve;;;;x;x;x;x;x;x;;;;;;;;;;;; € 10,00 ;;;;;;1; € -   ; € -   ;;;;15;20;21;15;17; 10,00 € ;;;;;;;;;;;;;;;;;;;;;;;;;;
81;;78;601;696;20:45;21:17;Trento FTM-Mezzolombardo FTM  (serv. Sostitutivo treno);"invernale
lunedì-sabato";22,00;19; 240 ;ATP SRLS;FW970WP;23;GC658CS (ditta Nice srl);24;GG008PL (ditta Nice srl)  FN426MX (ditta Nice srl);50  20;  0001FS;TRENTO (Stazione FS)         ;6120;  MEZZOLOMBARDO                ;12/09/2022;23/06/2023;;;invernale feriale lu-sa;x;;x;;x;x;x;x;x;x;;;;;;;;;;; € 55,00 ;;;;;;1; € -   ; € -   ;;;;17;26;25;25;25; 55,00 € ;;;;;;;;;;;;;;;;;;;;;;;;;;
82;;79;611;67;06:32;07:15;(Fai Miravalle) - Cortalta-Trento;"scolastica 
da lunedì a sabato";33,00;30; 208 ;OSCAR VIAGGI DI FORMOLO OSCAR;GK082FC;42;FH992YZ (VITO VIAGGI);31;;;6135MV;Fai Paganella - Miravalle     ;  0001FS;TRENTO (Stazione FS)         ;12/09/2022;09/06/2023;;;scolastica lu-sa;;;;x;x;x;x;x;x;x;;;;;;;;;;; € 79,50 ;;;;;;1; € -   ; € -   ;;; € -   ;17;25;25;18;20; 79,50 € ;;;;;;;;;;;;;;;;;;;;;;;;;;
83;;80;621;239;06:53;07:26;Mezzolombardo - Nave s. Rocco - Trento ;"scolastica 
solo giorno di sabato";21,00;55; 34 ;SRT S.R.L.;GJ981MK;55+30;FA989GW (Perini);48;FF182VP (Perini);45;  6120ST;Mezzolombardo (V.Devigili)   ;1;TRENTO (Autostaz.)         ;12/09/2022;09/06/2023;;;scolastica sab;;;;x;;;;;;x;;;;;;;;;;; € 63,00 ;;;;;;2; € -   ; € -   ;;; € -   ;2;5;4;3;3; 63,00 € ;;;;;;;;;;;;;;;;;;;;;;;;;;
84;;81;621;966;08:30;08:54;Lavis FTM-Nave S.Rocco-Mezzolombardo;"estiva
feriale ";13,20;19; 67 ;OSCAR VIAGGI DI FORMOLO OSCAR;GK082FC;42;GJ181FP;21;GC466NL;24;  1010MT;LAVIS (Staz. FTM)            ;6120;  MEZZOLOMBARDO                ;01/01/2022;11/09/2022;24/06/2023;31/08/2023;estiva feriale lu-sa;;x;x;;x;x;x;x;x;x;;;;;;;;;;; € 39,60 ;;;;;;1; € -   ; € -   ;;;;9;0;0;0;0; 39,60 € ;;;;;;;;;;;;;;;;;;;;;;;;;;
85;;82;621;966;08:30;08:54;Lavis FTM-Nave S.Rocco-Mezzolombardo;"invernale
lunedì-sabato";13,20;19; 240 ;OSCAR VIAGGI DI FORMOLO OSCAR;GK082FC;42;GJ181FP;21;GC466NL;24;  1010MT;LAVIS (Staz. FTM)            ;6120;  MEZZOLOMBARDO                ;12/09/2022;23/06/2023;;;invernale feriale lu-sa;x;;x;;x;x;x;x;x;x;;;;;;;;;;; € 39,60 ;;;;;;1; € -   ; € -   ;;;;17;26;25;25;25; 39,60 € ;;;;;;;;;;;;;;;;;;;;;;;;;;
86;;83;621;241;08:45;09:21;Mezzolombardo - Nave s. Rocco - Trento (dal 12/09/19);"festiva invernale
invernale";22,00;40; 45 ;PERINI FRANCO ;FF182VP;45;FA989GW;48;EY198WJ;45;6120;  MEZZOLOMBARDO                ;1;TRENTO (Autostaz.)         ;12/09/2022;23/06/2023;;;invernale festiva;x;;;;;;;;;;x;;;;;;;;;; € 66,00 ;;;;;;2; € -   ; € -   ;;;;2;5;5;6;6; 66,00 € ;;;;;;;;;;;;;;;;;;;;;;;;;;
87;;84;621;987;08:59;09:20;Mezzolombardo-Nave S.Rocco-Lavis FTM;"invernale
lunedì-sabato";11,30;19; 240 ;OSCAR VIAGGI DI FORMOLO OSCAR;GK082FC;42;GJ181FP;21;GC466NL;24;6120;  MEZZOLOMBARDO                ;  1010CS;LAVIS;12/09/2022;23/06/2023;;;invernale feriale lu-sa;x;;x;;x;x;x;x;x;x;;;;;;;;;;; € 33,90 ;;;;;;1; € -   ; € -   ;;;;17;26;25;25;25; 33,90 € ;;;;;;;;;;;;;;;;;;;;;;;;;;
88;;85;621;987;08:59;09:20;Mezzolombardo-Nave S.Rocco-Lavis FTM;"estiva
feriale ";11,30;19; 67 ;OSCAR VIAGGI DI FORMOLO OSCAR;GK082FC;42;GJ181FP;21;GC466NL;24;6120;  MEZZOLOMBARDO                ;  1010CS;LAVIS;01/01/2022;11/09/2022;24/06/2023;31/08/2023;estiva feriale lu-sa;;x;x;;x;x;x;x;x;x;;;;;;;;;;; € 33,90 ;;;;;;1; € -   ; € -   ;;;;9;0;0;0;0; 33,90 € ;;;;;;;;;;;;;;;;;;;;;;;;;;
89;;86;621;968;09:26;09:50;Lavis FTM-Nave S.Rocco-Mezzolombardo;"estiva
feriale ";13,20;19; 67 ;OSCAR VIAGGI DI FORMOLO OSCAR;GK082FC;42;GJ181FP;21;GC466NL;24;  1010MT;LAVIS (Staz. FTM)            ;6120;  MEZZOLOMBARDO                ;01/01/2022;11/09/2022;24/06/2023;31/08/2023;estiva feriale lu-sa;;x;x;;x;x;x;x;x;x;;;;;;;;;;; € 39,60 ;;;;;;1; € -   ; € -   ;;;;9;0;0;0;0; 39,60 € ;;;;;;;;;;;;;;;;;;;;;;;;;;
90;;87;621;989;11:50;12:09;Mezzolombardo-Nave S.Rocco-Lavis FTM;"estiva
feriale ";11,30;19; 67 ;OSCAR VIAGGI DI FORMOLO OSCAR;GK082FC;42;GJ181FP;21;GC466NL;24;6120;  MEZZOLOMBARDO                ;  1010MT;LAVIS (Staz. FTM)            ;01/01/2022;11/09/2022;24/06/2023;31/08/2023;estiva feriale lu-sa;;x;x;;x;x;x;x;x;x;;;;;;;;;;; € 33,90 ;;;;;;1; € -   ; € -   ;;;;9;0;0;0;0; 33,90 € ;;;;;;;;;;;;;;;;;;;;;;;;;;
91;;88;621;970;16:50;17:14;Lavis FTM-Nave S.Rocco-Mezzolombardo;"invernale
lunedì-sabato";13,20;19; 240 ;OSCAR VIAGGI DI FORMOLO OSCAR;GK082FC;42;FV001FA (Vito Viaggi) ;24;;;  1010MT;LAVIS (Staz. FTM)            ;6120;  MEZZOLOMBARDO                ;12/09/2022;23/06/2023;;;invernale feriale lu-sa;x;;x;;x;x;x;x;x;x;;;;;;;;;;; € 39,60 ;;;;;;1; € -   ; € -   ;;;;17;26;25;25;25; 39,60 € ;;;;;;;;;;;;;;;;;;;;;;;;;;
92;;89;621;970;16:56;17:20;Lavis FTM-Nave S.Rocco-Mezzolombardo;"estiva
feriale ";13,20;19; 67 ;OSCAR VIAGGI DI FORMOLO OSCAR;GK082FC;42;GJ181FP;21;GC466NL;24;  1010MT;LAVIS (Staz. FTM)            ;6120;  MEZZOLOMBARDO                ;01/01/2022;11/09/2022;24/06/2023;31/08/2023;estiva feriale lu-sa;;x;x;;x;x;x;x;x;x;;;;;;;;;;; € 39,60 ;;;;;;1; € -   ; € -   ;;;;9;0;0;0;0; 39,60 € ;;;;;;;;;;;;;;;;;;;;;;;;;;
93;;90;621;991;17:30;17:49;Mezzolombardo-Nave S.Rocco-Lavis FTM;"invernale
lunedì-sabato";11,30;19; 240 ;OSCAR VIAGGI DI FORMOLO OSCAR;GK082FC;42;GJ181FP;21;;;6120;  MEZZOLOMBARDO                ;  1010MT;LAVIS (Staz. FTM)            ;12/09/2022;23/06/2023;;;invernale feriale lu-sa;x;;x;;x;x;x;x;x;x;;;;;;;;;;; € 33,90 ;;;;;;1; € -   ; € -   ;;;;17;26;25;25;25; 33,90 € ;;;;;;;;;;;;;;;;;;;;;;;;;;
94;;91;634;537;08:40;09:14;Lanza-Cles;"Invernale 
festiva";20;19; 47 ;VIAGGI CORNELIO DI FLESSATI NICOLA E C. S.N.C.;GH106PC;21;FR599WM;31;;;6755;LANZA DI RUMO                ;6220;CLES (Autostaz.)             ;12/09/2022;23/06/2023;;;invernale festiva;x;;;;;;;;;;x;;;;;;;;;;;;;VIAGGI CICOLINI S.R.L .  ;;;1;;;;;;2;5;5;6;6; -   € ; mensile ;1;;1;;1;;1;;1;; 1.666,67 € ;;;;;;;;;;;;;;
95;;92;634;535;08:40;09:14;Lanza-Cles;"festiva 
estiva";20;19; 13 ;VIAGGI CORNELIO DI FLESSATI NICOLA E C. S.N.C.;GH106PC;21;FR599WM;31;;;6755;LANZA DI RUMO                ;6220;CLES (Autostaz.)             ;01/01/2022;11/09/2022;24/06/2023;31/08/2023;estiva festiva;;x;;;;;;;;;x;;;;;;;;;;;;;VIAGGI CICOLINI S.R.L .  ;;;1;;;;;;2;0;0;0;0; -   € ;;;;;;;;;;;;;;;;;;;;;;;;;;
96;;93;634;532;09:40;10:40;Cles-Bresimo-Lanza;"festiva 
estiva";28;19; 13 ;VIAGGI CORNELIO DI FLESSATI NICOLA E C. S.N.C.;GH106PC;21;FR599WM;31;;;6220;CLES (Autostaz.)             ;6755;LANZA DI RUMO                ;01/01/2022;11/09/2022;24/06/2023;31/08/2023;estiva festiva;;x;;;;;;;;;x;;;;;;;;;;;;;VIAGGI CICOLINI S.R.L .  ;;;1;;;;;;2;0;0;0;0; -   € ;;;;;;;;;;;;;;;;;;;;;;;;;;
97;;94;634;530;09:40;10:40;Cles-Bresimo-Lanza;"Invernale 
festiva";28;19; 47 ;VIAGGI CORNELIO DI FLESSATI NICOLA E C. S.N.C.;GH106PC;21;FR599WM;31;;;6220;CLES (Autostaz.)             ;6755;LANZA DI RUMO                ;12/09/2022;23/06/2023;;;invernale festiva;x;;;;;;;;;;x;;;;;;;;;;;;;VIAGGI CICOLINI S.R.L .  ;;;1;;;;;;2;5;5;6;6; -   € ;;;;;;;;;;;;;;;;;;;;;;;;;;
98;;95;634;539;12:20;13:14;Lanza-Bresimo-Cles;"Invernale 
festiva";28;19; 47 ;VIAGGI CORNELIO DI FLESSATI NICOLA E C. S.N.C.;GH106PC;21;FR599WM;31;;;6755;LANZA DI RUMO                ;6220;CLES (Autostaz.)             ;12/09/2022;23/06/2023;;;invernale festiva;x;;;;;;;;;;x;;;;;;;;;;;;;VIAGGI CICOLINI S.R.L .  ;;;1;;;;;;2;5;5;6;6; -   € ;;;;;;;;;;;;;;;;;;;;;;;;;;
99;;96;634;539;12:25;13:19;Lanza-Bresimo-Cles;"festiva 
estiva";28;19; 13 ;VIAGGI CORNELIO DI FLESSATI NICOLA E C. S.N.C.;GH106PC;21;FR599WM;31;;;6755;LANZA DI RUMO                ;6220;CLES (Autostaz.)             ;01/01/2022;11/09/2022;24/06/2023;31/08/2023;estiva festiva;;x;;;;;;;;;x;;;;;;;;;;;;;VIAGGI CICOLINI S.R.L .  ;;;1;;;;;;2;0;0;0;0; -   € ;;;;;;;;;;;;;;;;;;;;;;;;;;
100;;97;634;538;15:40;16:35;Cles-Bresimo-Lanza;"Invernale 
festiva";28;19; 47 ;VIAGGI CORNELIO DI FLESSATI NICOLA E C. S.N.C.;GH106PC;21;FR599WM;31;;;6220;CLES (Autostaz.)             ;6755;LANZA DI RUMO                ;12/09/2022;23/06/2023;;;invernale festiva;x;;;;;;;;;;x;;;;;;;;;;;;;VIAGGI CICOLINI S.R.L .  ;;;1;;;;;;2;5;5;6;6; -   € ;;;;;;;;;;;;;;;;;;;;;;;;;;
101;;98;634;543;16:40;17:14;Lanza-Cles;"Invernale 
festiva";20;19; 47 ;VIAGGI CORNELIO DI FLESSATI NICOLA E C. S.N.C.;GH106PC;21;FR599WM;31;;;6755;LANZA DI RUMO                ;6220;CLES (Autostaz.)             ;12/09/2022;23/06/2023;;;invernale festiva;x;;;;;;;;;;x;;;;;;;;;;;;;VIAGGI CICOLINI S.R.L .  ;;;1;;;;;;2;5;5;6;6; -   € ;;;;;;;;;;;;;;;;;;;;;;;;;;
102;;99;634;536;17:25;18:20;Cles-Bresimo-Lanza;"festiva 
estiva";28;19; 13 ;VIAGGI CORNELIO DI FLESSATI NICOLA E C. S.N.C.;GH106PC;21;FR599WM;31;;;6220;CLES (Autostaz.)             ;6755;LANZA DI RUMO                ;01/01/2022;11/09/2022;24/06/2023;31/08/2023;estiva festiva;;x;;;;;;;;;x;;;;;;;;;;;;;VIAGGI CICOLINI S.R.L .  ;;;1;;;;;;2;0;0;0;0; -   € ;;;;;;;;;;;;;;;;;;;;;;;;;;
103;;100;634;544;17:50;18:24;Cles-Lanza;"Invernale 
festiva";20;19; 47 ;VIAGGI CORNELIO DI FLESSATI NICOLA E C. S.N.C.;GH106PC;21;FR599WM;31;;;6220;CLES (Autostaz.)             ;6755;LANZA DI RUMO                ;12/09/2022;23/06/2023;;;invernale festiva;x;;;;;;;;;;x;;;;;;;;;;;;;VIAGGI CICOLINI S.R.L .  ;;;1;;;;;;2;5;5;6;6; -   € ;;;;;;;;;;;;;;;;;;;;;;;;;;
104;;101;640;659;18:15;18:43;Malè-Somrabbi;"scolastica 
da lunedì a venerdì";16,00;30; 174 ;VIAGGI CICOLINI S.R.L .  ;EW792KB;45;EL182VV (Paternoster );21;FX408CM;9;6300;MALE'                        ;6328;SOMRABBI                     ;12/09/2022;09/06/2023;;;scolastica lu-ve;;;;x;x;x;x;x;x;;;;;;;;;;;; € 48,00 ;;;;;;1; € -   ; € -   ;;;;15;20;21;15;17; 48,00 € ;;;;;;;;;;;;;;;;;;;;;;;;;;
105;;102;091;490;04:45;05:45;Trento-Laives;feriale;50;50; 296 ;MDL s.r.l.;FL557HC;53;FH962KW;54;EW035MJ;53;  0001FS;TRENTO (Stazione FS)         ;  1169SB;Laives - Stabilimento Seeber ;01/09/2022;31/08/2023;;;annuale feriale lu-sa;x;x;x;;x;x;x;x;x;x;;;;;;;;;;;;;;MDL s.r.l.;;;2;;;;;;26;25;25;25;26; -   € ; annuale feriale lu-sa ;26;;25;;25;;25;;26;; 220,00 € ;;;;;;;;;;;;;;
106;;103;091;491;06:10;07:10;Laives-Trento;"feriale 
da martedì a sabato";50;50; 255 ;MDL s.r.l.;FL557HC;53;FH962KW;54;EW035MJ;53;  1169SB;Laives - Stabilimento Seeber ;  0001FS;TRENTO (Stazione FS)         ;01/09/2022;31/08/2023;;;annuale feriale ma, me, gio, ve, sab;x;x;x;;;x;x;x;x;x;;;;;;;;;;;;;;MDL s.r.l.;;;2;;;;;;22;21;21;22;21; -   € ;;;;;;;;;;;;;;;;;;;;;;;;;;
107;;104;101;656;07:03;07:25;(Solaiolo Alto extracapitolato) - Solaiolo basso - Cavalese;"scolastica 
da lunedì a sabato";15,00;15; 208 ;DMG;FE259HG;17;FG962XM (Giacomelli);24;FZ863BE (Giacomelli);9;46.294100387964086, 11.389613582411105;Solaiolo Alto;1070;CAVALESE  (Autostaz.)        ;12/09/2022;09/06/2023;;;scolastica lu-sa;;;;x;x;x;x;x;x;x;;;;;;;;;;; € 38,54 ;;;;;;1; € -   ; € -   ;;;;17;25;25;18;20; 38,54 € ;;;;;;;;;;;;;;;;;;;;;;;;;;
108;;105;101;661;13:50;14:05;Cavalese - Solaiolo                                                         al martedi partenza alle 14.15;"scolastica 
da lunedì a sabato";15,00;8; 208 ;M.G.M. DI CASARI MARCO;FG050NA;9;FF736CS (Taxizeta);17;;;1070;CAVALESE  (Autostaz.)        ;  1059SO;Solaiolo Basso               ;12/09/2022;09/06/2023;;;scolastica lu-sa;;;;x;x;x;x;x;x;x;;;;;;;;;;; € 27,00 ;;;;;;1; € 3,00 ; € -   ;;;;17;25;25;18;20; 30,00 € ;;;;;;;;;;;;;;;;;;;;;;;;;;
109;;106;101;662;14:10;14:25;Solaiolo - Cavalese                                          al martedì partenza alle 14.30;"scolastica 
da lunedì a sabato";15,00;8; 208 ;M.G.M. DI CASARI MARCO;FG050NA;9;FF736CS (Taxizeta);17;;;  1059SO;Solaiolo Basso               ;1070;CAVALESE  (Autostaz.)        ;12/09/2022;09/06/2023;;;scolastica lu-sa;;;;x;x;x;x;x;x;x;;;;;;;;;;; € 27,00 ;;;;;;1; € 3,00 ; € -   ;;;;17;25;25;18;20; 30,00 € ;;;;;;;;;;;;;;;;;;;;;;;;;;
110;;107;102;664;06:10;06:20;Grumes - Giro masi;"scolastica 
da lunedì a sabato";5,30;8; 208 ;FERSINA TOUR S.R.L;EY732LP;17;EK526JA;9;;;  1081CA;Grumes maso Casel            ;  1081RR;GRUMES;12/09/2022;09/06/2023;;;scolastica lu-sa;;;;x;x;x;x;x;x;x;;;;;;;;;;; € 20,27 ;;;;;;1; € -   ; € -   ;;; € -   ;17;25;25;18;20; 20,27 € ;;;;;;;;;;;;;;;;;;;;;;;;;;
111;;108;102;131;06:20;06:30;Faver loc.Ponciac-Cembra loc.Molini-Cembra;"scolastica 
da lunedì a sabato";5,00;8; 208 ;MONAUNI CARLO S.N.C. DI MONAUNI GERARDO E C. ;FN568MX;9;GE347VX;9;;;  1079PC;Faver Via Ponciach, civ. 1   ;  1078RR;Cembra           ;12/09/2022;09/06/2023;;;scolastica lu-sa;;;;x;x;x;x;x;x;x;;;;;;;;;;; € 12,00 ;;;;;;1; € -   ; € -   ;;; € 8,00 ;17;25;25;18;20; 20,00 € ;;;;;;;;;;;;;;;;;;;;;;;;;;
112;;109;102;639;06:30;07:03;Cembra - Capriana;"scolastica 
da lunedì a venerdì";22,00;41; 174 ;MONAUNI CARLO S.N.C. DI MONAUNI GERARDO E C. ;EX037JY;46;FA981GW (Planchel);45;;;  1078RR;CEMBRA;1084;CAPRIANA                     ;12/09/2022;09/06/2023;;;scolastica lu-ve;;;;x;x;x;x;x;x;;;;;;;;;;;; € 40,21 ;;;;;;2;;;;; € -   ;15;20;21;15;17; 40,21 € ;;;;;;;;;;;;;;;;;;;;;;;;;;
113;;110;102;131;06:43;07:21;Cembra - Trento (corsa bis);"scolastica 
da lunedì a venerdì";24,00;47; 174 ;MONAUNI CARLO S.N.C. DI MONAUNI GERARDO E C. ;FE091HG;47;FF182VP (Perini);45;;;  1078RR;CEMBRA;1;TRENTO (Autostaz.)         ;12/09/2022;09/06/2023;;;scolastica lu-ve;;;;x;x;x;x;x;x;;;;;;;;;;;; € 161,42 ;;;;;;2; € -   ; € -   ;;; € -   ;15;20;21;15;17; 161,42 € ;;;;;;;;;;;;;;;;;;;;;;;;;;
114;sostituita con linea 611 dal 02/11/2022;111;102;131;06:51;07:30;Lisignago - Trento (corsa bis) storno km corsa sostituita;"scolastica 
da lunedì a venerdì";21,00;55; 174 ;NICE srl;GE453VX;57;FE205HG (ditta Fersina);57;;;6136;Santel (S.p. 64);6120;  MEZZOLOMBARDO                ;12/09/2022;31/10/2022;;;scolastica lu-ve;;;;x;x;x;x;x;x;;;;;;;;;;;; € 153,79 ;;;;;;2; € -   ; € -   ;;; € -   ;15;20;;;; 153,79 € ;;;;;;;;;;;;;;;;;;;;;;;;;;
115;;112;102;640;07:30;08:15;Valda - Faver - Cembra - Ville - S.Michele;"scolastica 
da lunedì a sabato";26,00;41; 208 ;MONAUNI CARLO S.N.C. DI MONAUNI GERARDO E C. ;EX037JY;46;FA981GW (Planchel);45;;;1080;Valda                        ;954;S.Michele a/Adige            ;12/09/2022;09/06/2023;;;scolastica lu-sa;;;;x;x;x;x;x;x;x;;;;;;;;;;; € 173,70 ;;;;;;2;;;;;;17;25;25;18;20; 173,70 € ;;;;;;;;;;;;;;;;;;;;;;;;;;
116;;113;102;137;08:36;09:47;Grauno - Trento;festiva;37,00;20; 58 ;MONAUNI CARLO S.N.C. DI MONAUNI GERARDO E C. ;FE091HG;47;GA938ER;24;;;1082;GRAUNO                       ;1;TRENTO (Autostaz.)         ;01/09/2022;31/08/2023;;;annuale festiva;x;x;;;;;;;;;x;;;;;;;;;; € 123,79 ;;;;;;1; € -   ; € -   ;;;;4;5;5;6;6; 123,79 € ;;;;;;;;;;;;;;;;;;;;;;;;;;
117;;114;102;142;12:20;14:20;Trento-Cembra-Cavalese;"festiva 
estiva";62;30; 13 ;PERINI FRANCO ;FF182VP;45;FA989GW;48;EY198WJ;45;1;TRENTO   (Autostaz.)         ;1070;CAVALESE  (Autostaz.)        ;01/01/2022;11/09/2022;24/06/2023;31/08/2023;estiva festiva;;x;;;;;;;;;x;;;;;;;;;;;;;PERINI FRANCO 1;;;1;;;;;;2;0;0;0;0; -   € ;;;;;;;;;;;;;;;;;;;;;;;;;;
118;;115;102;145;14:11;14:28;Capriana-Grauno;"Scolastica
mart+merc";8,00;9; 70 ;AUTONOLEGGIO DI GUADAGNINI FERDINANDO E ZAMPIERI DAVID S.N.C.;ER906KZ;9;FY974HP;9;;;1084;CAPRIANA                     ;1082;GRAUNO                       ;12/09/2022;09/06/2023;;;scolastica ma, me;;;;x;;x;x;;;;;;;;;;;;;; € 24,00 ;;;;;57;1; € -   ; € -   ;;;;6;8;9;6;7; 24,00 € ;scolastica ma, me;6;;8;;9;;6;;7;; 21,00 € ;;;;;;;;;;;;;;
119;;116;102;665;14:32;14:51;Grumes - Giro masi;"scolastica 
da lunedì a venerdì";7,30;8; 174 ;FERSINA TOUR S.R.L;EY732LP;17;EK526JA;9;;;1081;GRUMES;  1081TO;Grumes maso Todescat         ;12/09/2022;09/06/2023;;;scolastica lu-ve;;;;x;x;x;x;x;x;;;;;;;;;;;; € 13,14 ;;;;;;1; € 1,46 ; € -   ;;;;15;20;21;15;17; 14,60 € ;;;;;;;;;;;;;;;;;;;;;;;;;;
120;;117;102;176;14:32;14:50;Grumes-Capriana;"scolastica 
da lunedì a venerdì";10,00;9; 174 ;MONAUNI CARLO S.N.C. DI MONAUNI GERARDO E C. ;EX037JY;46;FE091HG;47;GA938ER;24;1081;GRUMES;1084;CAPRIANA                     ;12/09/2022;09/06/2023;;;scolastica lu-ve;;;;x;x;x;x;x;x;;;;;;;;;;;; € 18,00 ;;;;;;1; € 2,00 ; € -   ;;;;15;20;21;15;17; 20,00 € ;;;;;;;;;;;;;;;;;;;;;;;;;;
121;;118;102;538;15:27;16:37;Trento-Grauno;"estiva feriale 
dal lunedì al venerdì";35;19; 55 ;MONAUNI CARLO S.N.C. DI MONAUNI GERARDO E C. ;GA938ER;24;EN513NH;21;FE091HG;47;1;TRENTO   (Autostaz.)         ;1082;GRAUNO                       ;01/01/2022;11/09/2022;24/06/2023;31/08/2023;estiva feriale lu-ve;;x;x;;x;x;x;x;x;;;;;;;;;;;;; € 66,50 ;;;;;1;;; € 3,50 ; € -   ;;7;0;0;0;0; 70,00 € ;;;;;;;;;;;;;;;;;;;;;;;;;;
122;;119;102;185;15:45;17:09;Tesero-Palù di Giovo;"scolastica 
da lunedì a giovedì";51,00;41; 137 ;MONAUNI CARLO S.N.C. DI MONAUNI GERARDO E C. ;EX037JY;46;FE091HG;47;;;1190;Tesero                       ;1075CP;Palu' di G. (C.Polisportivo)  ;12/09/2022;09/06/2023;;;scolastica lu, ma, me, gio;;;;x;x;x;x;x;;;;;;;;;;;;; € 91,80 ;;;;;;2; € -   ; € 61,20 ;;;;12;16;17;12;14; 153,00 € ;;;;;;;;;;;;;;;;;;;;;;;;;;
123;;120;102;147;17:00;19:10;Cavalese-Trento;"festiva 
estiva";62;30; 13 ;PERINI FRANCO ;FF182VP;45;FA989GW;48;EY198WJ;45;1070;CAVALESE  (Autostaz.)        ;1;TRENTO (Autostaz.)         ;01/01/2022;11/09/2022;24/06/2023;31/08/2023;estiva festiva;;x;;;;;;;;;x;;;;;;;;;;;;;PERINI FRANCO 2;;;1;;;;;;2;0;0;0;0; -   € ;;;;;;;;;;;;;;;;;;;;;;;;;;
124;;121;103;928;06:13;06:30;Albiano-Lases-Segonzano;"scolastica 
da lunedì a venerdì";13,30;57; 174 ;SIGNORI SI PARTE DI DONINI IORAM ;GE439VX;57; FY946HP;54;GE308VX (D'Amico);55;  1113MO;Albiano (Via Roma)           ;  1118SB;Scancio S. (Snack Bar)       ;12/09/2022;09/06/2023;;;scolastica lu-ve;;;;x;x;x;x;x;x;;;;;;;;;;;; € 39,90 ;;;;;;2; € -   ; € -   ;;; € -   ;15;20;21;15;17; 39,90 € ;;;;;;;;;;;;;;;;;;;;;;;;;;
125;;122;103;101;06:20;06:25;Piscine - Sover;"invernale
lunedì-sabato";2,50;22; 240 ;GROFF TOUR DI TATTI CARLA;GE457VX;9;FR981TK;18;;;1126;Piscine                      ;1122;SOVER                        ;12/09/2022;23/06/2023;;;invernale feriale lu-sa;x;;x;;x;x;x;x;x;x;;;;;;;;;;; € 20,68 ;;;;;;1; € -   ; € -   ;;; € -   ;17;26;25;25;25; 20,68 € ;;;;;;;;;;;;;;;;;;;;;;;;;;
126;;123;103;101;06:42;07:42;Scancio di Segonzano  - Trento giro scuole (corsa bis);"scolastica 
da lunedì a venerdì";31,00;57; 174 ;SIGNORI SI PARTE DI DONINI IORAM ;GE439VX;57; FY946HP;54;GE308VX (D'Amico);55;  1118SR;Scancio S.(Snack Bar);1;TRENTO (Autostaz.)         ;12/09/2022;09/06/2023;;;scolastica lu-ve;;;;x;x;x;x;x;x;;;;;;;;;;;; € 161,42 ;;;;;;2; € -   ; € -   ;;; € -   ;15;20;21;15;17; 161,42 € ;;;;;;;;;;;;;;;;;;;;;;;;;;
127;;124;103;99;06:55;07:24;Lases - Trento Port'Aquila (corsa bis);"scolastica 
da lunedì a venerdì";18,00;20; 174 ;GROFF PAOLO;FL561HC;21;FR820WP (Fersina Tour);21;;;  1112PE;LASES Pesa                   ;  0001PA;TRENTO  Port'Aquila;12/09/2022;09/06/2023;;;scolastica lu-ve;;;;x;x;x;x;x;x;;;;;;;;;;;; € 172,02 ;;;;;;1; € -   ; € -   ;;; € -   ;15;20;21;15;17; 172,02 € ;;;;;;;;;;;;;;;;;;;;;;;;;;
128;;125;103;183;07:05;07:36;07.05 Sover-Segonzano-Sevignano-Faver bv;"scolastica 
da lunedì a sabato";16,00;20; 208 ;GROFF  ALFREDO;GH502KX;17;FR981TK (Groff Tour);18;;;1122;SOVER                        ;  1079FB;Faver bivio                  ;12/09/2022;09/06/2023;;;scolastica lu-sa;;;;x;x;x;x;x;x;x;;;;;;;;;;; € 88,88 ;;;;;3;1; € -   ; € -   ;;;;17;25;25;18;20; 88,88 € ; mensile ;1;;1;;1;;1;;1;; 1.191,30 € ;;;;;;;;;;;;;;
129;;126;103;224;10:20;10:40;Trento-Civezzano;estiva feriale;11;30; 67 ;AUTONOLEGGI VISINTAINER di VISINTAINER FRANCESCO;FF721CS;35;FN583MX;23;FR784WP;21;1;TRENTO   (Autostaz.)         ;1100;CIVEZZANO                    ;01/01/2022;11/09/2022;24/06/2023;31/08/2023;estiva feriale lu-sa;;x;x;;x;x;x;x;x;x;;;;;;;;;;;; € 24,20 ;;;;;1;;; € -   ; € -   ;;9;0;0;0;0; 24,20 € ;;;;;;;;;;;;;;;;;;;;;;;;;;
130;;127;103;442;13:57;14:09;Fornace - Pian del Gacc (ore 14:00 part. il sabato);"scolastica 
da lunedì a sabato";2,00;19; 208 ;AUTONOLEGGI VISINTAINER di VISINTAINER FRANCESCO;FX671LT;30;EX931HC;20;;;1111;FORNACE                      ;  1138VC;"Pian del Gac""Villaggio""      ";12/09/2022;09/06/2023;;;scolastica lu-sa;;;;x;x;x;x;x;x;x;;;;;;;;;;; € 31,98 ;;;;;;1; € -   ; € -   ;;;;17;25;25;18;20; 31,98 € ;;;;;;;;;;;;;;;;;;;;;;;;;;
131;;128;103;203;14:00;14:08;Stramentizzo - Casatta;"scolastica 
da lunedì a sabato";6,50;16; 208 ;FERSINA TOUR S.R.L;GA996ER;21;FR820WP;21;;;  1087FL;Stramentizzo (Bivio)         ;1127;CASATTA di VALFL.            ;12/09/2022;09/06/2023;;;scolastica lu-sa;;;;x;x;x;x;x;x;x;;;;;;;;;;; € 49,38 ;;;;;;1; € -   ; € -   ;;;;17;25;25;18;20; 49,38 € ;;;;;;;;;;;;;;;;;;;;;;;;;;
132;;129;103;203;14:08;14:18;Casatta - Sover;"scolastica 
da lunedì a sabato";6,00;22; 208 ;GROFF TOUR DI TATTI CARLA;FR981TK;18;GE457VX;9;;;1127;CASATTA di VALFL.            ;1122;SOVER                        ;12/09/2022;09/06/2023;;;scolastica lu-sa;;;;x;x;x;x;x;x;x;;;;;;;;;;; € 40,12 ;;;;;;1; € -   ; € -   ;;;;17;25;25;18;20; 40,12 € ;;;;;;;;;;;;;;;;;;;;;;;;;;
133;;130;103;232;14:35;14:50;Civezzano-Fornace ;"scolastica 
da lunedì a venerdì";8,00;20; 174 ;AUTONOLEGGI VISINTAINER di VISINTAINER FRANCESCO;FX671LT;30;EX931HC;20;FF721CS;35;1100;CIVEZZANO                    ;1111;FORNACE                      ;12/09/2022;09/06/2023;;;scolastica lu-ve;;;;x;x;x;x;x;x;;;;;;;;;;;; € 17,52 ;;;;;;1; € -   ; € -   ;;;;15;20;21;15;17; 17,52 € ;;;;;;;;;;;;;;;;;;;;;;;;;;
134;;131;103;185;16:19;16:31;Sover-Scancio di Segonzano;"scolastica 
da lunedì a giovedì";8,80;41; 137 ;FERSINA TOUR S.R.L;GA996ER;21;FR820WP;21;;;1122;SOVER                        ;1118;SCANCIO SEGONZANO            ;12/09/2022;09/06/2023;;;scolastica lu, ma, me, gio;;;;x;x;x;x;x;;;;;;;;;;;;; € 55,80 ;;;;;;2; € -   ; € -   ;;;;12;16;17;12;14; 55,80 € ;;;;;;;;;;;;;;;;;;;;;;;;;;
135;km corretti da capitolato;132;103;191;16:33;16:44;"Scancio di Segonzano-Lases
in coinc. con c.sa Tte da Ist. Alberghiero Tesero ";"scolastica
martedì ";7,50;30; 34 ;AUTONOLEGGI VISINTAINER di VISINTAINER FRANCESCO;FX671LT;30;EX931HC;20;FR784WP;21;1118;SCANCIO SEGONZANO            ;  1112PE;LASES (Pesa)                 ;12/09/2022;09/06/2023;;;scolastica ma;;;;x;;x;;;;;;;;;;;;;;; € 9,90 ;;;;;;1; € 5,10 ; € -   ;;;;3;4;4;3;4; 15,00 € ;;;;;;;;;;;;;;;;;;;;;;;;;;
136;;133;103;123;18:55;19:15;Civezzano-Trento;"invernale
da lunedì a venerdì";11;30; 202 ;AUTONOLEGGI VISINTAINER di VISINTAINER FRANCESCO;FX671LT;30;FR784WP;21;FF721CS;35;1100;CIVEZZANO ;1;TRENTO Autostaz.              ;12/09/2022;23/06/2023;;;invernale feriale lu-ve;x;;x;;x;x;x;x;x;;;;;;;;;;;;; € 24,20 ;;;;;1;;; € -   ; € -   ;;15;21;21;20;21; 24,20 € ;;;;;;;;;;;;;;;;;;;;;;;;;;
137;;134;103;325;18:55;19:15;Civezzano-Trento;"estiva 
dal lunedì al venerdì feriale";11;19; 55 ;ITALBUS S.N.C. DI CASAGRANDE ARMANDO E CHRISTIAN & C.;EV877GJ;21;EJ873ZA;23;;;1100;CIVEZZANO                    ;1;TRENTO (Autostaz.)         ;01/01/2022;11/09/2022;24/06/2023;31/08/2023;estiva feriale lu-ve;;x;x;;x;x;x;x;x;;;;;;;;;;;;;;;ITALBUS S.N.C. DI CASAGRANDE ARMANDO E CHRISTIAN & C.;;;1;;;;;;7;0;0;0;0; -   € ; mensile ;1;;1;;1;;1;;1;; 3.250,00 € ;;;;;;;;;;;;;;
138;;135;103;248;19:30;19:50;Trento-Civezzano;feriale;11;30; 304 ;AUTONOLEGGI VISINTAINER di VISINTAINER FRANCESCO;FX671LT;30;FR784WP;21;FN583MX;23;1;TRENTO   (Autostaz.)         ;1100;CIVEZZANO                    ;01/09/2022;31/08/2023;;;annuale feriale lu-sa;x;x;x;;x;x;x;x;x;x;;;;;;;;;;;; € 24,20 ;;;;;1;;; € -   ; € -   ;;26;26;25;25;25; 24,20 € ;;;;;;;;;;;;;;;;;;;;;;;;;;
139;;136;105;639;06:02;06:30;Ville-Palù di Giovo-Cembra ;"scolastica 
da lunedì a venerdì";13,50;41; 174 ;MONAUNI CARLO S.N.C. DI MONAUNI GERARDO E C. ;EX037JY;46;FA981GW (Planchel);45;;;1074;Ville di Giovo;  1078RR;Cembra           ;12/09/2022;09/06/2023;;;scolastica lu-ve;;;;x;x;x;x;x;x;;;;;;;;;;;; € 35,50 ;;;;;;2;;;;; € -   ;15;20;21;15;17; 35,50 € ;;;;;;;;;;;;;;;;;;;;;;;;;;
140;;137;105;233;07:06;07:19;Palù di Giovo - Verla;"scolastica 
da lunedì a venerdì";6,00;20; 174 ;MONAUNI CARLO S.N.C. DI MONAUNI GERARDO E C. ;GA938ER;24;EN513NH;21;;;1075;PALU' DI GIOVO               ;1072;VERLA                        ;12/09/2022;09/06/2023;;;scolastica lu-ve;;;;x;x;x;x;x;x;;;;;;;;;;;; € 18,87 ;;;;;;1; € -   ; € -   ;;;;15;20;21;15;17; 18,87 € ;;;;;;;;;;;;;;;;;;;;;;;;;;
141;;138;105;234;07:41;07:56;Verla - Palù di Giovo;"scolastica 
da lunedì a sabato";5,50;20; 208 ;MONAUNI CARLO S.N.C. DI MONAUNI GERARDO E C. ;GA938ER;24;EN513NH;21;;;1072;VERLA                        ;1075;PALU' DI GIOVO               ;12/09/2022;09/06/2023;;;scolastica lu-sa;;;;x;x;x;x;x;x;x;;;;;;;;;;; € 11,30 ;;;;;;1; € -   ; € -   ;;;;17;25;25;18;20; 11,30 € ;;;;;;;;;;;;;;;;;;;;;;;;;;
142;;139;105;151;07:56;08:09;Palù di Giovo - Verla;"scolastica 
da lunedì a sabato";5,50;20; 208 ;MONAUNI CARLO S.N.C. DI MONAUNI GERARDO E C. ;GA938ER;24;EN513NH;21;;;1075;PALU' DI GIOVO               ;1072;VERLA                        ;12/09/2022;09/06/2023;;;scolastica lu-sa;;;;x;x;x;x;x;x;x;;;;;;;;;;; € 33,94 ;;;;;;1; € -   ; € -   ;;;;17;25;25;18;20; 33,94 € ;;;;;;;;;;;;;;;;;;;;;;;;;;
143;;140;105;216;11:51;12:06;Verla - Palù di Giovo;"scolastica 
da lunedì a venerdì";5,50;20; 174 ;MONAUNI CARLO S.N.C. DI MONAUNI GERARDO E C. ;GA938ER;24;EN513NH;21;;;1072;VERLA                        ;1075;PALU' DI GIOVO               ;12/09/2022;09/06/2023;;;scolastica lu-ve;;;;x;x;x;x;x;x;;;;;;;;;;;; € 33,94 ;;;;;;1; € -   ; € -   ;;;;15;20;21;15;17; 33,94 € ;;;;;;;;;;;;;;;;;;;;;;;;;;
144;;141;105;500;15:56;16:05;Verla - Palù di Giovo, nei gg. senza scuola  e estivi   transita da Ville di Giovo;"feriale estivo + senza scuola
da lunedì a venerdì";5,50;8; 81 ;MONAUNI CARLO S.N.C. DI MONAUNI GERARDO E C. ;GE347VX;9;FN568MX;9;;;1072;VERLA                        ;1075;PALU' DI GIOVO               ;01/01/2022;11/09/2022;24/06/2023;31/08/2023;estiva feriale lu-sa + no scol lu-ve;;x;x;;x;x;x;x;x;;;;;;x;x;x;x;x;; € 44,62 ;;;;;;1; € -   ; € -   ;;;;9;1;0;5;4; 44,62 € ;;;;;;;;;;;;;;;;;;;;;;;;;;
145;;142;105;628;15:59;16:01;Verla - Palù di Giovo (strada breve);"scolastica 
da lunedì a venerdì";2,00;8; 174 ;MONAUNI CARLO S.N.C. DI MONAUNI GERARDO E C. ;GA938ER;24;GE347VX;9;FN568MX;9;1072;VERLA                        ;1075;PALU' DI GIOVO               ;12/09/2022;09/06/2023;;;scolastica lu-ve;;;;x;x;x;x;x;x;;;;;;;;;;;; € 44,62 ;;;;;;1; € -   ; € -   ;;;;15;20;21;15;17; 44,62 € ;;;;;;;;;;;;;;;;;;;;;;;;;;
146;;143;105;181;16:01;16:14;Palù di Giovo - Ville di Giovo - Verla;"scolastica 
da lunedì a venerdì";5,50;8; 174 ;MONAUNI CARLO S.N.C. DI MONAUNI GERARDO E C. ;GA938ER;24;GE347VX;9;FN568MX;9;1075;PALU' DI GIOVO               ;1072;VERLA                        ;12/09/2022;09/06/2023;;;scolastica lu-ve;;;;x;x;x;x;x;x;;;;;;;;;;;; € 9,90 ;;;;;;1;;;;;;15;20;21;15;17; 9,90 € ;;;;;;;;;;;;;;;;;;;;;;;;;;
147;;144;105;150;17:51;18:06;Verla - Palù di Giovo;"invernale
da lunedì a venerdì";5,50;8; 202 ;MONAUNI CARLO S.N.C. DI MONAUNI GERARDO E C. ;GA938ER;24;GE347VX;9;FN568MX;9;1072;VERLA                        ;1075;PALU' DI GIOVO               ;12/09/2022;23/06/2023;;;invernale feriale lu-ve;x;;x;;x;x;x;x;x;;;;;;;;;;;; € 9,90 ;;;;;;1; € 1,10 ; € -   ;;;;15;21;21;20;21; 11,00 € ;;;;;;;;;;;;;;;;;;;;;;;;;;
148;;145;105;150;17:55;18:06;Verla - Palù di Giovo;"Estiva
lunedì-venerdì";5,50;8; 55 ;MONAUNI CARLO S.N.C. DI MONAUNI GERARDO E C. ;GA938ER;24;EN513NH;21;;;1072;VERLA                        ;1075;PALU' DI GIOVO               ;01/01/2022;11/09/2022;24/06/2023;31/08/2023;estiva feriale lu-ve;;x;x;;x;x;x;x;x;;;;;;;;;;;; € 13,75 ;;;;;;1; € -   ; € -   ;;;;7;0;0;0;0; 13,75 € ;;;;;;;;;;;;;;;;;;;;;;;;;;
149;;146;105;218;18:16;18:31;Verla - Palù di Giovo;"invernale
da lunedì a venerdì";5,50;19; 202 ;MONAUNI CARLO S.N.C. DI MONAUNI GERARDO E C. ;GA938ER;24;EN513NH;21;;;1072;VERLA                        ;1075;PALU' DI GIOVO               ;12/09/2022;23/06/2023;;;invernale feriale lu-ve;x;;x;;x;x;x;x;x;;;;;;;;;;;; € 12,50 ;;;;;;1; € -   ; € -   ;;;;15;21;21;20;21; 12,50 € ;;;;;;;;;;;;;;;;;;;;;;;;;;
150;;147;105;218;18:16;18:31;Verla - Palù di Giovo;"Estiva
lunedì-venerdì";5,50;19; 55 ;MONAUNI CARLO S.N.C. DI MONAUNI GERARDO E C. ;GA938ER;24;EN513NH;21;;;1072;VERLA                        ;1075;PALU' DI GIOVO               ;01/01/2022;11/09/2022;24/06/2023;31/08/2023;estiva feriale lu-ve;;x;x;;x;x;x;x;x;;;;;;;;;;;; € 13,75 ;;;;;;1; € -   ; € -   ;;;;7;0;0;0;0; 13,75 € ;;;;;;;;;;;;;;;;;;;;;;;;;;
151;;148;105;158;19:16;19:31;Verla - Palù di Giovo;"invernale
da lunedì a venerdì";5,50;19; 202 ;MONAUNI CARLO S.N.C. DI MONAUNI GERARDO E C. ;GA938ER;24;EN513NH;21;;;1072;VERLA                        ;1075;PALU' DI GIOVO               ;12/09/2022;23/06/2023;;;invernale feriale lu-ve;x;;x;;x;x;x;x;x;;;;;;;;;;;; € 12,50 ;;;;;;1; € -   ; € -   ;;;;15;21;21;20;21; 12,50 € ;;;;;;;;;;;;;;;;;;;;;;;;;;
152;;149;105;158;19:16;19:31;Verla - Palù di Giovo;"Estiva
lunedì-venerdì";5,50;19; 55 ;MONAUNI CARLO S.N.C. DI MONAUNI GERARDO E C. ;GA938ER;24;EN513NH;21;;;1072;VERLA                        ;1075;PALU' DI GIOVO               ;01/01/2022;11/09/2022;24/06/2023;31/08/2023;estiva feriale lu-ve;;x;x;;x;x;x;x;x;;;;;;;;;;;; € 13,75 ;;;;;;1; € -   ; € -   ;;;;7;0;0;0;0; 13,75 € ;;;;;;;;;;;;;;;;;;;;;;;;;;
153;;150;106;295;06:06;06:25;Faedo-Mezzocorona;estiva feriale;8;19; 67 ;OSCAR VIAGGI DI FORMOLO OSCAR;FD479MP;25;FF501YE;23;EK710SE (Paolat);23;6096;FAEDO PINETA                 ;6100;  MEZZOCORONA FERROVIA         ;01/01/2022;11/09/2022;24/06/2023;31/08/2023;estiva feriale lu-sa;;x;x;;x;x;x;x;x;x;;;;;;;;;;;; € 15,20 ;;;;24;1;;;;; € 4,80 ;9;0;0;0;0; 20,00 € ;;;;;;;;;;;;;;;;;;;;;;;;;;
154;;151;106;281;06:30;06:49;Pineta Faedo-S.Michele-Mezzocorona ;"scolastica 
da lunedì a sabato";8,00;19; 208 ;OSCAR VIAGGI DI FORMOLO OSCAR;FD479MP;25;FF501YE;23;EK710SE (Paolat);23;6096;FAEDO PINETA                 ;6100;  MEZZOCORONA FERROVIA         ;12/09/2022;09/06/2023;;;scolastica lu-sa;;;;x;x;x;x;x;x;x;;;;;;;;;;; € 24,00 ;;;;;;1; € -   ; € -   ;;; € -   ;17;25;25;18;20; 24,00 € ;;;;;;;;;;;;;;;;;;;;;;;;;;
155;;152;106;290;06:43;07:04;Mezzocorona-Faedo;"estiva feriale 
dal lunedì al venerdì";9;19; 55 ;OSCAR VIAGGI DI FORMOLO OSCAR;FD479MP;25;FF501YE;23;EK710SE (Paolat);23;  6100FS;  MEZZOCORONA (St. FS)         ;6096;FAEDO PINETA                 ;01/01/2022;11/09/2022;24/06/2023;31/08/2023;estiva feriale lu-ve;;x;x;;x;x;x;x;x;;;;;;;;;;;;; € 17,10 ;;;;25;1;;;;; € 2,90 ;7;0;0;0;0; 20,00 € ;;;;;;;;;;;;;;;;;;;;;;;;;;
156;;153;106;285;07:03;07:22;Faedo-Mezzocorona;"estiva feriale 
dal lunedì al venerdì";8;19; 55 ;OSCAR VIAGGI DI FORMOLO OSCAR;FD479MP;25;FF501YE;23;EK710SE (Paolat);23;6096;FAEDO PINETA                 ;6100;  MEZZOCORONA FERROVIA         ;01/01/2022;11/09/2022;24/06/2023;31/08/2023;estiva feriale lu-ve;;x;x;;x;x;x;x;x;;;;;;;;;;;;; € 15,20 ;;;;26;1;;;;;;7;0;0;0;0; 15,20 € ;;;;;;;;;;;;;;;;;;;;;;;;;;
157;;154;106;302;08:10;08:29;Mezzocorona-Faedo;"estiva feriale 
dal lunedì al venerdì";9;19; 55 ;OSCAR VIAGGI DI FORMOLO OSCAR;FD479MP;25;FF501YE;23;EK710SE (Paolat);23;  6100FS;  MEZZOCORONA (St. FS)         ;6096;FAEDO PINETA                 ;01/01/2022;11/09/2022;24/06/2023;31/08/2023;estiva feriale lu-ve;;x;x;;x;x;x;x;x;;;;;;;;;;;;; € 17,10 ;;;;27;1;;;;;;7;0;0;0;0; 17,10 € ;;;;;;;;;;;;;;;;;;;;;;;;;;
158;;155;106;303;09:05;09:24;Faedo-Mezzocorona;"estiva feriale 
dal lunedì al venerdì";8;19; 55 ;OSCAR VIAGGI DI FORMOLO OSCAR;FD479MP;25;FF501YE;23;EK710SE (Paolat);23;6096;FAEDO PINETA                 ;6100;  MEZZOCORONA FERROVIA         ;01/01/2022;11/09/2022;24/06/2023;31/08/2023;estiva feriale lu-ve;;x;x;;x;x;x;x;x;;;;;;;;;;;;; € 15,20 ;;;;28;1;;;;;;7;0;0;0;0; 15,20 € ; estiva feriale lu-ve ;7;;0;;0;;0;;0;; 20,80 € ;;;;;;;;;;;;;;
159;;156;106;286;13:40;13:59;Mezzocorona-Faedo;estiva feriale;9;19; 67 ;OSCAR VIAGGI DI FORMOLO OSCAR;FD479MP;25;FF501YE;23;EK710SE (Paolat);23;  6100FS;  MEZZOCORONA (St. FS)         ;6096;FAEDO PINETA                 ;01/01/2022;11/09/2022;24/06/2023;31/08/2023;estiva feriale lu-sa;;x;x;;x;x;x;x;x;x;;;;;;;;;;;; € 17,10 ;;;;29;1;;;;;;9;0;0;0;0; 17,10 € ; estiva feriale sab ;2;;0;;0;;0;;0;; 102,50 € ;;;;;;;;;;;;;;
160;;157;106;287;15:25;15:44;Faedo-Mezzocorona;estiva feriale;8;19; 67 ;OSCAR VIAGGI DI FORMOLO OSCAR;FD479MP;25;FF501YE;23;EK710SE (Paolat);23;6096;FAEDO PINETA                 ;6100;  MEZZOCORONA FERROVIA         ;01/01/2022;11/09/2022;24/06/2023;31/08/2023;estiva feriale lu-sa;;x;x;;x;x;x;x;x;x;;;;;;;;;;;; € 15,20 ;;;;30;1;;;;;;9;0;0;0;0; 15,20 € ;;;;;;;;;;;;;;;;;;;;;;;;;;
161;;158;106;288;17:56;18:15;Mezzocorona - Faedo;"invernale
lunedì-sabato";9,00;16; 240 ;VITO DI PEDRON VITTORIA;FV001FA;24;FC321RJ;21;;;  6100FS;  MEZZOCORONA (St. FS)         ;6096;FAEDO PINETA                 ;12/09/2022;23/06/2023;;;invernale feriale lu-sa;x;;x;;x;x;x;x;x;x;;;;;;;;;;; € 22,50 ;;;;;;1; € -   ; € -   ;;;;17;26;25;25;25; 22,50 € ;;;;;;;;;;;;;;;;;;;;;;;;;;
162;;159;106;289;18:16;18:35;Faedo - Mezzocorona;"invernale
lunedì-sabato";8,00;16; 240 ;VITO DI PEDRON VITTORIA;FV001FA;24;FC321RJ;21;;;6096;FAEDO PINETA                 ;6100;  MEZZOCORONA FERROVIA         ;12/09/2022;23/06/2023;;;invernale feriale lu-sa;x;;x;;x;x;x;x;x;x;;;;;;;;;;; € 20,00 ;;;;;;1; € -   ; € -   ;;;;17;26;25;25;25; 20,00 € ;;;;;;;;;;;;;;;;;;;;;;;;;;
163;;160;106;304;18:50;19:09;Mezzocorona - Faedo;"invernale
da lunedì a venerdì";9,00;16; 202 ;VITO DI PEDRON VITTORIA;FV001FA;24;FC321RJ;21;;;  6100FS;  MEZZOCORONA (St. FS)         ;6096;FAEDO PINETA                 ;12/09/2022;23/06/2023;;;invernale feriale lu-ve;x;;x;;x;x;x;x;x;;;;;;;;;;;; € 22,50 ;;;;;;1; € -   ; € -   ;;;;15;21;21;20;21; 22,50 € ;;;;;;;;;;;;;;;;;;;;;;;;;;
164;;161;106;288;19:10;19:29;Mezzocorona-Faedo;"estiva feriale 
dal lunedì al venerdì";9;19; 55 ;OSCAR VIAGGI DI FORMOLO OSCAR;FD479MP;25;FF501YE;23;EK710SE (Paolat);23;  6100FS;  MEZZOCORONA (St. FS)         ;6096;FAEDO PINETA                 ;01/01/2022;11/09/2022;24/06/2023;31/08/2023;estiva feriale lu-ve;;x;x;;x;x;x;x;x;;;;;;;;;;;;; € 17,10 ;;;;31;1;;;;;;7;0;0;0;0; 17,10 € ;;;;;;;;;;;;;;;;;;;;;;;;;;
165;;162;107;566;13:12;13:24;Mezzolombardo-Mezzocorona FS;"scolastica 
da lunedì a venerdì";3,00;47; 174 ;MONAUNI CARLO S.N.C. DI MONAUNI GERARDO E C. ;EX037JY;46;FE091HG;47;;;  6120EM;Mezz.do Ex Sc. Media  (via Rotaliana)       ;  6100FS;  MEZZOCORONA (St. FS)         ;12/09/2022;09/06/2023;;;scolastica lu-ve;;;;x;x;x;x;x;x;;;;;;;;;;;; € 9,00 ;;;;;;2; € -   ; € -   ;;;;15;20;21;15;17; 9,00 € ;;;;;;;;;;;;;;;;;;;;;;;;;;
166;;163;107;570;14:40;14:59;Mezzolombardo-Roverè della Luna;"estiva
sabato ";15,00;19; 12 ;OSCAR VIAGGI DI FORMOLO OSCAR;GC466NL;24;GK082FC;42;GJ181FP;21;6120;  MEZZOLOMBARDO                ;  6113AD;Rovere' (Trentinalatte)      ;01/01/2022;11/09/2022;24/06/2023;31/08/2023;estiva feriale sab;;x;x;;;;;;;x;;;;;;;;;;; € 45,00 ;;;;;;1; € -   ; € -   ;;;;2;0;0;0;0; 45,00 € ;;;;;;;;;;;;;;;;;;;;;;;;;;
167;;164;107;571;15:06;15:27;Roverè della Luna-Mezzolombardo;"estiva
sabato ";15,00;19; 12 ;OSCAR VIAGGI DI FORMOLO OSCAR;GC466NL;24;GK082FC;42;GJ181FP;21;  6113AD;Rovere' (Trentinalatte)      ;6120;  MEZZOLOMBARDO                ;01/01/2022;11/09/2022;24/06/2023;31/08/2023;estiva feriale sab;;x;x;;;;;;;x;;;;;;;;;;; € 45,00 ;;;;;;1; € -   ; € -   ;;;;2;0;0;0;0; 45,00 € ;;;;;;;;;;;;;;;;;;;;;;;;;;
168;;165;107;570;17:05;17:26;Mezzolombardo-Roverè della Luna;invernale non scolastica feriale;15;19; 29 ;OSCAR VIAGGI DI FORMOLO OSCAR;GC466NL;24;GK082FC;42;;;6120;  MEZZOLOMBARDO                ;  6113AD;Rovere' (Trentinalatte)      ;12/09/2022;23/06/2023;;;invernale feriale no scol lu-sa;x;;x;;;;;;;;;;;;x;x;x;x;x;x;;;;OSCAR VIAGGI DI FORMOLO OSCAR;;;1;;;;;;0;1;0;7;5; -   € ; mensile ;1;;1;;1;;1;;1;; 2.500,00 € ;;;;;;;;;;;;;;
169;;166;107;571;17:26;17:46;Roverè della Luna-Mezzolombardo;"invernale non scolastica 
feriale";15;19; 29 ;OSCAR VIAGGI DI FORMOLO OSCAR;GC466NL;24;GK082FC;42;;;  6113AD;Rovere' (Trentinalatte)      ;6120;  MEZZOLOMBARDO                ;12/09/2022;23/06/2023;;;invernale feriale no scol lu-sa;x;;x;;;;;;;;;;;;x;x;x;x;x;x;;;;OSCAR VIAGGI DI FORMOLO OSCAR;;;1;;;;;;0;1;0;7;5; -   € ;;;;;;;;;;;;;;;;;;;;;;;;;;
170;;167;109;60;19:00;19:09;Cavalese - Masi di Cavalese;"invernale
lunedì-sabato";4,00;16; 240 ;TAXI  ZETA DI ZAMPIERI SERGIO;FF736CS;17;FE259HG (DMG);17;;;1070;CAVALESE  (Autostaz.)        ;1151;Masi di Cavalese             ;12/09/2022;23/06/2023;;;invernale feriale lu-sa;x;;x;;x;x;x;x;x;x;;;;;;;;;;; € 9,53 ;;;;;;1; € -   ; € -   ;;;;17;26;25;25;25; 9,53 € ;;;;;;;;;;;;;;;;;;;;;;;;;;
171;;168;109;63;19:12;19:19;Masi di Cavalese - Cavalese;"invernale
lunedì-sabato";4,00;16; 240 ;TAXI  ZETA DI ZAMPIERI SERGIO;FF736CS;17;FE259HG (DMG);17;;;1151;Masi di Cavalese             ;1070;CAVALESE  (Autostaz.)        ;12/09/2022;23/06/2023;;;invernale feriale lu-sa;x;;x;;x;x;x;x;x;x;;;;;;;;;;; € 9,53 ;;;;;;1; € -   ; € -   ;;;;17;26;25;25;25; 9,53 € ;;;;;;;;;;;;;;;;;;;;;;;;;;
172;;169;111;20;08:10;08:36;Cavalese - Veronza ;Estiva lunedì-sabato agosto/settembre;5,30;19; 34 ;TAXI  ZETA DI ZAMPIERI SERGIO;FF736CS;17;FE259HG (DMG);17;;;1070;CAVALESE  (Autostaz.)        ;  1152HV;V.VERONZA (H.Veronza)        ;01/01/2022;11/09/2022;01/08/2023;31/08/2023;estiva feriale lu-sa agosto/settembre;;x;x;;x;x;x;x;x;x;;;;;;;;;;; € 15,90 ;;;;;;1; € -   ; € -   ;;;;9;0;0;0;0; 15,90 € ;;;;;;;;;;;;;;;;;;;;;;;;;;
173;;169 bis;111;20;08:10;08:36;Cavalese - Veronza ;Estiva lunedì-sabato giugno/luglio;5,30;19; 33 ;DESILVESTRO TAXI E VIAGGI SRL;GC807JF;20;FE259HG (DMG);17;;;1070;CAVALESE  (Autostaz.)        ;  1152HV;V.VERONZA (H.Veronza)        ;24/06/2023;31/07/2023;;;estiva feriale lu-sa giugno/luglio;;x;x;;x;x;x;x;x;x;;;;;;;;;;; € 42,75 ;;;;;;1; € -   ; € -   ;;;;0;0;0;0;0; 42,75 € ;;;;;;;;;;;;;;;;;;;;;;;;;;
174;;170;111;21;08:26;08:50;Veronza - Aguai - Carano - Cavalese;Estiva lunedì-sabato agosto/settembre;10,20;19; 34 ;TAXI  ZETA DI ZAMPIERI SERGIO;FF736CS;17;FE259HG (DMG);17;;;  1152HV;V.VERONZA (H.Veronza)        ;1070;CAVALESE  (Autostaz.)        ;01/01/2022;11/09/2022;01/08/2023;31/08/2023;estiva feriale lu-sa agosto/settembre;;x;x;;x;x;x;x;x;x;;;;;;;;;;; € 30,60 ;;;;;;1; € -   ; € -   ;;;;9;0;0;0;0; 30,60 € ;;;;;;;;;;;;;;;;;;;;;;;;;;
175;;170 bis;111;21;08:26;08:50;Veronza - Aguai - Carano - Cavalese;Estiva lunedì-sabato giugno/luglio;10,20;19; 33 ;DESILVESTRO TAXI E VIAGGI SRL;GC807JF;20;FE259HG (DMG);17;;;  1152HV;V.VERONZA (H.Veronza)        ;1070;CAVALESE  (Autostaz.)        ;24/06/2023;31/07/2023;;;estiva feriale lu-sa giugno/luglio;;x;x;;x;x;x;x;x;x;;;;;;;;;;; € 42,75 ;;;;;;1; € -   ; € -   ;;;;0;0;0;0;0; 42,75 € ;;;;;;;;;;;;;;;;;;;;;;;;;;
176;;171;112;64;17:25;17:55;Cavalese - Varena - Cavalese ;"invernale
lunedì-sabato";13,00;16; 240 ;TAXI  ZETA DI ZAMPIERI SERGIO;FF736CS;17;FE259HG (DMG);17;;;1070;CAVALESE  (Autostaz.)        ;1070;CAVALESE  (Autostaz.)        ;12/09/2022;23/06/2023;;;invernale feriale lu-sa;x;;x;;x;x;x;x;x;x;;;;;;;;;;; € 30,97 ;;;;;;1; € -   ; € -   ;;;;17;26;25;25;25; 30,97 € ;;;;;;;;;;;;;;;;;;;;;;;;;;
177;;172;110;440;06:34;06:41;Tesero - Stava (dal 19/11/18);"scolastica 
da lunedì a sabato";4,00;9; 208 ;AUTONOLEGGIO DI GUADAGNINI FERDINANDO E ZAMPIERI DAVID S.N.C.;FG976XM;9;ER906KZ;9;FY974HP;9;1190;Tesero                       ;1182;Stava                        ;12/09/2022;09/06/2023;;;scolastica lu-sa;;;;x;x;x;x;x;x;x;;;;;;;;;;; € 12,00 ;;;;;;1; € -   ; € -   ;;; € 8,00 ;17;25;25;18;20; 20,00 € ;;;;;;;;;;;;;;;;;;;;;;;;;;
178;;173;110;449;06:42;06:58;Stava - Cavalese (dal 19/11/18);"scolastica 
da lunedì a sabato";9,00;9; 208 ;AUTONOLEGGIO DI GUADAGNINI FERDINANDO E ZAMPIERI DAVID S.N.C.;FG976XM;9;ER906KZ;9;FY974HP;9;1182;Stava                        ;  1070SE;CAVALESE  (Autostaz.)        ;12/09/2022;09/06/2023;;;scolastica lu-sa;;;;x;x;x;x;x;x;x;;;;;;;;;;; € 27,00 ;;;;;;1; € -   ; € -   ;;; € -   ;17;25;25;18;20; 27,00 € ;;;;;;;;;;;;;;;;;;;;;;;;;;
179;;174;110;445;07:20;07:27;Stava - Tesero;"scolastica 
da lunedì a sabato";4,00;16; 208 ;TAXI  ZETA DI ZAMPIERI SERGIO;FF736CS;17;FE259HG (DMG);17;;;1182;Stava                        ;1190;Tesero                       ;12/09/2022;09/06/2023;;;scolastica lu-sa;;;;x;x;x;x;x;x;x;;;;;;;;;;; € 24,02 ;;;;;;1; € -   ; € -   ;;;;17;25;25;18;20; 24,02 € ;;;;;;;;;;;;;;;;;;;;;;;;;;
180;;175;110;448;14:05;14:12;Tesero - Stava;"scolastica 
da lunedì a venerdì";4,00;16; 174 ;TAXI  ZETA DI ZAMPIERI SERGIO;FF736CS;17;FE259HG (DMG);17;;;1190;Tesero                       ;1182;Stava                        ;12/09/2022;09/06/2023;;;scolastica lu-ve;;;;x;x;x;x;x;x;;;;;;;;;;;; € 24,02 ;;;;;;1; € -   ; € -   ;;;;15;20;21;15;17; 24,02 € ;;;;;;;;;;;;;;;;;;;;;;;;;;
181;;176;110;448;17:10;17:17;Tesero - Stava;"scolastica 
lunedì ";4,00;16; 33 ;TAXI  ZETA DI ZAMPIERI SERGIO;FF736CS;17;FE259HG (DMG);17; ;;1190;Tesero                       ;1182;Stava                        ;12/09/2022;09/06/2023;;;scolastica lu;;;;x;x;;;;;;;;;;;;;;;; € 24,02 ;;;;;;1; € -   ; € -   ;;;;3;4;4;3;4; 24,02 € ;;;;;;;;;;;;;;;;;;;;;;;;;;
182;;177;113;64;17:55;18:34;Cavalese - Tesero - Tesero Casa Riposo - Masi - Cavalese;"invernale
lunedì-sabato";16,00;16; 240 ;TAXI  ZETA DI ZAMPIERI SERGIO;FF736CS;17;FE259HG (DMG);17;;;1070;CAVALESE  (Autostaz.)        ;1070;CAVALESE  (Autostaz.)        ;12/09/2022;23/06/2023;;;invernale feriale lu-sa;x;;x;;x;x;x;x;x;x;;;;;;;;;;; € 70,94 ;;;;;;1; € -   ; € -   ;;;;17;26;25;25;25; 70,94 € ;;;;;;;;;;;;;;;;;;;;;;;;;;
183;;178;114;8;06:10;06:40;Casatta - Sicina;"invernale
lunedì-sabato";8,00;16; 240 ;FERSINA TOUR S.R.L;GA996ER;21;EY732LP;17;;;1127;CASATTA di VALFL.            ;1135;SICINA                       ;12/09/2022;23/06/2023;;;invernale feriale lu-sa;x;;x;;x;x;x;x;x;x;;;;;;;;;;; € 15,20 ;;;;;;1; € 0,80 ; € -   ;;; € 4,80 ;17;26;25;25;25; 20,80 € ;;;;;;;;;;;;;;;;;;;;;;;;;;
184;;179;114;8;06:15;06:45;Casatta - Sicina;estiva feriale;8,00;16; 67 ;FERSINA TOUR S.R.L;GA996ER;21;FR820WP;21;;;1127;CASATTA di VALFL.            ;1135;SICINA                       ;01/01/2022;11/09/2022;24/06/2023;31/08/2023;estiva feriale lu-sa;;x;x;;x;x;x;x;x;x;;;;;;;;;;; € 15,20 ;;;;;;1; € 0,80 ; € -   ;;; € 4,80 ;9;0;0;0;0; 20,80 € ;;;;;;;;;;;;;;;;;;;;;;;;;;
185;;180;114;7;06:45;07:00;Sicina - Casatta;"invernale
lunedì-sabato";8,00;16; 240 ;FERSINA TOUR S.R.L;GA996ER;21;FR820WP;21;;;1135;SICINA                       ;1127;CASATTA di VALFL.            ;12/09/2022;23/06/2023;;;invernale feriale lu-sa;x;;x;;x;x;x;x;x;x;;;;;;;;;;; € 15,20 ;;;;;;1; € 0,80 ; € -   ;;; € 4,80 ;17;26;25;25;25; 20,80 € ;;;;;;;;;;;;;;;;;;;;;;;;;;
186;;181;114;7;06:50;07:05;Sicina - Casatta;estiva feriale;8,00;16; 67 ;FERSINA TOUR S.R.L;GA996ER;21;FR820WP;21;;;1135;SICINA                       ;1127;CASATTA di VALFL.            ;01/01/2022;11/09/2022;24/06/2023;31/08/2023;estiva feriale lu-sa;;x;x;;x;x;x;x;x;x;;;;;;;;;;; € 15,20 ;;;;;;1; € 0,80 ; € -   ;;; € 4,80 ;9;0;0;0;0; 20,80 € ;;;;;;;;;;;;;;;;;;;;;;;;;;
187;;182;114;10;07:20;07:35;Casatta - Sicina;"invernale
lunedì-sabato";8,00;16; 240 ;FERSINA TOUR S.R.L;GA996ER;21;FR820WP;21;;;1127;CASATTA di VALFL.            ;1135;SICINA                       ;12/09/2022;23/06/2023;;;invernale feriale lu-sa;x;;x;;x;x;x;x;x;x;;;;;;;;;;; € 15,20 ;;;;;;1; € 0,80 ; € -   ;;;;17;26;25;25;25; 16,00 € ;;;;;;;;;;;;;;;;;;;;;;;;;;
188;;183;114;10;07:31;07:46;Casatta - Sicina;estiva feriale;8,00;16; 67 ;FERSINA TOUR S.R.L;GA996ER;21;FR820WP;21;;;1127;CASATTA di VALFL.            ;1135;SICINA                       ;01/01/2022;11/09/2022;24/06/2023;31/08/2023;estiva feriale lu-sa;;x;x;;x;x;x;x;x;x;;;;;;;;;;; € 15,20 ;;;;;;1; € 0,80 ; € -   ;;;;9;0;0;0;0; 16,00 € ;;;;;;;;;;;;;;;;;;;;;;;;;;
189;;184;114;9;07:40;08:10;Sicina - Casatta;"invernale
lunedì-sabato";8,00;16; 240 ;FERSINA TOUR S.R.L;GA996ER;21;FR820WP;21;;;1135;SICINA                       ;1127;CASATTA di VALFL.            ;12/09/2022;23/06/2023;;;invernale feriale lu-sa;x;;x;;x;x;x;x;x;x;;;;;;;;;;; € 15,20 ;;;;;;1; € 0,80 ; € -   ;;;;17;26;25;25;25; 16,00 € ;;;;;;;;;;;;;;;;;;;;;;;;;;
190;;185;114;9;07:46;08:16;Sicina - Casatta;estiva feriale;8,00;16; 67 ;FERSINA TOUR S.R.L;GA996ER;21;FR820WP;21;;;1135;SICINA                       ;1127;CASATTA di VALFL.            ;01/01/2022;11/09/2022;24/06/2023;31/08/2023;estiva feriale lu-sa;;x;x;;x;x;x;x;x;x;;;;;;;;;;; € 15,20 ;;;;;;1; € 0,80 ; € -   ;;;;9;0;0;0;0; 16,00 € ;;;;;;;;;;;;;;;;;;;;;;;;;;
191;;186;114;12;11:40;11:55;Casatta - Sicina;"estiva feriale 
dal lunedì al venerdì";8,00;16; 55 ;FERSINA TOUR S.R.L;GA996ER;21;FR820WP;21;;;1127;CASATTA di VALFL.            ;1135;SICINA                       ;01/01/2022;11/09/2022;24/06/2023;31/08/2023;estiva feriale lu-ve;;x;x;;x;x;x;x;x;;;;;;;;;;;; € 15,20 ;;;;;;1; € 0,80 ; € -   ;;;;7;0;0;0;0; 16,00 € ;;;;;;;;;;;;;;;;;;;;;;;;;;
192;;187;114;12;11:45;12:00;Casatta - Sicina;"invernale
lunedì-sabato";8,00;16; 240 ;FERSINA TOUR S.R.L;GA996ER;21;FR820WP;21;;;1127;CASATTA di VALFL.            ;1135;SICINA                       ;12/09/2022;23/06/2023;;;invernale feriale lu-sa;x;;x;;x;x;x;x;x;x;;;;;;;;;;; € 15,20 ;;;;;;1; € 0,80 ; € -   ;;;;17;26;25;25;25; 16,00 € ;;;;;;;;;;;;;;;;;;;;;;;;;;
193;;188;114;11;12:05;12:30;Sicina - Casatta;"invernale
lunedì-sabato";8,00;16; 240 ;FERSINA TOUR S.R.L;GA996ER;21;FR820WP;21;;;1135;SICINA                       ;1127;CASATTA di VALFL.            ;12/09/2022;23/06/2023;;;invernale feriale lu-sa;x;;x;;x;x;x;x;x;x;;;;;;;;;;; € 15,20 ;;;;;;1; € 0,80 ; € -   ;;;;17;26;25;25;25; 16,00 € ;;;;;;;;;;;;;;;;;;;;;;;;;;
194;;189;114;11;12:05;12:35;Sicina - Casatta;"estiva feriale 
dal lunedì al venerdì";8,00;16; 55 ;FERSINA TOUR S.R.L;GA996ER;21;FR820WP;21;;;1135;SICINA                       ;1127;CASATTA di VALFL.            ;01/01/2022;11/09/2022;24/06/2023;31/08/2023;estiva feriale lu-ve;;x;x;;x;x;x;x;x;;;;;;;;;;;; € 15,20 ;;;;;;1; € 0,80 ; € -   ;;;;7;0;0;0;0; 16,00 € ;;;;;;;;;;;;;;;;;;;;;;;;;;
195;;190;114;14;13:12;13:33;Casatta - Sicina;estiva feriale;8,00;16; 67 ;FERSINA TOUR S.R.L;GA996ER;21;FR820WP;21;;;1127;CASATTA di VALFL.            ;1135;SICINA                       ;01/01/2022;11/09/2022;24/06/2023;31/08/2023;estiva feriale lu-sa;;x;x;;x;x;x;x;x;x;;;;;;;;;;; € 15,20 ;;;;;;1; € 0,80 ; € -   ;;;;9;0;0;0;0; 16,00 € ;;;;;;;;;;;;;;;;;;;;;;;;;;
196;;191;114;14;13:12;13:33;Casatta - Sicina;"invernale
lunedì-sabato";8,00;16; 240 ;FERSINA TOUR S.R.L;GA996ER;21;FR820WP;21;;;1127;CASATTA di VALFL.            ;1135;SICINA                       ;12/09/2022;23/06/2023;;;invernale feriale lu-sa;x;;x;;x;x;x;x;x;x;;;;;;;;;;; € 15,20 ;;;;;;1; € 0,80 ; € -   ;;;;17;26;25;25;25; 16,00 € ;;;;;;;;;;;;;;;;;;;;;;;;;;
197;;192;114;13;13:33;13:45;Sicina - Casatta;estiva feriale ;8,00;16; 67 ;FERSINA TOUR S.R.L;GA996ER;21;FR820WP;21;;;1135;SICINA                       ;1127;CASATTA di VALFL.            ;01/01/2022;11/09/2022;24/06/2023;31/08/2023;estiva feriale lu-sa;;x;x;;x;x;x;x;x;x;;;;;;;;;;; € 15,20 ;;;;;;1; € 0,80 ; € -   ;;;;9;0;0;0;0; 16,00 € ;;;;;;;;;;;;;;;;;;;;;;;;;;
198;;193;114;13;13:33;13:48;Sicina - Casatta - Pradel ;"invernale
lunedì-sabato";10,00;16; 240 ;FERSINA TOUR S.R.L;GA996ER;21;FR820WP;21;;;1135;SICINA                       ;1136;Pradel                       ;12/09/2022;23/06/2023;;;invernale feriale lu-sa;x;;x;;x;x;x;x;x;x;;;;;;;;;;; € 19,00 ;;;;;;1; € 1,00 ; € -   ;;;;17;26;25;25;25; 20,00 € ;;;;;;;;;;;;;;;;;;;;;;;;;;
199;;194;114;16;14:08;14:23;Casatta - Sicina;"scolastica 
da lunedì a venerdì";8,00;16; 174 ;FERSINA TOUR S.R.L;GA996ER;21;FR820WP;21;;;1127;CASATTA di VALFL.            ;1135;SICINA                       ;12/09/2022;09/06/2023;;;scolastica lu-ve;;;;x;x;x;x;x;x;;;;;;;;;;;; € -   ;;;;;;1; € 16,00 ; € -   ;;;;15;20;21;15;17; 16,00 € ;;;;;;;;;;;;;;;;;;;;;;;;;;
200;;195;114;18;17:27;17:57;Casatta - Sicina;"invernale
lunedì-sabato";8,00;16; 240 ;FERSINA TOUR S.R.L;GA996ER;21;FR820WP;21;;;1127;CASATTA di VALFL.            ;1135;SICINA                       ;12/09/2022;23/06/2023;;;invernale feriale lu-sa;x;;x;;x;x;x;x;x;x;;;;;;;;;;; € 15,20 ;;;;;;1; € 0,80 ; € -   ;;;;17;26;25;25;25; 16,00 € ;;;;;;;;;;;;;;;;;;;;;;;;;;
201;;196;114;18;17:27;17:57;Casatta - Sicina;estiva feriale;8,00;16; 67 ;FERSINA TOUR S.R.L;GA996ER;21;FR820WP;21;;;1127;CASATTA di VALFL.            ;1135;SICINA                       ;01/01/2022;11/09/2022;24/06/2023;31/08/2023;estiva feriale lu-sa;;x;x;;x;x;x;x;x;x;;;;;;;;;;; € 15,20 ;;;;;;1; € 0,80 ; € -   ;;;;9;0;0;0;0; 16,00 € ;;;;;;;;;;;;;;;;;;;;;;;;;;
202;;197;114;17;18:00;18:15;Sicina - Casatta;"invernale
lunedì-sabato";8,00;16; 240 ;FERSINA TOUR S.R.L;GA996ER;21;FR820WP;21;;;1135;SICINA                       ;1127;CASATTA di VALFL.            ;12/09/2022;23/06/2023;;;invernale feriale lu-sa;x;;x;;x;x;x;x;x;x;;;;;;;;;;; € 15,20 ;;;;;;1; € 0,80 ; € -   ;;;;17;26;25;25;25; 16,00 € ;;;;;;;;;;;;;;;;;;;;;;;;;;
203;;198;114;17;18:00;18:15;Sicina - Casatta;estiva feriale;8,00;16; 67 ;FERSINA TOUR S.R.L;GA996ER;21;FR820WP;21;;;1135;SICINA                       ;1127;CASATTA di VALFL.            ;01/01/2022;11/09/2022;24/06/2023;31/08/2023;estiva feriale lu-sa;;x;x;;x;x;x;x;x;x;;;;;;;;;;; € 15,20 ;;;;;;1; € 0,80 ; € -   ;;;;9;0;0;0;0; 16,00 € ;;;;;;;;;;;;;;;;;;;;;;;;;;
204;;199;115;381;06:55;07:25;Fornace - Civezzano 7.11 - Pergine;"scolastica 
da lunedì a sabato";15,00;50; 208 ;AUTONOLEGGI VISINTAINER di VISINTAINER FRANCESCO;FX671LT;30;EX931HC;20;FN583MX;23;1111;FORNACE                      ;  4100CI;PERGINE (C.Intermodale)      ;12/09/2022;09/06/2023;;;scolastica lu-sa;;;;x;x;x;x;x;x;x;;;;;;;;;;; € 104,80 ;;;;;;2; € -   ; € -   ;;; € -   ;17;25;25;18;20; 104,80 € ;;;;;;;;;;;;;;;;;;;;;;;;;;
205;;200;115;436;07:05;07:28;Civezzano Ist. De Carneri - 7:12 Civezzano-Pergine V.;"scolastica 
da lunedì a venerdì";7,00;29; 174 ;AUTONOLEGGI VISINTAINER di VISINTAINER FRANCESCO;FF721CS;35;EX931HC;20;FN583MX;23;  1100OX;Civezzano Scuola Media       ;  4100RR;PERGINE V. (P.Gavazzi);12/09/2022;09/06/2023;;;scolastica lu-ve;;;;x;x;x;x;x;x;;;;;;;;;;;; € 57,13 ;;;;;;1; € -   ; € -   ;;;;15;20;21;15;17; 57,13 € ;;;;;;;;;;;;;;;;;;;;;;;;;;
206;;201;115;434;08:33;08:57;Civezzano Ist. De Carneri - Civezzano-Pergine V.;"invernale
lunedì-sabato";9;19; 240 ;AUTONOLEGGI VISINTAINER di VISINTAINER FRANCESCO;FF721CS;35;EX931HC;20;FN583MX;23;1100OX;Civezzano Scuola Media;4100CI;PERGINE V. Intermodale        ;12/09/2022;23/06/2023;;;invernale feriale lu-sa;x;;x;;x;x;x;x;x;x;;;;;;;;;;;; € 19,80 ;;;;;1;;; € -   ; € -   ;;17;26;25;25;25; 19,80 € ;;;;;;;;;;;;;;;;;;;;;;;;;;
207;;202;115;431;11:20;12:05;Pergine-Civezzano-Bosco;"invernale
lunedì-sabato";19;19; 240 ;ITALBUS S.N.C. DI CASAGRANDE ARMANDO E CHRISTIAN & C.;EV877GJ;21;EJ873ZA;23;;;  4100CI;PERGINE (C.Intermodale)      ;1106;BOSCO di CIVEZZANO           ;12/09/2022;23/06/2023;;;invernale feriale lu-sa;x;;x;;x;x;x;x;x;x;;;;;;;;;;;;;;ITALBUS S.N.C. DI CASAGRANDE ARMANDO E CHRISTIAN & C.;;;1;;;;;;17;26;25;25;25; -   € ;;;;;;;;;;;;;;;;;;;;;;;;;;
208;;203;115;489;12:32;12:47;Pergine - Civezzano;"scolastica 
sabato";7,00;50; 34 ;AUTONOLEGGI VISINTAINER di VISINTAINER FRANCESCO;FX671LT + FR784WP;30 + 21;FF721CS;35;FN583MX;23;  4100CI;PERGINE (C.Intermodale)      ;1100;CIVEZZANO                    ;12/09/2022;09/06/2023;;;scolastica sab;;;;x;;;;;;x;;;;;;;;;;; € 64,01 ;;;;;;2; € -   ; € -   ;;;;2;5;4;3;3; 64,01 € ;;;;;;;;;;;;;;;;;;;;;;;;;;
209;;204;115;435;13:20;13:35;Pergine - Civezzano;"scolastica 
da lunedì a venerdì";7,00;50; 174 ;AUTONOLEGGI VISINTAINER di VISINTAINER FRANCESCO;FX671LT + FR784WP;30 + 21;FF721CS;35;FN583MX;23;  4100CI;PERGINE (C.Intermodale)      ;1100;CIVEZZANO                    ;12/09/2022;09/06/2023;;;scolastica lu-ve;;;;x;x;x;x;x;x;;;;;;;;;;;; € 64,01 ;;;;;;2; € -   ; € -   ;;;;15;20;21;15;17; 64,01 € ;;;;;;;;;;;;;;;;;;;;;;;;;;
210;;205;116;215;06:49;07:04;S.Agnese-Civezzano;"scolastica 
da lunedì a venerdì";5,00;29; 174 ;AUTONOLEGGI VISINTAINER di VISINTAINER FRANCESCO;FF721CS;35;EX931HC;20;FN583MX;23;1105;S.AGNESE                     ;  1100SR;Civezzano (Quadrivio )       ;12/09/2022;09/06/2023;;;scolastica lu-ve;;;;x;x;x;x;x;x;;;;;;;;;;;; € 30,00 ;;;;;;1; € -   ; € -   ;;; € -   ;15;20;21;15;17; 30,00 € ;;;;;;;;;;;;;;;;;;;;;;;;;;
211;;206;116;217;09:00;09:50;Penedallo-Bosco-Civezzano-Trento;"estiva feriale 
dal lunedì al venerdì";22;19; 55 ;ITALBUS S.N.C. DI CASAGRANDE ARMANDO E CHRISTIAN & C.;EV877GJ;21;EJ873ZA;23;;;1106;BOSCO di CIVEZZANO           ;1;TRENTO (Autostaz.)         ;01/01/2022;11/09/2022;24/06/2023;31/08/2023;estiva feriale lu-ve;;x;x;;x;x;x;x;x;;;;;;;;;;;;;;;ITALBUS S.N.C. DI CASAGRANDE ARMANDO E CHRISTIAN & C.;;;1;;;;;;7;0;0;0;0; -   € ;;;;;;;;;;;;;;;;;;;;;;;;;;
212;;207;116;240;10:40;11:10;Civezzano-Bosco;"Estiva
lunedì-sabato";11,00;30; 67 ;AUTONOLEGGI VISINTAINER di VISINTAINER FRANCESCO;FF721CS;35;FN583MX;23;FR784WP;21;1100;CIVEZZANO                    ;1106;BOSCO di CIVEZZANO           ;01/01/2022;11/09/2022;24/06/2023;31/08/2023;estiva feriale lu-sa;;x;x;;x;x;x;x;x;x;;;;;;;;;;; € 24,20 ;;;;;;1; € -   ; € -   ;;;;9;0;0;0;0; 24,20 € ;;;;;;;;;;;;;;;;;;;;;;;;;;
213;;208;116;327;11:15;11:35;Bosco-Civezzano;"Estiva
lunedì-sabato";9,00;30; 67 ;AUTONOLEGGI VISINTAINER di VISINTAINER FRANCESCO;FF721CS;35;FN583MX;23;FR784WP;21;1106;BOSCO di CIVEZZANO           ;1100;CIVEZZANO                    ;01/01/2022;11/09/2022;24/06/2023;31/08/2023;estiva feriale lu-sa;;x;x;;x;x;x;x;x;x;;;;;;;;;;; € 19,80 ;;;;;;1; € -   ; € -   ;;;;9;0;0;0;0; 19,80 € ;;;;;;;;;;;;;;;;;;;;;;;;;;
214;;209;116;242;11:36;12:05;Civezzano-Bosco;estiva feriale;11;30; 67 ;AUTONOLEGGI VISINTAINER di VISINTAINER FRANCESCO;FF721CS;35;FN583MX;23;FR784WP;21;1100;CIVEZZANO                    ;1106;BOSCO di CIVEZZANO           ;01/01/2022;11/09/2022;24/06/2023;31/08/2023;estiva feriale lu-sa;;x;x;;x;x;x;x;x;x;;;;;;;;;;; € -   ;;;;;;1; € 22,00 ; € -   ;;;;9;0;0;0;0; 22,00 € ;;;;;;;;;;;;;;;;;;;;;;;;;;
215;;210;116;117;16:40;17:00;Bosco-Civezzano;"estiva feriale 
dal lunedì al venerdì";11;19; 55 ;ITALBUS S.N.C. DI CASAGRANDE ARMANDO E CHRISTIAN & C.;EV877GJ;21;EJ873ZA;23;;;1106;BOSCO di CIVEZZANO           ;1100;CIVEZZANO                    ;01/01/2022;11/09/2022;24/06/2023;31/08/2023;estiva feriale lu-ve;;x;x;;x;x;x;x;x;;;;;;;;;;;;;;;ITALBUS S.N.C. DI CASAGRANDE ARMANDO E CHRISTIAN & C.;;;1;;;;;;7;0;0;0;0; -   € ;;;;;;;;;;;;;;;;;;;;;;;;;;
216;;211;116;246;17:00;17:30;Civezzano-Bosco;"estiva feriale 
dal lunedì al venerdì";11;19; 55 ;ITALBUS S.N.C. DI CASAGRANDE ARMANDO E CHRISTIAN & C.;EV877GJ;21;EJ873ZA;23;;;1100;CIVEZZANO                    ;1106;BOSCO di CIVEZZANO           ;01/01/2022;11/09/2022;24/06/2023;31/08/2023;estiva feriale lu-ve;;x;x;;x;x;x;x;x;;;;;;;;;;;;;;;ITALBUS S.N.C. DI CASAGRANDE ARMANDO E CHRISTIAN & C.;;;1;;;;;;7;0;0;0;0; -   € ;;;;;;;;;;;;;;;;;;;;;;;;;;
217;;212;116;236;18:01;18:30;Civezzano-Bosco;"feriale 
da lunedì a venerdì";11;19; 252 ;ITALBUS S.N.C. DI CASAGRANDE ARMANDO E CHRISTIAN & C.;EV877GJ;21;EJ873ZA;23;;;1100;CIVEZZANO                    ;1106;BOSCO di CIVEZZANO           ;01/09/2022;31/08/2023;;;annuale feriale lu-ve;x;x;x;;x;x;x;x;x;;;;;;;;;;;;;;;ITALBUS S.N.C. DI CASAGRANDE ARMANDO E CHRISTIAN & C.;;;1;;;;;;22;21;21;20;21; -   € ;;;;;;;;;;;;;;;;;;;;;;;;;;
218;;213;116;123;18:35;18:54;Bosco-Civezzano;"feriale 
da lunedì a venerdì";11;19; 252 ;ITALBUS S.N.C. DI CASAGRANDE ARMANDO E CHRISTIAN & C.;EV877GJ;21;EJ873ZA;23;;;1106;BOSCO di CIVEZZANO           ;1100;CIVEZZANO                    ;01/09/2022;31/08/2023;;;annuale feriale lu-ve;x;x;x;;x;x;x;x;x;;;;;;;;;;;;;;;ITALBUS S.N.C. DI CASAGRANDE ARMANDO E CHRISTIAN & C.;;;1;;;;;;22;21;21;20;21; -   € ;;;;;;;;;;;;;;;;;;;;;;;;;;
219;;214;116;248;19:51;20:20;Civezzano-Bosco;feriale;11;19; 304 ;ITALBUS S.N.C. DI CASAGRANDE ARMANDO E CHRISTIAN & C.;EV877GJ;21;EJ873ZA;23;;;1100;CIVEZZANO                    ;1106;BOSCO di CIVEZZANO           ;01/09/2022;31/08/2023;;;annuale feriale lu-sa;x;x;x;;x;x;x;x;x;x;;;;;;;;;;;;;;ITALBUS S.N.C. DI CASAGRANDE ARMANDO E CHRISTIAN & C.;;;1;;;;;;26;26;25;25;25; -   € ;;;;;;;;;;;;;;;;;;;;;;;;;;
220;;215;121;70;06:00;06:10;Montesover - Sover;"invernale
lunedì-sabato";5,50;22; 240 ;GROFF TOUR DI TATTI CARLA;GE457VX;9;FR981TK;18;;;4070;MONTESOVER                   ;1122;SOVER                        ;12/09/2022;23/06/2023;;;invernale feriale lu-sa;x;;x;;x;x;x;x;x;x;;;;;;;;;;; € 28,38 ;;;;;;1; € -   ; € -   ;;; € -   ;17;26;25;25;25; 28,38 € ;;;;;;;;;;;;;;;;;;;;;;;;;;
221;;216;121;72;06:20;06:30;Montesover - Sover;estiva feriale;5,50;22; 67 ;GROFF TOUR DI TATTI CARLA;GE457VX;9;FR981TK;18;;;4070;MONTESOVER                   ;1122;SOVER                        ;01/01/2022;11/09/2022;24/06/2023;31/08/2023;estiva feriale lu-sa;;x;x;;x;x;x;x;x;x;;;;;;;;;;; € 28,38 ;;;;;;1; € -   ; € -   ;;; € -   ;9;0;0;0;0; 28,38 € ;;;;;;;;;;;;;;;;;;;;;;;;;;
222;;217;121;173;06:27;06:31;Facendi  - Sveseri Bivio;"scolastica 
da lunedì a sabato";1,50;22; 208 ;GROFF TOUR DI TATTI CARLA;GE457VX;9;FR981TK;18;;;  1123SA;Facendi V.S.Antonio(Capitello);1125;Sveseri  Bivio               ;12/09/2022;09/06/2023;;;scolastica lu-sa;;;;x;x;x;x;x;x;x;;;;;;;;;;; € 2,70 ;;;;;;1; € 0,30 ; € -   ;;; € 17,30 ;17;25;25;18;20; 20,30 € ;;;;;;;;;;;;;;;;;;;;;;;;;;
223;;218;121;72;06:40;06:50;Montesover - Sover;"invernale
lunedì-sabato";5,50;22; 240 ;GROFF TOUR DI TATTI CARLA;GE457VX;9;FR981TK;18;;;4070;MONTESOVER                   ;1122;SOVER                        ;12/09/2022;23/06/2023;;;invernale feriale lu-sa;x;;x;;x;x;x;x;x;x;;;;;;;;;;; € 28,38 ;;;;;;1; € -   ; € -   ;;; € -   ;17;26;25;25;25; 28,38 € ;;;;;;;;;;;;;;;;;;;;;;;;;;
224;;219;121;65;07:05;07:15;Sover - Montesover;feriale;5,50;22; 304 ;GROFF TOUR DI TATTI CARLA;GE457VX;9;FR981TK;18;;;1122;SOVER                        ;4070;MONTESOVER                   ;01/09/2022;31/08/2023;;;annuale feriale lu-sa;x;x;x;;x;x;x;x;x;x;;;;;;;;;;; € 28,38 ;;;;;;1; € -   ; € -   ;;;;26;26;25;25;25; 28,38 € ;;;;;;;;;;;;;;;;;;;;;;;;;;
225;;220;121;74;13:10;13:20;Montesover - Sover;"invernale
lunedì-sabato";5,50;22; 240 ;GROFF TOUR DI TATTI CARLA;FR981TK;18;GE457VX;9;;;4070;MONTESOVER                   ;1122;SOVER                        ;12/09/2022;23/06/2023;;;invernale feriale lu-sa;x;;x;;x;x;x;x;x;x;;;;;;;;;;; € 28,38 ;;;;;;1; € -   ; € -   ;;;;17;26;25;25;25; 28,38 € ;;;;;;;;;;;;;;;;;;;;;;;;;;
226;;221;121;74;13:20;13:30;Montesover - Sover;estiva feriale;5,50;22; 67 ;GROFF TOUR DI TATTI CARLA;FR981TK;18;GE457VX;9;;;4070;MONTESOVER                   ;1122;SOVER                        ;01/01/2022;11/09/2022;24/06/2023;31/08/2023;estiva feriale lu-sa;;x;x;;x;x;x;x;x;x;;;;;;;;;;; € 28,38 ;;;;;;1; € -   ; € -   ;;;;9;0;0;0;0; 28,38 € ;;;;;;;;;;;;;;;;;;;;;;;;;;
227;;222;121;67;13:35;13:45;Sover - Montesover;feriale;5,50;22; 304 ;GROFF TOUR DI TATTI CARLA;FR981TK;18;GE457VX;9;;;1122;SOVER                        ;4070;MONTESOVER                   ;01/09/2022;31/08/2023;;;annuale feriale lu-sa;x;x;x;;x;x;x;x;x;x;;;;;;;;;;; € 28,38 ;;;;;;1; € -   ; € -   ;;;;26;26;25;25;25; 28,38 € ;;;;;;;;;;;;;;;;;;;;;;;;;;
228;;223;121;67;13:45;13:55;Montesover- Gabard (prolungamento c.sa 67);"scolastica 
solo venerdì ";4,00;22; 36 ;GROFF TOUR DI TATTI CARLA;FR981TK;18;GE457VX;9;;;4070;MONTESOVER                   ;  4060MG;Brusago (Maso Gabart)        ;12/09/2022;09/06/2023;;;scolastica ve;;;;x;;;;;x;;;;;;;;;;;; € 10,33 ;;;;;;1; € -   ; € -   ;;;;3;4;4;3;3; 10,33 € ;;;;;;;;;;;;;;;;;;;;;;;;;;
229;;224;121;67;13:55;14:13;Maso Gabard-Rizzolaga-Baselga;scolastica venerdì;12,40;9; 36 ;GROFF TOUR DI TATTI CARLA;FR981TK;18;GE457VX;9;;;  4060MG;Brusago (Maso Gabart)        ;  4025UP;BASELGA P. (Municipio)       ;12/09/2022;09/06/2023;;;scolastica ve;;;;x;;;;;x;;;;;;;;;;;; € 25,20 ;;;;;;1; € -   ; € -   ;;;;3;4;4;3;3; 25,20 € ;;;;;;;;;;;;;;;;;;;;;;;;;;
230;;225;121;437;14:28;14:35;Sover - Montesover;"scolastica 
da lunedì a sabato";5,50;22; 208 ;GROFF TOUR DI TATTI CARLA;FR981TK;18;GE457VX;9;;;1122;SOVER                        ;4070;MONTESOVER                   ;12/09/2022;09/06/2023;;;scolastica lu-sa;;;;x;x;x;x;x;x;x;;;;;;;;;;; € 14,58 ;;;;;;1; € -   ; € -   ;;;;17;25;25;18;20; 14,58 € ;;;;;;;;;;;;;;;;;;;;;;;;;;
231;;226;121;707;16:20;16:30;Sover-Montesover                                        ;"scolastica 
da lunedì a giovedì";5,50;19; 137 ;GROFF TOUR DI TATTI CARLA;FR981TK;18;GE457VX;9;;;1122;SOVER                        ;4070;MONTESOVER                   ;12/09/2022;09/06/2023;;;scolastica lu, ma, me, gio;;;;x;x;x;x;x;;;;;;;;;;;;; € 9,90 ;;;;;;1; € 1,10 ; € -   ;;;;12;16;17;12;14; 11,00 € ;;;;;;;;;;;;;;;;;;;;;;;;;;
232;;227;121;69;17:45;17:55;Sover - Montesover;feriale;5,50;22; 304 ;GROFF TOUR DI TATTI CARLA;FR981TK;18;GE457VX;9;;;1122;SOVER                        ;4070;MONTESOVER                   ;01/09/2022;31/08/2023;;;annuale feriale lu-sa;x;x;x;;x;x;x;x;x;x;;;;;;;;;;; € 17,70 ;;;;;;1; € -   ; € -   ;;;;26;26;25;25;25; 17,70 € ;;;;;;;;;;;;;;;;;;;;;;;;;;
233;;228;121;112;18:21;18:25;Sveseri Bivio - Facendi ;"scolastica 
da lunedì a venerdì";1,50;22; 174 ;GROFF TOUR DI TATTI CARLA;GE457VX;9;FR981TK;18;;;1125;Sveseri  Bivio               ;  1123SA;Facendi V.S.Antonio(Capitello);12/09/2022;09/06/2023;;;scolastica lu-ve;;;;x;x;x;x;x;x;;;;;;;;;;;; € 10,00 ;;;;;;1; € -   ; € -   ;;;;15;20;21;15;17; 10,00 € ;;;;;;;;;;;;;;;;;;;;;;;;;;
234;;229;122;23;06:50;07:03;Bellamonte - Predazzo;"scolastica 
da lunedì a sabato";6,10;8; 208 ;DOLOMITI RENT A CAR S.N.C. DI ROMOR MARSHA & C.;FT217LV;24;FE926YK;21;FG962XM (Giacomelli);24;  1221HT;Bellamonte (H.Torretta)      ;1220;PREDAZZO (Autostaz.)         ;12/09/2022;09/06/2023;;;scolastica lu-sa;;;;x;x;x;x;x;x;x;;;;;;;;;;; € 12,20 ;;;;;;1; € -   ; € -   ;;; € 7,80 ;17;25;25;18;20; 20,00 € ;;;;;;;;;;;;;;;;;;;;;;;;;;
235;;230;122;920;07:20;07:55;Castellir - Bellamonte-Predazzo;"scolastica 
da lunedì a sabato";10,00;20; 208 ;DOLOMITI RENT A CAR S.N.C. DI ROMOR MARSHA & C.;FT217LV;24;FE926YK;21;FG962XM (Giacomelli);24;  1221CS;Castelir di Bellamonte       ;  1220SM;Predazzo - Scuole Medie      ;12/09/2022;09/06/2023;;;scolastica lu-sa;;;;x;x;x;x;x;x;x;;;;;;;;;;; € 45,81 ;;;;;;1; € -   ; € -   ;;;;17;25;25;18;20; 45,81 € ;;;;;;;;;;;;;;;;;;;;;;;;;;
236;;231;122;924;13:05;13:25;Predazzo-Bellamonte - Castellir;"scolastica 
da lunedì a sabato";10,00;20; 208 ;DOLOMITI RENT A CAR S.N.C. DI ROMOR MARSHA & C.;FT217LV;24;FE926YK;21;FG962XM (Giacomelli);24;  1220SC;Predazzo(C.so Degasperi)     ;  1221CS;Castelir di Bellamonte       ;12/09/2022;09/06/2023;;;scolastica lu-sa;;;;x;x;x;x;x;x;x;;;;;;;;;;; € 45,80 ;;;;;;1; € -   ; € -   ;;;;17;25;25;18;20; 45,80 € ;;;;;;;;;;;;;;;;;;;;;;;;;;
237;;232;122;926;14:05;14:25;Bellamonte - Predazzo sc.;"scolastica
mar+gio";10,00;19; 68 ;DOLOMITI RENT A CAR S.N.C. DI ROMOR MARSHA & C.;FT217LV;24;FE926YK;21;FG962XM (Giacomelli);24;  1221CS;Castelir di Bellamonte       ;  1220SC;Predazzo(C.so Degasperi)     ;12/09/2022;09/06/2023;;;scolastica ma, gio;;;;x;;x;;x;;;;;;;;;;;;; € 18,00 ;;;;;;1; € 2,00 ; € -   ;;;;6;8;8;6;7; 20,00 € ;;;;;;;;;;;;;;;;;;;;;;;;;;
238;;233;122;927;16:35;16:55;Predazzo sc.-Bellamonte;"scolastica
mar+gio";10,00;19; 68 ;DOLOMITI RENT A CAR S.N.C. DI ROMOR MARSHA & C.;FT217LV;24;FE926YK;21;FG962XM (Giacomelli);24;  1220SC;Predazzo(C.so Degasperi)     ;  1221CS;Castelir di Bellamonte       ;12/09/2022;09/06/2023;;;scolastica ma, gio;;;;x;;x;;x;;;;;;;;;;;;; € 18,00 ;;;;;;1; € 2,00 ; € -   ;;;;6;8;8;6;7; 20,00 € ;;;;;;;;;;;;;;;;;;;;;;;;;;
239;;234;123;1;07:35;08:10;Falcade - Moena;"feriale invernale 
lun-ven-sab e gg. pre e postfest.
(non si effettua nel periodo di effettuazione 20 dic-fine marzo))";22,00;19; 25 ;DESILVESTRO TAXI E VIAGGI SRL; GC807JF;20;FY240VT FR993WP;9+7;;;1255;FALCADE                      ;  1250AT;Moena (Albergo Trentino)     ;12/09/2022;16/12/2022;19/03/2023;23/06/2023;invernale feriale lu, ve, sab + prefest + postfest (eccetto intensificazione linea 123);x;;x;;x;;;;x;x;;x;;x;;;;;;; € 61,98 ;;;;;;1; € -   ; € -   ;;;;8;14;13;8;0; 61,98 € ;;;;;;;;;;;;;;;;;;;;;;;;;;
240;;235;123;1;07:35;08:10;Falcade - Moena;"invernale feriale 
da lunedì a sabato 
(periodo intensificazione circa 20 dic- fine marzo)";22,00;29; 83 ;DESILVESTRO TAXI E VIAGGI SRL;FZ047KX;23;GC807JF FR993WP;20+7;;;1255;FALCADE                      ;  1250AT;Moena (Albergo Trentino)     ;17/12/2022;18/03/2023;;;invernale feriale lu-sa (in intensificazione linea 123);x;;x;;x;x;x;x;x;x;;;;;;;;;;; € 78,87 ;;;;;;1; € -   ; € -   ;;;;0;0;0;12;25; 78,87 € ;;;;;;;;;;;;;;;;;;;;;;;;;;
241;;236;123;6;17:00;17:35;Moena - Falcade;"feriale invernale 
lun-ven-sab e gg. pre e postfest.
(non si effettua nel periodo di effettuazione 20 dic-fine marzo))";22,00;19; 25 ;DESILVESTRO TAXI E VIAGGI SRL;GC807JF;20;FY240VT FR993WP;9+7;;;  1250AT;Moena (Albergo Trentino)     ;1255;FALCADE                      ;12/09/2022;16/12/2022;19/03/2023;23/06/2023;invernale feriale lu, ve, sab + prefest + postfest (eccetto intensificazione linea 123);x;;x;;x;;;;x;x;;x;;x;;;;;;; € 61,98 ;;;;;;1; € -   ; € -   ;;;;8;14;13;8;0; 61,98 € ;;;;;;;;;;;;;;;;;;;;;;;;;;
242;;237;123;6;17:00;17:35;Moena - Falcade;"invernale feriale 
da lunedì a sabato 
(periodo intensificazione circa 20 dic- fine marzo)";22,00;29; 83 ;DESILVESTRO TAXI E VIAGGI SRL;FZ047KX;29;GC807JF FR993WP;20+7;;;  1250AT;Moena (Albergo Trentino)     ;1255;FALCADE                      ;17/12/2022;18/03/2023;;;invernale feriale lu-sa (in intensificazione linea 123);x;;x;;x;x;x;x;x;x;;;;;;;;;;; € 78,87 ;;;;;;1; € -   ; € -   ;;;;0;0;0;12;25; 78,87 € ;;;;;;;;;;;;;;;;;;;;;;;;;;
243;;238;124;655;06:05;07:30;Masi di Imer - Pozza di fassa;"scolastica 
solo lunedì e postfest.";65,50;29; 36 ;HOTEL AL BIVIO SRL;FB913BJ;8;FZ987BE;21;GA701ER;8;  5111RR;Masi di Imer;1300;POZZA DI FASSA               ;12/09/2022;09/06/2023;;;scolastica lu + postfest;;;;x;x;;;;;;;x;;;;;;;;; € 205,87 ;;;;;;1; € -   ; € -   ;;; € -   ;3;4;5;4;4; 205,87 € ;;;;;;;;;;;;;;;;;;;;;;;;;;
244;;239;124;654;14:00;15:35;Pozza Fassa-Predazzo-P.so Rolle-Fiera P.-Imer;"Scolastica
venerdì+prefest. infrasett.";65,50;29; 39 ;HOTEL AL BIVIO SRL;GA701ER;8;FZ987BE;21;FB913BJ;8;1300;POZZA DI FASSA               ;5111;Masi di Imer;12/09/2022;09/06/2023;;;scolastica ve + prefest;;;;x;;;;;x;;;;;x;;;;;;; € 196,50 ;;;;;;1; € -   ; € -   ;;;;3;4;4;5;3; 196,50 € ;;;;;;;;;;;;;;;;;;;;;;;;;;
245;;240;132;642;09:40;10:10;Valcava - Segonzano - Cembra;"feriale 
solo mercoledì";17,00;20; 52 ;ZAMPEDRI STEFANO ;FE022HG;21;ER812KZ;21;EV877GJ (ditta Italbus);21;1121;VALCAVA                      ;  1078RR;Cembra           ;01/09/2022;31/08/2023;;;annuale feriale me;x;x;x;;;;x;;;;;;;;;;;;;; € 62,32 ;;;;;;1; € -   ; € -   ;;;;4;4;5;4;4; 62,32 € ;;;;;;;;;;;;;;;;;;;;;;;;;;
246;;241;132;647;11:50;12:20;Cembra - Segonzano - Valcava;"feriale 
solo mercoledì";17,00;20; 52 ;ZAMPEDRI STEFANO ;FE022HG;21;ER812KZ;21;EV877GJ (ditta Italbus);21;  1078RR;CEMBRA;1121;VALCAVA                      ;01/09/2022;31/08/2023;;;annuale feriale me;x;x;x;;;;x;;;;;;;;;;;;;; € 62,32 ;;;;;;1; € -   ; € -   ;;;;4;4;5;4;4; 62,32 € ;;;;;;;;;;;;;;;;;;;;;;;;;;
247;;242;132;643;12:35;13:02;S.Michele - Cembra;"scolastica 
solo giorno di sabato";20,00;41; 34 ;MONAUNI CARLO S.N.C. DI MONAUNI GERARDO E C. ;EX037JY;46;FE091HG;47;FA981GW (Planchel);45;  0954IA;S.Michele a/A.- Ist. Agrario ;1078;Cembra           ;12/09/2022;09/06/2023;;;scolastica sab;;;;x;;;;;;x;;;;;;;;;;; € 165,99 ;;;;;;2; € -   ; € -   ;;;;2;5;4;3;3; 165,99 € ;;;;;;;;;;;;;;;;;;;;;;;;;;
248;;243;132;643;13:02;13:17;Cembra - Scancio di Segonzano;"scolastica 
sabato";9,00;41; 34 ;MONAUNI CARLO S.N.C. DI MONAUNI GERARDO E C. ;EX037JY;46;FE091HG;47;;;  1078RR;CEMBRA;1118;SCANCIO SEGONZANO            ;12/09/2022;09/06/2023;;;scolastica sab;;;;x;;;;;;x;;;;;;;;;;; € 16,20 ;;;;;;2; € -   ; € 10,80 ;;;;2;5;4;3;3; 27,00 € ;;;;;;;;;;;;;;;;;;;;;;;;;;
249;;244;132;643;13:17;13:20;"Scancio di Segonzano-Sevignano
prolungamento  c.sa Cembra-Scancio";"scolastica 
sabato";2,00;41; 34 ;MONAUNI CARLO S.N.C. DI MONAUNI GERARDO E C. ;EX037JY;46;FE091HG;47;;;1118;SCANCIO SEGONZANO            ;1115;Sevignano                    ;12/09/2022;09/06/2023;;;scolastica sab;;;;x;;;;;;x;;;;;;;;;;; € 6,00 ;;;;;;2; € -   ; € -   ;;;;2;5;4;3;3; 6,00 € ;;;;;;;;;;;;;;;;;;;;;;;;;;
250;;245;132;641;13:35;14:02;S.Michele - Cembra;"scolastica 
da lunedì a venerdì";20,00;41; 174 ;MONAUNI CARLO S.N.C. DI MONAUNI GERARDO E C. ;EX037JY;46;FE091HG;47;FA981GW (Planchel);45;  0954IA;S.Michele a/A.- Ist. Agrario ;1078;Cembra           ;12/09/2022;09/06/2023;;;scolastica lu-ve;;;;x;x;x;x;x;x;;;;;;;;;;;; € 165,99 ;;;;;;2; € -   ; € -   ;;;;15;20;21;15;17; 165,99 € ;;;;;;;;;;;;;;;;;;;;;;;;;;
251;;246;132;641;14:02;14:16;Cembra - Scancio di Segonzano - Sevignano;"scolastica 
da lunedì a venerdì";11,00;41; 174 ;MONAUNI CARLO S.N.C. DI MONAUNI GERARDO E C. ;EX037JY;46;FE091HG;47;FN568MX;9;  1078RR;CEMBRA;1115;Sevignano                    ;12/09/2022;09/06/2023;;;scolastica lu-ve;;;;x;x;x;x;x;x;;;;;;;;;;;; € 19,80 ;;;;;;2; € -   ; € 13,20 ;;;;15;20;21;15;17; 33,00 € ;;;;;;;;;;;;;;;;;;;;;;;;;;
252;;247;135;640;07:05;07:29;"Capriana-Grumese - Valda 
(prolungamento c.sa per S.Michele)";"scolastica 
da lunedì a venerdì";14,50;41; 174 ;MONAUNI CARLO S.N.C. DI MONAUNI GERARDO E C. ;EX037JY;46;FA981GW (Planchel);45;;;1084;CAPRIANA                     ;1080;Valda                        ;12/09/2022;09/06/2023;;;scolastica lu-ve;;;;x;x;x;x;x;x;;;;;;;;;;;; € 26,10 ;;;;;;2;;;;;;15;20;21;15;17; 26,10 € ;;;;;;;;;;;;;;;;;;;;;;;;;;
253;;248;135;640;07:05;07:29;"Capriana-Grumes-Valda
(prolungamento c.sa per S.Michele)";"scolastica
sabato";14,50;19; 34 ;MONAUNI CARLO S.N.C. DI MONAUNI GERARDO E C. ;EX037JY;46;FA981GW (Planchel);45;;;1084;CAPRIANA                     ;1080;Valda                        ;12/09/2022;09/06/2023;;;scolastica sab;;;;x;;;;;;x;;;;;;;;;;; € 36,60 ;;;;;;1; € -   ; € -   ;;;;2;5;4;3;3; 36,60 € ;;;;;;;;;;;;;;;;;;;;;;;;;;
254;;249;201;59;06:36;07:22;Ponte Arche - Trento (corsa bis);"scolastica 
solo lunedì e posfest.";31,00;56; 36 ;SARCATOUR s.r.l.;EV936EW;61;FK791WG;55;FA895BD;57;2180;PONTE ARCHE (Autost.)        ;1;TRENTO (Autostaz.)         ;12/09/2022;09/06/2023;;;scolastica lu + postfest;;;;x;x;;;;;;;x;;;;;;;;; € 173,55 ;;;;;;2; € -   ; € -   ;;; € -   ;3;4;5;4;4; 173,55 € ;;;;;;;;;;;;;;;;;;;;;;;;;;
255;;250;201;59;06:36;07:22;Ponte Arche-Trento;"scolastica 
da martedì a venerdì 
(esclusi giorni postfest.)";30,00;50; 141 ;SARCATOUR s.r.l.;EV936EW;61;FK791WG;55;FA895BD;57;2180;PONTE ARCHE (Autost.)        ;1;TRENTO (Autostaz.)         ;12/09/2022;09/06/2023;;;scolastica ma, me, gio, ve (no postfest);;;;x;;x;x;x;x;;;;x;;;;;;;; € 90,00 ;;;;;;2; € -   ; € -   ;;; € -   ;12;16;16;11;13; 90,00 € ;;;;;;;;;;;;;;;;;;;;;;;;;;
256;;251;201;251;07:09;08:17;Tione-Trento;"invernale
lunedì-sabato";44;50; 240 ;TRENTINOBUS SRL;FH993YZ;61;EZ866DM;58;DZ957SD;65;2290;TIONE (Autostazione)         ;1;TRENTO (Autostaz.)         ;12/09/2022;23/06/2023;;;invernale feriale lu-sa;x;;x;;x;x;x;x;x;x;;;;;;;;;;; € 105,60 ;;;;;;2; € -   ; € 26,40 ;;;;17;26;25;25;25; 132,00 € ;;;;;;;;;;;;;;;;;;;;;;;;;;
257;NUOVA;252;201;279;07:46;08:04;Tione-P.Arche;"Invernale 
festiva";15;50; 47 ;AUTONOLEGGI FILIPPI S.R.L. UNIPERSONALE;FN113MX;57;FF887CS;57;GK228BZ (TN Service) GL551LP;57 37;2290;TIONE (Autostazione)         ;2180;PONTE ARCHE (Autost.)        ;12/09/2022;23/06/2023;;;invernale festiva;x;;;;;;;;;;x;;;;;;;;;;;; € 45,00 ;;;;2;;;;;;2;5;5;6;6; 45,00 € ;;;;;;;;;;;;;;;;;;;;;;;;;;
258;NUOVA;253;201;518;08:34;08:52;P.Arche-Tione;"invernale
lunedì-sabato";15;50; 240 ;AUTONOLEGGI FILIPPI S.R.L. UNIPERSONALE;FN113MX;57;FF887CS;57;GK228BZ (TN Service) GL551LP;57 37;2180;PONTE ARCHE (Autost.)        ;2290;TIONE (Autostazione)         ;12/09/2022;23/06/2023;;;invernale feriale lu-sa;x;;x;;x;x;x;x;x;x;;;;;;;;;;;;; € 45,00 ;;;;2;;;;;;17;26;25;25;25; 45,00 € ;;;;;;;;;;;;;;;;;;;;;;;;;;
259;NUOVA;254;201;518;08:34;08:52;P.Arche-Tione;"Invernale 
festiva";15;50; 47 ;AUTONOLEGGI FILIPPI S.R.L. UNIPERSONALE;FN113MX;57;FF887CS;57;GK228BZ (TN Service) GL551LP;57 37;2180;PONTE ARCHE (Autost.)        ;2290;TIONE (Autostazione)         ;12/09/2022;23/06/2023;;;invernale festiva;x;;;;;;;;;;x;;;;;;;;;;;; € 45,00 ;;;;2;;;;;;2;5;5;6;6; 45,00 € ;;;;;;;;;;;;;;;;;;;;;;;;;;
260;km corretti da capitolato;255;201;230;08:50;09:59;Trento-Tione;"invernale
lunedì-sabato";44;50; 240 ;TRENTINOBUS SRL;FH993YZ;61;EZ866DM;58;DZ957SD;65;1;TRENTO   (Autostaz.)         ;2290;TIONE (Autostazione)         ;12/09/2022;23/06/2023;;;invernale feriale lu-sa;x;;x;;x;x;x;x;x;x;;;;;;;;;;; € 105,60 ;;;;;;2; € -   ; € 26,40 ;;;;17;26;25;25;25; 132,00 € ;;;;;;;;;;;;;;;;;;;;;;;;;;
261;NUOVA;256;201;351;09:00;09:18;Tione-P.Arche;"invernale
lunedì-sabato";15;50; 240 ;AUTONOLEGGI FILIPPI S.R.L. UNIPERSONALE;FN113MX;57;FF887CS;57;GK228BZ (TN Service) GL551LP;57 37;2290;TIONE (Autostazione)         ;2180;PONTE ARCHE (Autost.)        ;12/09/2022;23/06/2023;;;invernale feriale lu-sa;x;;x;;x;x;x;x;x;x;;;;;;;;;;;;; € 45,00 ;;;;2;;;;;;17;26;25;25;25; 45,00 € ;;;;;;;;;;;;;;;;;;;;;;;;;;
262;NUOVA;257;201;351;09:00;09:18;Tione-P.Arche;"Invernale 
festiva";15;50; 47 ;AUTONOLEGGI FILIPPI S.R.L. UNIPERSONALE;FN113MX;57;FF887CS;57;GK228BZ (TN Service) GL551LP;57 37;2290;TIONE (Autostazione)         ;2180;PONTE ARCHE (Autost.)        ;12/09/2022;23/06/2023;;;invernale festiva;x;;;;;;;;;;x;;;;;;;;;;;; € 45,00 ;;;;2;;;;;;2;5;5;6;6; 45,00 € ;;;;;;;;;;;;;;;;;;;;;;;;;;
263;NUOVA;258;201;520;09:34;09:52;P.Arche-Tione;"invernale
lunedì-sabato";15;50; 240 ;AUTONOLEGGI FILIPPI S.R.L. UNIPERSONALE;FN113MX;57;FF887CS;57;GK228BZ (TN Service) GL551LP;57 37;2180;PONTE ARCHE (Autost.)        ;2290;TIONE (Autostazione)         ;12/09/2022;23/06/2023;;;invernale feriale lu-sa;x;;x;;x;x;x;x;x;x;;;;;;;;;;;;; € 45,00 ;;;;2;;;;;;17;26;25;25;25; 45,00 € ;;;;;;;;;;;;;;;;;;;;;;;;;;
264;bacino 2 estate 2021;259;201;65;10:00;10:18;Tione-P.Arche;"festiva 
estiva";16;50; 13 ;SOLETANA VIAGGI S.R.L.;GH779KX;58;FJ863YE;56;;;2290;TIONE (Autostazione)         ;2180;PONTE ARCHE (Autost.)        ;01/01/2022;11/09/2022;24/06/2023;31/08/2023;estiva festiva;;x;;;;;;;;;x;;;;;;;;;;;;;;SOLETANA VIAGGI S.R.L. 3;;2;;;;;;2;0;0;0;0; -   € ; estiva festiva ;2;;0;;0;;0;;0;; 400,00 € ;;;;;;;;;;;;;;
265;NUOVA;260;201;65;10:00;10:18;Tione-P.Arche;"invernale
lunedì-sabato";15;50; 240 ;AUTONOLEGGI FILIPPI S.R.L. UNIPERSONALE;FN113MX;57;FF887CS;57;GK228BZ (TN Service) GL551LP;57 37;2290;TIONE (Autostazione)         ;2180;PONTE ARCHE (Autost.)        ;12/09/2022;23/06/2023;;;invernale feriale lu-sa;x;;x;;x;x;x;x;x;x;;;;;;;;;;;;; € 45,00 ;;;;2;;;;;;17;26;25;25;25; 45,00 € ;;;;;;;;;;;;;;;;;;;;;;;;;;
266;NUOVA;261;201;65;10:00;10:18;Tione-P.Arche;"Invernale 
festiva";15;50; 47 ;AUTONOLEGGI FILIPPI S.R.L. UNIPERSONALE;FN113MX;57;FF887CS;57;GK228BZ (TN Service) GL551LP;57 37;2290;TIONE (Autostazione)         ;2180;PONTE ARCHE (Autost.)        ;12/09/2022;23/06/2023;;;invernale festiva;x;;;;;;;;;;x;;;;;;;;;;;; € 45,00 ;;;;2;;;;;;2;5;5;6;6; 45,00 € ;;;;;;;;;;;;;;;;;;;;;;;;;;
267;NUOVA;262;201;522;10:34;10:52;P.Arche-Tione;"invernale
lunedì-sabato";15;50; 240 ;AUTONOLEGGI FILIPPI S.R.L. UNIPERSONALE;FN113MX;57;FF887CS;57;GK228BZ (TN Service) GL551LP;57 37;2180;PONTE ARCHE (Autost.)        ;2290;TIONE (Autostazione)         ;12/09/2022;23/06/2023;;;invernale feriale lu-sa;x;;x;;x;x;x;x;x;x;;;;;;;;;;;;; € 45,00 ;;;;2;;;;;;17;26;25;25;25; 45,00 € ;;;;;;;;;;;;;;;;;;;;;;;;;;
268;NUOVA;263;201;522;10:51;11:09;P.Arche-Tione;"Invernale 
festiva";15;50; 47 ;AUTONOLEGGI FILIPPI S.R.L. UNIPERSONALE;FN113MX;57;FF887CS;57;GK228BZ (TN Service) GL551LP;57 37;2180;PONTE ARCHE (Autost.)        ;2290;TIONE (Autostazione)         ;12/09/2022;23/06/2023;;;invernale festiva;x;;;;;;;;;;x;;;;;;;;;;;; € 45,00 ;;;;2;;;;;;2;5;5;6;6; 45,00 € ;;;;;;;;;;;;;;;;;;;;;;;;;;
269;NUOVA;264;201;353;10:59;12:57;Tione-Ragoli-Trento;"invernale
feriale sabato";44;50; 38 ;TRENTINOBUS SRL;FZ833BE;54;CS792NG;45;FN299MX;37;2290;TIONE (Autostazione)         ;1;TRENTO (Autostaz.)         ;12/09/2022;23/06/2023;;;invernale feriale sab;x;;x;;;;;;;x;;;;;;;;;;;;; € 132,00 ;;;;2;;;;;;2;5;4;5;4; 132,00 € ;;;;;;;;;;;;;;;;;;;;;;;;;;
270;bacino 2 estate 2021;265;201;518;11:34;11:52;P.Arche-Tione;"Estiva
lunedì-venerdì";16;50; 55 ;MAESTRI AUGUSTO & C. S.N.C. ;FB997BJ;57;GH939KX;57;;;2180;PONTE ARCHE (Autost.)        ;2290;TIONE (Autostazione)         ;01/01/2022;11/09/2022;24/06/2023;31/08/2023;estiva feriale lu-ve;;x;x;;x;x;x;x;x;;;;;;;;;;;;;;;;MAESTRI AUGUSTO & C. S.N.C. ;;2;;;;;;7;0;0;0;0; -   € ; estiva feriale lu-sa ;9;;0;;0;;0;;0;; 350,00 € ;;;;;;;;;;;;;;
271;NUOVA;266;201;516;11:34;11:52;P.Arche-Tione;"invernale
lunedì-sabato";15;50; 240 ;AUTONOLEGGI FILIPPI S.R.L. UNIPERSONALE;FN113MX;57;FF887CS;57;GK228BZ (TN Service) GL551LP;57 37;2180;PONTE ARCHE (Autost.)        ;2290;TIONE (Autostazione)         ;12/09/2022;23/06/2023;;;invernale feriale lu-sa;x;;x;;x;x;x;x;x;x;;;;;;;;;;;;; € 45,00 ;;;;2;;;;;;17;26;25;25;25; 45,00 € ;;;;;;;;;;;;;;;;;;;;;;;;;;
272;NUOVA;267;201;524;12:06;12:24;P.Arche-Tione;"Invernale 
festiva";15;50; 47 ;AUTONOLEGGI FILIPPI S.R.L. UNIPERSONALE;FN113MX;57;FF887CS;57;GK228BZ (TN Service) GL551LP;57 37;2180;PONTE ARCHE (Autost.)        ;2290;TIONE (Autostazione)         ;12/09/2022;23/06/2023;;;invernale festiva;x;;;;;;;;;;x;;;;;;;;;;;; € 45,00 ;;;;2;;;;;;2;5;5;6;6; 45,00 € ;;;;;;;;;;;;;;;;;;;;;;;;;;
273;NUOVA;268;201;525;12:32;12:50;Tione-P.Arche;"Invernale 
festiva";15;50; 47 ;AUTONOLEGGI FILIPPI S.R.L. UNIPERSONALE;FN113MX;57;FF887CS;57;GK228BZ (TN Service) GL551LP;57 37;2290;TIONE (Autostazione)         ;2180;PONTE ARCHE (Autost.)        ;12/09/2022;23/06/2023;;;invernale festiva;x;;;;;;;;;;x;;;;;;;;;;;; € 45,00 ;;;;2;;;;;;2;5;5;6;6; 45,00 € ;;;;;;;;;;;;;;;;;;;;;;;;;;
274;;269;201;335;13:25;13:48;Tione - Ponte Arche (corsa bis);"scolastica 
solo venerdì";15,00;50; 36 ;SOLETANA VIAGGI S.R.L.;GH779KX;58;FJ863YE;56;;;2290;TIONE (Autostazione)         ;2180;PONTE ARCHE (Autost.)        ;12/09/2022;09/06/2023;;;scolastica ve;;;;x;;;;;x;;;;;;;;;;;; € 27,00 ;;;;;;2;;;;;;3;4;4;3;3; 27,00 € ;;;;;;;;;;;;;;;;;;;;;;;;;;
275;NUOVA;270;201;529;13:27;13:45;Tione-P.Arche;"Invernale 
festiva";15;50; 47 ;AUTONOLEGGI FILIPPI S.R.L. UNIPERSONALE;FN113MX;57;FF887CS;57;GK228BZ (TN Service) GL551LP;57 37;2290;TIONE (Autostazione)         ;2180;PONTE ARCHE (Autost.)        ;12/09/2022;23/06/2023;;;invernale festiva;x;;;;;;;;;;x;;;;;;;;;;;; € 45,00 ;;;;2;;;;;;2;5;5;6;6; 45,00 € ;;;;;;;;;;;;;;;;;;;;;;;;;;
276;NUOVA;271;201;526;13:45;14:03;P.Arche-Tione;"Invernale 
festiva";15;50; 47 ;AUTONOLEGGI FILIPPI S.R.L. UNIPERSONALE;FN113MX;57;FF887CS;57;GK228BZ (TN Service) GL551LP;57 37;2180;PONTE ARCHE (Autost.)        ;2290;TIONE (Autostazione)         ;12/09/2022;23/06/2023;;;invernale festiva;x;;;;;;;;;;x;;;;;;;;;;;; € 45,00 ;;;;2;;;;;;2;5;5;6;6; 45,00 € ;;;;;;;;;;;;;;;;;;;;;;;;;;
277;;272;201;310;14:28;14:44; Ponte Arche - Tione ( corsa bis);"scolastica 
solo venerdì";15,00;55; 36 ;SOLETANA VIAGGI S.R.L.;GH779KX;58;FJ863YE;56;;;2180;PONTE ARCHE (Autost.)        ;2290;TIONE (Autostazione)         ;12/09/2022;09/06/2023;;;scolastica ve;;;;x;;;;;x;;;;;;;;;;;; € 27,00 ;;;;;;2;;;;;;3;4;4;3;3; 27,00 € ;;;;;;;;;;;;;;;;;;;;;;;;;;
278;NUOVA;273;201;71;15:00;15:18;Tione-P.Arche;"invernale
lunedì-sabato";15;50; 240 ;AUTONOLEGGI FILIPPI S.R.L. UNIPERSONALE;FN113MX;57;FF887CS;57;GK228BZ (TN Service) GL551LP;57 37;2290;TIONE (Autostazione)         ;2180;PONTE ARCHE (Autost.)        ;12/09/2022;23/06/2023;;;invernale feriale lu-sa;x;;x;;x;x;x;x;x;x;;;;;;;;;;;;; € 45,00 ;;;;2;;;;;;17;26;25;25;25; 45,00 € ;;;;;;;;;;;;;;;;;;;;;;;;;;
279;NUOVA;274;201;71;15:00;15:18;Tione-P.Arche;"Invernale 
festiva";15;50; 47 ;TRENTINOBUS SRL;FZ833BE;54;CS792NG;45;FN299MX;37;2290;TIONE (Autostazione)         ;2180;PONTE ARCHE (Autost.)        ;12/09/2022;23/06/2023;;;invernale festiva;x;;;;;;;;;;x;;;;;;;;;;;; € 45,00 ;;;;2;;;;;;2;5;5;6;6; 45,00 € ;;;;;;;;;;;;;;;;;;;;;;;;;;
280;bacino 2 estate 2021;275;201;71;15:00;16:08;Tione-Trento;"festiva 
estiva";44;50; 13 ;SOLETANA VIAGGI S.R.L.;FJ863YE;56;;;;;2290;TIONE (Autostazione)         ;1;TRENTO (Autostaz.)         ;01/01/2022;11/09/2022;24/06/2023;31/08/2023;estiva festiva;;x;;;;;;;;;x;;;;;;;;;;;;;;SOLETANA VIAGGI S.R.L. 3;;2;;;;;;2;0;0;0;0; -   € ;;;;;;;;;;;;;;;;;;;;;;;;;;
281;NUOVA;276;201;530;15:34;15:52;P.Arche-Tione;"invernale
lunedì-sabato";15;50; 240 ;AUTONOLEGGI FILIPPI S.R.L. UNIPERSONALE;FN113MX;57;FF887CS;57;GK228BZ (TN Service) GL551LP;57 37;2180;PONTE ARCHE (Autost.)        ;2290;TIONE (Autostazione)         ;12/09/2022;23/06/2023;;;invernale feriale lu-sa;x;;x;;x;x;x;x;x;x;;;;;;;;;;;;; € 45,00 ;;;;2;;;;;;17;26;25;25;25; 45,00 € ;;;;;;;;;;;;;;;;;;;;;;;;;;
282;NUOVA;277;201;530;15:34;15:52;P.Arche-Tione;"Invernale 
festiva";15;50; 47 ;TRENTINOBUS SRL;FZ833BE;54;CS792NG;45;FN299MX;37;2180;PONTE ARCHE (Autost.)        ;2290;TIONE (Autostazione)         ;12/09/2022;23/06/2023;;;invernale festiva;x;;;;;;;;;;x;;;;;;;;;;;; € 45,00 ;;;;2;;;;;;2;5;5;6;6; 45,00 € ;;;;;;;;;;;;;;;;;;;;;;;;;;
283;bacino 2 estate 2021;278;201;73;17:00;17:18;Tione-P.Arche;"Estiva
lunedì-sabato";16;50; 67 ;TRENTINOBUS SRL;FZ833BE;54;CS792NG;45;FG405XM;28;2290;TIONE (Autostazione)         ;2180;PONTE ARCHE (Autost.)        ;01/01/2022;11/09/2022;24/06/2023;31/08/2023;estiva feriale lu-sa;;x;x;;x;x;x;x;x;x;;;;;;;;;;;;;;;TRENTINOBUS SRL;;2;;;;;;9;0;0;0;0; -   € ; estiva feriale lu-sa ;9;;0;;0;;0;;0;; 350,00 € ;;;;;;;;;;;;;;
284;NUOVA;279;201;73;17:05;17:23;Tione-P.Arche;"invernale
lunedì-sabato";15;50; 240 ;MAESTRI AUGUSTO & C. S.N.C. ;FB997BJ;57;GH939KX;57;GH738AD;38;2290;TIONE (Autostazione)         ;2180;PONTE ARCHE (Autost.)        ;12/09/2022;23/06/2023;;;invernale feriale lu-sa;x;;x;;x;x;x;x;x;x;;;;;;;;;;;;; € 45,00 ;;;;2;;;;;;17;26;25;25;25; 45,00 € ;;;;;;;;;;;;;;;;;;;;;;;;;;
285;NUOVA;280;201;73;17:05;17:23;Tione-P.Arche;"Invernale 
festiva";15;50; 47 ;TRENTINOBUS SRL;FZ833BE;54;CS792NG;45;FN299MX;37;2290;TIONE (Autostazione)         ;2180;PONTE ARCHE (Autost.)        ;12/09/2022;23/06/2023;;;invernale festiva;x;;;;;;;;;;x;;;;;;;;;;;; € 45,00 ;;;;2;;;;;;2;5;5;6;6; 45,00 € ;;;;;;;;;;;;;;;;;;;;;;;;;;
286;bacino 2 estate 2021;281;201;302;17:46;18:04;P.Arche-Tione;"festiva 
estiva";16;50; 13 ;SOLETANA VIAGGI S.R.L.;GH779KX;58;FJ863YE;56;;;2180;PONTE ARCHE (Autost.)        ;2290;TIONE (Autostazione)         ;01/01/2022;11/09/2022;24/06/2023;31/08/2023;estiva festiva;;x;;;;;;;;;x;;;;;;;;;;;;;;SOLETANA VIAGGI S.R.L. 3;;2;;;;;;2;0;0;0;0; -   € ;;;;;;;;;;;;;;;;;;;;;;;;;;
287;NUOVA;282;201;302;17:46;18:04;P.Arche-Tione;"Invernale 
festiva";15;50; 47 ;TRENTINOBUS SRL;FZ833BE;54;CS792NG;45;FN299MX;37;2180;PONTE ARCHE (Autost.)        ;2290;TIONE (Autostazione)         ;12/09/2022;23/06/2023;;;invernale festiva;x;;;;;;;;;;x;;;;;;;;;;;; € 45,00 ;;;;2;;;;;;2;5;5;6;6; 45,00 € ;;;;;;;;;;;;;;;;;;;;;;;;;;
288;NUOVA;283;201;77;17:59;18:17;Tione-P.Arche;"invernale
lunedì-sabato";15;50; 240 ;MAESTRI AUGUSTO & C. S.N.C. ;FB997BJ;57;GH939KX;57;GH738AD;38;2290;TIONE (Autostazione)         ;2180;PONTE ARCHE (Autost.)        ;12/09/2022;23/06/2023;;;invernale feriale lu-sa;x;;x;;x;x;x;x;x;x;;;;;;;;;;;;; € 45,00 ;;;;2;;;;;;17;26;25;25;25; 45,00 € ;;;;;;;;;;;;;;;;;;;;;;;;;;
289;NUOVA;284;201;308;18:39;18:57;P.Arche-Tione;"invernale
lunedì-sabato";15;50; 240 ;MAESTRI AUGUSTO & C. S.N.C. ;FB997BJ;57;GH939KX;57;GH738AD;38;2180;PONTE ARCHE (Autost.)        ;2290;TIONE (Autostazione)         ;12/09/2022;23/06/2023;;;invernale feriale lu-sa;x;;x;;x;x;x;x;x;x;;;;;;;;;;;;; € 45,00 ;;;;2;;;;;;17;26;25;25;25; 45,00 € ;;;;;;;;;;;;;;;;;;;;;;;;;;
290;NUOVA;285;201;527;18:59;19:17;Tione-P.Arche;"invernale
lunedì-sabato";15;50; 240 ;MAESTRI AUGUSTO & C. S.N.C. ;FB997BJ;57;GH939KX;57;GH738AD;38;2290;TIONE (Autostazione)         ;2180;PONTE ARCHE (Autost.)        ;12/09/2022;23/06/2023;;;invernale feriale lu-sa;x;;x;;x;x;x;x;x;x;;;;;;;;;;;;; € 45,00 ;;;;2;;;;;;17;26;25;25;25; 45,00 € ;;;;;;;;;;;;;;;;;;;;;;;;;;
291;NUOVA;286;201;527;18:59;17:17;Tione-P.Arche;"Invernale 
festiva";15;50; 47 ;TRENTINOBUS SRL;FZ833BE;54;CS792NG;45;FN299MX;37;2290;TIONE (Autostazione)         ;2180;PONTE ARCHE (Autost.)        ;12/09/2022;23/06/2023;;;invernale festiva;x;;;;;;;;;;x;;;;;;;;;;;; € 45,00 ;;;;2;;;;;;2;5;5;6;6; 45,00 € ;;;;;;;;;;;;;;;;;;;;;;;;;;
292;Eliminata dall'inizio (Sarcatour);287;201;438;19:55;20:28;Sarche - Ponte Arche - Tione;"invernale
da lunedì a venerdì";27,00;19;;NULLA;;;;;;;;;;;;;;;;;;;;;;;;;;;;;;;;;;;;;;;;;;;;;;;;;;;;;;;;;;;;;;;;;;;;;;;;;;;;;;;
293;;288;202;306;08:30;09:45;Trento-Lagolo;"festiva 
estiva";35;30; 13 ;PERINI FRANCO ;FV524FA;37;FF182VP;45;GG613WS;21;1;TRENTO   (Autostaz.)         ;2670;LAGOLO                       ;01/01/2022;11/09/2022;24/06/2023;31/08/2023;estiva festiva;;x;;;;;;;;;x;;;;;;;;;;;;;PERINI FRANCO 3;;;1;;;;;;2;0;0;0;0; -   € ;;;;;;;;;;;;;;;;;;;;;;;;;;
294;;289;202;210;08:45;09:00;Lasino-Lagolo;"estiva
lun-mer-gio";10,00;19; 33 ;PEDERZOLLI DENIS;GH078PC;21;ET415HZ;17;;;2049;Lasino                       ;2670;LAGOLO                       ;01/01/2022;11/09/2022;24/06/2023;31/08/2023;estiva feriale lu, me, gio;;x;x;;x;;x;x;;;;;;;;;;;;; € 30,00 ;;;;;;1; € -   ; € -   ;;;;4;0;0;0;0; 30,00 € ;;;;;;;;;;;;;;;;;;;;;;;;;;
295;;290;202;211;09:15;09:30;Lagolo-Lasino;"estiva
lun-mer-gio";10,00;19; 33 ;PEDERZOLLI DENIS;GH078PC;21;ET415HZ;17;;;2670;LAGOLO                       ;2049;Lasino                       ;01/01/2022;11/09/2022;24/06/2023;31/08/2023;estiva feriale lu, me, gio;;x;x;;x;;x;x;;;;;;;;;;;;; € 30,00 ;;;;;;1; € -   ; € -   ;;;;4;0;0;0;0; 30,00 € ;;;;;;;;;;;;;;;;;;;;;;;;;;
296;;291;202;94;10:15;10:32;Trento - Sardagna;feriale;6,00;20; 304 ;PERINI FRANCO ;EW749GD;23;"GH658ZZ
no mart-ven e sab.";23;;;1;TRENTO   (Autostaz.)         ;  2620RO;Sardagna (Rotatoria)         ;01/09/2022;31/08/2023;;;annuale feriale lu-sa;x;x;x;;x;x;x;x;x;x;;;;;;;;;;; € 20,64 ;;;;;;1; € -   ; € -   ;;;;26;26;25;25;25; 20,64 € ;;;;;;;;;;;;;;;;;;;;;;;;;;
297;;292;202;87;10:35;10:51;Sardagna - Trento;feriale;6,00;20; 304 ;PERINI FRANCO ;EW749GD;23;GH658ZZ no mart e ven;23;;;  2620RO;Sardagna (Rotatoria)         ;1;TRENTO (Autostaz.)         ;01/09/2022;31/08/2023;;;annuale feriale lu-sa;x;x;x;;x;x;x;x;x;x;;;;;;;;;;; € 20,64 ;;;;;;1; € -   ; € -   ;;;;26;26;25;25;25; 20,64 € ;;;;;;;;;;;;;;;;;;;;;;;;;;
298;;293;202;216;11:45;12:00;Lasino-Lagolo;"estiva
lun-mer-gio";10,00;19; 33 ;PEDERZOLLI DENIS;GH078PC;21;ET415HZ;17;;;2049;Lasino                       ;2670;LAGOLO                       ;01/01/2022;11/09/2022;24/06/2023;31/08/2023;estiva feriale lu, me, gio;;x;x;;x;;x;x;;;;;;;;;;;;; € 30,00 ;;;;;;1; € -   ; € -   ;;;;4;0;0;0;0; 30,00 € ;;;;;;;;;;;;;;;;;;;;;;;;;;
299;;294;202;100;13:00;13:55;Trento-Sardagna-Vason-Viote;"festiva 
estiva";24,00;40; 13 ;CLUB DELLAI S.R.L.;FF899CS;42;FA981GW (Planchel);45;FA989GW (Perini);48;1;TRENTO   (Autostaz.)         ;2660;VIOTE                        ;01/01/2022;11/09/2022;24/06/2023;31/08/2023;estiva festiva;;x;;;;;;;;;x;;;;;;;;;; € 72,00 ;;;;;;2; € -   ; € -   ;;;;2;0;0;0;0; 72,00 € ;;;;;;;;;;;;;;;;;;;;;;;;;;
300;;295;202;93;13:15;14:10;Viote-Trento;"festiva 
estiva";24;30; 13 ;PERINI FRANCO ;FV524FA;37;GH658ZZ;23;EY198WJ;45;2660;VIOTE                        ;1;TRENTO (Autostaz.)         ;01/01/2022;11/09/2022;24/06/2023;31/08/2023;estiva festiva;;x;;;;;;;;;x;;;;;;;;;;;;;PERINI FRANCO 3;;;1;;;;;;2;0;0;0;0; -   € ;;;;;;;;;;;;;;;;;;;;;;;;;;
301;;296;202;548;17:00;18:15;Trento-Lagolo;"festiva 
estiva";35;30; 13 ;PERINI FRANCO ;FV524FA;37;GH658ZZ;23;EY198WJ;45;1;TRENTO   (Autostaz.)         ;2670;LAGOLO                       ;01/01/2022;11/09/2022;24/06/2023;31/08/2023;estiva festiva;;x;;;;;;;;;x;;;;;;;;;;;;;PERINI FRANCO 3;;;1;;;;;;2;0;0;0;0; -   € ;;;;;;;;;;;;;;;;;;;;;;;;;;
302;;297;202;212;17:15;17:30;Lasino-Lagolo;"estiva
lun-mer-gio";10,00;19; 33 ;PEDERZOLLI DENIS;GH078PC;21;ET415HZ;17;;;2049;Lasino                       ;2670;LAGOLO                       ;01/01/2022;11/09/2022;24/06/2023;31/08/2023;estiva feriale lu, me, gio;;x;x;;x;;x;x;;;;;;;;;;;;; € 30,00 ;;;;;;1; € -   ; € -   ;;;;4;0;0;0;0; 30,00 € ;;;;;;;;;;;;;;;;;;;;;;;;;;
303;;298;202;97;17:25;18:20;Viote-Vason-Sardagna-Trento;"festiva 
estiva";24,00;40; 13 ;CLUB DELLAI S.R.L.;FF899CS;42;FA981GW (Planchel);45;FA989GW (Perini);48;2660;VIOTE                        ;1;TRENTO (Autostaz.)         ;01/01/2022;11/09/2022;24/06/2023;31/08/2023;estiva festiva;;x;;;;;;;;;x;;;;;;;;;; € 72,00 ;;;;;;2; € -   ; € -   ;;;;2;0;0;0;0; 72,00 € ;;;;;;;;;;;;;;;;;;;;;;;;;;
304;;299;202;213;17:50;18:15;Lagolo-Lasino-Vezzano;"estiva
lun-mer-gio";17,50;19; 33 ;PEDERZOLLI DENIS;GH078PC;21;ET415HZ;17;;;2670;LAGOLO                       ;  2040RR;VEZZANO (Piazza);01/01/2022;11/09/2022;24/06/2023;31/08/2023;estiva feriale lu, me, gio;;x;x;;x;;x;x;;;;;;;;;;;;; € 52,50 ;;;;;;1; € -   ; € -   ;;;;4;0;0;0;0; 52,50 € ;;;;;;;;;;;;;;;;;;;;;;;;;;
305;;300;202;104;18:00;18:55;Trento-Viote;estiva feriale;24;40; 67 ;PERINI FRANCO ;FF182VP;45;FA989GW;48;EY198WJ;45;1;TRENTO   (Autostaz.)         ;2660;VIOTE                        ;01/01/2022;11/09/2022;24/06/2023;31/08/2023;estiva feriale lu-sa;;x;x;;x;x;x;x;x;x;;;;;;;;;;;;;;PERINI FRANCO 4;;;2;;;;;;9;0;0;0;0; -   € ; estiva feriale lu-sa ;9;;0;;0;;0;;0;; 220,00 € ;;;;;;;;;;;;;;
306;;301;202;104;18:00;18:55;Trento-Viote;"invernale
lunedì-sabato";24;50; 240 ;PERINI FRANCO ;FF182VP;45;FA989GW;48;EY198WJ;45;1;TRENTO   (Autostaz.)         ;2660;VIOTE                        ;12/09/2022;23/06/2023;;;invernale feriale lu-sa;x;;x;;x;x;x;x;x;x;;;;;;;;;;;; € 62,40 ;;;;;2;;;;;;16;26;25;25;25; 62,40 € ;;;;;;;;;;;;;;;;;;;;;;;;;;
307;;302;202;247;18:20;19:35;Lagolo-Trento;"festiva 
estiva";35;30; 13 ;PERINI FRANCO ;FV524FA;37;GH658ZZ;23;EY198WJ;45;2670;LAGOLO                       ;1;TRENTO (Autostaz.)         ;01/01/2022;11/09/2022;24/06/2023;31/08/2023;estiva festiva;;x;;;;;;;;;x;;;;;;;;;;; € 192,50 ;;;;;1;;; € -   ; € -   ;;2;0;0;0;0; 192,50 € ;;;;;;;;;;;;;;;;;;;;;;;;;;
308;;303;202;99;19:00;19:55;Viote-Trento;estiva feriale;24;40; 67 ;PERINI FRANCO ;FF182VP;45;FA989GW;48;EY198WJ;45;2660;VIOTE                        ;1;TRENTO (Autostaz.)         ;01/01/2022;11/09/2022;24/06/2023;31/08/2023;estiva feriale lu-sa;;x;x;;x;x;x;x;x;x;;;;;;;;;;;;;;PERINI FRANCO 4;;;2;;;;;;9;0;0;0;0; -   € ;;;;;;;;;;;;;;;;;;;;;;;;;;
309;;304;202;99;19:00;19:55;Viote-Trento;"invernale
lunedì-sabato";24;50; 240 ;PERINI FRANCO ;FF182VP;45;FA989GW;48;EY198WJ;45;2660;VIOTE                        ;1;TRENTO (Autostaz.)         ;12/09/2022;23/06/2023;;;invernale feriale lu-sa;x;;x;;x;x;x;x;x;x;;;;;;;;;;;; € 62,40 ;;;;;2;;;;;;16;26;25;25;25; 62,40 € ;;;;;;;;;;;;;;;;;;;;;;;;;;
310;;305;203;383;06:35;07:13;Margone - Ranzo - Vezzano bivio sud;"invernale
da lunedì a venerdì";15,50;19; 202 ;PERINI FRANCO ;GA007TD;24;GG613WS;21;EW749GD;23;2046;MARGONE                      ;  2040SN;Vezzano Sud                  ;12/09/2022;23/06/2023;;;invernale feriale lu-ve;x;;x;;x;x;x;x;x;;;;;;;;;;;; € 36,05 ;;;;;;1; € -   ; € -   ;;; € -   ;15;21;21;20;21; 36,05 € ;;;;;;;;;;;;;;;;;;;;;;;;;;
311;;306;203;174;13:18;13:41;Vezzano Apt- Margone;"scolastica 
da lunedì a sabato";11,50;36; 208 ;PERINI FRANCO ;FV524FA;37;GH658ZZ;23;EW749GD;23;  2040SD;Vezzano Apt                  ;2046;MARGONE                      ;12/09/2022;09/06/2023;;;scolastica lu-sa;;;;x;x;x;x;x;x;x;;;;;;;;;;; € 52,32 ;;;;;;2; € -   ; € -   ;;;;17;25;25;18;20; 52,32 € ;;;;;;;;;;;;;;;;;;;;;;;;;;
312;;307;203;176;14:01;14:13;Vezzano Apt - Ciago (bis);"scolastica 
solo martedì e giovedì ";3,50;19; 68 ;PERINI FRANCO ;GA007TD;24;GG613WS;21;;;  2040SD;Vezzano Apt                  ;2043;Ciago                        ;12/09/2022;09/06/2023;;;scolastica ma, gio;;;;x;;x;;x;;;;;;;;;;;;; € 8,48 ;;;;;;1; € -   ; € -   ;;;;6;8;8;6;7; 8,48 € ;;;;;;;;;;;;;;;;;;;;;;;;;;
313;;308;203;176;14:01;14:39;Vezzano Apt - Ranzo - Margone;"scolastica 
da lunedì a sabato";15,50;36; 208 ;PERINI FRANCO ;FV524FA;37;GH658ZZ;23;EW749GD;23;  2040SD;Vezzano Apt                  ;2046;MARGONE                      ;12/09/2022;09/06/2023;;;scolastica lu-sa;;;;x;x;x;x;x;x;x;;;;;;;;;;; € 63,62 ;;;;;;2; € -   ; € -   ;;;;17;25;25;18;20; 63,62 € ;;;;;;;;;;;;;;;;;;;;;;;;;;
314;;309;203;80;15:02;15:29;Vezzano - Fraveggio - Ciago - Ranzo (settimane pari);"scolastica 
lunedì (settimane pari)";10,50;8; 16 ;PERINI FRANCO ;ED726MM;9;EX007PS;9;EN858WY;9;2040;VEZZANO (Piazza)             ;2045;RANZO                        ;12/09/2022;09/06/2023;;;scolastica lu sett. Pari;;;;x;x;;;;;;;;;;;;;;;; € 18,90 ;;;;;;1; € 2,10 ; € -   ;;;;2;2;2;2;2; 21,00 € ;;;;;;;;;;;;;;;;;;;;;;;;;;
315;;310;204;405;06:29;06:39;Drena - Masi di Vigo C. -  Vigo Cavedine ;"scolastica 
da lunedì a sabato";7,50;16; 208 ;PEDERZOLLI DENIS;ET415HZ;17;GH078PC;21;;;2057;DRENA                        ;2054;VIGO CAVEDINE                ;12/09/2022;09/06/2023;;;scolastica lu-sa;;;;x;x;x;x;x;x;x;;;;;;;;;;; € 19,07 ;;;;;;1; € -   ; € -   ;;; € 0,93 ;17;25;25;18;20; 20,00 € ;;;;;;;;;;;;;;;;;;;;;;;;;;
316;;311;204;226;06:29;06:47;Vigo Cavedine-Dro;"scolastica 
da lunedì a venerdì";10,00;50; 174 ;SARCATOUR s.r.l.;FW821WP;55;FE629SK;54;FA895BD;57;2054;VIGO CAVEDINE                ;2127;DRO                          ;12/09/2022;09/06/2023;;;scolastica lu-ve;;;;x;x;x;x;x;x;;;;;;;;;;;; € 30,00 ;;;;;;2; € -   ; € -   ;;; € -   ;15;20;21;15;17; 30,00 € ;;;;;;;;;;;;;;;;;;;;;;;;;;
317;;312;204;405;06:32;06:39;Drena - Vigo Cavedine ;"feriale
non scolastica";4,00;20; 29 ;PEDERZOLLI DENIS;ET415HZ;17;GH078PC;21;;;2057;DRENA                        ;2054;VIGO CAVEDINE                ;12/09/2022;23/06/2023;;;invernale feriale no scol lu-sa;x;;x;;;;;;;;;;;;x;x;x;x;x;x; € 25,00 ;;;;;;1; € -   ; € -   ;;; € -   ;0;1;0;7;5; 25,00 € ;;;;;;;;;;;;;;;;;;;;;;;;;;
318;;313;204;405;06:33;06:39;Drena - Vigo Cavedine ;"feriale
estiva";4,00;20; 67 ;PEDERZOLLI DENIS;ET415HZ;17;GH078PC;21;;;2057;DRENA                        ;2054;VIGO CAVEDINE                ;01/01/2022;11/09/2022;24/06/2023;31/08/2023;estiva feriale lu-sa;;x;x;;x;x;x;x;x;x;;;;;;;;;;; € 25,00 ;;;;;;1; € -   ; € -   ;;; € -   ;9;0;0;0;0; 25,00 € ;;;;;;;;;;;;;;;;;;;;;;;;;;
319;;314;204;313;07:10;07:57;V.Cavedine-Trento;festiva invernale;27,00;19; 45 ;PERINI FRANCO ;GA007TD;24;EW749GD;23;GH658ZZ;23;2054;VIGO CAVEDINE                ;1;TRENTO (Autostaz.)         ;12/09/2022;23/06/2023;;;invernale festiva;x;;;;;;;;;;x;;;;;;;;;; € 48,60 ;;;;;;1; € 5,40 ; € -   ;;;;2;5;5;6;6; 54,00 € ;;;;;;;;;;;;;;;;;;;;;;;;;;
320;;315;204;313;07:10;07:57;V.Cavedine-Trento;"festiva 
estiva";27,00;19; 13 ;PERINI FRANCO ;GA007TD;24;EW749GD;23;GH658ZZ;23;2054;VIGO CAVEDINE                ;1;TRENTO (Autostaz.)         ;01/01/2022;11/09/2022;24/06/2023;31/08/2023;estiva festiva;;x;;;;;;;;;x;;;;;;;;;; € 48,60 ;;;;;;1; € 5,40 ; € -   ;;;;2;0;0;0;0; 54,00 € ;;;;;;;;;;;;;;;;;;;;;;;;;;
321;Eliminata già compresa (ditta Nice);316;204;281;07:18;07:25;Drena-Vigo Cavedine -Vezzano;"Estiva
lunedì-venerdì";16,90;55;;NULLA;;;;;;;;;;;;;;;;;;;;;;;;;;;;;;;;;;;;;;;;;;;;;;;;;;;;;;;;;;;;;;;;;;;;;;;;;;;;;;;
322;;317;204;468;08:40;09:04;Vezzano Apt-V.Cavedine;"invernale
da lunedì a venerdì";14,00;19; 202 ;PERINI FRANCO ;GH658ZZ;23;GG613WS;21;GA007TD;24;  2040SD;Vezzano Apt                  ;2054;VIGO CAVEDINE                ;12/09/2022;23/06/2023;;;invernale feriale lu-ve;x;;x;;x;x;x;x;x;;;;;;;;;;;; € 25,20 ;;;;;;1; € 2,80 ; € -   ;;;;15;21;21;20;21; 28,00 € ;;;;;;;;;;;;;;;;;;;;;;;;;;
323;;318;204;231;09:25;10:09;Vigo Cavedine - Vezzano -Trento;"invernale
lunedì-sabato";29,00;30; 240 ;PERINI FRANCO ;GH658ZZ;23;;;;;2054;VIGO CAVEDINE                ;1;TRENTO (Autostaz.)         ;12/09/2022;23/06/2023;;;invernale feriale lu-sa;x;;x;;x;x;x;x;x;x;;;;;;;;;;; € 90,20 ;;;;;;1; € -   ; € -   ;;;;17;26;25;25;25; 90,20 € ;;;;;;;;;;;;;;;;;;;;;;;;;;
324;;319;204;274;10:12;10:42;Vezzano APT-Vigo Cavedine-Drena;"Estiva
lunedì-venerdì";17,90;30; 55 ;PERINI FRANCO ;FV524FA;37;FF182VP;45;;;  2040SD;Vezzano Apt                  ;2057;DRENA                        ;01/01/2022;11/09/2022;24/06/2023;31/08/2023;estiva feriale lu-ve;;x;x;;x;x;x;x;x;;;;;;;;;;;; € 53,70 ;;;;;;1; € -   ; € -   ;;;;7;0;0;0;0; 53,70 € ;;;;;;;;;;;;;;;;;;;;;;;;;;
325;;320;204;274;10:48;11:18;Drena-Vigo Cavedine-Vezzano;"Estiva
lunedì-sabato";19,90;30; 67 ;PERINI FRANCO ;FV524FA;37;FF182VP;45;;;2057;DRENA                        ;  2040SD;Vezzano Apt                  ;01/01/2022;11/09/2022;24/06/2023;31/08/2023;estiva feriale lu-sa;;x;x;;x;x;x;x;x;x;;;;;;;;;;; € 62,90 ;;;;;;1; € -   ; € -   ;;;;9;0;0;0;0; 62,90 € ;;;;;;;;;;;;;;;;;;;;;;;;;;
326;;321;204;150;11:55;12:02;Vigo Cavedine - Drena ;"feriale
non scolastica";4,00;20; 29 ;PEDERZOLLI DENIS;ET415HZ;17;GH078PC;21;;;2054;VIGO CAVEDINE                ;2057;DRENA                        ;12/09/2022;23/06/2023;;;invernale feriale no scol lu-sa;x;;x;;;;;;;;;;;;x;x;x;x;x;x; € 18,00 ;;;;;;1; € -   ; € -   ;;;;0;1;0;7;5; 18,00 € ;;;;;;;;;;;;;;;;;;;;;;;;;;
327;;322;204;150;11:55;12:02;Vigo Cavedine - Drena ;"scolastica 
da lunedì a sabato";4,00;20; 208 ;PEDERZOLLI DENIS;ET415HZ;17;GH078PC;21;;;2054;VIGO CAVEDINE                ;2057;DRENA                        ;12/09/2022;09/06/2023;;;scolastica lu-sa;;;;x;x;x;x;x;x;x;;;;;;;;;;; € 18,00 ;;;;;;1; € -   ; € -   ;;;;17;25;25;18;20; 18,00 € ;;;;;;;;;;;;;;;;;;;;;;;;;;
328;;323;204;276;12:07;11:58;Vigo Cavedine - Drena ;"feriale
estiva";4,00;20; 67 ;PEDERZOLLI DENIS;ET415HZ;17;GH078PC;21;;;2054;VIGO CAVEDINE                ;2057;DRENA                        ;01/01/2022;11/09/2022;24/06/2023;31/08/2023;estiva feriale lu-sa;;x;x;;x;x;x;x;x;x;;;;;;;;;;; € 25,00 ;;;;;;1; € -   ; € -   ;;;;9;0;0;0;0; 25,00 € ;;;;;;;;;;;;;;;;;;;;;;;;;;
329;;324;204;427;14:58;15:30;Drò - Drena - Vigo Cavedine-Calavino;"scolastica 
da lunedì a venerdì";16,00;19; 174 ;SARCATOUR s.r.l.;FL596HC;17;FA895BD;57;;;2127;DRO                          ;2048;CALAVINO                     ;12/09/2022;09/06/2023;;;scolastica lu-ve;;;;x;x;x;x;x;x;;;;;;;;;;;; € 48,00 ;;;;;;1; € -   ; € -   ;;;;15;20;21;15;17; 48,00 € ;;;;;;;;;;;;;;;;;;;;;;;;;;
330;;325;204;160;17:15;17:59;Trento-Vezzano-v.Cavedine;"festiva 
estiva";27,00;30; 13 ;CLUB DELLAI S.R.L.;ES852SX;31;ED494MM;57;;;1;TRENTO   (Autostaz.)         ;2054;VIGO CAVEDINE                ;01/01/2022;11/09/2022;24/06/2023;31/08/2023;estiva festiva;;x;;;;;;;;;x;;;;;;;;;; € 81,00 ;;;;;;1; € -   ; € -   ;;;;2;0;0;0;0; 81,00 € ;;;;;;;;;;;;;;;;;;;;;;;;;;
331;;326;204;162;17:40;18:02;Trento-Vezzano-v.Cavedine;"scolastica 
da lunedì a venerdì";27,60;50; 174 ;SARCATOUR s.r.l.;FA895BD;57;FE629SK;54;FK791WG;55;1;TRENTO   (Autostaz.)         ;2054;VIGO CAVEDINE                ;12/09/2022;09/06/2023;;;scolastica lu-ve;;;;x;x;x;x;x;x;;;;;;;;;;;; € 82,80 ;;;;;;2; € -   ; € -   ;;;;15;20;21;15;17; 82,80 € ;;;;;;;;;;;;;;;;;;;;;;;;;;
332;;327;204;412;18:00;18:07;Vigo Cavedine - Drena ;"feriale
non scolastica";4,00;20; 29 ;PEDERZOLLI DENIS;ET415HZ;17;GH078PC;21;;;2054;VIGO CAVEDINE                ;2057;DRENA                        ;12/09/2022;23/06/2023;;;invernale feriale no scol lu-sa;x;;x;;;;;;;;;;;;x;x;x;x;x;x; € 25,00 ;;;;;;1; € -   ; € -   ;;;;0;1;0;7;5; 25,00 € ;;;;;;;;;;;;;;;;;;;;;;;;;;
333;;328;204;412;18:00;18:11;Vigo Cavedine - Masi di Vigio C. - Drena;"scolastica 
da lunedì a sabato";7,50;16; 208 ;PEDERZOLLI DENIS;ET415HZ;17;GH078PC;21;;;2054;VIGO CAVEDINE                ;2057;DRENA                        ;12/09/2022;09/06/2023;;;scolastica lu-sa;;;;x;x;x;x;x;x;x;;;;;;;;;;; € 19,07 ;;;;;;1; € -   ; € -   ;;;;17;25;25;18;20; 19,07 € ;;;;;;;;;;;;;;;;;;;;;;;;;;
334;;329;204;164;18:40;19:31;Trento-Drena;estiva feriale;31;50; 67 ;SARCATOUR s.r.l.;FA895BD;57;FE629SK;54;FK791WG;55;1;TRENTO   (Autostaz.)         ;2057;DRENA                        ;01/01/2022;11/09/2022;24/06/2023;31/08/2023;estiva feriale lu-sa;;x;x;;x;x;x;x;x;x;;;;;;;;;;;; € 220,00 ;;;;;2;;; € -   ; € -   ;;9;0;0;0;0; 220,00 € ;;;;;;;;;;;;;;;;;;;;;;;;;;
335;;330;204;168;19:30;20:14;Trento-Vigo Cavedine;"invernale
lunedì-sabato";27;40; 240 ;SARCATOUR s.r.l.;FA895BD;57;FE629SK;54;FK791WG;55;1;TRENTO   (Autostaz.)         ;2054;VIGO CAVEDINE                ;12/09/2022;23/06/2023;;;invernale feriale lu-sa;x;;x;;x;x;x;x;x;x;;;;;;;;;;;; € 59,40 ;;;;;2;;; € -   ; € 21,60 ;;17;26;25;25;25; 81,00 € ;;;;;;;;;;;;;;;;;;;;;;;;;;
336;;331;204;232;20:40;21:41;Trento-Terlago-M.te Terlago-Ciago-Vezzano-Vigo Cavedine-Drena;"Estiva
lunedì-venerdì";42,90;19; 55 ;PERINI FRANCO ;GG613WS;21;GH658ZZ;23;GA007TD;24;1;TRENTO   (Autostaz.)         ;2057;DRENA                        ;01/01/2022;11/09/2022;24/06/2023;31/08/2023;estiva feriale lu-ve;;x;x;;x;x;x;x;x;;;;;;;;;;;; € 100,50 ;;;;;;1; € -   ; € -   ;;;;7;0;0;0;0; 100,50 € ;;;;;;;;;;;;;;;;;;;;;;;;;;
337;;332;205;159;06:33;07:24;Ceniga-Dro - Sarche - Trento (corsa bis);"scolastica 
da martedì a venerdì 
(esclusi giorni postfest)";32,50;56; 141 ;SARCATOUR s.r.l.;FR952WP;51;FK791WG;55;FA895BD;57;2128;Ceniga                       ;1;TRENTO (Autostaz.)         ;12/09/2022;09/06/2023;;;scolastica ma, me, gio, ve (no postfest);;;;x;;x;x;x;x;;;;x;;;;;;;; € 147,68 ;;;;;;2; € -   ; € -   ;;; € -   ;12;16;16;11;13; 147,68 € ;;;;;;;;;;;;;;;;;;;;;;;;;;
338;;333;205;184;07:07;07:37;Dro-Riva del Garda;"scolastica 
da lunedì a venerdì";11,00;19; 174 ;SARCATOUR s.r.l.;FW821WP;55;FE629SK;54;FA895BD;57;2127;DRO                          ;960;RIVA DEL G. (Autostaz.)      ;12/09/2022;09/06/2023;;;scolastica lu-ve;;;;x;x;x;x;x;x;;;;;;;;;;;; € 33,00 ;;;;;59;1; € -   ; € -   ;;;;15;20;21;15;17; 33,00 € ;scolastica lu-ve;15;;20;;21;;15;;17;; 87,00 € ;;;;;;;;;;;;;;
339;;334;205;409;08:45;09:03;Lago Cavedine Trebi-Sarche;"invernale
lunedì-sabato";9,00;19; 240 ;SARCATOUR s.r.l.;FL596HC;17;FN308MX;37;;;  2058TB;Lago di Cavedine (Trebi)     ;  2120RR;SARCHE (Centro Comm.)        ;12/09/2022;23/06/2023;;;invernale feriale lu-sa;x;;x;;x;x;x;x;x;x;;;;;;;;;;; € 27,00 ;;;;;;1; € -   ; € -   ;;;;17;26;25;25;25; 27,00 € ;;;;;;;;;;;;;;;;;;;;;;;;;;
340;;335;205;409;08:45;09:03;Lago Cavedine Trebi-Sarche;"estiva
feriale ";9,00;19; 67 ;SARCATOUR s.r.l.;FL596HC;17;FN308MX;37;;;  2058TB;Lago di Cavedine (Trebi)     ;  2120RR;SARCHE (Centro Comm.)        ;01/01/2022;11/09/2022;24/06/2023;31/08/2023;estiva feriale lu-sa;;x;x;;x;x;x;x;x;x;;;;;;;;;;; € 27,00 ;;;;;;1; € -   ; € -   ;;;;9;0;0;0;0; 27,00 € ;;;;;;;;;;;;;;;;;;;;;;;;;;
341;;336;205;404;14:15;14:29;Sarche - Pergolese - Pietramurata;"scolastica 
da lunedì a venerdì";9,00;19; 174 ;NICE srl;FN426MX;20;GC658CS;24;GA984ER;23;2120;SARCHE (Cassa Rurale)        ;  2125FA;Pietramurata ;12/09/2022;09/06/2023;;;scolastica lu-ve;;;;x;x;x;x;x;x;;;;;;;;;;;; € 46,89 ;;;;;;1; € -   ; € -   ;;;;15;20;21;15;17; 46,89 € ;;;;;;;;;;;;;;;;;;;;;;;;;;
342;eliminata dal 02/11/2022;337;205;171;16:00;16:46;Riva-Sarche (c.sa bis);"scolastica 
da lunedì a venerdì";23,00;50; 174 ;SARCATOUR s.r.l.;FA895BD;57;FE629SK;54;FK791WG;55;960;RIVA DEL G. (Autostaz.)      ;  2120RR;SARCHE (Centro Comm.)        ;12/09/2022;31/10/2022;;;scolastica lu-ve;;;;x;x;x;x;x;x;;;;;;;;;;;; € 69,00 ;;;;;;2; € -   ; € -   ;;;;15;20;0;0;; 69,00 € ;;;;;;;;;;;;;;;;;;;;;;;;;;
343;;338;205;366;16:50;17:07;Sarche-Lago Cavedine Trebi;"estiva
feriale ";9,00;19; 67 ;SARCATOUR s.r.l.;FL596HC;17;FN308MX;37;;;2120;SARCHE (Cassa Rurale)        ;  2058TB;Lago di Cavedine (Trebi)     ;01/01/2022;11/09/2022;24/06/2023;31/08/2023;estiva feriale lu-sa;;x;x;;x;x;x;x;x;x;;;;;;;;;;; € 27,00 ;;;;;;1; € -   ; € -   ;;;;9;0;0;0;0; 27,00 € ;;;;;;;;;;;;;;;;;;;;;;;;;;
344;eliminata dal 30/11/2022;339;205;366;16:52;17:09;Sarche-Lago Cavedine Trebi;invernale lunedì-sabato;9,00;19; 240 ;SARCATOUR s.r.l.;FL596HC;17;FN308MX;37;;;2120;SARCHE (Cassa Rurale)        ;  2058TB;Lago di Cavedine (Trebi)     ;12/09/2022;29/11/2022;;;invernale feriale lu-sa;x;;x;;x;x;x;x;x;x;;;;;;;;;;; € 27,00 ;;;;;;1; € -   ; € -   ;;;;17;26;24;0;0; 27,00 € ;;;;;;;;;;;;;;;;;;;;;;;;;;
345;;340;205;402;19:20;19:24;Sarche-Pergolese;"scolastica 
da lunedì a venerdì";3,00;19; 174 ;PERINI FRANCO ;GJ571MK;23;GH658ZZ;23;GG613WS;21;2120;SARCHE (Cassa Rurale)        ;2122;Pergolese                    ;12/09/2022;09/06/2023;;;scolastica lu-ve;;;;x;x;x;x;x;x;;;;;;;;;;;; € 10,00 ;;;;;56;1; € -   ; € -   ;;;;15;20;21;15;17; 10,00 € ;scolastica lu-ve;15;;20;;21;;15;;17;; 30,00 € ;;;;;;;;;;;;;;
346;;341;206;403;06:10;06:32;Monte Terlago - Cadine - Forte Bus del Vela;feriale;12,50;30; 304 ;PERINI FRANCO ;GH658ZZ;23;FV524FA;37;GG613WS;21;  2023AL;M.TERLAGO (H. 2 Laghi)       ;  0001PL;"""Forte Bus de Vela""         ";01/09/2022;31/08/2023;;;annuale feriale lu-sa;x;x;x;;x;x;x;x;x;x;;;;;;;;;;; € 50,66 ;;;;;;1; € -   ; € -   ;;; € -   ;26;26;25;25;25; 50,66 € ;;;;;;;;;;;;;;;;;;;;;;;;;;
347;frequenza corretta da capitolato;342;206;107;07:02;07:20;Monte Terlago - Cadine;"invernale + estiva
lunedì-sabato";11,00;20; 304 ;PERINI FRANCO ;GH658ZZ;23;FV524FA;37;GG613WS;21;  2023AL;M.TERLAGO (H. 2 Laghi)       ;  2010RR;Cadine;01/09/2022;31/08/2023;;;annuale feriale lu-sa;x;x;x;;x;x;x;x;x;x;;;;;;;;;;; € 50,44 ;;;;;;1; € -   ; € -   ;;;;26;26;25;25;25; 50,44 € ;;;;;;;;;;;;;;;;;;;;;;;;;;
348;;343;206;109;07:38;08:13;Monte Terlago - Trento;feriale;16,00;36; 304 ;PERINI FRANCO ;FV524FA;37;FA989GW;48;EY198WJ;45;  2023AL;M.TERLAGO (H. 2 Laghi)       ;1;TRENTO (Autostaz.)         ;01/09/2022;31/08/2023;;;annuale feriale lu-sa;x;x;x;;x;x;x;x;x;x;;;;;;;;;;; € 73,35 ;;;;;;2; € -   ; € -   ;;;;26;26;25;25;25; 73,35 € ;;;;;;;;;;;;;;;;;;;;;;;;;;
349;;344;206;110;08:28;08:50;Cadine - Terlago - M.terlago;festiva;11,00;19; 58 ;PERINI FRANCO ;GH658ZZ;23;EW749GD;23;GG613WS;21;2010;Cadine                       ;  2023AL;M.TERLAGO (H. 2 Laghi)       ;01/09/2022;31/08/2023;;;annuale festiva;x;x;;;;;;;;;x;;;;;;;;;; € 43,05 ;;;;;;1; € -   ; € -   ;;;;4;5;5;6;6; 43,05 € ;;;;;;;;;;;;;;;;;;;;;;;;;;
350;;345;206;113;09:00;09:35;Monte Terlago - Trento;festiva;16,00;19; 58 ;PERINI FRANCO ;GH658ZZ;23;EW749GD;23;GG613WS;21;  2023AL;M.TERLAGO (H. 2 Laghi)       ;1;TRENTO (Autostaz.)         ;01/09/2022;31/08/2023;;;annuale festiva;x;x;;;;;;;;;x;;;;;;;;;; € 62,48 ;;;;;;1; € -   ; € -   ;;;;4;5;5;6;6; 62,48 € ;;;;;;;;;;;;;;;;;;;;;;;;;;
351;;346;206;112;10:10;10:50;Trento - Covelo-Ciago-Monte Terlago;"scolastica 
da lunedì a sabato";18,00;30; 208 ;PERINI FRANCO ;GH658ZZ;23;EW749GD;23;GA007TD;24;1;TRENTO   (Autostaz.)         ;  2023AL;M.TERLAGO (H. 2 Laghi)       ;12/09/2022;09/06/2023;;;scolastica lu-sa;;;;x;x;x;x;x;x;x;;;;;;;;;;; € 31,50 ;;;;;;1; € 4,50 ; € -   ;;;;17;25;25;18;20; 36,00 € ;;;;;;;;;;;;;;;;;;;;;;;;;;
352;;347;206;116;12:33;12:55;Cadine - Terlago - M.terlago;festiva;11,00;19; 58 ;PERINI FRANCO ;GH658ZZ;23;GG613WS;21;EW749GD;23;2010;Cadine                       ;  2023AL;M.TERLAGO (H. 2 Laghi)       ;01/09/2022;31/08/2023;;;annuale festiva;x;x;;;;;;;;;x;;;;;;;;;; € 50,66 ;;;;;;1; € -   ; € -   ;;;;3;5;5;6;6; 50,66 € ;;;;;;;;;;;;;;;;;;;;;;;;;;
353;;348;206;116;12:55;12:57;M.te Terlago - Laghi Lamar (prolungamento);"festiva 
estiva";2,00;19; 13 ;PERINI FRANCO ;GH658ZZ;23;GG613WS;21;EW749GD;23;  2023AL;M.TERLAGO (H. 2 Laghi)       ;2024;Laghi di Lamar               ;01/01/2022;11/09/2022;24/06/2023;31/08/2023;estiva festiva;;x;;;;;;;;;x;;;;;;;;;; € 3,60 ;;;;;;1; € 0,40 ; € -   ;;;;2;0;0;0;0; 4,00 € ;;;;;;;;;;;;;;;;;;;;;;;;;;
354;;349;206;382;13:10;13:30;Terlago bivio - M.te Terlago;"scolastica 
da lunedì a sabato";11,00;20; 208 ;PERINI FRANCO ;GH658ZZ;23;GG613WS;21;EW749GD;23;2020;Terlago bivio                ;  2023AL;M.TERLAGO (H. 2 Laghi)       ;12/09/2022;09/06/2023;;;scolastica lu-sa;;;;x;x;x;x;x;x;x;;;;;;;;;;; € 38,87 ;;;;;;1; € -   ; € -   ;;;;17;25;25;18;20; 38,87 € ;;;;;;;;;;;;;;;;;;;;;;;;;;
355;;350;206;117;14:03;14:38;Monte Terlago - Trento;festiva;16,00;19; 58 ;PERINI FRANCO ;GG613WS;21;GH658ZZ;23;EW749GD;23;  2023AL;M.TERLAGO (H. 2 Laghi)       ;1;TRENTO (Autostaz.)         ;01/09/2022;31/08/2023;;;annuale festiva;x;x;;;;;;;;;x;;;;;;;;;; € 62,48 ;;;;;;1; € -   ; € -   ;;;;3;5;5;6;6; 62,48 € ;;;;;;;;;;;;;;;;;;;;;;;;;;
356;;351;206;128;17:00;17:26;Trento - Monte Terlago;festiva;16,00;19; 58 ;PERINI FRANCO ;GG613WS;21;GH658ZZ;23;EW749GD;23;1;TRENTO   (Autostaz.)         ;2023;MONTE TERLAGO (P.zza)        ;01/09/2022;31/08/2023;;;annuale festiva;x;x;;;;;;;;;x;;;;;;;;;; € 62,48 ;;;;;;1; € -   ; € -   ;;;;4;5;5;6;6; 62,48 € ;;;;;;;;;;;;;;;;;;;;;;;;;;
357;;352;206;580;17:05;17:15;Terlago - Covelo - Maso Ariol - Monte Terlago;"feriale 
da lunedì a venerdì";6,00;19; 252 ;PERINI FRANCO ;GA007TD;24;GG613WS;21;EW749GD;23;2021;TERLAGO                      ;  2023AL;M.TERLAGO (H. 2 Laghi)       ;01/09/2022;31/08/2023;;;annuale feriale lu-ve;x;x;x;;x;x;x;x;x;;;;;;;;;;;; € 10,76 ;;;;;;1; € 1,24 ; € -   ;;;;22;21;21;20;21; 12,00 € ;;;;;;;;;;;;;;;;;;;;;;;;;;
358;;353;206;372;17:15;17:55;Trento - Terlago - Covelo -Ciago - Monte Terlago;"invernale
lunedì-sabato";18,50;30; 240 ;PERINI FRANCO ;FV524FA;37;FA989GW;48;EY198WJ;45;1;TRENTO   (Autostaz.)         ;  2023AL;M.TERLAGO (H. 2 Laghi)       ;12/09/2022;23/06/2023;;;invernale feriale lu-sa;x;;x;;x;x;x;x;x;x;;;;;;;;;;; € 49,94 ;;;;;;1; € -   ; € -   ;;;;17;26;25;25;25; 49,94 € ;;;;;;;;;;;;;;;;;;;;;;;;;;
359;;354;206;128;17:20;18:01;Monte Terlago-Ciago-Vezzano-V.Cavedine;"invernale 
festiva";15,50;30; 47 ;PERINI FRANCO ;FV524FA;37;GH658ZZ;23;GA007TD;24;2023;MONTE TERLAGO (P.zza)        ;2054;VIGO CAVEDINE                ;12/09/2022;23/06/2023;;;invernale festiva;x;;;;;;;;;;x;;;;;;;;;; € 62,48 ;;;;;;1; € -   ; € -   ;;;;2;5;5;6;6; 62,48 € ;;;;;;;;;;;;;;;;;;;;;;;;;;
360;;355;206;121;17:53;17:55;L. Lamar -M.Terlago 17.55  (Prolungamento);"festiva 
estiva";2,00;19; 13 ;PERINI FRANCO ;GA007TD;24;EW749GD;23;;;2024;Laghi di Lamar               ;  2023AL;M.TERLAGO (H. 2 Laghi)       ;01/01/2022;11/09/2022;24/06/2023;31/08/2023;estiva festiva;;x;;;;;;;;;x;;;;;;;;;; € 3,60 ;;;;;;1; € 0,40 ; € -   ;;;;2;0;0;0;0; 4,00 € ;;;;;;;;;;;;;;;;;;;;;;;;;;
361;;356;206;121;17:55;18:30;M.Terlago-Covelo-Terlago-TN;"festiva 
estiva";16,00;30; 13 ;PERINI FRANCO ;GA007TD;24;EW749GD;23;;;  2023AL;M.TERLAGO (H. 2 Laghi)       ;1;TRENTO (Autostaz.)         ;01/01/2022;11/09/2022;24/06/2023;31/08/2023;estiva festiva;;x;;;;;;;;;x;;;;;;;;;; € 62,48 ;;;;;;1; € -   ; € -   ;;;;2;0;0;0;0; 62,48 € ;;;;;;;;;;;;;;;;;;;;;;;;;;
362;;357;206;121;17:55;18:30;Monte Terlago - Covelo - Terlago - TN;"invernale
lunedì-sabato";16,00;20; 240 ;PERINI FRANCO ;GH658ZZ;23;EW749GD;23;GG613WS;21;  2023AL;M.TERLAGO (H. 2 Laghi)       ;1;TRENTO (Autostaz.)         ;12/09/2022;23/06/2023;;;invernale feriale lu-sa;x;;x;;x;x;x;x;x;x;;;;;;;;;;; € 43,11 ;;;;;;1; € -   ; € -   ;;;;17;26;25;25;25; 43,11 € ;;;;;;;;;;;;;;;;;;;;;;;;;;
363;;358;206;130;18:15;18:50;Trento - Monte Terlago;"Estiva
lunedì-venerdì";15,00;19; 55 ;ATP SRLS;FW970WP;23;GC658CS (ditta Nice srl);24;GA984ER (ditta Nice srl);23;1;TRENTO   (Autostaz.)         ;  2023AL;M.TERLAGO (H. 2 Laghi)       ;01/01/2022;11/09/2022;24/06/2023;31/08/2023;estiva feriale lu-ve;;x;x;;x;x;x;x;x;;;;;;;;;;;; € 37,50 ;;;;;;1; € -   ; € -   ;;;;7;0;0;0;0; 37,50 € ;;;;;;;;;;;;;;;;;;;;;;;;;;
364;;359;206;130;18:15;18:50;Trento - Terlago - Monte Terlago;"scolastica 
da lunedì a venerdì";16,00;19; 174 ;ATP SRLS;FW970WP;23;GC658CS (ditta Nice srl);24;GA984ER (ditta Nice srl);23;1;TRENTO   (Autostaz.)         ;  2023AL;M.TERLAGO (H. 2 Laghi)       ;12/09/2022;09/06/2023;;;scolastica lu-ve;;;;x;x;x;x;x;x;;;;;;;;;;;; € 39,46 ;;;;;;1; € -   ; € -   ;;;;15;20;21;15;17; 39,46 € ;;;;;;;;;;;;;;;;;;;;;;;;;;
365;;360;206;132;18:35;19:15;Trento - Monte Terlago (estate ore 18.40);feriale;16,00;20; 304 ;PERINI FRANCO ;GH658ZZ;23;EW749GD;23;FA989GW;48;1;TRENTO   (Autostaz.)         ;  2023AL;M.TERLAGO (H. 2 Laghi)       ;01/09/2022;31/08/2023;;;annuale feriale lu-sa;x;x;x;;x;x;x;x;x;x;;;;;;;;;;; € 47,34 ;;;;;;1; € -   ; € -   ;;;;26;26;25;25;25; 47,34 € ;;;;;;;;;;;;;;;;;;;;;;;;;;
366;;361;206;123;18:50;19:25;Monte Terlago - Terlago - Trento;"scolastica 
da lunedì a venerdì";16,00;19; 174 ;ATP SRLS;FW970WP;23;GC658CS (ditta Nice srl);24;GA984ER (ditta Nice srl);23;  2023AL;M.TERLAGO (H. 2 Laghi)       ;1;TRENTO (Autostaz.)         ;12/09/2022;09/06/2023;;;scolastica lu-ve;;;;x;x;x;x;x;x;;;;;;;;;;;; € 39,46 ;;;;;;1; € -   ; € -   ;;;;15;20;21;15;17; 39,46 € ;;;;;;;;;;;;;;;;;;;;;;;;;;
367;;362;206;123;18:50;19:25;Monte Terlago - Trento;"Estiva
lunedì-venerdì";15,00;19; 55 ;ATP SRLS;FW970WP;23;GC658CS (ditta Nice srl);24;GA984ER (ditta Nice srl);23;  2023AL;M.TERLAGO (H. 2 Laghi)       ;1;TRENTO (Autostaz.)         ;01/01/2022;11/09/2022;24/06/2023;31/08/2023;estiva feriale lu-ve;;x;x;;x;x;x;x;x;;;;;;;;;;;; € 37,50 ;;;;;;1; € -   ; € -   ;;;;7;0;0;0;0; 37,50 € ;;;;;;;;;;;;;;;;;;;;;;;;;;
368;;363;206;134;19:30;20:05;Trento - Terlago - Monte Terlago;"scolastica 
da lunedì a venerdì";16,00;19; 174 ;ATP SRLS;FW970WP;23;GC658CS (ditta Nice srl);24;GA984ER (ditta Nice srl);23;1;TRENTO   (Autostaz.)         ;  2023AL;M.TERLAGO (H. 2 Laghi)       ;12/09/2022;09/06/2023;;;scolastica lu-ve;;;;x;x;x;x;x;x;;;;;;;;;;;; € 39,46 ;;;;;;1; € -   ; € -   ;;;;15;20;21;15;17; 39,46 € ;;;;;;;;;;;;;;;;;;;;;;;;;;
369;;364;206;134;19:30;20:05;Trento - Terlago - Monte Terlago;"invernale feriale 
solo sabato";16,00;19; 38 ;ATP SRLS;FW970WP;23;GC658CS (ditta Nice srl);24;GA984ER (ditta Nice srl);23;1;TRENTO   (Autostaz.)         ;  2023AL;M.TERLAGO (H. 2 Laghi)       ;12/09/2022;23/06/2023;;;invernale feriale sab;x;;x;;;;;;;x;;;;;;;;;;; € 75,33 ;;;;;;1; € -   ; € -   ;;;;2;5;4;5;4; 75,33 € ;;;;;;;;;;;;;;;;;;;;;;;;;;
370;;365;208;551;06:10;06:33;Sclemo - Stenico - Ponte Arche;"scolastica 
da lunedì a venerdì";11,50;22; 174 ;TRENTINOBUS SRL;GG015PN;25;FG405XM;29; FN299MX;37;  2215RR;Sclemo;2180;PONTE ARCHE (Autost.)        ;12/09/2022;09/06/2023;;;scolastica lu-ve;;;;x;x;x;x;x;x;;;;;;;;;;;; € 28,75 ;;;;;;1; € -   ; € -   ;;; € -   ;15;20;21;15;17; 28,75 € ;;;;;;;;;;;;;;;;;;;;;;;;;;
371;frequenza corretta da capitolato;366;208;444;06:25;06:40;S.Lorenzo in Banale - Molveno;"scolastica 
da lunedì a venerdì";10,50;8; 174 ;RIGOTTI FLAVIO;FH845YZ;9;ET848ZJ;9;;;2219;S.LORENZO IN B.              ;956;MOLVENO (Centro)             ;12/09/2022;09/06/2023;;;scolastica lu-ve;;;;x;x;x;x;x;x;;;;;;;;;;;; € 49,61 ;;;;;;1; € -   ; € -   ;;; € -   ;15;20;21;15;17; 49,61 € ;;;;;;;;;;;;;;;;;;;;;;;;;;
372;;367;208;449;06:50;07:10;S.Lorenzo in B.- Andogno ;"Feriale 
estiva + no scuola";4,30;8; 96 ;RIGOTTI FLAVIO;FH845YZ;9;ET848ZJ;9;EZ992DM;24;  2219CH;S.Lorenzo (Chiesa)           ;2217;Andogno                      ;01/01/2022;11/09/2022;24/06/2023;31/08/2023;estiva feriale lu-sa + no scol lu-sa;;x;x;;x;x;x;x;x;x;;;;;x;x;x;x;x;x; € 8,90 ;;;;;;1; € -   ; € -   ;;; € 11,10 ;9;1;0;7;5; 20,00 € ;;;;;;;;;;;;;;;;;;;;;;;;;;
373;;368;208;449;06:55;07:20;Andogno - S.Lorenzo in B.;"Feriale 
estiva + no scuola";4,40;8; 96 ;RIGOTTI FLAVIO;FH845YZ;9;ET848ZJ;9;EZ992DM;24;2217;Andogno                      ;  2219CH;S.Lorenzo (Chiesa)           ;01/01/2022;11/09/2022;24/06/2023;31/08/2023;estiva feriale lu-sa + no scol lu-sa;;x;x;;x;x;x;x;x;x;;;;;x;x;x;x;x;x; € 8,90 ;;;;;;1; € -   ; € -   ;;; € 11,10 ;9;1;0;7;5; 20,00 € ;;;;;;;;;;;;;;;;;;;;;;;;;;
374;;369;208;449;07:05;07:10;S.Lorenzo in B.- Andogno ;"scolastica 
da lunedì a sabato";4,30;8; 208 ;RIGOTTI FLAVIO;FH845YZ;9;ET848ZJ;9;;;  2219CH;S.Lorenzo (Chiesa)           ;2217;Andogno                      ;12/09/2022;09/06/2023;;;scolastica lu-sa;;;;x;x;x;x;x;x;x;;;;;;;;;;; € 8,90 ;;;;;;1; € -   ; € -   ;;;;17;25;25;18;20; 8,90 € ;;;;;;;;;;;;;;;;;;;;;;;;;;
375;;370;208;449;07:10;07:20;Andogno - S.Lorenzo in B.;"scolastica 
da lunedì a sabato";4,40;8; 208 ;RIGOTTI FLAVIO;FH845YZ;9;ET848ZJ;9;;;2217;Andogno                      ;  2219CH;S.Lorenzo (Chiesa)           ;12/09/2022;09/06/2023;;;scolastica lu-sa;;;;x;x;x;x;x;x;x;;;;;;;;;;; € 8,90 ;;;;;;1; € -   ; € -   ;;;;17;25;25;18;20; 8,90 € ;;;;;;;;;;;;;;;;;;;;;;;;;;
376;;371;208;552;09:40;10:15;S.Lorenzo in Banale - Ponte Arche;"invernale 
da lunedì a sabato";17,00;8; 240 ;RIGOTTI FLAVIO;FH845YZ;9;ET848ZJ;9;EZ992DM;24;  2219CH;S.Lorenzo (Chiesa)           ;2180;PONTE ARCHE (Autost.)        ;12/09/2022;23/06/2023;;;invernale feriale lu-sa;x;;x;;x;x;x;x;x;x;;;;;;;;;;; € 30,60 ;;;;;;1; € 3,40 ; € -   ;;;;17;26;25;25;25; 34,00 € ;;;;;;;;;;;;;;;;;;;;;;;;;;
377;;372;208;550;12:10;12:45;Ponte Arche - S.Lorenzo in Banale;"invernale 
da lunedì a sabato";17,00;8; 240 ;RIGOTTI FLAVIO;FH845YZ;9;ET848ZJ;9;EZ992DM;24;2180;PONTE ARCHE (Autost.)        ;  2219CH;S.Lorenzo (Chiesa)           ;12/09/2022;23/06/2023;;;invernale feriale lu-sa;x;;x;;x;x;x;x;x;x;;;;;;;;;;; € 30,60 ;;;;;;1; € 3,40 ; € -   ;;;;17;26;25;25;25; 34,00 € ;;;;;;;;;;;;;;;;;;;;;;;;;;
378;;373;208;451;13:02;13:10;S.Lorenzo in B.-Tavodo;feriale;4,30;8; 304 ;RIGOTTI FLAVIO;FH845YZ;9;ET848ZJ;9;;;  2219CH;S.Lorenzo (Chiesa)           ;  2216SR;Tavodo (incr.S.P.);01/09/2022;31/08/2023;;;annuale feriale lu-sa;x;x;x;;x;x;x;x;x;x;;;;;;;;;;; € 8,90 ;;;;;;1; € -   ; € -   ;;;;26;26;25;25;25; 8,90 € ;;;;;;;;;;;;;;;;;;;;;;;;;;
379;;374;208;451;13:10;13:18;Tavodo-Andogno - S.Lorenzo in B.;feriale;8,70;8; 304 ;RIGOTTI FLAVIO;FH845YZ;9;ET848ZJ;9;EZ992DM;24;  2216SP;Tavodo (SP)                  ;  2219CH;S.Lorenzo (Chiesa)           ;01/09/2022;31/08/2023;;;annuale feriale lu-sa;x;x;x;;x;x;x;x;x;x;;;;;;;;;;; € 8,90 ;;;;;;1; € 8,50 ; € -   ;;;;26;26;25;25;25; 17,40 € ;;;;;;;;;;;;;;;;;;;;;;;;;;
380;;375;208;384;13:18;13:36;S.Lorenzo - Molveno;"scolastica 
da lunedì a venerdì";10,50;8; 174 ;RIGOTTI FLAVIO;ET848ZJ;9;FH845YZ;9;;;2219;S.LORENZO IN B.              ;  0956RR;MOLVENO;12/09/2022;09/06/2023;;;scolastica lu-ve;;;;x;x;x;x;x;x;;;;;;;;;;;; € 18,90 ;;;;;;1; € 2,10 ; € -   ;;;;15;20;21;15;17; 21,00 € ;;;;;;;;;;;;;;;;;;;;;;;;;;
381;;376;208;221;13:21;13:41;S.Lorenzo in Banale - Villa Banale - Ponte Arche ;"scolastica 
solo giorno di sabato";9,00;8; 34 ;RIGOTTI FLAVIO;ET848ZJ;9;FH845YZ;9;;;  2219CH;S.Lorenzo (Chiesa)           ;2180;PONTE ARCHE (Autost.)        ;12/09/2022;09/06/2023;;;scolastica sab;;;;x;;;;;;x;;;;;;;;;;; € 18,90 ;;;;;;1; € -   ; € -   ;;;;2;5;4;3;3; 18,90 € ;;;;;;;;;;;;;;;;;;;;;;;;;;
382;;377;208;498;13:49;14:12;Ponte Arche - Stenico - Sclemo;"scolastica 
da lunedì a venerdì";10,50;22; 174 ;TRENTINOBUS SRL;FN299MX;37;FG405XM;29;GC420NL;29;2180;PONTE ARCHE (Autost.)        ;  2215RR;Sclemo;12/09/2022;09/06/2023;;;scolastica lu-ve;;;;x;x;x;x;x;x;;;;;;;;;;;; € 18,90 ;;;;;;1; € 2,10 ; € -   ;;;;15;20;21;15;17; 21,00 € ;;;;;;;;;;;;;;;;;;;;;;;;;;
383;;378;208;223;14:02;14:26;Molveno-Dorsino;"scolastica 
da lunedì a venerdì";11,60;53; 174 ;FABIO VIAGGI SRL;FZ898BE;55;FZ897BE;57;FZ896BE;37;  0956RR;MOLVENO;2218;Dorsino                      ;12/09/2022;09/06/2023;;;scolastica lu-ve;;;;x;x;x;x;x;x;;;;;;;;;;;; € 34,80 ;;;;;;2; € -   ; € -   ;;;;15;20;21;15;17; 34,80 € ;;;;;;;;;;;;;;;;;;;;;;;;;;
384;;379;208;420;16:30;17:19;Ponte Arche - S.Lorenzo - Molveno;"scolastica 
da lunedì a giovedì";27,50;50; 137 ;TRENTINOBUS SRL;CS792NG;45;FG405XM;29;FN299MX;37;2180;PONTE ARCHE (Autost.)        ;  0956RR;MOLVENO;12/09/2022;09/06/2023;;;scolastica lu, ma, me, gio;;;;x;x;x;x;x;;;;;;;;;;;;; € 81,36 ;;;;;;2; € -   ; € 1,14 ;;;;12;16;17;12;14; 82,50 € ;;;;;;;;;;;;;;;;;;;;;;;;;;
385;;380;208;374;17:23;17:58;Ponte Arche - Sclemo - S.Lorenzo;"scolastica 
da lunedì a venerdì";17,00;44; 174 ;TRENTINOBUS SRL;GC420NL;29;FG405XM;29;GG015PN;25;2180;PONTE ARCHE (Autost.)        ;  2219CH;S.Lorenzo (Chiesa)           ;12/09/2022;09/06/2023;;;scolastica lu-ve;;;;x;x;x;x;x;x;;;;;;;;;;;; € 69,38 ;;;;;;2; € -   ; € -   ;;;;15;20;21;15;17; 69,38 € ;;;;;;;;;;;;;;;;;;;;;;;;;;
386;;381;208;54;17:50;18:25;Ponte Arche - S.Lorenzo in Banale;"scolastica 
da lunedì a venerdì";17,00;22; 174 ;AUTONOLEGGI FILIPPI S.R.L. UNIPERSONALE;FN174MX;23;FM492NR;23;FZ556KF;17;2180;PONTE ARCHE (Autost.)        ;  2219CH;S.Lorenzo (Chiesa)           ;12/09/2022;09/06/2023;;;scolastica lu-ve;;;;x;x;x;x;x;x;;;;;;;;;;;; € 42,50 ;;;;;;1; € -   ; € -   ;;;;15;20;21;15;17; 42,50 € ;;;;;;;;;;;;;;;;;;;;;;;;;;
387;bacino 2 estate 2021;382;208;226;19:35;20:10;P.Arche-S. Lorenzo in B.;"Estiva
lunedì-sabato";17;50; 67 ;AUTONOLEGGI FILIPPI S.R.L. UNIPERSONALE;FM492NR;23;FN174MX;23;;;2180;PONTE ARCHE (Autost.)        ;2219;S.LORENZO IN B.              ;01/01/2022;11/09/2022;24/06/2023;31/08/2023;estiva feriale lu-sa;;x;x;;x;x;x;x;x;x;;;;;;;;;;; € 40,80 ;;;;;;2; € -   ; € 10,20 ;;;;9;0;0;0;0; 51,00 € ;;;;;;;;;;;;;;;;;;;;;;;;;;
388;;383;209;9;06:15;06:34;Lundo - Ponte Arche;"scolastica 
da lunedì a sabato";10,30;22; 208 ;AUTONOLEGGI FILIPPI S.R.L. UNIPERSONALE;FN174MX;23;FM492NR;22;FZ556KF;17;2174;LUNDO                        ;2180;PONTE ARCHE (Autost.)        ;12/09/2022;09/06/2023;;;scolastica lu-sa;;;;x;x;x;x;x;x;x;;;;;;;;;;; € 25,71 ;;;;;;1; € -   ; € -   ;;; € -   ;17;25;25;18;20; 25,71 € ;;;;;;;;;;;;;;;;;;;;;;;;;;
389;;384;209;11;06:55;07:15;Lundo - Ponte Arche;"scolastica 
da lunedì a sabato";10,00;22; 208 ;AUTONOLEGGI FILIPPI S.R.L. UNIPERSONALE;FN174MX;23;FM492NR;23;FZ556KF;17;2174;LUNDO                        ;2180;PONTE ARCHE (Autost.)        ;12/09/2022;09/06/2023;;;scolastica lu-sa;;;;x;x;x;x;x;x;x;;;;;;;;;;; € 26,33 ;;;;;;1; € -   ; € -   ;;; € -   ;17;25;25;18;20; 26,33 € ;;;;;;;;;;;;;;;;;;;;;;;;;;
390;bacino 2 estate 2021;385;209;11;07:10;07:30;Lundo-P.Arche;"Estiva
lunedì-venerdì";9;50; 55 ;TRENTINOBUS SRL;FZ833BE;54;CS792NG;45;FG405XM;28;2174;LUNDO                        ;2180;PONTE ARCHE (Autost.)        ;01/01/2022;11/09/2022;24/06/2023;31/08/2023;estiva feriale lu-ve;;x;x;;x;x;x;x;x;;;;;;;;;;;;;;;;TRENTINOBUS SRL;;2;;;;;;7;0;0;0;0; -   € ;;;;;;;;;;;;;;;;;;;;;;;;;;
391;;386;209;22;14:28;14:48;Ponte Arche - Lundo;"scolastica 
da lunedì a venerdì";10,00;22; 174 ;AUTONOLEGGI FILIPPI S.R.L. UNIPERSONALE;FN174MX;23;FM492NR;23;FZ556KF;17;2180;PONTE ARCHE (Autost.)        ;2174;LUNDO                        ;12/09/2022;09/06/2023;;;scolastica lu-ve;;;;x;x;x;x;x;x;;;;;;;;;;;; € 27,51 ;;;;;;1; € -   ; € -   ;;;;15;20;21;15;17; 27,51 € ;;;;;;;;;;;;;;;;;;;;;;;;;;
392;bacino 2 estate 2021;387;209;14;18:40;19:00;P.Arche-Lundo;"Estiva
lunedì-sabato";9;22; 67 ;AUTONOLEGGI FILIPPI S.R.L. UNIPERSONALE;FM492NR;23;FN174MX;23;;;2180;PONTE ARCHE (Autost.)        ;2174;LUNDO                        ;01/01/2022;11/09/2022;24/06/2023;31/08/2023;estiva feriale lu-sa;;x;x;;x;x;x;x;x;x;;;;;;;;;;; € 21,60 ;;;;;;1; € -   ; € -   ;;;;9;0;0;0;0; 21,60 € ;;;;;;;;;;;;;;;;;;;;;;;;;;
393;bacino 2 estate 2021;388;210;55;06:58;07:29;Bivedo-P.Arche;"estiva
sabato ";11;50; 12 ;TRENTINOBUS SRL;FZ833BE;54;CS792NG;45;FG405XM;28;2208;BIVEDO                       ;2180;PONTE ARCHE (Autost.)        ;01/01/2022;11/09/2022;24/06/2023;31/08/2023;estiva feriale sab;;x;x;;;;;;;x;;;;;;;;;;;;;;;TRENTINOBUS SRL;;2;;;;;;2;0;0;0;0; -   € ;;;;;;;;;;;;;;;;;;;;;;;;;;
394;;389;210;55;07:19;07:50;Villa-Sesto bivio - Ponte Arche - Tione (corsa bis);"scolastica 
da lunedì a venerdì";19,00;50; 174 ;AUTONOLEGGI FILIPPI S.R.L. UNIPERSONALE;FN113MX;57;FF887CS ;58;GL551LP;37;2197;Villa di Bleggio             ;2290;TIONE (Autostazione)         ;12/09/2022;09/06/2023;;;scolastica lu-ve;;;;x;x;x;x;x;x;;;;;;;;;;;; € 162,84 ;;;;;;2; € -   ; € -   ;;;;15;20;21;15;17; 162,84 € ;;;;;;;;;;;;;;;;;;;;;;;;;;
395;;390;210;245;07:25;07:36;S.Croce - Ponte Arche;"scolastica 
da lunedì a venerdì";5,00;22; 174 ;AUTONOLEGGI FILIPPI S.R.L. UNIPERSONALE;FN174MX;23;FM492NR;22;FZ556KF;17;2198;SANTA CROCE                  ;2180;PONTE ARCHE (Autost.)        ;12/09/2022;09/06/2023;;;scolastica lu-ve;;;;x;x;x;x;x;x;;;;;;;;;;;; € 35,48 ;;;;;;1; € -   ; € -   ;;;;15;20;21;15;17; 35,48 € ;;;;;;;;;;;;;;;;;;;;;;;;;;
396;;391;210;66;15:15;15:22;Ponte Arche - Cares - Sesto bivio;"scolastica 
da lunedì a venerdì";5;20; 174 ;FRUNER VIAGGI IN EUROPA DI FRUNER TATIANA E SIMONE FRUNER SAS;FW755WP;25;FW720WP;23;;;2180;PONTE ARCHE (Autost.)        ;2225;Sesto bivio                  ;12/09/2022;09/06/2023;;;scolastica lu-ve;;;;x;x;x;x;x;x;;;;;;;;;;;; € 15,00 ;;;;;;1; € -   ; € -   ;;;;15;20;21;15;17; 15,00 € ;;;;;;;;;;;;;;;;;;;;;;;;;;
397;;392;210;430;15:35;15:46;Ponte Arche - S.Croce Bleggio;"scolastica 
lun+merc+ven ";5,00;22; 105 ;AUTONOLEGGI FILIPPI S.R.L. UNIPERSONALE;FZ556KF;17;FN174MX;23;FM492NR;22;2180;PONTE ARCHE (Autost.)        ;2198;SANTA CROCE                  ;12/09/2022;09/06/2023;;;scolastica lu, me, ve;;;;x;x;;x;;x;;;;;;;;;;;; € 35,48 ;;;;;;1; € -   ; € -   ;;;;9;12;13;9;10; 35,48 € ;;;;;;;;;;;;;;;;;;;;;;;;;;
398;;393;210;458;16:30;16:59;Ponte Arche - Cavrasto - Bivedo;"scolastica 
solo  lun-mar-gio ";11,00;44; 101 ;TRENTINOBUS SRL;GC420NL;29;FG405XM;29;GG015PN;25;2180;PONTE ARCHE (Autost.)        ;2208;BIVEDO                       ;12/09/2022;09/06/2023;;;scolastica lu, ma, gio;;;;x;x;x;;x;;;;;;;;;;;;; € 64,67 ;;;;;;2; € -   ; € -   ;;;;12;16;17;12;-4; 64,67 € ;;;;;;;;;;;;;;;;;;;;;;;;;;
399;bacino 2 estate 2021;394;211;16;06:16;06:33;Fiavè-P.Arche;"Estiva
lunedì-sabato";7,5;50; 67 ;TRENTINOBUS SRL;FZ833BE;54;CS792NG;45;FG405XM;28;  2185BR;Fiave' (Bar Aurora);2180;PONTE ARCHE (Autost.)        ;01/01/2022;11/09/2022;24/06/2023;31/08/2023;estiva feriale lu-sa;;x;x;;x;x;x;x;x;x;;;;;;;;;;;;;;;TRENTINOBUS SRL;;2;;;;;;9;0;0;0;0; -   € ;;;;;;;;;;;;;;;;;;;;;;;;;;
400;;395;211;8;06:08;06:33;Favrio - Dasindo - Fiavè loc. Curè - Cornelle - Fiavè;"scolastica 
da lunedì a venerdì";7,7;20; 174 ;FRUNER VIAGGI IN EUROPA DI FRUNER TATIANA E SIMONE FRUNER SAS;FW720WP;23;FW184AM;9;;;2186;Favrio  ;  2185CA;Fiave' (Caseificio)           ;12/09/2022;09/06/2023;;;scolastica lu-ve;;;;x;x;x;x;x;x;;;;;;;;;;;; € 20,00 ;;;;;;1; € -   ; € -   ;;; € -   ;15;20;21;15;17; 20,00 € ;scolastica lu-ve;;;;;;;;;17;; 10,00 € ;;;;;;;;;;;;;;
401;;396;211;373;07:04;07:09;Calvola - Ville del Monte;"scolastica 
solo giorno di sabato";1,50;8; 34 ;AUTOSERVIZI MATTUZZI CLAUDIO & C. S.N.C. ;FN589MX;9;FL778HC;23;FN339MX;7;2221;Calvola                      ;2210;Ville del Monte              ;12/09/2022;09/06/2023;;;scolastica sab;;;;x;;;;;;x;;;;;;;;;;; € 34,69 ;;;;;;1; € -   ; € -   ;;;;2;5;4;3;3; 34,69 € ;;;;;;;;;;;;;;;;;;;;;;;;;;
402;NUOVA;397;211;;08:40;09:39;Ponte Arche - Riva del Garda;"Estiva
lunedì-sabato";29,00;50; 67 ;AUTONOLEGGI FILIPPI S.R.L. UNIPERSONALE;FN113MX;57;FF887CS;57;;;2180;PONTE ARCHE (Autost.)        ;960;RIVA DEL G. (Autostaz.)      ;01/01/2022;11/09/2022;24/06/2023;31/08/2023;estiva feriale lu-sa;;x;x;;x;x;x;x;x;x;;;;;;;;;;;;; € 87,00 ;;;;2;;;;;;9;0;0;0;0; 87,00 € ;;;;;;;;;;;;;;;;;;;;;;;;;;
403;NUOVA;398;211;;09:45;10:43;Riva d.G-Ponte Arche;"Estiva
lunedì-sabato";29,00;50; 67 ;AUTONOLEGGI FILIPPI S.R.L. UNIPERSONALE;FN113MX;57;FF887CS;57;;;960;RIVA DEL G. (Autostaz.)      ;2180;PONTE ARCHE (Autost.)        ;01/01/2022;11/09/2022;24/06/2023;31/08/2023;estiva feriale lu-sa;;x;x;;x;x;x;x;x;x;;;;;;;;;;;;; € 87,00 ;;;;2;;;;;;9;0;0;0;0; 87,00 € ;;;;;;;;;;;;;;;;;;;;;;;;;;
404;;399;211;376;13:07;13:12;Ville del Monte - Calvola;"scolastica 
da lunedì a sabato";1,50;22; 208 ;AUTONOLEGGI FILIPPI S.R.L. UNIPERSONALE;FN174MX;23;FM492NR;23;FZ556KF;17;2210;Ville del Monte              ;2221;Calvola                      ;12/09/2022;09/06/2023;;;scolastica lu-sa;;;;x;x;x;x;x;x;x;;;;;;;;;;; € 4,50 ;;;;;;1; € -   ; € -   ;;;;17;25;25;18;20; 4,50 € ;;;;;;;;;;;;;;;;;;;;;;;;;;
405;;400;211;492;13:32;13:37;Ville del Monte - Calvola;"scolastica 
lun+mar+mer+ven ";1,50;22; 140 ;AUTONOLEGGI FILIPPI S.R.L. UNIPERSONALE;FN174MX;23;FM492NR;23;FZ556KF;17;2210;Ville del Monte              ;2221;Calvola                      ;12/09/2022;09/06/2023;;;scolastica lu, ma, me, ve;;;;x;x;x;x;;x;;;;;;;;;;;; € 3,96 ;;;;;;1; € -   ; € -   ;;;;12;16;17;12;14; 3,96 € ;;;;;;;;;;;;;;;;;;;;;;;;;;
406;;401;211;22;14:02;14:25;Ville del Monte - Ponte Arche ;scolastica da lunedì a sabato al venerdì;18,00;22; 208 ;AUTONOLEGGI FILIPPI S.R.L. UNIPERSONALE;FN174MX;23;FM492NR;23;FZ556KF;17;2210;Ville del Monte              ;2180;PONTE ARCHE (Autost.)        ;12/09/2022;09/06/2023;;;scolastica lu-ve;;;;x;x;x;x;x;x;;;;;;;;;;;; € 47,52 ;;;;;;1; € -   ; € -   ;;;;17;25;25;18;19; 47,52 € ;;;;;;;;;;;;;;;;;;;;;;;;;;
407;NUOVA;402;211;;14:40;15:39;Ponte Arche - Riva del Garda;"Estiva
lunedì-sabato";29,00;50; 67 ;AUTOSERVIZI MATTUZZI CLAUDIO & C. S.N.C. ;FC208RJ;57;FE584HG;56;FB808BJ;45;2180;PONTE ARCHE (Autost.)        ;960;RIVA DEL G. (Autostaz.)      ;01/01/2022;11/09/2022;24/06/2023;31/08/2023;estiva feriale lu-sa;;x;x;;x;x;x;x;x;x;;;;;;;;;;;;; € 87,00 ;;;;2;;;;;;9;0;0;0;0; 87,00 € ;;;;;;;;;;;;;;;;;;;;;;;;;;
408;;403;211;86;14:42;15:14;Ville d.Monte S.Antonio-Fiavè-Ponte Arche;"scolastica 
da lunedì a venerdì";17,4;20; 174 ;FRUNER VIAGGI IN EUROPA DI FRUNER TATIANA E SIMONE FRUNER SAS;FW755WP;25;FW720WP;23;;;  2221SA;Villa S.Antonio              ;2180;PONTE ARCHE (Autost.)        ;12/09/2022;09/06/2023;;;scolastica lu-ve;;;;x;x;x;x;x;x;;;;;;;;;;;; € 52,20 ;;;;;;1; € -   ; € -   ;;;;15;20;21;15;17; 52,20 € ;;;;;;;;;;;;;;;;;;;;;;;;;;
409;;404;211;574;16:30;16:45;Ponte Arche - Fiavè - Lundo - Comano;"scolastica 
solo lunedì martedì e giovedì ";21,00;19; 101 ;TRENTINOBUS SRL;GC420NL;29;FG405XM;29;GG015PN;25;2180;PONTE ARCHE (Autost.)        ;2170RR;Comano Terme;12/09/2022;09/06/2023;;;scolastica lu, ma, gio;;;;x;x;x;;x;;;;;;;;;;;;; € 66,69 ;;;;;;1; € -   ; € -   ;;;;12;16;17;12;-4; 66,69 € ;;;;;;;;;;;;;;;;;;;;;;;;;;
410;NUOVA;405;211;8;16:45;17:43;Riva del Garda - Ponte Arche;"Estiva
lunedì-sabato";29;50; 67 ;AUTOSERVIZI MATTUZZI CLAUDIO & C. S.N.C. ;FC208RJ;57;FE584HG;56;FB808BJ;45;960;RIVA DEL G. (Autostaz.)      ;2180;PONTE ARCHE (Autost.)        ;01/01/2022;11/09/2022;24/06/2023;31/08/2023;estiva feriale lu-sa;;x;x;;x;x;x;x;x;x;;;;;;;;;;;;; € 87,00 ;;;;2;;;;;;9;0;0;0;0; 87,00 € ;;;;;;;;;;;;;;;;;;;;;;;;;;
411;;406;211;584;16:35;17:19;Riva del Garda - Tenno - Fiavè ;"scolastica 
da lunedì a venerdì";23,00;16; 174 ;AUTOSERVIZI MATTUZZI CLAUDIO & C. S.N.C. ;GF141FZ;29;FL778HC;23;;;960;RIVA DEL G. (Autostaz.)      ;  2185RR;FIAVE';12/09/2022;09/06/2023;;;scolastica lu-ve;;;;x;x;x;x;x;x;;;;;;;;;;;; € 53,21 ;;;;;;1; € -   ; € -   ;;;;15;20;21;15;17; 53,21 € ;;;;;;;;;;;;;;;;;;;;;;;;;;
412;;407;211;584;17:19;17:34;"Fiavè-V.Lomaso-P.Arche
prolungamento 16.35 Riva-Fiavè";"scolastica 
da lunedì a giovedì ";7,00;20; 137 ;AUTOSERVIZI MATTUZZI CLAUDIO & C. S.N.C. ;FL778HC;23; GF141FZ;29;;;  2185RR;FIAVE';2180;PONTE ARCHE (Autost.)        ;12/09/2022;09/06/2023;;;scolastica lu, ma, me, gio;;;;x;x;x;x;x;;;;;;;;;;;;; € 17,50 ;;;;;;1; € -   ; € -   ;;;;12;16;17;12;14; 17,50 € ;;;;;;;;;;;;;;;;;;;;;;;;;;
413;NUOVA;408;211;7;17:55;18:54;Ponte Arche - Riva d.G;"Estiva
lunedì-sabato";29;50; 67 ;AUTOSERVIZI MATTUZZI CLAUDIO & C. S.N.C. ;FC208RJ;57;FE584HG;56;FB808BJ;45;2180;PONTE ARCHE (Autost.)        ;960;RIVA DEL G. (Autostaz.)      ;01/01/2022;11/09/2022;24/06/2023;31/08/2023;estiva feriale lu-sa;;x;x;;x;x;x;x;x;x;;;;;;;;;;;;; € 87,00 ;;;;2;;;;;;9;0;0;0;0; 87,00 € ;;;;;;;;;;;;;;;;;;;;;;;;;;
414;;409;212;318;12:56;13:11;"Forti Lardaro-Praso-Daone
";"scolastica 
da lunedì a venerdì";4,00;20; 174 ;MAESTRI AUGUSTO & C. S.N.C. ;FR892WP;21;GH738AD;38;;;  2301RR;Forti di Lardaro;2300;DAONE                        ;12/09/2022;09/06/2023;;;scolastica lu-ve;;;;x;x;x;x;x;x;;;;;;;;;;;; € 55,00 ;;;;;;1; € -   ; € -   ;;;;15;20;21;15;17; 55,00 € ;;;;;;;;;;;;;;;;;;;;;;;;;;
415;;410;212;308;16:30;16:42;"Forti Lardaro-Praso-Daone
";"scolastica 
da lunedì a venerdì";4,00;20; 174 ;MAESTRI AUGUSTO & C. S.N.C. ;FR892WP;21;EK946GV;9;FW907WP;9;  2301RR;Forti di Lardaro;2300;DAONE                        ;12/09/2022;09/06/2023;;;scolastica lu-ve;;;;x;x;x;x;x;x;;;;;;;;;;;; € 20,00 ;;;;;;1; € -   ; € -   ;;;;15;20;21;15;17; 20,00 € ;;;;;;;;;;;;;;;;;;;;;;;;;;
416;;411;213;413;07:00;07:05;Por - Pieve di Bono (loc. Strada);"scolastica 
da lunedì a sabato";3,20;8; 208 ;MAESTRI AUGUSTO & C. S.N.C. ;EK946GV;9;FW907WP;9;;;2308;Por                          ;  2304RR;Strada;12/09/2022;09/06/2023;;;scolastica lu-sa;;;;x;x;x;x;x;x;x;;;;;;;;;;; € 13,79 ;;;;;;1; € -   ; € -   ;;;;17;25;25;18;20; 13,79 € ;;;;;;;;;;;;;;;;;;;;;;;;;;
417;;412;213;968;13:15;13:25;Cimego-Castel Condino ;"scolastica 
sabato";4,60;29; 34 ;MAESTRI AUGUSTO & C. S.N.C. ;FW907WP;9;EK946GV;9;;;2326;Ponte Cimego                 ;2324;CASTEL CONDINO               ;12/09/2022;09/06/2023;;;scolastica sab;;;;x;;;;;;x;;;;;;;;;;; € 13,80 ;;;;;;1; € -   ; € -   ;;;;2;5;4;3;3; 13,80 € ;;;;;;;;;;;;;;;;;;;;;;;;;;
418;;413;213;6;14:15;14:30;P.di Bono Borel - Castel Condino;"scolastica 
da lunedì a venerdì";7,00;9; 174 ;MAESTRI AUGUSTO & C. S.N.C. ;EK946GV;9;FW907WP;9;FR892WP;21;  2305BO;Pieve di Bono (Tratt.Borel)  ;2324;CASTEL CONDINO               ;12/09/2022;09/06/2023;;;scolastica lu-ve;;;;x;x;x;x;x;x;;;;;;;;;;;; € 21,58 ;;;;;;1; € -   ; € -   ;;;;15;20;21;15;17; 21,58 € ;;;;;;;;;;;;;;;;;;;;;;;;;;
419;;414;214;27;05:55;07:21;Baitoni-Riva;estiva feriale;54;50; 67 ;SOLETANA VIAGGI S.R.L.;GH779KX;58;;;;;2323;BAITONI                      ;960;RIVA DEL G. (Autostaz.)      ;01/01/2022;11/09/2022;24/06/2023;31/08/2023;estiva feriale lu-sa;;x;x;;x;x;x;x;x;x;;;;;;;;;;;; € 220,00 ;;;;;2;;; € -   ; € -   ; € -   ;9;0;0;0;0; 220,00 € ;;;;;;;;;;;;;;;;;;;;;;;;;;
420;;415;214;27;06:05;07:38;Baitoni-Riva;invernale non scolastica feriale;54;50; 29 ;SOLETANA VIAGGI S.R.L.;GH779KX;58;FJ863YE;56;;;2323;BAITONI                      ;960;RIVA DEL G. (Autostaz.)      ;12/09/2022;23/06/2023;;;invernale feriale no scol lu-sa;x;;x;;;;;;;;;;;;x;x;x;x;x;x;;;;SOLETANA VIAGGI S.R.L. 2;;;2;;;;;;0;1;0;7;5; -   € ; invernale feriale lu-sa ;17;;26;;25;;25;;25;; 220,00 € ;;;;;;;;;;;;;;
421;;416;214;582;06:12;07:38;Pieve di Bono-Storo-Riva;"scolastica 
da lunedì a sabato";61;55; 208 ;SOLETANA VIAGGI S.R.L.;GH779KX;58;FJ863YE;56;;;2305;PIEVE DI BONO                ;960;RIVA DEL G. (Autostaz.)      ;12/09/2022;09/06/2023;;;scolastica lu-sa;;;;x;x;x;x;x;x;x;;;;;;;;;;;;;;SOLETANA VIAGGI S.R.L. 2;;44;2;;;;;;17;25;25;18;20; -   € ; scolastica lu-sa ;17;;25;;25;;18;;20;; € 18,20 ;;;;;;;;;;;;;;
422;eliminata dal 14/11/2022;417;214;582;06:50;07:38;Tiarno Off.Mariani-Bezzecca-Riva del Garda;"Scolastica
solo lunedì";24,00;50; 33 ;SARCATOUR s.r.l.;FR952WP;51;FK791WG;55;FE629SK;54;2156MR;Tiarno di Sopra-Mariani;960;RIVA DEL G. (Autostaz.)      ;12/09/2022;13/11/2022;;;scolastica lu;;;;x;x;;;;;;;;;;;;;;;; € 165,00 ;;;;;;2; € -   ; € -   ;;; € -   ;3;4;2;0;; 165,00 € ;;;;;;;;;;;;;;;;;;;;;;;;;;
423;;418;214;450;08:10;08:30;Riva del Garda - Pregasina ;"feriale 
solo mercoledì";11,50;8; 52 ;AUTOSERVIZI MATTUZZI CLAUDIO & C. S.N.C. ;FL778HC;23;FN589MX;9;;;960;RIVA DEL G. (Autostaz.)      ;2160;PREGASINA                    ;01/09/2022;31/08/2023;;;annuale feriale me;x;x;x;;;;x;;;;;;;;;;;;;; € 26,39 ;;;;;;1; € -   ; € -   ;;;;4;4;5;4;4; 26,39 € ;;;;;;;;;;;;;;;;;;;;;;;;;;
424;;419;214;29;08:30;08:51;Pregasina - Riva del Garda;"feriale 
solo mercoledì";11,50;8; 52 ;AUTOSERVIZI MATTUZZI CLAUDIO & C. S.N.C. ;FL778HC;23;FN589MX;9;;;2160;PREGASINA                    ;960;RIVA DEL G. (Autostaz.)      ;01/09/2022;31/08/2023;;;annuale feriale me;x;x;x;;;;x;;;;;;;;;;;;;; € 26,39 ;;;;;;1; € -   ; € -   ;;;;4;4;5;4;4; 26,39 € ;;;;;;;;;;;;;;;;;;;;;;;;;;
425;;420;214;615;10:00;10:18;Storo-Tremalzo bv.-Tiarno;"Estiva
lunedì-sabato a mesi alterni";12,50;19; 34 ;SOLETANA VIAGGI S.R.L.;FC188RJ;20;FR954WP;27;;;2314;STORO                        ;  2156RR;TIARNO DI SOPRA;01/01/2022;11/09/2022;01/07/2023;31/07/2023;estiva feriale lu-sa luglio/settembre;;x;x;;x;x;x;x;x;x;;;;;;;;;;; € 37,50 ;;;;;;1; € -   ; € -   ;;;;9;0;0;0;0; 37,50 € ;;;;;;;;;;;;;;;;;;;;;;;;;;
426;;420 bis;214;615;10:00;10:18;Storo-Tremalzo bv.-Tiarno;"Estiva
lunedì-sabato a mesi alterni";12,50;19; 33 ;TN SERVICE LORENZI A CAPITALE RIDOTTO S.R.L. DI TAVELLI ANDREA;EZ943DM;18;ET984ZJ;17;;;2314;STORO                        ;  2156RR;TIARNO DI SOPRA;24/06/2023;30/06/2023;01/08/2023;31/08/2023;estiva feriale lu-sa giugno/agosto;;x;x;;x;x;x;x;x;x;;;;;;;;;;; € 37,50 ;;;;;;1; € -   ; € -   ;;;;0;0;0;0;0; 37,50 € ;;;;;;;;;;;;;;;;;;;;;;;;;;
427;;421;214;18;10:10;11:11;Riva-Bezzecca-Concei-Tiarno;"festiva 
estiva";28,00;50; 13 ;AUTOSERVIZI MATTUZZI CLAUDIO & C. S.N.C. ;FC208RJ;57;FE584HG;56;;;960;RIVA DEL G. (Autostaz.)      ;2156;TIARNO DI SOPRA;01/01/2022;11/09/2022;24/06/2023;31/08/2023;estiva festiva;;x;;;;;;;;;x;;;;;;;;;; € 84,00 ;;;;;;2; € -   ; € -   ;;;;2;0;0;0;0; 84,00 € ;;;;;;;;;;;;;;;;;;;;;;;;;;
428;;422;214;639;11:00;11:18;Storo-Tremalzo bv.-Tiarno;"festiva 
estiva";12,50;19; 13 ;SOLETANA VIAGGI S.R.L.;FC188RJ;20;FR954WP;27;;;2314;STORO                        ;  2156RR;TIARNO DI SOPRA;01/01/2022;11/09/2022;24/06/2023;31/08/2023;estiva festiva;;x;;;;;;;;;x;;;;;;;;;; € 37,50 ;;;;;;1; € -   ; € -   ;;;;2;0;0;0;0; 37,50 € ;;;;;;;;;;;;;;;;;;;;;;;;;;
429;;423;214;36;11:12;11:30;"Tiarno-Tremalzo bv.-Storo
";"Estiva
lunedì-sabato a mesi alterni";12,50;19; 34 ;SOLETANA VIAGGI S.R.L.;FC188RJ;20;FR954WP;27;;;  2156RR;TIARNO DI SOPRA;2314;STORO                        ;01/01/2022;11/09/2022;01/07/2023;31/07/2023;estiva feriale lu-sa luglio/settembre;;x;x;;x;x;x;x;x;x;;;;;;;;;;; € 37,50 ;;;;;;1; € -   ; € -   ;;;;9;0;0;0;0; 37,50 € ;;;;;;;;;;;;;;;;;;;;;;;;;;
430;;423 bis;214;36;11:12;11:30;"Tiarno-Tremalzo bv.-Storo
";"Estiva
lunedì-sabato a mesi alterni";12,50;19; 33 ;TN SERVICE LORENZI A CAPITALE RIDOTTO S.R.L. DI TAVELLI ANDREA;EZ943DM;18;ET984ZJ;17;;;  2156RR;TIARNO DI SOPRA;2314;STORO                        ;24/06/2023;30/06/2023;01/08/2023;31/08/2023;estiva feriale lu-sa giugno/agosto;;x;x;;x;x;x;x;x;x;;;;;;;;;;; € 37,50 ;;;;;;1; € -   ; € -   ;;;;0;0;0;0;0; 37,50 € ;;;;;;;;;;;;;;;;;;;;;;;;;;
431;;424;214;741;11:20;12:22;Tiarno-Concei-Bezzecca-Riva;"festiva 
estiva";28,00;50; 13 ;AUTOSERVIZI MATTUZZI CLAUDIO & C. S.N.C. ;FC208RJ;57;FE584HG;56;;;2156;TIARNO DI SOPRA;960;RIVA DEL G. (Autostaz.)      ;01/01/2022;11/09/2022;24/06/2023;31/08/2023;estiva festiva;;x;;;;;;;;;x;;;;;;;;;; € 84,00 ;;;;;;2; € -   ; € -   ;;;;2;0;0;0;0; 84,00 € ;;;;;;;;;;;;;;;;;;;;;;;;;;
432;;425;214;36;11:20;11:38;Tiarno-Tremalzo bv.-Storo;"festiva 
estiva";12,50;19; 13 ;SOLETANA VIAGGI S.R.L.;FC188RJ;20;FR954WP;27;;;  2156RR;TIARNO DI SOPRA;2314;STORO                        ;01/01/2022;11/09/2022;24/06/2023;31/08/2023;estiva festiva;;x;;;;;;;;;x;;;;;;;;;; € 37,50 ;;;;;;1; € -   ; € -   ;;;;2;0;0;0;0; 37,50 € ;;;;;;;;;;;;;;;;;;;;;;;;;;
433;;426;214;38;13:46;14:02;Tiarno Sopra - Storo;"Scolastica
lun+mar+gio+ven";13,00;15; 138 ;TN SERVICE LORENZI A CAPITALE RIDOTTO S.R.L. DI TAVELLI ANDREA;EZ943DM;18;EZ827RB;17;FY833HP;24;2156;TIARNO DI SOPRA;  2314RR;STORO                        ;12/09/2022;09/06/2023;;;scolastica lu, ma, gio, ve;;;;x;x;x;;x;x;;;;;;;;;;;; € 40,79 ;;;;;;1; € -   ; € -   ;;;;12;16;16;12;14; 40,79 € ;;;;;;;;;;;;;;;;;;;;;;;;;;
434;;427;214;66;14:10;15:11;Riva-Bezzecca-Concei-Tiarno;"festiva 
estiva";28,00;30; 13 ;AUTOSERVIZI MATTUZZI CLAUDIO & C. S.N.C. ;FC208RJ;57;FE584HG;56;;;960;RIVA DEL G. (Autostaz.)      ;2156;TIARNO DI SOPRA;01/01/2022;11/09/2022;24/06/2023;31/08/2023;estiva festiva;;x;;;;;;;;;x;;;;;;;;;; € 84,00 ;;;;;;1; € -   ; € -   ;;;;2;0;0;0;0; 84,00 € ;;;;;;;;;;;;;;;;;;;;;;;;;;
435;;428;214;641;15:00;15:18;Storo-Tremalzo bv.-Tiarno;"festiva 
estiva";12,50;19; 13 ;SOLETANA VIAGGI S.R.L.;FC188RJ;20;FR954WP;27;;;2314;STORO                        ;  2156RR;TIARNO DI SOPRA;01/01/2022;11/09/2022;24/06/2023;31/08/2023;estiva festiva;;x;;;;;;;;;x;;;;;;;;;; € 37,50 ;;;;;;1; € -   ; € -   ;;;;2;0;0;0;0; 37,50 € ;;;;;;;;;;;;;;;;;;;;;;;;;;
436;;429;214;42;15:02;15:53;Tiarno - Storo-Baitoni-Darzo-P.di Bono;"scolastica 
da lunedì a venerdì";36,00;22; 174 ;TN SERVICE LORENZI A CAPITALE RIDOTTO S.R.L. DI TAVELLI ANDREA;EZ943DM;18;EZ827RB;17;FY833HP;24;2156;TIARNO DI SOPRA;2305;PIEVE DI BONO                ;12/09/2022;09/06/2023;;;scolastica lu-ve;;;;x;x;x;x;x;x;;;;;;;;;;;; € 106,88 ;;;;;;1; € -   ; € -   ;;;;15;20;21;15;17; 106,88 € ;;;;;;;;;;;;;;;;;;;;;;;;;;
437;;430;214;42;15:14;16:05;Tiarno - Storo - Condino - Pieve di Bono ;"scolastica 
solo giorno di sabato";36,00;8; 34 ;SARCATOUR s.r.l.;FL596HC;17;FM433JT;9;;;2156;TIARNO DI SOPRA;2305;PIEVE DI BONO                ;12/09/2022;09/06/2023;;;scolastica sab;;;;x;;;;;;x;;;;;;;;;;; € 106,44 ;;;;;;1; € -   ; € -   ;;;;2;5;4;3;3; 106,44 € ;;;;;;;;;;;;;;;;;;;;;;;;;;
438;;431;214;745;15:20;16:22;Tiarno-Concei-Bezzecca-Riva;"festiva 
estiva";28,00;50; 13 ;AUTOSERVIZI MATTUZZI CLAUDIO & C. S.N.C. ;FC208RJ;57;FE584HG;56;;;2156;TIARNO DI SOPRA;960;RIVA DEL G. (Autostaz.)      ;01/01/2022;11/09/2022;24/06/2023;31/08/2023;estiva festiva;;x;;;;;;;;;x;;;;;;;;;; € 84,00 ;;;;;;2; € -   ; € -   ;;;;2;0;0;0;0; 84,00 € ;;;;;;;;;;;;;;;;;;;;;;;;;;
439;;432;214;457;16:00;16:18;Storo-Tremalzo bv.-Tiarno;"Estiva
lunedì-sabato a mesi alterni";12,50;19; 34 ;SOLETANA VIAGGI S.R.L.;FC188RJ;20;FR954WP;27;;;2314;STORO                        ;  2156RR;TIARNO DI SOPRA;01/01/2022;11/09/2022;01/07/2023;31/07/2023;estiva feriale lu-sa luglio/settembre;;x;x;;x;x;x;x;x;x;;;;;;;;;;; € 37,50 ;;;;;;1; € -   ; € -   ;;;;9;0;0;0;0; 37,50 € ;;;;;;;;;;;;;;;;;;;;;;;;;;
440;;432 bis;214;457;16:00;16:18;Storo-Tremalzo bv.-Tiarno;"Estiva
lunedì-sabato a mesi alterni";12,50;19; 33 ;TN SERVICE LORENZI A CAPITALE RIDOTTO S.R.L. DI TAVELLI ANDREA;EZ943DM;18;ET984ZJ;17;;;2314;STORO                        ;  2156RR;TIARNO DI SOPRA;24/06/2023;30/06/2023;01/08/2023;31/08/2023;estiva feriale lu-sa giugno/agosto;;x;x;;x;x;x;x;x;x;;;;;;;;;;; € 37,50 ;;;;;;1; € -   ; € -   ;;;;0;0;0;0;0; 37,50 € ;;;;;;;;;;;;;;;;;;;;;;;;;;
441;;433;214;334;16:30;17:31;Riva-Bezzecca-Concei-Tiarno;"festiva 
estiva";28,00;50; 13 ;AUTOSERVIZI MATTUZZI CLAUDIO & C. S.N.C. ;FC208RJ;57;FE584HG;56;;;960;RIVA DEL G. (Autostaz.)      ;2156;TIARNO DI SOPRA;01/01/2022;11/09/2022;24/06/2023;31/08/2023;estiva festiva;;x;;;;;;;;;x;;;;;;;;;; € 84,00 ;;;;;;2; € -   ; € -   ;;;;2;0;0;0;0; 84,00 € ;;;;;;;;;;;;;;;;;;;;;;;;;;
442;;434;214;570;16:30;17:31;Riva-Bezzecca-Concei-Tiarno;"Invernale no scuola
lun-ven";28,00;22; 26 ;AUTOSERVIZI MATTUZZI CLAUDIO & C. S.N.C. ; GF141FZ;29;FL778HC;23;;;960;RIVA DEL G. (Autostaz.)      ;2156;TIARNO DI SOPRA;12/09/2022;23/06/2023;;;invernale feriale no scol lu-ve;x;;x;;;;;;;;;;;;x;x;x;x;x;; € 84,00 ;;;;;;1; € -   ; € -   ;;;;0;1;0;5;4; 84,00 € ;;;;;;;;;;;;;;;;;;;;;;;;;;
443;;435;214;74;17:17;17:35;Tiarno-Tremalzo bv.-Storo;"Estiva
lunedì-sabato a mesi alterni";12,50;19; 34 ;SOLETANA VIAGGI S.R.L.;FC188RJ;20;FR954WP;27;;;  2156RR;TIARNO DI SOPRA;2314;STORO                        ;01/01/2022;11/09/2022;01/07/2023;31/07/2023;estiva feriale lu-sa luglio/settembre;;x;x;;x;x;x;x;x;x;;;;;;;;;;; € 37,50 ;;;;;;1; € -   ; € -   ;;;;9;0;0;0;0; 37,50 € ;;;;;;;;;;;;;;;;;;;;;;;;;;
444;;435 bis;214;74;17:17;17:35;Tiarno-Tremalzo bv.-Storo;"Estiva
lunedì-sabato a mesi alterni";12,50;19; 33 ;TN SERVICE LORENZI A CAPITALE RIDOTTO S.R.L. DI TAVELLI ANDREA;EZ943DM;18;ET984ZJ;17;;;  2156RR;TIARNO DI SOPRA;2314;STORO                        ;24/06/2023;30/06/2023;01/08/2023;31/08/2023;estiva feriale lu-sa giugno/agosto;;x;x;;x;x;x;x;x;x;;;;;;;;;;; € 37,50 ;;;;;;1; € -   ; € -   ;;;;0;0;0;0;0; 37,50 € ;;;;;;;;;;;;;;;;;;;;;;;;;;
445;;436;214;574;17:32;17:50;Tiarno-Tremalzo bv.-Storo;"festiva 
estiva";12,50;19; 13 ;SOLETANA VIAGGI S.R.L.;FC188RJ;20;FR954WP;27;;;  2156RR;TIARNO DI SOPRA;2314;STORO                        ;01/01/2022;11/09/2022;24/06/2023;31/08/2023;estiva festiva;;x;;;;;;;;;x;;;;;;;;;; € 37,50 ;;;;;;1; € -   ; € -   ;;;;2;0;0;0;0; 37,50 € ;;;;;;;;;;;;;;;;;;;;;;;;;;
446;;437;214;41;17:35;18:37;Tiarno-Concei-Bezzecca-Riva;"festiva 
estiva";28,00;50; 13 ;AUTOSERVIZI MATTUZZI CLAUDIO & C. S.N.C. ;FC208RJ;57;FE584HG;56;;;2156;TIARNO DI SOPRA;960;RIVA DEL G. (Autostaz.)      ;01/01/2022;11/09/2022;24/06/2023;31/08/2023;estiva festiva;;x;;;;;;;;;x;;;;;;;;;; € 84,00 ;;;;;;2; € -   ; € -   ;;;;2;0;0;0;0; 84,00 € ;;;;;;;;;;;;;;;;;;;;;;;;;;
447;;438;214;46;18:45;20:19;Riva-Baitoni;"invernale
lunedì-sabato";50;50; 240 ;SOLETANA VIAGGI S.R.L.;GH779KX;58;FJ863YE;56;;;960;RIVA DEL G. (Autostaz.)      ;2323;BAITONI                      ;12/09/2022;23/06/2023;;;invernale feriale lu-sa;x;;x;;x;x;x;x;x;x;;;;;;;;;;;; € 130,00 ;;;;;2;;;;;;17;26;25;25;25; 130,00 € ;;;;;;;;;;;;;;;;;;;;;;;;;;
448;;439;214;385;18:40;19:29;Tiarno-Concei-Bezzecca-Riva;"Invernale no scuola
lun-ven";28,00;22; 26 ;AUTOSERVIZI MATTUZZI CLAUDIO & C. S.N.C. ;FL778HC;23; GF141FZ;29;;;2156;TIARNO DI SOPRA;960;RIVA DEL G. (Autostaz.)      ;12/09/2022;23/06/2023;;;invernale feriale no scol lu-ve;x;;x;;;;;;;;;;;;x;x;x;x;x;; € 75,00 ;;;;;;1; € -   ; € -   ;;;;0;1;0;5;4; 75,00 € ;;;;;;;;;;;;;;;;;;;;;;;;;;
449;;440;214;46;18:45;19:45;Riva-Bezzecca-Concei-Tiarno;"festiva 
estiva";28,00;50; 13 ;AUTOSERVIZI MATTUZZI CLAUDIO & C. S.N.C. ;FC208RJ;57;FE584HG;56;;;960;RIVA DEL G. (Autostaz.)      ;2156;TIARNO DI SOPRA;01/01/2022;11/09/2022;24/06/2023;31/08/2023;estiva festiva;;x;;;;;;;;;x;;;;;;;;;; € 84,00 ;;;;;;2; € -   ; € -   ;;;;2;0;0;0;0; 84,00 € ;;;;;;;;;;;;;;;;;;;;;;;;;;
450;;441;214;46;19:00;20:34;Riva-Baitoni;"Estiva
lunedì-sabato";50;50; 67 ;SOLETANA VIAGGI S.R.L.;GH779KX;58;FJ863YE;56;;;960;RIVA DEL G. (Autostaz.)      ;2323;BAITONI                      ;01/01/2022;11/09/2022;24/06/2023;31/08/2023;estiva feriale lu-sa;;x;x;;x;x;x;x;x;x;;;;;;;;;;;; € 130,00 ;;;;;2;;;;;;9;0;0;0;0; 130,00 € ;;;;;;;;;;;;;;;;;;;;;;;;;;
451;;442;215;135;06:08;07:06;Baitoni-Tione;"invernale
lunedì-sabato";37;50; 240 ;MAESTRI AUGUSTO & C. S.N.C. ;FB997BJ;57;GH939KX;57;GH738AD;38;2323;BAITONI                      ;2290;TIONE (Autostazione)         ;12/09/2022;23/06/2023;;;invernale feriale lu-sa;x;;x;;x;x;x;x;x;x;;;;;;;;;;; € 88,80 ;;;;;;2;;;;; € -   ;17;26;25;25;25; 88,80 € ;;;;;;;;;;;;;;;;;;;;;;;;;;
452;;443;215;585;06:35;06:43;Bondone - Baitoni;"scolastica 
da lunedì a sabato";5,20;19; 208 ;TN SERVICE LORENZI A CAPITALE RIDOTTO S.R.L. DI TAVELLI ANDREA;ET984ZJ;17;EZ827RB;17;EZ779XL;9;2327;Bondone                      ;2323;BAITONI                      ;12/09/2022;09/06/2023;;;scolastica lu-sa;;;;x;x;x;x;x;x;x;;;;;;;;;;; € 16,85 ;;;;;;1; € -   ; € -   ;;; € 3,15 ;17;25;25;18;20; 20,00 € ;;;;;;;;;;;;;;;;;;;;;;;;;;
453;NUOVA;444;215;;06:35;06:45;Loc. Ruc Riccomassimo-Lodrone;"scolastica 
da lunedì a sabato";6,00;5; 208 ;SOLETANA VIAGGI S.R.L.;EX946HC;8;;;;;  2314RU;Storo Al Ruch                 ;  2321RR;Lodrone;12/09/2022;09/06/2023;;;scolastica lu-sa;;;;x;x;x;x;x;x;x;;;;;;;;;;;;; € 18,00 ;;;;1;;;;; € 2,00 ;17;25;25;18;20; 20,00 € ;;;;;;;;;;;;;;;;;;;;;;;;;;
454;bacino 2 estate 2021;445;215;127;06:45;07:43;Baitoni-Tione;Estiva lunedì-venerdì;37;50; 55 ;SOLETANA VIAGGI S.R.L.;FJ863YE;56;GK153FC;61;;;2323;BAITONI                      ;2290;TIONE (Autostazione)         ;01/01/2022;11/09/2022;24/06/2023;31/08/2023;estiva feriale lu-ve;;x;x;;x;x;x;x;x;;;;;;;;;;;;;;;;SOLETANA VIAGGI S.R.L. 4;;2;;;;;;7;0;0;0;0; -   € ; estiva feriale lu-ve ;7;;0;;0;;0;;0;; 300,00 € ;;;;;;;;;;;;;;
455;bacino 2 estate 2021;445 bis;215;127;06:45;07:43;Baitoni-Tione;Estiva sabato;37;50; 12 ;MAESTRI AUGUSTO & C. S.N.C.;FB997BJ;57;GH939KX;57;;;2323;BAITONI                      ;2290;TIONE (Autostazione)         ;01/01/2022;11/09/2022;24/06/2023;31/08/2023;estiva feriale sab;;x;x;;;;;;;x;;;;;;;;;;;;;;;MAESTRI AUGUSTO & C. S.N.C.  Forfait;;2;;;;;;2;0;0;0;0; -   € ;;;;;;;;;;;;;;;;;;;;;;;;;;
456;;446;225;447;06:49;07:04;Brione - Condino;"scolastica 
da lunedì a sabato";6,00;22; 208 ;TN SERVICE LORENZI A CAPITALE RIDOTTO S.R.L. DI TAVELLI ANDREA;EZ943DM;18;EZ779XL;9;;;2312;Brione di Condino            ;2311;CONDINO                      ;12/09/2022;09/06/2023;;;scolastica lu-sa;;;;x;x;x;x;x;x;x;;;;;;;;;;; € 31,30 ;;;;;;1; € -   ; € -   ;;; € -   ;17;25;25;18;20; 31,30 € ;;;;;;;;;;;;;;;;;;;;;;;;;;
457;;447;215;595;07:00;07:15;Bondone - Ponte Caffaro bivio;"scolastica 
da lunedì a sabato";8,50;19; 208 ;TN SERVICE LORENZI A CAPITALE RIDOTTO S.R.L. DI TAVELLI ANDREA;FY833HP;24;EZ827RB;17;EZ779XL;9;2327;Bondone                      ;2322;Ponte Caffaro Bivio          ;12/09/2022;09/06/2023;;;scolastica lu-sa;;;;x;x;x;x;x;x;x;;;;;;;;;;; € 29,12 ;;;;;;1; € -   ; € -   ;;;;17;25;25;18;20; 29,12 € ;;;;;;;;;;;;;;;;;;;;;;;;;;
458;;448;215;;07:00;14:00;Servizio a chiamata Elastibus del Chiese fino Tione 2^ navetta Elastibus Bondone);"feriale 
da lunedì a venerdì";;9; 252 ;TN SERVICE LORENZI A CAPITALE RIDOTTO S.R.L. DI TAVELLI ANDREA;GJ553MK;9;FA919GW;9;EZ943DM (solo orario invernale);18;2327;Bondone                      ;2290;TIONE (Autostazione)         ;01/09/2022;31/08/2023;;;annuale feriale lu-ve elastibus;x;x;x;;x;x;x;x;x;;;;;;;;;;;; € 216,74 ;;;;;;1;;;;;;22;21;21;20;21; 122,45 € ;;; 3.492,00 ;; 4.195,80 ;; 3.509,00 ;; 3.397,30 ;; 4.744,50 ;;;;;;;;;;;;;;;
459;variazione da capitolato;449;215;127;07:00;07:46;Ca' Rossa-Fontanedo-Tione-Istituto;"scolastica 
da lunedì a venerdì";26,5;50; 174 ;AUTONOLEGGI FILIPPI S.R.L. UNIPERSONALE;FF887CS;57;FT942AZ (Tn Service);60;GK228BZ (TN Service);57;  2313RR;Ca' Rossa;  2290IS;Tione - Istituto             ;12/09/2022;09/06/2023;;;scolastica lu-ve;;;;x;x;x;x;x;x;;;;;;;;;;;; € 246,20 ;;;;;;2; € -   ; € -   ;;;;15;20;21;15;17; 246,20 € ;;;;;;;;;;;;;;;;;;;;;;;;;;
460;;450;215;467;07:10;07:15;Prezzo - Pieve di Bono;"scolastica 
da lunedì a sabato";3,00;8; 208 ;MAESTRI AUGUSTO & C. S.N.C. ;EK946GV;9;FW907WP;9;;;2307;Prezzo                       ;2305;PIEVE DI BONO                ;12/09/2022;09/06/2023;;;scolastica lu-sa;;;;x;x;x;x;x;x;x;;;;;;;;;;; € 12,38 ;;;;;;1; € -   ; € -   ;;;;17;25;25;18;20; 12,38 € ;;;;;;;;;;;;;;;;;;;;;;;;;;
461;NUOVA;451;215;593;07:58;08:58;Baitoni-Tione;"Invernale
sabato";37,00;50; 38 ;TN SERVICE LORENZI A CAPITALE RIDOTTO S.R.L. DI TAVELLI ANDREA;FT942AZ;60;FF887CS (Aut. Filippi);57;;;2323;BAITONI       ;2290;TIONE Autostazione            ;12/09/2022;23/06/2023;;;invernale feriale sab;x;;x;;;;;;;x;;;;;;;;;;;;; € 111,00 ;;;58;2;;;;;;2;5;4;5;4; 111,00 € ; invernale feriale sab ;2;;5;;4;;5;;4;; 180,00 € ;;;;;;;;;;;;;;
462;bacino 2 estate 2021;452;215;602;07:59;08:59;Tione-Baitoni;"estiva
sabato ";37;50; 12 ;MAESTRI AUGUSTO & C. S.N.C. ;FB997BJ;57;GH939KX;57;;;2290;TIONE (Autostazione)         ;2323;BAITONI                      ;01/01/2022;11/09/2022;24/06/2023;31/08/2023;estiva feriale sab;;x;x;;;;;;;x;;;;;;;;;;;;;;;MAESTRI AUGUSTO & C. S.N.C. ;;2;;;;;;2;0;0;0;0; -   € ;;;;;;;;;;;;;;;;;;;;;;;;;;
463;NUOVA;453;215;603;08:58;09:56;Baitoni-Tione;"invernale
lunedì-sabato";37;50; 240 ;TN SERVICE LORENZI A CAPITALE RIDOTTO S.R.L. DI TAVELLI ANDREA;FT942AZ (lu-ve);60;GK228BZ;57;FF887CS (Aut. Filippi);57;2323;BAITONI                      ;2290;TIONE (Autostazione)         ;12/09/2022;23/06/2023;;;invernale feriale lu-sa;x;;x;;x;x;x;x;x;x;;;;;;;;;;;;; € 111,00 ;;;;2;;;;;;17;26;25;25;25; 111,00 € ;;;;;;;;;;;;;;;;;;;;;;;;;;
464;bacino 2 estate 2021;454;215;136;09:00;10:00;Tione-Baitoni;Estiva lunedì-venerdì;37;50; 55 ;SOLETANA VIAGGI S.R.L.;FJ863YE;56;GK153FC;61;;;2290;TIONE (Autostazione)         ;2323;BAITONI                      ;01/01/2022;11/09/2022;24/06/2023;31/08/2023;estiva feriale lu-ve;;x;x;;x;x;x;x;x;;;;;;;;;;;;;;;;SOLETANA VIAGGI S.R.L. 4;;2;;;;;;7;0;0;0;0; -   € ;;;;;;;;;;;;;;;;;;;;;;;;;;
465;bacino 2 estate 2021;454 bis;215;136;09:00;10:00;Tione-Baitoni;Estiva sabato;37;50; 12 ;TRENTINOBUS SRL;FZ833BE;54;CS792NG;45;FG405XM;28;2290;TIONE (Autostazione)         ;2323;BAITONI                      ;01/01/2022;11/09/2022;24/06/2023;31/08/2023;estiva feriale sab;;x;x;;;;;;;x;;;;;;;;;;;;;;;TRENTINOBUS SRL forfait;;2;;;;;;2;0;0;0;0; -   € ;;;;;;;;;;;;;;;;;;;;;;;;;;
466;;455;215; ;09:15;18:30;Servizio a chiamata Elastibus del Chiese fino Tione 1^ navetta Elastibus Pieve Bono);"feriale 
da lunedì a venerdì";;22; 252 ;TN SERVICE LORENZI A CAPITALE RIDOTTO S.R.L. DI TAVELLI ANDREA;GD933VT;7;EZ827RB;17;EZ779XL;9;2305;PIEVE DI BONO                ;2290;TIONE (Autostazione)         ;01/09/2022;31/08/2023;;;annuale feriale lu-ve elastibus;x;x;x;;x;x;x;x;x;;;;;;;;;;;; € 251,87 ;;;;;;1;;;;;;22;21;21;20;21; 122,45 € ;;; 4.368,00 ;; 3.109,55 ;; 3.033,00 ;; 3.042,90 ;; 3.004,30 ;;;;;;;;;;;;;;;
467;;456;215;138;10:00;11:00;Tione-Baitoni;"invernale
lunedì-sabato";44;50; 240 ;MAESTRI AUGUSTO & C. S.N.C. ;FB997BJ;57;GH939KX;57;GH738AD;38;2290;TIONE (Autostazione)         ;2323;BAITONI                      ;12/09/2022;23/06/2023;;;invernale feriale lu-sa;x;;x;;x;x;x;x;x;x;;;;;;;;;;; € 88,80 ;;;;;;2;;;;;;17;26;25;25;25; 88,80 € ;;;;;;;;;;;;;;;;;;;;;;;;;;
468;bacino 2 estate 2021;457;215;595;11:30;12:59;Baitoni-Tione;"Estiva
lunedì-sabato";37;50; 67 ;TN SERVICE LORENZI A CAPITALE RIDOTTO S.R.L. DI TAVELLI ANDREA;GK228BZ;57;FT942AZ;60;FF887CS (Aut. Filippi);57;2323;BAITONI                      ;2290;TIONE (Autostazione)         ;01/01/2022;11/09/2022;24/06/2023;31/08/2023;estiva feriale lu-sa;;x;x;;x;x;x;x;x;x;;;;;;;;;;;;;;;TN SERVICE LORENZI A CAPITALE RIDOTTO S.R.L. DI TAVELLI ANDREA;;2;;;;;;9;0;0;0;0; -   € ; estiva feriale lu-sa ;9;;0;;0;;0;;0;; 350,00 € ;;;;;;;;;;;;;;
469;bacino 2 estate 2021;458;215;606;11:59;12:59;Tione-Baitoni;"Estiva
lunedì-sabato";37;50; 67 ;MAESTRI AUGUSTO & C. S.N.C. ;FB997BJ;57;GH939KX;57;;;2290;TIONE (Autostazione)         ;2323;BAITONI                      ;01/01/2022;11/09/2022;24/06/2023;31/08/2023;estiva feriale lu-sa;;x;x;;x;x;x;x;x;x;;;;;;;;;;;;;;;MAESTRI AUGUSTO & C. S.N.C. ;;2;;;;;;9;0;0;0;0; -   € ;;;;;;;;;;;;;;;;;;;;;;;;;;
470;NUOVA;459;215;606;11:59;12:59;Tione-Baitoni;"invernale
lunedì-sabato";37;50; 240 ;TN SERVICE LORENZI A CAPITALE RIDOTTO S.R.L. DI TAVELLI ANDREA;FT942AZ;60;FF887CS (Aut. Filippi);57;GK228BZ (sabato);57;2290;TIONE (Autostazione)         ;2323;BAITONI                      ;12/09/2022;23/06/2023;;;invernale feriale lu-sa;x;;x;;x;x;x;x;x;x;;;;;;;;;;;;; € 111,00 ;;;;2;;;;;;17;26;25;25;25; 111,00 € ;;;;;;;;;;;;;;;;;;;;;;;;;;
471;bacino 2 estate 2021;460;215;129;12:20;13:18;Baitoni-Tione;"Estiva
lunedì-venerdì";37;50; 55 ;SOLETANA VIAGGI S.R.L.;GH779KX;58;GK153FC;61;FJ863YE;56;2323;BAITONI                      ;2290;TIONE (Autostazione)         ;01/01/2022;11/09/2022;24/06/2023;31/08/2023;estiva feriale lu-ve;;x;x;;x;x;x;x;x;;;;;;;;;;;;;;;;SOLETANA VIAGGI S.R.L. 4;;2;;;;;;7;0;0;0;0; -   € ;;;;;;;;;;;;;;;;;;;;;;;;;;
472;bacino 2 estate 2021;461;215;140;12:32;13:32;Tione-Baitoni;"Estiva
lunedì-sabato";37;50; 67 ;TN SERVICE LORENZI A CAPITALE RIDOTTO S.R.L. DI TAVELLI ANDREA;GK228BZ;57;FT942AZ;60;FF887CS (Aut. Filippi);57;2290;TIONE (Autostazione)         ;2323;BAITONI                      ;01/01/2022;11/09/2022;24/06/2023;31/08/2023;estiva feriale lu-sa;;x;x;;x;x;x;x;x;x;;;;;;;;;;;;;;;TN SERVICE LORENZI A CAPITALE RIDOTTO S.R.L. DI TAVELLI ANDREA;;2;;;;;;9;0;0;0;0; -   € ;;;;;;;;;;;;;;;;;;;;;;;;;;
473;;462;215;140;12:32;13:32;Tione - Baitoni;"Invernale 
festiva";37,00;55; 47 ;TRENTINOBUS SRL;FN299MX;37;FG405XM;29;CS792NG;45;2290;TIONE (Autostazione)         ;2323;BAITONI                      ;12/09/2022;23/06/2023;;;invernale festiva;x;;;;;;;;;;x;;;;;;;;;; € 89,00 ;;;;;;2; € -   ; € 22,00 ;;;;2;5;5;6;6; 111,00 € ;;;;;;;;;;;;;;;;;;;;;;;;;;
474;;463;215;140;12:35;13:46;Tione-Baitoni;"scolastica 
da lunedì a venerdì";37,00;55; 174 ;TN SERVICE LORENZI A CAPITALE RIDOTTO S.R.L. DI TAVELLI ANDREA;GK228BZ;57;FF887CS (Aut. Filippi);57;;;  2290IS;Tione - Istituto             ;2323;BAITONI                      ;12/09/2022;09/06/2023;;;scolastica lu-ve;;;;x;x;x;x;x;x;;;;;;;;;;;; € 111,00 ;;;;;;2; € -   ; € -   ;;;;15;20;21;15;17; 111,00 € ;;;;;;;;;;;;;;;;;;;;;;;;;;
475;;464;215;349;12:55;13:09;Ponte Caffaro - Bondone ;"scolastica 
sabato";8,70;9; 34 ;TN SERVICE LORENZI A CAPITALE RIDOTTO S.R.L. DI TAVELLI ANDREA;GJ553MK;9;EZ827RB;17;FA919GW;9;  2322BP;Ponte Caffaro Bar Ponte      ;2327;Bondone                      ;12/09/2022;09/06/2023;;;scolastica sab;;;;x;;;;;;x;;;;;;;;;;; € 26,10 ;;;;;;1; € -   ; € -   ;;;;2;5;4;3;3; 26,10 € ;;;;;;;;;;;;;;;;;;;;;;;;;;
476;;465;215;363;13:00;13:19;Ponte Caffaro-Storo-Baitoni;"scolastica 
da lunedì a sabato";13;40; 208 ;SOLETANA VIAGGI S.R.L.;FJ863YE;56;GK153FC;61;;;2322;Ponte Caffaro bivio          ;2323;BAITONI                      ;12/09/2022;09/06/2023;;;scolastica lu-sa;;;;x;x;x;x;x;x;x;;;;;;;;;;;;;;SOLETANA VIAGGI S.R.L. 2;;;2;;;;;;17;25;25;18;20; -   € ;;;;;;;;;;;;;;;;;;;;;;;;;;
477;bacino 2 estate 2021;466;215;611;13:05;14:03;Baitoni-Tione;"Estiva
lunedì-sabato";37;50; 67 ;MAESTRI AUGUSTO & C. S.N.C. ;FB997BJ;57;GH939KX;57;;;2323;BAITONI                      ;2290;TIONE (Autostazione)         ;01/01/2022;11/09/2022;24/06/2023;31/08/2023;estiva feriale lu-sa;;x;x;;x;x;x;x;x;x;;;;;;;;;;;;;;;MAESTRI AUGUSTO & C. S.N.C. ;;2;;;;;;9;0;0;0;0; -   € ;;;;;;;;;;;;;;;;;;;;;;;;;;
478;NUOVA;467;215;611;13:05;14:03;Baitoni-Tione;"invernale
lunedì-sabato";37;50; 240 ;TN SERVICE LORENZI A CAPITALE RIDOTTO S.R.L. DI TAVELLI ANDREA;FT942AZ;60;FF887CS (Aut. Filippi);57;GK228BZ (sabato);57;2323;BAITONI                      ;2290;TIONE (Autostazione)         ;12/09/2022;23/06/2023;;;invernale feriale lu-sa;x;;x;;x;x;x;x;x;x;;;;;;;;;;;;; € 111,00 ;;;;2;;;;;;17;26;25;25;25; 111,00 € ;;;;;;;;;;;;;;;;;;;;;;;;;;
479;;468;225;448;13:14;13:28;Condino - Brione ;"scolastica 
solo venerdì e sabato";6,00;22; 70 ;TN SERVICE LORENZI A CAPITALE RIDOTTO S.R.L. DI TAVELLI ANDREA;ET984ZJ;17;EZ827RB;17;FY833HP;24;2311;CONDINO                      ;2312;Brione di Condino            ;12/09/2022;09/06/2023;;;scolastica ve, sa;;;;x;;;;;x;x;;;;;;;;;;; € 31,30 ;;;;;;1; € -   ; € -   ;;;;5;9;8;6;6; 31,30 € ;;;;;;;;;;;;;;;;;;;;;;;;;;
480;;469;215;602;13:35;13:43;Baitoni-Bondone;"scolastica 
solo mar-gio-ven";5,30;9; 104 ;TN SERVICE LORENZI A CAPITALE RIDOTTO S.R.L. DI TAVELLI ANDREA;EZ779XL;9;EZ827RB;17;FA919GW;9;2323;BAITONI                      ;2327;Bondone                      ;12/09/2022;09/06/2023;;;scolastica ma, gio, ve;;;;x;;x;;x;x;;;;;;;;;;;; € 15,90 ;;;;;;1; € -   ; € -   ;;;;9;12;12;9;10; 15,90 € ;;;;;;;;;;;;;;;;;;;;;;;;;;
481;;470;215;588;13:50;13:58;Baitoni-Bondone;"scolastica 
solo sabato ";5,30;9; 34 ;TN SERVICE LORENZI A CAPITALE RIDOTTO S.R.L. DI TAVELLI ANDREA;EZ779XL;9;EZ827RB;17;FA919GW;9;2323;BAITONI                      ;2327;Bondone                      ;12/09/2022;09/06/2023;;;scolastica sab;;;;x;;;;;;x;;;;;;;;;;; € 15,90 ;;;;;;1; € -   ; € -   ;;;;2;5;4;3;3; 15,90 € ;;;;;;;;;;;;;;;;;;;;;;;;;;
482;frequenza corretta da capitolato;471;215;131;13:58;14:48;Baitoni-Tione;festiva invernale;37;40; 45 ;TRENTINOBUS SRL;FN299MX;37;FG405XM;29;CS792NG;45;2323;BAITONI                      ;2290;TIONE (Autostazione)         ;12/09/2022;23/06/2023;;;invernale festiva;x;;;;;;;;;;x;;;;;;;;;; € 89,00 ;;;;;;2; € -   ; € 22,00 ;;;;2;5;5;6;6; 111,00 € ;;;;;;;;;;;;;;;;;;;;;;;;;;
483;;472;215;349;13:55;14:09;Ponte Caffaro - Bondone ;"scolastica 
gio+ven";8,70;9; 70 ;TN SERVICE LORENZI A CAPITALE RIDOTTO S.R.L. DI TAVELLI ANDREA;GJ553MK;9;EZ827RB;17;FA919GW;9;  2322BP;Ponte Caffaro Bar Ponte      ;2327;Bondone                      ;12/09/2022;09/06/2023;;;scolastica gio, ve;;;;x;;;;x;x;;;;;;;;;;;; € 26,10 ;;;;;;1; € -   ; € -   ;;;;6;8;8;6;6; 26,10 € ;;;;;;;;;;;;;;;;;;;;;;;;;;
484;;473;215;38;14:02;14:08;Storo-Baitoni;"Scolastica
lun+mar+gio+ven";6,00;15; 138 ;TN SERVICE LORENZI A CAPITALE RIDOTTO S.R.L. DI TAVELLI ANDREA;EZ943DM;18;EZ827RB;17;FY833HP;24;  2314RR;STORO                        ;2323;BAITONI                      ;12/09/2022;09/06/2023;;;scolastica lu, ma, gio, ve;;;;x;x;x;;x;x;;;;;;;;;;;; € 18,00 ;;;;;;1; € -   ; € -   ;;;;12;16;16;12;14; 18,00 € ;;;;;;;;;;;;;;;;;;;;;;;;;;
485;;474;215;478;14:04;14:08;Pieve di Bono (loc. Creto) - Prezzo ;"scolastica 
da lunedì a venerdì";2,50;8; 174 ;MAESTRI AUGUSTO & C. S.N.C. ;EK946GV;9;FW907WP;9;FR892WP;21;2305;PIEVE DI BONO                ;2307;Prezzo                       ;12/09/2022;09/06/2023;;;scolastica lu-ve;;;;x;x;x;x;x;x;;;;;;;;;;;; € 4,50 ;;;;;;1; € 0,50 ; € -   ;;;;15;20;21;15;17; 5,00 € ;;;;;;;;;;;;;;;;;;;;;;;;;;
486;;475;225;441;14:10;14:25;Condino - Brione ;"scolastica 
da lunedì a venerdì";6,00;22; 174 ;TN SERVICE LORENZI A CAPITALE RIDOTTO S.R.L. DI TAVELLI ANDREA;ET984ZJ;17;FA919GW;9;FY833HP;24;2311;CONDINO                      ;2312;Brione di Condino            ;12/09/2022;09/06/2023;;;scolastica lu-ve;;;;x;x;x;x;x;x;;;;;;;;;;;; € 31,30 ;;;;;;1; € -   ; € -   ;;;;15;20;21;15;17; 31,30 € ;;;;;;;;;;;;;;;;;;;;;;;;;;
487;Eliminata (Soletana);476;215;142;14:23;15:23;Tione-Baitoni;"invernale 
solo sabato non scol.";38;40; 3 ;SOLETANA VIAGGI S.R.L.;;;;;;;;;;;12/09/2022;29/10/2023;;;invernale feriale no scol sab;x;;x;;;;;;;;;;;;;;;;;x;;;;;;;;;;;;;;;;;;;;;;;;;;;;;;;;;;;;;;;;;;;;
488;;477;215;604;14:30;14:38;Baitoni-Bondone;"scolastica 
solo lun+mer";5,30;9; 69 ;TN SERVICE LORENZI A CAPITALE RIDOTTO S.R.L. DI TAVELLI ANDREA;EZ827RB;17;EZ779XL;9;FA919GW;9;2323;BAITONI                      ;2327;Bondone                      ;12/09/2022;09/06/2023;;;scolastica lu, me;;;;x;x;;x;;;;;;;;;;;;;; € 15,90 ;;;;;;1; € -   ; € -   ;;;;6;8;9;6;7; 15,90 € ;;;;;;;;;;;;;;;;;;;;;;;;;;
489;;478;215;610;14:32;14:47;Storo - Lodrone - Baitoni;"scolastica 
da lunedì a venerdì";9,00;16; 174 ;TN SERVICE LORENZI A CAPITALE RIDOTTO S.R.L. DI TAVELLI ANDREA;ET984ZJ;17;EZ827RB;17;FA919GW;9;  2314RR;STORO                        ;2323;BAITONI                      ;12/09/2022;09/06/2023;;;scolastica lu-ve;;;;x;x;x;x;x;x;;;;;;;;;;;; € 16,20 ;;;;;;1; € 1,80 ; € -   ;;;;15;20;21;15;17; 18,00 € ;;;;;;;;;;;;;;;;;;;;;;;;;;
490;;479;215;40;14:41;14:53;Condino-Pieve di Bono - Strada ;"scolastica 
da lunedì a giovedì";7,50;19; 137 ;MAESTRI AUGUSTO & C. S.N.C. ;FR892WP;21;EK946GV;9;FW907WP;9;2311;CONDINO                      ;2304;Strada;12/09/2022;09/06/2023;;;scolastica lu, ma, me, gio;;;;x;x;x;x;x;;;;;;;;;;;;; € 13,50 ;;;;;;1; € 1,50 ; € -   ;;;;12;16;17;12;14; 15,00 € ;;;;;;;;;;;;;;;;;;;;;;;;;;
491;;480;215;349;14:55;15:09;Ponte Caffaro - Bondone ;"scolastica 
lun+mar+mer";8,70;9; 103 ;TN SERVICE LORENZI A CAPITALE RIDOTTO S.R.L. DI TAVELLI ANDREA;GJ553MK;9;EZ827RB;17;FA919GW;9;  2322BP;Ponte Caffaro Bar Ponte      ;2327;Bondone                      ;12/09/2022;09/06/2023;;;scolastica lu, ma, me;;;;x;x;x;x;;;;;;;;;;;;;; € 26,10 ;;;;;;1; € -   ; € -   ;;;;9;12;13;9;11; 26,10 € ;;;;;;;;;;;;;;;;;;;;;;;;;;
492;bacino 2 estate 2021;481;215;142;15:00;16:00;Tione-Baitoni;"Estiva
lunedì-sabato";37;50; 67 ;MAESTRI AUGUSTO & C. S.N.C. ;FB997BJ;57;GH939KX;57;;;2290;TIONE (Autostazione)         ;2323;BAITONI                      ;01/01/2022;11/09/2022;24/06/2023;31/08/2023;estiva feriale lu-sa;;x;x;;x;x;x;x;x;x;;;;;;;;;;;;;;;MAESTRI AUGUSTO & C. S.N.C. ;;2;;;;;;9;0;0;0;0; -   € ;;;;;;;;;;;;;;;;;;;;;;;;;;
493;bacino 2 estate 2021;482;215;133;15:58;16:56;Baitoni-Tione;"Estiva
lunedì-sabato";37;50; 67 ;TRENTINOBUS SRL;FZ833BE;54;CS792NG;45;FG405XM;28;2323;BAITONI                      ;2290;TIONE (Autostazione)         ;01/01/2022;11/09/2022;24/06/2023;31/08/2023;estiva feriale lu-sa;;x;x;;x;x;x;x;x;x;;;;;;;;;;;;;;;TRENTINOBUS SRL;;2;;;;;;9;0;0;0;0; -   € ;;;;;;;;;;;;;;;;;;;;;;;;;;
494;NUOVA;483;215;133;15:58;16:56;Baitoni-Tione;"invernale
lunedì-sabato";37;50; 240 ;MAESTRI AUGUSTO & C. S.N.C. ;FB997BJ;57;GH939KX;57;GH738AD;38;2323;BAITONI                      ;2290;TIONE (Autostazione)         ;12/09/2022;23/06/2023;;;invernale feriale lu-sa;x;;x;;x;x;x;x;x;x;;;;;;;;;;;;; € 111,00 ;;;;2;;;;;;17;26;25;25;25; 111,00 € ;;;;;;;;;;;;;;;;;;;;;;;;;;
495;;484;225;452;17:00;17:15;Condino - Brione ;"scolastica 
da lunedì a giovedì";6,00;22; 137 ;TN SERVICE LORENZI A CAPITALE RIDOTTO S.R.L. DI TAVELLI ANDREA;FY833HP;24;EZ827RB;17;ET984ZJ;17;2311;CONDINO                      ;2312;Brione di Condino            ;12/09/2022;09/06/2023;;;scolastica lu, ma, me, gio;;;;x;x;x;x;x;;;;;;;;;;;;; € 31,30 ;;;;;;1; € -   ; € -   ;;;;12;16;17;12;14; 31,30 € ;;;;;;;;;;;;;;;;;;;;;;;;;;
496;bacino 2 estate 2021;485;215;146;18:11;19:11;Tione-Baitoni;"Estiva
lunedì-sabato";37;50; 67 ;TRENTINOBUS SRL;FZ833BE;54;CS792NG;45;FG405XM;28;2290;TIONE (Autostazione)         ;2323;BAITONI                      ;01/01/2022;11/09/2022;24/06/2023;31/08/2023;estiva feriale lu-sa;;x;x;;x;x;x;x;x;x;;;;;;;;;;;;;;;TRENTINOBUS SRL;;2;;;;;;9;0;0;0;0; -   € ;;;;;;;;;;;;;;;;;;;;;;;;;;
497;eliminata nuova dall'inizio;486;215;146;18:11;19:11;Tione-Baitoni;"Invernale
sabato";37;50;;NULLA;;;;;;;;;;;;;;;;;;;;;;;;;;;;;;;;;;;;;;;;;;;;;;;;;;;;;;;;;;;;;;;;;;;;;;;;;;;;;;;
498;bacino 2 estate 2021;487;215;633;18:58;19:56;Baitoni-Tione;"Estiva
lunedì-sabato";37;50; 67 ;TN SERVICE LORENZI A CAPITALE RIDOTTO S.R.L. DI TAVELLI ANDREA;GK228BZ;57;FT942AZ;60;FF887CS (Aut. Filippi);57;2323;BAITONI                      ;2290;TIONE (Autostazione)         ;01/01/2022;11/09/2022;24/06/2023;31/08/2023;estiva feriale lu-sa;;x;x;;x;x;x;x;x;x;;;;;;;;;;;;;;;TN SERVICE LORENZI A CAPITALE RIDOTTO S.R.L. DI TAVELLI ANDREA;;2;;;;;;9;0;0;0;0; -   € ;;;;;;;;;;;;;;;;;;;;;;;;;;
499;frequenza corretta da capitolato;488;215;424;18:59;19:59;Tione-Baitoni;"invernale
lunedì-sabato";37;50; 240 ;TRENTINOBUS SRL;FG405XM;29;FN299MX;37;GC420NL;29;2290;TIONE (Autostazione)         ;2323;BAITONI                      ;12/09/2022;23/06/2023;;;invernale feriale lu-sa;x;;x;;x;x;x;x;x;x;;;;;;;;;;; € 91,64 ;;;;;;2; € -   ; € 19,36 ;;;;17;26;25;25;25; 111,00 € ;;;;;;;;;;;;;;;;;;;;;;;;;;
500;bacino 2 estate 2021;489;215;426;19:59;20:59;Tione-Baitoni;"Estiva
lunedì-sabato";37;50; 67 ;TN SERVICE LORENZI A CAPITALE RIDOTTO S.R.L. DI TAVELLI ANDREA;GK228BZ;57;FT942AZ;60;FF887CS (Aut. Filippi);57;2290;TIONE (Autostazione)         ;2323;BAITONI                      ;01/01/2022;11/09/2022;24/06/2023;31/08/2023;estiva feriale lu-sa;;x;x;;x;x;x;x;x;x;;;;;;;;;;;;;;;TN SERVICE LORENZI A CAPITALE RIDOTTO S.R.L. DI TAVELLI ANDREA;;2;;;;;;9;0;0;0;0; -   € ;;;;;;;;;;;;;;;;;;;;;;;;;;
501;variazione km capitolato;490;215;593;20:30;21:54;Vestone - Tione;"invernale feriale 
solo venerdì";54,00;22; 41 ;SOLETANA VIAGGI S.R.L.;FC188RJ;20;FR954WP;27;;;2330;VESTONE                      ;2290;TIONE Autostazione            ;12/09/2022;23/06/2023;;;invernale feriale ven;x;;x;;;;;;x;;;;;;;;;;;; € 124,50 ;;;;;;1; € -   ; € -   ;;;;3;4;4;5;3; 124,50 € ;;;;;;;;;;;;;;;;;;;;;;;;;;
502;;491;216;48;13:09;13:23;Preore-Montagne;"scolastica 
da lunedì a venerdì";5,50;19; 174 ;TRENTINOBUS SRL;FG405XM;29;GC420NL;29;GG015PN;25;2251;Preore                       ;2280;MONTAGNE (Binio)             ;12/09/2022;09/06/2023;;;scolastica lu-ve;;;;x;x;x;x;x;x;;;;;;;;;;;; € 9,90 ;;;;;;1; € 1,10 ; € -   ;;;;15;20;21;15;17; 11,00 € ;;;;;;;;;;;;;;;;;;;;;;;;;;
503;;492;216;45;13:25;14:10;Montagne-Tione;"scolastica 
da lunedì a venerdì";20,00;19; 174 ;TRENTINOBUS SRL;FG405XM;29;GC420NL;29;GG015PN;25;2280;MONTAGNE (Binio)             ;2290;TIONE (Autostazione)         ;12/09/2022;09/06/2023;;;scolastica lu-ve;;;;x;x;x;x;x;x;;;;;;;;;;;; € 36,00 ;;;;;;1; € 4,00 ; € -   ;;;;15;20;21;15;17; 40,00 € ;;;;;;;;;;;;;;;;;;;;;;;;;;
504;;493;216;398;16:07;16:55;Tione - Montagne;"scolastica 
da lunedì a giovedì";19,00;22; 137 ;AUTONOLEGGI FILIPPI S.R.L. UNIPERSONALE;FE856YK;21;FM492NR;22;FN174MX;23;  2290IS;Tione - Istituto             ;2280;MONTAGNE (Binio)             ;12/09/2022;09/06/2023;;;scolastica lu, ma, me, gio;;;;x;x;x;x;x;;;;;;;;;;;;; € 47,50 ;;;;;;1; € -   ; € -   ;;;;12;16;17;12;14; 47,50 € ;;;;;;;;;;;;;;;;;;;;;;;;;;
505;Eliminata dall'inizio (Soletana);494;217;;14:05;14:15;Tione-Tione-Ospedale-Tione;"invernale
da lunedì a venerdì";4;50;;NULLA;;;;;;;;;;;;;;;;;;;;;;;;;;;;;;;;;;;;;;;;;;;;;;;;;;;;;;;;;;;;;;;;;;;;;;;;;;;;;;;
506;;495;218;407;13:45;13:49;Masi di Vigo - Vigo Cavedine;"scolastica 
da lunedì a sabato";4,00;16; 208 ;PEDERZOLLI DENIS;ET415HZ;17;GH078PC;21;;;  2055ST;Masi di Sotto  civ. 6        ;2054;VIGO CAVEDINE                ;12/09/2022;09/06/2023;;;scolastica lu-sa;;;;x;x;x;x;x;x;x;;;;;;;;;;; € 12,77 ;;;;;;1; € -   ; € -   ;;;;17;25;25;18;20; 12,77 € ;;;;;;;;;;;;;;;;;;;;;;;;;;
507;;496;218;408;13:50;13:55;Vigo Cavedine - Masi di Vigo;"scolastica 
da lunedì a sabato";4,00;16; 208 ;PEDERZOLLI DENIS;ET415HZ;17;GH078PC;21;;;2054;VIGO CAVEDINE                ;  2055ST;Masi di Sotto  civ. 6        ;12/09/2022;09/06/2023;;;scolastica lu-sa;;;;x;x;x;x;x;x;x;;;;;;;;;;; € 12,77 ;;;;;;1; € -   ; € -   ;;;;17;25;25;18;20; 12,77 € ;;;;;;;;;;;;;;;;;;;;;;;;;;
508;;497;218;410;14:25;14:36;Vigo Cavedine - Masi di Vigo - Drena;"scolastica 
da lunedì a sabato";7,50;16; 208 ;PEDERZOLLI DENIS;ET415HZ;17;GH078PC;21;;;2054;VIGO CAVEDINE                ;2057;DRENA                        ;12/09/2022;09/06/2023;;;scolastica lu-sa;;;;x;x;x;x;x;x;x;;;;;;;;;;; € 19,07 ;;;;;;1; € -   ; € -   ;;;;17;25;25;18;20; 19,07 € ;;;;;;;;;;;;;;;;;;;;;;;;;;
509;;498;224;149;06:35;06:49;Lagolo-Lasino;"scolastica 
da lunedì a sabato";10,00;16; 208 ;PEDERZOLLI DENIS;FA893GW;9; FW805WP;7;;;2670;LAGOLO                       ;2049;Lasino                       ;12/09/2022;09/06/2023;;;scolastica lu-sa;;;;x;x;x;x;x;x;x;;;;;;;;;;; € 30,00 ;;;;;;1; € -   ; € -   ;;; € -   ;17;25;25;18;20; 30,00 € ;;;;;;;;;;;;;;;;;;;;;;;;;;
510;;499;231;62;06:42;07:45;Tione - M. di Campiglio C.Carlo Magno;invernale giornaliera;33,00;50; 287 ;TRENTINOBUS SRL;FZ833BE;54;CS792NG;45;FN299MX;37;2290;TIONE (Autostazione)         ;958;CAMPO CARLOMAGNO             ;12/09/2022;23/06/2023;;;invernale giornaliera;x;;x;;x;x;x;x;x;x;x;;;;;;;;;; € 118,06 ;;;;;;2; € -   ; € -   ;;; € -   ;19;31;30;31;31; 118,06 € ;;;;;;;;;;;;;;;;;;;;;;;;;;
511;;500;231;63;07:10;07:15;Massimeno - Giustino;"scolastica 
da lunedì a venerdì";2,00;8; 174 ;TN SERVICE LORENZI A CAPITALE RIDOTTO S.R.L. DI TAVELLI ANDREA;ET984ZJ;17;EZ827RB;17;;;2439;Massimeno                    ;2440;Giustino                     ;12/09/2022;09/06/2023;;;scolastica lu-ve;;;;x;x;x;x;x;x;;;;;;;;;;;; € 10,00 ;;;;;;1; € -   ; € -   ;;;;15;20;21;15;17; 10,00 € ;;;;;;;;;;;;;;;;;;;;;;;;;;
512;NUOVA;501;231;253;07:52;08:58;C.C.Magno-Tione;"invernale
lunedì-sabato";33;50; 240 ;TRENTINOBUS SRL;FZ833BE;54;CS792NG;45;FN299MX;37;958;CAMPO CARLOMAGNO             ;2290;TIONE (Autostazione)         ;12/09/2022;23/06/2023;;;invernale feriale lu-sa;x;;x;;x;x;x;x;x;x;;;;;;;;;;;;; € 99,00 ;;;;2;;;;;;17;26;25;25;25; 99,00 € ;;;;;;;;;;;;;;;;;;;;;;;;;;
513;bacino 2 estate 2021;502;231;932;11:16;12:19;Tione-C.C.Magno;"festiva 
estiva";33;50; 13 ;SOLETANA VIAGGI S.R.L.;FJ863YE;56;;;;;2290;TIONE (Autostazione)         ;958;CAMPO CARLOMAGNO             ;01/01/2022;11/09/2022;24/06/2023;31/08/2023;estiva festiva;;x;;;;;;;;;x;;;;;;;;;;;;;;SOLETANA VIAGGI S.R.L. 3;;2;;;;;;2;0;0;0;0; -   € ;;;;;;;;;;;;;;;;;;;;;;;;;;
514;bacino 2 estate 2021;503;231;971;13:53;14:58;C.C.Magno-Tione;"festiva 
estiva";33;50; 13 ;SOLETANA VIAGGI S.R.L.;FJ863YE;56;;;;;958;CAMPO CARLOMAGNO             ;2290;TIONE (Autostazione)         ;01/01/2022;11/09/2022;24/06/2023;31/08/2023;estiva festiva;;x;;;;;;;;;x;;;;;;;;;;;;;;SOLETANA VIAGGI S.R.L. 3;;2;;;;;;2;0;0;0;0; -   € ;;;;;;;;;;;;;;;;;;;;;;;;;;
515;NUOVA;504;231;978;16:05;17:08;Tione-C.C.Magno;"invernale
da lunedì a venerdì";33;50; 202 ;TRENTINOBUS SRL;FZ833BE;54;FN299MX;37;CS792NG (il venerdì);45;2290;TIONE (Autostazione)         ;958;CAMPO CARLOMAGNO             ;12/09/2022;23/06/2023;;;invernale feriale lu-ve;x;;x;;x;x;x;x;x;;;;;;;;;;;;;; € 99,00 ;;;;2;;;;;;15;21;21;20;21; 99,00 € ;;;;;;;;;;;;;;;;;;;;;;;;;;
516;NUOVA;505;231;938;18:59;20:03;Tione-C.C.Magno;"invernale
lunedì-sabato";33;50; 240 ;TRENTINOBUS SRL;FZ833BE;54;FN299MX;37;CS792NG;45;2290;  TIONE Autostazione            ;958;CAMPO CARLOMAGNO              ;12/09/2022;23/06/2023;;;invernale feriale lu-sa;x;;x;;x;x;x;x;x;x;;;;;;;;;;;;; € 99,00 ;;;;2;;;;;;17;26;25;25;25; 99,00 € ;;;;;;;;;;;;;;;;;;;;;;;;;;
517;NUOVA;506;231;261;17:52;18:56;C.C.Magno-Tione;"invernale
da lunedì a venerdì";33;50; 202 ;TRENTINOBUS SRL;FZ833BE;54;FN299MX;37;CS792NG (il venerdì);45;958;CAMPO CARLOMAGNO             ;2290;TIONE (Autostazione)         ;12/09/2022;23/06/2023;;;invernale feriale lu-ve;x;;x;;x;x;x;x;x;;;;;;;;;;;;;; € 99,00 ;;;;2;;;;;;15;21;21;20;21; 99,00 € ;;;;;;;;;;;;;;;;;;;;;;;;;;
518;frequenza corretta da capitolato;507;231;293;19:52;20:56;C.C.Magno-Tione;Festiva invernale;33;50; 45 ;TRENTINOBUS SRL;FN299MX;37;FZ833BE;54;CS792NG;45;958;CAMPO CARLOMAGNO             ;2290;TIONE (Autostazione)         ;12/09/2022;23/06/2023;;;invernale festiva;x;;;;;;;;;;x;;;;;;;;;; € 158,53 ;;;;;;2; € -   ; € -   ;;;;2;5;5;6;6; 158,53 € ;;;;;;;;;;;;;;;;;;;;;;;;;;
519;;508;236;471;09:15;09:27;Terlago - Sopramonte;"feriale 
da lunedì a venerdì";8,20;19; 252 ;PERINI FRANCO ;GG613WS;21;GA007TD;24;EW749GD;23;2021;TERLAGO                      ;  2621SD;Sopramonte     ;01/09/2022;31/08/2023;;;annuale feriale lu-ve;x;x;x;;x;x;x;x;x;;;;;;;;;;;; € 11,87 ;;;;;;1; € 4,53 ; € -   ;;;;22;21;21;20;21; 16,40 € ;;;;;;;;;;;;;;;;;;;;;;;;;;
520;;509;236;470;09:50;10:19;Sopramonte - Monte Terlago;"feriale 
da lunedì a venerdì";16,00;19; 252 ;PERINI FRANCO ;GG613WS;21;GA007TD;24;;;  2621SD;Sopramonte                 ;  2023AL;M.TERLAGO (H. 2 Laghi)       ;01/09/2022;31/08/2023;;;annuale feriale lu-ve;x;x;x;;x;x;x;x;x;;;;;;;;;;;; € 24,27 ;;;;;;1; € 7,73 ; € -   ;;;;22;21;21;20;21; 32,00 € ;;;;;;;;;;;;;;;;;;;;;;;;;;
521;;510;236;473;10:25;10:51;Monte Terlago - Sopramonte;"feriale 
da lunedì a venerdì";16,00;19; 252 ;PERINI FRANCO ;GG613WS;21;FV524FA;37;;;  2023AL;M.TERLAGO (H. 2 Laghi)       ;  2621SD;Sopramonte     ;01/09/2022;31/08/2023;;;annuale feriale lu-ve;x;x;x;;x;x;x;x;x;;;;;;;;;;;; € 20,85 ;;;;;;1; € 11,15 ; € -   ;;;;22;21;21;20;21; 32,00 € ;;;;;;;;;;;;;;;;;;;;;;;;;;
522;;511;236;472;11:11;11:40;Sopramonte - Monte Terlago;"feriale 
da lunedì a venerdì";16,00;19; 252 ;PERINI FRANCO ;GG613WS;21;FV524FA;37;"GH658ZZ
no mart-ven ";23;  2621SD;Sopramonte                 ;  2023AL;M.TERLAGO (H. 2 Laghi)       ;01/09/2022;31/08/2023;;;annuale feriale lu-ve;x;x;x;;x;x;x;x;x;;;;;;;;;;;; € 24,27 ;;;;;;1; € 7,73 ; € -   ;;;;22;21;21;20;21; 32,00 € ;;;;;;;;;;;;;;;;;;;;;;;;;;
523;;512;236;475;11:46;12:12;Monte Terlago - Sopramonte;"feriale 
da lunedì a venerdì";16,00;19; 252 ;PERINI FRANCO ;GG613WS;21;EW749GD;23;GA007TD;24;  2023AL;M.TERLAGO (H. 2 Laghi)       ;  2621SD;Sopramonte     ;01/09/2022;31/08/2023;;;annuale feriale lu-ve;x;x;x;;x;x;x;x;x;;;;;;;;;;;; € 24,27 ;;;;;;1; € 7,73 ; € -   ;;;;22;21;21;20;21; 32,00 € ;;;;;;;;;;;;;;;;;;;;;;;;;;
524;;513;236;477;14:46;15:12;Monte Terlago - Sopramonte;"feriale 
da lunedì a venerdì";16,00;19; 252 ;PERINI FRANCO ;GA007TD;24;GG613WS;21;EW749GD;23;  2023AL;M.TERLAGO (H. 2 Laghi)       ;  2621SD;Sopramonte     ;01/09/2022;31/08/2023;;;annuale feriale lu-ve;x;x;x;;x;x;x;x;x;;;;;;;;;;;; € 24,27 ;;;;;;1; € 7,73 ; € -   ;;;;22;21;21;20;21; 32,00 € ;;;;;;;;;;;;;;;;;;;;;;;;;;
525;;514;236;474;15:35;16:04;Sopramonte - Monte Terlago;"feriale 
da lunedì a venerdì";16,00;20; 252 ;PERINI FRANCO ;GG613WS;21;GA007TD;24;GH658ZZ;23;  2621SD;Sopramonte                 ;  2023AL;M.TERLAGO (H. 2 Laghi)       ;01/09/2022;31/08/2023;;;annuale feriale lu-ve;x;x;x;;x;x;x;x;x;;;;;;;;;;;; € 24,27 ;;;;;;1; € 7,73 ; € -   ;;;;22;21;21;20;21; 32,00 € ;;;;;;;;;;;;;;;;;;;;;;;;;;
526;;515;236;479;17:15;17:41;Monte Terlago - Sopramonte;"feriale 
da lunedì a venerdì";16,00;19; 252 ;PERINI FRANCO ;GA007TD;24;GG613WS;21;EW749GD;23;  2023AL;M.TERLAGO (H. 2 Laghi)       ;  2621SD;Sopramonte     ;01/09/2022;31/08/2023;;;annuale feriale lu-ve;x;x;x;;x;x;x;x;x;;;;;;;;;;;; € 20,85 ;;;;;;1; € 11,15 ; € -   ;;;;22;21;21;20;21; 32,00 € ;;;;;;;;;;;;;;;;;;;;;;;;;;
527;;516;236;476;18:02;18:31;Sopramomnte - Monte Terlago;"feriale 
da lunedì a venerdì";16,00;19; 252 ;PERINI FRANCO ;GA007TD;24;GG613WS;21;EW749GD;23;  2621SD;Sopramonte                 ;  2023AL;M.TERLAGO (H. 2 Laghi)       ;01/09/2022;31/08/2023;;;annuale feriale lu-ve;x;x;x;;x;x;x;x;x;;;;;;;;;;;; € 24,27 ;;;;;;1; € 7,73 ; € -   ;;;;22;21;21;20;21; 32,00 € ;;;;;;;;;;;;;;;;;;;;;;;;;;
528;;517;301;169;05:07;05:53;Rovereto-Trento;"scolastica 
da lunedì a venerdì";28;30; 174 ;BUS MANIA srl;GE316VX;31;FN191MX (Pedrinolla Gr.);29;;;  3100FR;ROVERETO (Staz.F.S.);1;TRENTO (Autostaz.)         ;12/09/2022;09/06/2023;;;scolastica lu-ve;;;;x;x;x;x;x;x;;;;;;;;;;;;; € 82,50 ;;;;;1;;; € -   ; € -   ; € -   ;15;20;21;15;17; 82,50 € ;;;;;;;;;;;;;;;;;;;;;;;;;;
529;;518;301;354;05:57;06:43;Trento-Rovereto;"scolastica 
da lunedì a venerdì";28;30; 174 ;BUS MANIA srl;GE316VX;31;FN191MX (Pedrinolla Gr.);29;;;1;TRENTO   (Autostaz.)         ;  3100FS;ROVERETO (Staz.F.S.);12/09/2022;09/06/2023;;;scolastica lu-ve;;;;x;x;x;x;x;x;;;;;;;;;;;;; € 82,50 ;;;;;1;;; € -   ; € -   ; € -   ;15;20;21;15;17; 82,50 € ;;;;;;;;;;;;;;;;;;;;;;;;;;
530;NUOVA frequenza corretta da capitolato;519;301;815;19:29;20:19;Rovereto-Trento;invernale lunedì-venerdì;27;50; 202 ;SRT S.R.L.;GJ981MK;55+30;;;;;  3100FR;ROVERETO (Staz.F.S.);1;TRENTO (Autostaz.)         ;12/09/2022;23/06/2023;;;invernale feriale lu-ve;x;;x;;x;x;x;x;x;;;;;;;;;;;;;; € 81,00 ;;;;2;;;;;;15;21;21;20;21; 81,00 € ;invernale feriale no scol lu-ve;;;;;;;;;4;; 50,00 € ; 69,00 € ;;;;;;;;;;;;;
531;temp. soppressa dal 19/01/2023 x ch.strd;520;302;473;06:23;06:32;Vigile - Cimone bivio Pietra;"scolastica 
da lunedì a sabato";3,00;19; 208 ;MDL s.r.l.;EH342PM;20;FE271HG;17;FC144RJ;24;3677;Vigile                       ;  3670PI;Cimone - Bivio Pietra        ;12/09/2022;18/01/2023;;;scolastica lu-sa;;;;x;x;x;x;x;x;x;;;;;;;;;;; € 10,00 ;;;;;;1; € -   ; € -   ;;; € 10,00 ;17;25;25;18;11; 20,00 € ;;;;;;;;;;;;;;;;;;;;;;;;;;
532;temp. soppressa dal 19/01/2023 x ch.strd;521;302;463;06:47;06:54;Vigile - Cimone bivio Pietra;"scolastica 
da lunedì a sabato";3,00;19; 208 ;MDL s.r.l.;EH342PM;20;FE271HG;17;FC144RJ;24;3677;Vigile                       ;  3670PI;Cimone - Bivio Pietra        ;12/09/2022;18/01/2023;;;scolastica lu-sa;;;;x;x;x;x;x;x;x;;;;;;;;;;; € 19,41 ;;;;;;1; € -   ; € -   ;;; € 0,59 ;17;25;25;18;11; 20,00 € ;;;;;;;;;;;;;;;;;;;;;;;;;;
533;temp. soppressa dal 19/01/2023 x ch.strd;522;302;463;06:47;06:54;Vigile - Cimone bivio Pietra;"non scolastica 
da lunedì a sabato";3,00;19; 29 ;MDL s.r.l.;EH342PM;20;FE271HG;17;FC144RJ;24;3677;Vigile                       ;  3670PI;Cimone - Bivio Pietra        ;12/09/2022;18/01/2023;;;invernale feriale no scol lu-sa;x;;x;;;;;;;;;;;;x;x;x;x;x;x; € 19,41 ;;;;;;1; € -   ; € -   ;;; € 0,59 ;0;1;0;7;0; 20,00 € ;;;;;;;;;;;;;;;;;;;;;;;;;;
534;;523;302;463;06:50;06:57;Vigile - Cimone bivio Pietra;"Estiva
lunedì-venerdì";3,00;19; 55 ;MDL s.r.l.;EH342PM;20;FE271HG;17;FC144RJ;24;3677;Vigile                       ;  3670PI;Cimone - Bivio Pietra        ;01/01/2022;11/09/2022;24/06/2023;31/08/2023;estiva feriale lu-ve;;x;x;;x;x;x;x;x;;;;;;;;;;;; € 10,00 ;;;;;;1; € -   ; € -   ;;; € 10,00 ;7;0;0;0;0; 20,00 € ;;;;;;;;;;;;;;;;;;;;;;;;;;
535;temp. soppressa dal 19/01/2023 x ch.strd;524;302;465;07:25;07:32;Vigile - Cimone bivio Pietra;"scolastica 
da lunedì a sabato";3,00;19; 208 ;MDL s.r.l.;EH342PM;20;FE271HG;17;FC144RJ;24;3677;Vigile                       ;  3670PI;Cimone - Bivio Pietra        ;12/09/2022;18/01/2023;;;scolastica lu-sa;;;;x;x;x;x;x;x;x;;;;;;;;;;; € 19,41 ;;;;;;1; € -   ; € -   ;;;;17;25;25;18;11; 19,41 € ;;;;;;;;;;;;;;;;;;;;;;;;;;
536;;525;302;465;07:30;07:37;Vigile - Cimone bivio Pietra;"estiva feriale 
solo giorno di giovedì";3,00;19; 11 ;MDL s.r.l.;EH342PM;20;FE271HG;17;FC144RJ;24;3677;Vigile                       ;  3670PI;Cimone - Bivio Pietra        ;01/01/2022;11/09/2022;24/06/2023;31/08/2023;estiva feriale gio;;x;x;;;;;x;;;;;;;;;;;;; € 18,00 ;;;;;;1; € -   ; € -   ;;;;2;0;0;0;0; 18,00 € ;;;;;;;;;;;;;;;;;;;;;;;;;;
537;;526;302;149;08:27;09:15;Garniga V.-Garniga-Aldeno-Ravina-Trento;"Invernale
festiva";25,00;19; 47 ;ATP SRLS;FW970WP;23;GC658CS (ditta Nice srl);24;GA984ER (ditta Nice srl);23;3695;GARNIGA VECCHIA              ;1;TRENTO (Autostaz.)         ;12/09/2022;23/06/2023;;;invernale festiva;x;;;;;;;;;;x;;;;;;;;;; € 75,00 ;;;;;;1; € -   ; € -   ;;;;2;5;5;6;6; 75,00 € ;;;;;;;;;;;;;;;;;;;;;;;;;;
538;;527;302;149;08:27;09:15;Garniga Vecchia- Garniga T. - Aldeno - Trento;"festiva 
estiva";25,00;24; 13 ;ATP SRLS;FW970WP;23;GC658CS (ditta Nice srl);24;GA984ER (ditta Nice srl);23;3695;GARNIGA VECCHIA              ;1;TRENTO (Autostaz.)         ;01/01/2022;11/09/2022;24/06/2023;31/08/2023;estiva festiva;;x;;;;;;;;;x;;;;;;;;;; € 75,00 ;;;;;;1; € -   ; € -   ;;;;2;0;0;0;0; 75,00 € ;;;;;;;;;;;;;;;;;;;;;;;;;;
539;;528;302;154;11:51;12:14;Aldeno - Garniga - Ganiga Vecchia;"invernale
lunedì-sabato";12,00;24; 240 ;ATP SRLS;FW970WP;23;GC658CS (ditta Nice srl);24;GA984ER (ditta Nice srl) FN426MX (ditta Nice srl);23  20;3640;ALDENO                       ;3695;GARNIGA VECCHIA              ;12/09/2022;23/06/2023;;;invernale feriale lu-sa;x;;x;;x;x;x;x;x;x;;;;;;;;;;; € 46,16 ;;;;;;1; € -   ; € -   ;;;;17;26;25;25;25; 46,16 € ;;;;;;;;;;;;;;;;;;;;;;;;;;
540;;529;302;537;12:15;13:03;Garniga Vecchia - Garniga - Aldeno - Trento;"invernale
lunedì-sabato";25,00;24; 240 ;ATP SRLS;FW970WP;23;GC658CS (ditta Nice srl);24;GA984ER (ditta Nice srl) FN426MX (ditta Nice srl);23  20;3695;GARNIGA VECCHIA              ;1;TRENTO (Autostaz.)         ;12/09/2022;23/06/2023;;;invernale feriale lu-sa;x;;x;;x;x;x;x;x;x;;;;;;;;;;; € 46,16 ;;;;;;1; € 3,84 ; € -   ;;;;17;26;25;25;25; 50,00 € ;;;;;;;;;;;;;;;;;;;;;;;;;;
541;;530;302;156;12:20;13:22;Trento - Aldeno - Garniga - Garniga Vecchia;"festiva 
estiva";25,00;24; 13 ;ATP SRLS;FW970WP;23;GC658CS (ditta Nice srl);24;GA984ER (ditta Nice srl);23;1;TRENTO   (Autostaz.)         ;3695;GARNIGA VECCHIA              ;01/01/2022;11/09/2022;24/06/2023;31/08/2023;estiva festiva;;x;;;;;;;;;x;;;;;;;;;; € 71,24 ;;;;;;1; € -   ; € -   ;;;;2;0;0;0;0; 71,24 € ;;;;;;;;;;;;;;;;;;;;;;;;;;
542;;531;302;156;12:20;13:08;Trento - Aldeno - Garniga - Garniga Vecchia;"Invernale 
festiva";25,00;24; 47 ;ATP SRLS;FW970WP;23;GC658CS (ditta Nice srl);24;GA984ER (ditta Nice srl);23;1;TRENTO   (Autostaz.)         ;3695;GARNIGA VECCHIA              ;12/09/2022;23/06/2023;;;invernale festiva;x;;;;;;;;;;x;;;;;;;;;; € 71,24 ;;;;;;1; € -   ; € -   ;;;;2;5;5;6;6; 71,24 € ;;;;;;;;;;;;;;;;;;;;;;;;;;
543;;532;302;462;12:53;13:00;Cimone bivio Pietra - Vigile;"estiva feriale 
solo giorno di giovedì";3,00;19; 11 ;MDL s.r.l.;EH342PM;20;FE271HG;17;FC144RJ;24;  3670PI;Cimone - Bivio Pietra        ;3677;Vigile                       ;01/01/2022;11/09/2022;24/06/2023;31/08/2023;estiva feriale gio;;x;x;;;;;x;;;;;;;;;;;;; € 18,00 ;;;;;;1; € -   ; € -   ;;;;2;0;0;0;0; 18,00 € ;;;;;;;;;;;;;;;;;;;;;;;;;;
544;temp. soppressa dal 19/01/2023 x ch.strd;533;302;462;13:03;13:10;Cimone bivio Pietra - Vigile;"scolastica 
da lunedì a sabato";3,00;19; 208 ;MDL s.r.l.;EH342PM;20;FE271HG;17;FC144RJ;24;  3670PI;Cimone - Bivio Pietra        ;3677;Vigile                       ;12/09/2022;18/01/2023;;;scolastica lu-sa;;;;x;x;x;x;x;x;x;;;;;;;;;;; € 19,41 ;;;;;;1; € -   ; € -   ;;;;17;25;25;18;11; 19,41 € ;;;;;;;;;;;;;;;;;;;;;;;;;;
545;;534;302;421;13:35;14:32;Garniga Vecchia - Garniga - Aldeno - Trento;"festiva 
estiva";25,00;24; 13 ;ATP SRLS;FW970WP;23;GC658CS (ditta Nice srl);24;GA984ER (ditta Nice srl);23;3695;GARNIGA VECCHIA              ;1;TRENTO (Autostaz.)         ;01/01/2022;11/09/2022;24/06/2023;31/08/2023;estiva festiva;;x;;;;;;;;;x;;;;;;;;;; € 71,24 ;;;;;;1; € -   ; € -   ;;;;2;0;0;0;0; 71,24 € ;;;;;;;;;;;;;;;;;;;;;;;;;;
546;;535;302;421;13:35;14:32;Garniga Vecchia - Garniga - Aldeno - Trento;"Invernale 
festiva";25,00;24; 47 ;ATP SRLS;FW970WP;23;GC658CS (ditta Nice srl);24;GA984ER (ditta Nice srl);23;3695;GARNIGA VECCHIA              ;1;TRENTO (Autostaz.)         ;12/09/2022;23/06/2023;;;invernale festiva;x;;;;;;;;;;x;;;;;;;;;; € 71,24 ;;;;;;1; € -   ; € -   ;;;;2;5;5;6;6; 71,24 € ;;;;;;;;;;;;;;;;;;;;;;;;;;
547;temp. soppressa dal 19/01/2023 x ch.strd;536;302;464;14:09;14:16;Cimone bivio Pietra - Vigile;"scolastica 
da lunedì a sabato";3,00;19; 208 ;MDL s.r.l.;EH342PM;20;FE271HG;17;FC144RJ;24;  3670PI;Cimone - Bivio Pietra        ;3677;Vigile                       ;12/09/2022;18/01/2023;;;scolastica lu-sa;;;;x;x;x;x;x;x;x;;;;;;;;;;; € 19,41 ;;;;;;1; € -   ; € -   ;;;;17;25;25;18;11; 19,41 € ;;;;;;;;;;;;;;;;;;;;;;;;;;
548;;537;302;440;17:20;18:14;Trento - Aldeno - Garniga - garniga Vecchia;"festiva 
estiva";25,00;24; 13 ;ATP SRLS;FW970WP;23;GC658CS (ditta Nice srl);24;GA984ER (ditta Nice srl);23;1;TRENTO   (Autostaz.)         ;3695;GARNIGA VECCHIA              ;01/01/2022;11/09/2022;24/06/2023;31/08/2023;estiva festiva;;x;;;;;;;;;x;;;;;;;;;; € 71,24 ;;;;;;1; € -   ; € -   ;;;;2;0;0;0;0; 71,24 € ;;;;;;;;;;;;;;;;;;;;;;;;;;
549;;538;302;440;17:20;18:14;Trento - Aldeno - Garniga - garniga Vecchia;"Invernale 
festiva";25,00;24; 47 ;ATP SRLS;FW970WP;23;GC658CS (ditta Nice srl);24;GA984ER (ditta Nice srl);23;1;TRENTO   (Autostaz.)         ;3695;GARNIGA VECCHIA              ;12/09/2022;23/06/2023;;;invernale festiva;x;;;;;;;;;;x;;;;;;;;;; € 71,24 ;;;;;;1; € -   ; € -   ;;;;2;5;5;6;6; 71,24 € ;;;;;;;;;;;;;;;;;;;;;;;;;;
550;temp. soppressa dal 19/01/2023 x ch.strd;539;302;474;17:30;17:37;Cimone bivio Pietra - Vigile;"scolastica 
da lunedì a venerdì";3,00;19; 174 ;MDL s.r.l.;EH342PM;20;FE271HG;17;FC144RJ;24;  3670PI;Cimone - Bivio Pietra        ;3677;Vigile                       ;12/09/2022;18/01/2023;;;scolastica lu-ve;;;;x;x;x;x;x;x;;;;;;;;;;;; € 10,00 ;;;;;;1; € -   ; € -   ;;;;15;20;21;15;9; 10,00 € ;;;;;;;;;;;;;;;;;;;;;;;;;;
551;temp. soppressa dal 19/01/2023 x ch.strd;540;302;466;17:59;18:06;Cimone bivio Pietra - Vigile;"scolastica 
da lunedì a venerdì";3,00;19; 174 ;MDL s.r.l.;EH342PM;20;FE271HG;17;FC144RJ;24;  3670PI;Cimone - Bivio Pietra        ;3677;Vigile                       ;12/09/2022;18/01/2023;;;scolastica lu-ve;;;;x;x;x;x;x;x;;;;;;;;;;;; € 18,76 ;;;;;;1; € -   ; € -   ;;;;15;20;21;15;9; 18,76 € ;;;;;;;;;;;;;;;;;;;;;;;;;;
552;temp. soppressa dal 19/01/2023 x ch.strd;541;302;466;17:59;18:06;Cimone bivio Pietra - Vigile;"non scolastica 
da lunedì a venerdì";3,00;19; 26 ;MDL s.r.l.;EH342PM;20;FE271HG;17;FC144RJ;24;  3670PI;Cimone - Bivio Pietra        ;3677;Vigile                       ;12/09/2022;18/01/2023;;;invernale feriale no scol lu-ve;x;;x;;;;;;;;;;;;x;x;x;x;x;; € 18,76 ;;;;;;1; € -   ; € -   ;;;;0;1;0;5;2; 18,76 € ;;;;;;;;;;;;;;;;;;;;;;;;;;
553;;542;302;466;17:59;18:06;Cimone bivio Pietra - Vigile;"estiva 
da lunedì a giovedì";3,00;19; 44 ;MDL s.r.l.;EH342PM;20;FE271HG;17;FC144RJ;24;  3670PI;Cimone - Bivio Pietra        ;3677;Vigile                       ;01/01/2022;11/09/2022;24/06/2023;31/08/2023;estiva feriale lu-gio;;x;x;;x;x;x;x;;;;;;;;;;;;; € 10,00 ;;;;;;1; € -   ; € -   ;;;;5;0;0;0;0; 10,00 € ;;;;;;;;;;;;;;;;;;;;;;;;;;
554;;543;302;167;18:25;19:13;Garniga Vecchia - Garniga - Aldeno - Trento;"festiva 
estiva";25,00;24; 13 ;ATP SRLS;FW970WP;23;GC658CS (ditta Nice srl);24;GA984ER (ditta Nice srl);23;3695;GARNIGA VECCHIA              ;1;TRENTO (Autostaz.)         ;01/01/2022;11/09/2022;24/06/2023;31/08/2023;estiva festiva;;x;;;;;;;;;x;;;;;;;;;; € 71,24 ;;;;;;1; € -   ; € -   ;;;;2;0;0;0;0; 71,24 € ;;;;;;;;;;;;;;;;;;;;;;;;;;
555;;544;302;167;18:25;19:13;Garniga Vecchia - Garniga - Aldeno - Trento;"Invernale 
festiva";25,00;24; 47 ;ATP SRLS;FW970WP;23;GC658CS (ditta Nice srl);24;GA984ER (ditta Nice srl);23;3695;GARNIGA VECCHIA              ;1;TRENTO (Autostaz.)         ;12/09/2022;23/06/2023;;;invernale festiva;x;;;;;;;;;;x;;;;;;;;;; € 71,24 ;;;;;;1; € -   ; € -   ;;;;2;5;5;6;6; 71,24 € ;;;;;;;;;;;;;;;;;;;;;;;;;;
556;;545;302;238;20:30;21:05;Trento - Aldeno - Garniga;"Estiva
lunedì-venerdì";22,00;19; 55 ;ATP SRLS;FW970WP;23;GC658CS (ditta Nice srl);24;GA984ER (ditta Nice srl);23;1;TRENTO   (Autostaz.)         ;3690;GARNIGA TERME                ;01/01/2022;11/09/2022;24/06/2023;31/08/2023;estiva feriale lu-ve;;x;x;;x;x;x;x;x;;;;;;;;;;;; € 126,10 ;;;;;;1; € -   ; € -   ;;;;7;0;0;0;0; 126,10 € ;;;;;;;;;;;;;;;;;;;;;;;;;;
557;;546;302;238;20:30;21:05;Trento - Aldeno - Garniga;"invernale
da lunedì a venerdì";22,00;19; 202 ;ATP SRLS;FW970WP;23;FN426MX (ditta Nice srl);20;GA984ER (ditta Nice srl);;1;TRENTO   (Autostaz.)         ;3690;GARNIGA TERME                ;12/09/2022;23/06/2023;;;invernale feriale lu-ve;x;;x;;x;x;x;x;x;;;;;;;;;;;; € 126,10 ;;;;;;1; € -   ; € -   ;;;;15;21;21;20;21; 126,10 € ;;;;;;;;;;;;;;;;;;;;;;;;;;
558;;547;302;238;22:00;22:35;Trento - Aldeno - Garniga;"estiva
sabato ";22,00;19; 12 ;ATP SRLS;FW970WP;23;GC658CS (ditta Nice srl);24;GA984ER (ditta Nice srl);23;1;TRENTO   (Autostaz.)         ;3690;GARNIGA TERME                ;01/01/2022;11/09/2022;24/06/2023;31/08/2023;estiva feriale sab;;x;x;;;;;;;x;;;;;;;;;;; € 126,10 ;;;;;;1; € -   ; € -   ;;;;2;0;0;0;0; 126,10 € ;;;;;;;;;;;;;;;;;;;;;;;;;;
559;;548;302;238;22:00;22:35;Trento - Aldeno - Garniga;"invernale feriale 
solo sabato";22,00;19; 38 ;ATP SRLS;FW970WP;23;FN426MX (ditta Nice srl);20;GA984ER (ditta Nice srl);;1;TRENTO   (Autostaz.)         ;3690;GARNIGA TERME                ;12/09/2022;23/06/2023;;;invernale feriale sab;x;;x;;;;;;;x;;;;;;;;;;; € 126,10 ;;;;;;1; € -   ; € -   ;;;;2;5;4;5;4; 126,10 € ;;;;;;;;;;;;;;;;;;;;;;;;;;
560;km corretti da capitolato;549;303;545;06:30;07:05;Luserna - Caldonazzo - Pergine;"scolastica 
da lunedì a sabato";28,00;14; 208 ;AUTOFFICINA LUNELLI DI LUNELLI STEFANO & C. S.N.C.;FW770WP;15;GE387VX;9;ES314MS;9;3895;LUSERNA                      ;  4270PT;Caldonazzo;12/09/2022;09/06/2023;;;scolastica lu-sa;;;;x;x;x;x;x;x;x;;;;;;;;;;; € 100,20 ;;;;;;1; € -   ; € -   ;;; € -   ;17;25;25;18;20; 100,20 € ;;;;;;;;;;;;;;;;;;;;;;;;;;
561;;550;303;545;06:30;07:05;Luserna-Caldonazzo-Pergine;"feriale estiva
da lunedì a venerdì";28,00;14; 55 ;AUTOFFICINA LUNELLI DI LUNELLI STEFANO & C. S.N.C.;FW770WP;15;GE387VX;9;ES314MS;9;3895;LUSERNA                      ;  4100CI;PERGINE (C.Intermodale)      ;01/01/2022;11/09/2022;24/06/2023;31/08/2023;estiva feriale lu-ve;;x;x;;x;x;x;x;x;;;;;;;;;;;; € 84,00 ;;;;;;1; € -   ; € -   ;;; € -   ;7;0;0;0;0; 84,00 € ;;;;;;;;;;;;;;;;;;;;;;;;;;
562;;551;303;501;06:44;07:41;Carbonare - Vigolo Vattaro - Trento (corsa bis);"scolastica a mesi alterni
da lunedì a venerdì";28,00;55; 87 ;STENGHELE SRL;ER716KZ;58;GJ655MK;55;;;3820;CARBONARE                    ;1;TRENTO (Autostaz.)         ;12/09/2022;09/06/2023;;;scolastica lu-ve ott-dic-febb-apr-giu;;;;x;x;x;x;x;x;;;;;;;;;;;; € 215,22 ;;;;;;2; € -   ; € -   ;;; € -   ;0;20;0;15;0; 215,22 € ;;;;;;;;;;;;;;;;;;;;;;;;;;
563;;551 bis;303;501;06:44;07:41;Carbonare - Vigolo Vattaro - Trento (corsa bis);"scolastica a mesi alterni
da lunedì a venerdì";28,00;55; 87 ;TOLLER S.N.C. DI TOLLER CALLISTO E C. ;GJ549MK;57;FZ734BE;58;;;3820;CARBONARE                    ;1;TRENTO (Autostaz.)         ;12/09/2022;09/06/2023;;;scolastica lu-ve sett-nov-genn-mar-magg;;;;x;x;x;x;x;x;;;;;;;;;;;; € 215,22 ;;;;;;2; € -   ; € -   ;;; € -   ;15;0;21;0;17; 215,22 € ;;;;;;;;;;;;;;;;;;;;;;;;;;
564;Eliminata già compresa - corsa nuova - dall'inizio;552;303;545;06:53;07:05;Caldonazzo-Pergine;"scolastica 
da lunedì a sabato";9,00;14;;NULLA;;;;;;;;;;;;;;;;;;;;;;;;;;;;;;;;;;;;;;;;;;;;;;;;;;;;;;;;;;;;;;;;;;;;;;;;;;;;;;;
565;;553;303;427;06:55;07:16;Centa - Calceranica;"scolastica 
da lunedì a sabato";10,50;22; 208 ;CLUB DELLAI S.R.L.;FN483MX;23;GC523CS;23;ER857KZ;23;3790;CENTA                        ;  4260RR;Calceranica al Lago;12/09/2022;09/06/2023;;;scolastica lu-sa;;;;x;x;x;x;x;x;x;;;;;;;;;;; € 66,73 ;;;;;;1; € -   ; € -   ;;; € -   ;17;25;25;18;20; 66,73 € ;;;;;;;;;;;;;;;;;;;;;;;;;;
566;;554;303;501;07:00;07:41;Pian dei Pradi - Trento (corsa bis);"scolastica 
da lunedì a venerdì";19,00;55; 174 ;CLUB DELLAI S.R.L.; ED494MM;57; ED909MM;56;FE585HG  FF601CS (Martina);62  61;3770;Pian Dei Pradi;1;TRENTO (Autostaz.)         ;12/09/2022;09/06/2023;;;scolastica lu-ve;;;;x;x;x;x;x;x;;;;;;;;;;;; € 224,74 ;;;;;;2; € -   ; € -   ;;;;15;20;21;15;17; 224,74 € ;;;;;;;;;;;;;;;;;;;;;;;;;;
567;;555;303;253;07:27;07:32;Vattaro - Vigolo Vattaro (corsa bis);"scolastica 
da lunedì a venerdì";3,00;22; 174 ;CLUB DELLAI S.R.L.;FN483MX;23;GC523CS;23;ER857KZ;23;3760;VATTARO                      ;3740;VIGOLO VATTARO               ;12/09/2022;09/06/2023;;;scolastica lu-ve;;;;x;x;x;x;x;x;;;;;;;;;;;; € 10,00 ;;;;;;1; € -   ; € -   ;;;;15;20;21;15;17; 10,00 € ;;;;;;;;;;;;;;;;;;;;;;;;;;
568;;556;303;253;07:35;07:40;Bosentino - Vigolo Vattaro (corsa bis);"scolastica 
da lunedì a venerdì";3,00;22; 174 ;CLUB DELLAI S.R.L.;FN483MX;23;GC523CS;23;ER857KZ;23;3750;Bosentino                    ;3740;VIGOLO VATTARO               ;12/09/2022;09/06/2023;;;scolastica lu-ve;;;;x;x;x;x;x;x;;;;;;;;;;;; € 23,73 ;;;;;;1;;;;;;15;20;21;15;17; 23,73 € ;;;;;;;;;;;;;;;;;;;;;;;;;;
569;;557;330;437;07:45;08:11;Vigolo Vattaro - Levico;"scolastica 
da lunedì a venerdì";11,00;22; 174 ;CLUB DELLAI S.R.L.;FN483MX;23;GC523CS;23;ER857KZ;23;3740;VIGOLO VATTARO               ;  4300SP;Levico T.-Via Roma, 61       ;12/09/2022;09/06/2023;;;scolastica lu-ve;;;;x;x;x;x;x;x;;;;;;;;;;;; € 19,80 ;;;;;;1;;;;;;15;20;21;15;17; 19,80 € ;;;;;;;;;;;;;;;;;;;;;;;;;;
570;;558;303;550;07:50;08:13;Caldonazzo-Luserna;"feriale estiva
da lunedì a venerdì";19,00;14; 55 ;AUTOFFICINA LUNELLI DI LUNELLI STEFANO & C. S.N.C.;FW770WP;15;GE387VX;9;ES314MS;9;  4270FS;Caldonazzo - Staz. FS        ;3895;LUSERNA                      ;01/01/2022;11/09/2022;24/06/2023;31/08/2023;estiva feriale lu-ve;;x;x;;x;x;x;x;x;;;;;;;;;;;; € 57,00 ;;;;;;1; € -   ; € -   ;;;;7;0;0;0;0; 57,00 € ;;;;;;;;;;;;;;;;;;;;;;;;;;
571;;559;303;473;07:58;08:48;Lavarone - V.Vattaro;"Estiva
lunedì-venerdì";21,50;50; 55 ;STENGHELE SRL  ;ER716KZ;58;GJ655MK;55;;;3870;LAVARONE CAPPELLA            ;3740;VIGOLO VATTARO               ;01/01/2022;11/09/2022;24/06/2023;31/08/2023;estiva feriale lu-ve;;x;x;;x;x;x;x;x;;;;;;;;;;;; € 104,24 ;;;;;;2; € -   ; € -   ;;;;7;0;0;0;0; 104,24 € ;;;;;;;;;;;;;;;;;;;;;;;;;;
572;;560;303;549;08:15;08:38;Luserna - Caldonazzo;"Invernale feriale
solo giovedì";19,00;14; 39 ;AUTOFFICINA LUNELLI DI LUNELLI STEFANO & C. S.N.C.;FW770WP;15;GE387VX;9;ES314MS;9;3895;LUSERNA                      ;  4270PT;Caldonazzo;12/09/2022;23/06/2023;;;invernale feriale gio;x;;x;;;;;x;;;;;;;;;;;;; € 57,00 ;;;;;;1; € -   ; € -   ;;;;3;4;4;4;4; 57,00 € ;;;;;;;;;;;;;;;;;;;;;;;;;;
573;;561;303;703;08:25;09:20;Centa-Bosentino-V.Vattaro-Trento;"festiva 
estiva";23,00;30; 13 ;CLUB DELLAI S.R.L.;ES852SX;31;ED494MM;57;FF899CS;42;3790;CENTA                        ;1;TRENTO (Autostaz.)         ;01/01/2022;11/09/2022;24/06/2023;31/08/2023;estiva festiva;;x;;;;;;;;;x;;;;;;;;;; € 69,00 ;;;;;;1; € -   ; € -   ;;;;2;0;0;0;0; 69,00 € ;;;;;;;;;;;;;;;;;;;;;;;;;;
574;;562;303;703;08:25;09:20;Centa-Bosentino-V.Vattaro-Trento;"Invernale 
festiva";23,00;30; 47 ;CLUB DELLAI S.R.L.;ES852SX;31;ED494MM;57;FF899CS;42;3790;CENTA                        ;1;TRENTO (Autostaz.)         ;12/09/2022;23/06/2023;;;invernale festiva;x;;;;;;;;;;x;;;;;;;;;; € 69,00 ;;;;;;1; € -   ; € -   ;;;;2;5;5;6;6; 69,00 € ;;;;;;;;;;;;;;;;;;;;;;;;;;
575;;563;303;541;08:35;09:15;Centa - Pergine;"feriale non scolastica
da lunedì a sabato";20,00;22; 29 ;CLUB DELLAI S.R.L.;FN117MX;21;FN483MX;23;ER857KZ;23;3790;CENTA                        ;  4100CI;PERGINE (C.Intermodale)      ;12/09/2022;23/06/2023;;;invernale feriale no scol lu-sa;x;;x;;;;;;;;;;;;x;x;x;x;x;x; € 77,63 ;;;;;;1; € -   ; € -   ;;;;0;1;0;7;5; 77,63 € ;;;;;;;;;;;;;;;;;;;;;;;;;;
576;;564;303;551;08:45;09:11;Luserna-Caldonazzo;"estiva
feriale ";19,00;9; 67 ;AUTOFFICINA LUNELLI DI LUNELLI STEFANO & C. S.N.C.;FW770WP;15;GE387VX;9;ES314MS;9;3895;LUSERNA                      ;  4270FS;Caldonazzo - Staz. FS        ;01/01/2022;11/09/2022;24/06/2023;31/08/2023;estiva feriale lu-sa;;x;x;;x;x;x;x;x;x;;;;;;;;;;; € 57,00 ;;;;;;1; € -   ; € -   ;;;;9;0;0;0;0; 57,00 € ;;;;;;;;;;;;;;;;;;;;;;;;;;
577;;565;303;530;08:55;10:13;Trento-Lavarone;"festiva 
estiva";39;30; 13 ;STENGHELE SRL  ;FT534CV ;33;GJ655MK;55;;;1;TRENTO   (Autostaz.)          ;3870;LAVARONE CAPPELLA             ;01/01/2022;11/09/2022;24/06/2023;31/08/2023;estiva festiva;;x;;;;;;;;;x;;;;;;;;;;;;;STENGHELE SRL  ;;;1;;;;;;2;0;0;0;0; -   € ; estiva festiva ;2;;0;;0;;0;;0;; 350,00 € ;;;;;;;;;;;;;;
578;;566;303;552;09:35;10:01;Caldonazzo-Luserna;"estiva
feriale ";19,00;9; 67 ;AUTOFFICINA LUNELLI DI LUNELLI STEFANO & C. S.N.C.;FW770WP;15;GE387VX;9;ES314MS;9;  4270FS;Caldonazzo - Staz. FS        ;3895;LUSERNA                      ;01/01/2022;11/09/2022;24/06/2023;31/08/2023;estiva feriale lu-sa;;x;x;;x;x;x;x;x;x;;;;;;;;;;; € 57,00 ;;;;;;1; € -   ; € -   ;;;;9;0;0;0;0; 57,00 € ;;;;;;;;;;;;;;;;;;;;;;;;;;
579;;567;303;474;11:17;11:56;Pian dei Pradi - Lavarone;"Estiva
lunedì-venerdì";16,00;50; 55 ;STENGHELE SRL  ;ER716KZ;58;GJ655MK;55;;;3770;Pian Dei Pradi;3870;LAVARONE CAPPELLA            ;01/01/2022;11/09/2022;24/06/2023;31/08/2023;estiva feriale lu-ve;;x;x;;x;x;x;x;x;;;;;;;;;;;; € 77,58 ;;;;;;2; € -   ; € -   ;;;;7;0;0;0;0; 77,58 € ;;;;;;;;;;;;;;;;;;;;;;;;;;
580;;568;303;246;12:30;13:20;Trento-V.Vattaro-Bosentino-Centa;"Invernale 
festiva";23,00;30; 47 ;CLUB DELLAI S.R.L.;ES852SX;31;ED494MM;57;FF899CS;42;1;TRENTO   (Autostaz.)         ;3790;CENTA                        ;12/09/2022;23/06/2023;;;invernale festiva;x;;;;;;;;;;x;;;;;;;;;; € 69,00 ;;;;;;1; € -   ; € -   ;;;;2;5;5;6;6; 69,00 € ;;;;;;;;;;;;;;;;;;;;;;;;;;
581;;569;303;248;12:30;13:37;Trento-V.Vattaro-Bosentino-Centa-Carbonare;"festiva 
estiva";32,50;30; 13 ;CLUB DELLAI S.R.L.;ES852SX;31;ED494MM;57;;;1;TRENTO   (Autostaz.)         ;3820;CARBONARE                    ;01/01/2022;11/09/2022;24/06/2023;31/08/2023;estiva festiva;;x;;;;;;;;;x;;;;;;;;;; € 97,50 ;;;;;;1; € -   ; € -   ;;;;2;0;0;0;0; 97,50 € ;;;;;;;;;;;;;;;;;;;;;;;;;;
582;;570;303;296;12:42;13:07;Pergine - Bosentino-V.Vattaro;"scolastica 
sabato";14,50;22; 34 ;CLUB DELLAI S.R.L.;FN483MX;23;GC523CS;23;ER857KZ;23;  4100CI;PERGINE (C.Intermodale)      ;3740;VIGOLO VATTARO               ;12/09/2022;09/06/2023;;;scolastica sab;;;;x;;;;;;x;;;;;;;;;;; € 73,93 ;;;;;;1; € -   ; € -   ;;;;2;5;4;3;3; 73,93 € ;;;;;;;;;;;;;;;;;;;;;;;;;;
583;;571;303;550;12:52;13:17;Caldonazzo-Luserna;"Invernale feriale
solo giovedì";19,00;14; 39 ;TOMA SPEED DI TOMASELLI PIERGIORGIO;EJ940ZA;9;FF724CS;9;;;  4270FS;Caldonazzo - Staz. FS        ;3895;LUSERNA                      ;12/09/2022;23/06/2023;;;invernale feriale gio;x;;x;;;;;x;;;;;;;;;;;;; € 57,00 ;;;;;;1; € -   ; € -   ;;;;3;4;4;4;4; 57,00 € ;;;;;;;;;;;;;;;;;;;;;;;;;;
584;;572;329;296;13:23;13:48;Pergine - Bosentino-V.Vattaro;"scolastica 
lun+mar+mer";14,50;22; 103 ;CLUB DELLAI S.R.L.;FN483MX;23;GC523CS;23;ER857KZ;23;  4100CI;PERGINE (C.Intermodale)      ;3740;VIGOLO VATTARO               ;12/09/2022;09/06/2023;;;scolastica lu, ma, me;;;;x;x;x;x;;;;;;;;;;;;;; € 73,93 ;;;;;;1; € -   ; € -   ;;;;9;12;13;9;11; 73,93 € ;;;;;;;;;;;;;;;;;;;;;;;;;;
585;;573;330;296;13:23;14:29;Pergine - Levico - Centa ;"scolastica 
gio+ven";30,00;22; 70 ;CLUB DELLAI S.R.L.;FN483MX;23;GC523CS;23;ER857KZ;23;  4100CI;PERGINE (C.Intermodale)      ;3790;CENTA                        ;12/09/2022;09/06/2023;;;scolastica gio, ve;;;;x;;;;x;x;;;;;;;;;;;; € 121,20 ;;;;;;1; € -   ; € -   ;;;;6;8;8;6;6; 121,20 € ;;;;;;;;;;;;;;;;;;;;;;;;;;
586;;574;303;705;13:30;14:25;Centa-Bosentino-V.Vattaro-Trento;"Invernale 
festiva";23,00;30; 47 ;CLUB DELLAI S.R.L.;ES852SX;31;ED494MM;57;FF899CS;42;3790;CENTA                        ;1;TRENTO (Autostaz.)         ;12/09/2022;23/06/2023;;;invernale festiva;x;;;;;;;;;;x;;;;;;;;;; € 69,00 ;;;;;;1; € -   ; € -   ;;;;2;5;5;6;6; 69,00 € ;;;;;;;;;;;;;;;;;;;;;;;;;;
587;;575;303;544;13:47;14:26;Pergine - Caldonazzo-Luserna;"scolastica 
da lunedì a sabato";28,00;14; 208 ;AUTOFFICINA LUNELLI DI LUNELLI STEFANO & C. S.N.C.;FW770WP;15;GE387VX;9;ES314MS;9;  4100CI;PERGINE (C.Intermodale)      ;3895;LUSERNA                      ;12/09/2022;09/06/2023;;;scolastica lu-sa;;;;x;x;x;x;x;x;x;;;;;;;;;;; € 93,90 ;;;;;;1; € -   ; € -   ;;;;17;25;25;18;20; 93,90 € ;;;;;;;;;;;;;;;;;;;;;;;;;;
588;;576;303;551;14:15;14:38;Luserna - Caldonazzo;"Invernale feriale
solo giovedì";19,00;14; 39 ;TOMA SPEED DI TOMASELLI PIERGIORGIO;EJ940ZA;9;FF724CS;9;;;3895;LUSERNA                      ;  4270PT;Caldonazzo;12/09/2022;23/06/2023;;;invernale feriale gio;x;;x;;;;;x;;;;;;;;;;;;; € 57,00 ;;;;;;1; € -   ; € -   ;;;;3;4;4;4;4; 57,00 € ;;;;;;;;;;;;;;;;;;;;;;;;;;
589;;577;303;705;14:25;15:40;Carbonare-Centa-Bosentino-V.Vattaro-Trento;"festiva 
estiva";32,50;30; 13 ;CLUB DELLAI S.R.L.;ES852SX;31;ED494MM;57;;;3820;CARBONARE                    ;1;TRENTO (Autostaz.)         ;01/01/2022;11/09/2022;24/06/2023;31/08/2023;estiva festiva;;x;;;;;;;;;x;;;;;;;;;; € 97,50 ;;;;;;1; € -   ; € -   ;;;;2;0;0;0;0; 97,50 € ;;;;;;;;;;;;;;;;;;;;;;;;;;
590;;578;303;531;14:50;15:40;Centa - Trento;"invernale
lunedì-sabato";26,00;22; 240 ;CLUB DELLAI S.R.L.;FN483MX;23;ED909MM /solo al sabato GC523CS (23);56;ED494MM;57;3790;CENTA                        ;1;TRENTO (Autostaz.)         ;12/09/2022;23/06/2023;;;invernale feriale lu-sa;x;;x;;x;x;x;x;x;x;;;;;;;;;;; € 94,02 ;;;;;;1; € -   ; € -   ;;;;17;26;25;26;26; 94,02 € ;;;;;;;;;;;;;;;;;;;;;;;;;;
591;;579;303;250;16:40;17:25;Trento - Vigolo Vattaro -Centa;"scolastica 
da lunedì a venerdì";21,00;50; 174 ;CLUB DELLAI S.R.L.; ED494MM;57; ED909MM;56;FE585HG;62;1;TRENTO   (Autostaz.)         ;3790;CENTA                        ;12/09/2022;09/06/2023;;;scolastica lu-ve;;;;x;x;x;x;x;x;;;;;;;;;;;; € 112,00 ;;;;;;2; € -   ; € -   ;;;;15;20;21;15;17; 112,00 € ;;;;;;;;;;;;;;;;;;;;;;;;;;
592;;580;303;543;16:45;17:02;Levico -Vigolo vattaro;"scolastica 
da lunedì a venerdì";12,00;22; 174 ;CLUB DELLAI S.R.L.;ER857KZ;23;GC523CS;23;FN483MX;23;  4300IC;Levico T.-Istituto Comprensivo;3740;VIGOLO VATTARO               ;12/09/2022;09/06/2023;;;scolastica lu-ve;;;;x;x;x;x;x;x;;;;;;;;;;;; € 62,67 ;;;;;;1; € -   ; € -   ;;;;15;20;21;15;17; 62,67 € ;;;;;;;;;;;;;;;;;;;;;;;;;;
593;;581;303;537;17:10;18:26;Lavarone-Trento;"festiva 
estiva";39;30; 13 ;STENGHELE SRL  ;FT534CV ;33;GJ655MK;55;;;3870;LAVARONE CAPPELLA             ;1;TRENTO   (Autostaz.)          ;01/01/2022;11/09/2022;24/06/2023;31/08/2023;estiva festiva;;x;;;;;;;;;x;;;;;;;;;;;;;STENGHELE SRL  ;;;1;;;;;;2;0;0;0;0; -   € ;;;;;;;;;;;;;;;;;;;;;;;;;;
594;;582;303;553;17:15;17:41;Luserna-Caldonazzo;"estiva
feriale ";19,00;9; 67 ;STENGHELE SRL  ;GH569KX;9;FG963XM;9;;;3895;LUSERNA                      ;  4270FS;Caldonazzo - Staz. FS        ;01/01/2022;11/09/2022;24/06/2023;31/08/2023;estiva feriale lu-sa;;x;x;;x;x;x;x;x;x;;;;;;;;;;; € 57,00 ;;;;;;1; € -   ; € -   ;;;;9;0;0;0;0; 57,00 € ;;;;;;;;;;;;;;;;;;;;;;;;;;
595;;583;303;252;17:30;18:20;Trento-V.Vattaro-Bosentino-Centa;"Invernale 
festiva";23,00;30; 47 ;CLUB DELLAI S.R.L.;ES852SX;31;ED494MM;57;;;1;TRENTO   (Autostaz.)         ;3790;CENTA                        ;12/09/2022;23/06/2023;;;invernale festiva;x;;;;;;;;;;x;;;;;;;;;; € 69,00 ;;;;;;1; € -   ; € -   ;;;;2;5;5;6;6; 69,00 € ;;;;;;;;;;;;;;;;;;;;;;;;;;
596;;584;303;546;17:52;18:17;Caldonazzo  FS-Luserna;"scolastica 
da lunedì a venerdì";19,00;14; 174 ;AUTOFFICINA LUNELLI DI LUNELLI STEFANO & C. S.N.C.;FW770WP;15;GE387VX;9;ES314MS;9;  4270FS;Caldonazzo - Staz. FS        ;3895;LUSERNA                      ;12/09/2022;09/06/2023;;;scolastica lu-ve;;;;x;x;x;x;x;x;;;;;;;;;;;; € 57,00 ;;;;;;1; € -   ; € -   ;;;;15;20;21;15;17; 57,00 € ;;;;;;;;;;;;;;;;;;;;;;;;;;
597;;585;303;554;17:52;18:18;Caldonazzo-Luserna;"estiva
feriale ";19,00;9; 67 ;STENGHELE SRL  ;GH569KX;9;FG963XM;9;;;  4270FS;Caldonazzo - Staz. FS        ;3895;LUSERNA                      ;01/01/2022;11/09/2022;24/06/2023;31/08/2023;estiva feriale lu-sa;;x;x;;x;x;x;x;x;x;;;;;;;;;;; € 57,00 ;;;;;;1; € -   ; € -   ;;;;9;0;0;0;0; 57,00 € ;;;;;;;;;;;;;;;;;;;;;;;;;;
598;;586;303;256;19:15;20:05;Trento-Centa;"invernale
da lunedì a venerdì";23;30; 202 ;AUTONOLEGGI PEGORARO S.N.C. di PEGORARO LUCIANO & C.;FN678GD;57;FE301HG;58;FS483LF           FM522KR;44  55;1;TRENTO   (Autostaz.)         ;3790;CENTA                        ;12/09/2022;23/06/2023;;;invernale feriale lu-ve;x;;x;;x;x;x;x;x;;;;;;;;;;;;; € 73,60 ;;;;;1;;; € -   ; € -   ;;15;21;21;20;21; 73,60 € ;;;;;;;;;;;;;;;;;;;;;;;;;;
599;;587;305;306;06:15;06:26;S.Giacomo - Brentonico ;"scolastica 
da lunedì a sabato";9,00;4; 208 ;ANDREOLLI FRANCO;FT016JR;7;EM088EK;5;;;3409;Passo S.Valentino            ;3407;BRENTONICO                   ;12/09/2022;09/06/2023;;;scolastica lu-sa;;;;x;x;x;x;x;x;x;;;;;;;;;;; € 26,33 ;;;;;;1; € -   ; € -   ;;; € -   ;17;25;25;18;20; 26,33 € ;;;;;;;;;;;;;;;;;;;;;;;;;;
600;;588;305;508;13:55;14:17;Mori - Besagno - Brentonico;"scolastica 
sabato";11,00;19; 34 ;AUTOSERVIZI ANDREOLLI SNC DI ANDREOLLI PAOLO & C.;FG831XD;21;FV848NS;29;;;  3542UR;Mori di fronte Mc Donald's   ;3407;BRENTONICO                   ;12/09/2022;09/06/2023;;;scolastica sab;;;;x;;;;;;x;;;;;;;;;;; € 34,58 ;;;;;;1;;;;;;2;5;4;3;3; 34,58 € ;;;;;;;;;;;;;;;;;;;;;;;;;;
601;;589;305;510;14:05;14:11;Mori FS - Mori Bar Centrale;"scolastica 
da lunedì a venerdì";2,50;19; 174 ;AUTOSERVIZI ANDREOLLI SNC DI ANDREOLLI PAOLO & C.;FG831XD;21;FV848NS;29;;;3542;Mori (Stazione F.S.)         ;3310;MORI (Bar Centrale)          ;12/09/2022;09/06/2023;;;scolastica lu-ve;;;;x;x;x;x;x;x;;;;;;;;;;;; € 4,50 ;;;;;;1;;;;;;15;20;21;15;17; 4,50 € ;;;;;;;;;;;;;;;;;;;;;;;;;;
602;;590;305;508;14:18;14:40;Mori - Besagno - Brentonico;"scolastica 
da lunedì a venerdì";11,00;19; 174 ;AUTOSERVIZI ANDREOLLI SNC DI ANDREOLLI PAOLO & C.;FG831XD;21;FV848NS;29;;;  3542UR;Mori di fronte Mc Donald's   ;3407;BRENTONICO                   ;12/09/2022;09/06/2023;;;scolastica lu-ve;;;;x;x;x;x;x;x;;;;;;;;;;;; € 34,58 ;;;;;;1; € -   ; € -   ;;;;15;20;21;15;17; 34,58 € ;;;;;;;;;;;;;;;;;;;;;;;;;;
603;;591;306;467;06:55;07:10;Guardia di Folgaria - Mezzomonte;"scolastica 
da lunedì a sabato";5,00;19; 208 ;VALDUGA FRANCESCO;FL716HC;23;FT534CV (Stenghele);33;;;3051;Guardia di Folgaria          ;3042;Mezzomonte                   ;12/09/2022;09/06/2023;;;scolastica lu-sa;;;;x;x;x;x;x;x;x;;;;;;;;;;; € 75,43 ;;;;;;1; € -   ; € -   ;;; € -   ;17;25;25;18;20; 75,43 € ;;;;;;;;;;;;;;;;;;;;;;;;;;
604;;592;306;51;07:02;07:39;Folgaria - Rovereto F.S.  (corsa bis);"scolastica 
da lunedì a venerdì";24,00;50; 174 ;PEDRINOLLA GRAZIANO s.r.l.; EP148JJ ;55;FL648HC;55;;;  3045SP;FOLGARIA (Palasport)         ;  3100FS;ROVERETO (Staz.F.S.);12/09/2022;09/06/2023;;;scolastica lu-ve;;;;x;x;x;x;x;x;;;;;;;;;;;; € 220,00 ;;;;;;2; € -   ; € -   ;;;;15;20;21;15;17; 220,00 € ;;;;;;;;;;;;;;;;;;;;;;;;;;
605;;593;306;469;07:40;08:18;Guardia di Folgaria - Mezzomonte - Folgaria;"estiva feriale 
solo giorno di martedì";10,00;19; 11 ;VALDUGA FRANCESCO;FL716HC;23;ED930MM;20;FT534CV (Stenghele);33;3051;Guardia di Folgaria          ;  3045NU;Folgaria - P.le N.Unite      ;01/01/2022;11/09/2022;24/06/2023;31/08/2023;estiva feriale ma;;x;x;;;x;;;;;;;;;;;;;;; € 70,51 ;;;;;;1; € -   ; € -   ;;;;1;0;0;0;0; 70,51 € ;;;;;;;;;;;;;;;;;;;;;;;;;;
606;;594;306;469;07:50;08:28;Guardia di Folgaria - Mezzomonte - Folgaria;"invernale feriale 
solo martedì";12,00;19; 41 ;VALDUGA FRANCESCO;FL716HC;23;ED930MM;20;FT534CV (Stenghele);33;3051;Guardia di Folgaria          ;  3045NU;Folgaria - P.le N.Unite      ;12/09/2022;23/06/2023;;;invernale feriale ma;x;;x;;;x;;;;;;;;;;;;;;; € 74,11 ;;;;;;1; € -   ; € -   ;;;;3;4;4;4;5; 74,11 € ;;;;;;;;;;;;;;;;;;;;;;;;;;
607;;595;306;36;08:00;08:49;Rovereto - Folgaria;"scolastica 
da lunedì a venerdì";24,00;50; 174 ;TOLLER S.N.C. DI TOLLER CALLISTO E C. ;FN025MX;37;FZ734BE;58;GJ549MK;57;  3100FR;ROVERETO (Staz.F.S.);  3045NU;Folgaria - P.le N.Unite      ;12/09/2022;09/06/2023;;;scolastica lu-ve;;;;x;x;x;x;x;x;;;;;;;;;;;; € 150,00 ;;;;;55;2; € -   ; € -   ;;;;15;20;21;15;17; 150,00 € ;scolastica lu-ve;15;;20;;21;;15;;17;; 70,00 € ;;;;;;;;;;;;;;
608;;596;306;471;10:55;11:31;Folgaria - Mezzomonte - Guardia di Fogaria;"feriale 
solo martedì";18,00;19; 52 ;VALDUGA FRANCESCO;FL716HC;23;ED930MM;20;FT534CV (Stenghele);33;  3045NU;Folgaria - P.le N.Unite      ;3051;Guardia di Folgaria          ;01/09/2022;31/08/2023;;;annuale feriale ma;x;x;x;;;x;;;;;;;;;;;;;;; € 74,11 ;;;;;;1; € -   ; € -   ;;;;4;4;4;4;5; 74,11 € ;;;;;;;;;;;;;;;;;;;;;;;;;;
609;;597;306;57;12:05;12:54;Folgaria - Rovereto ;"Estiva
lunedì-venerdì";24,00;19; 55 ;NICE srl;FN426MX;20;GC658CS;24;GA984ER;23;  3045SP;FOLGARIA (Palasport)         ;  3100FS;ROVERETO (Staz.F.S.);01/01/2022;11/09/2022;24/06/2023;31/08/2023;estiva feriale lu-ve;;x;x;;x;x;x;x;x;;;;;;;;;;;; € 72,00 ;;;;;;1; € -   ; € -   ;;;;7;0;0;0;0; 72,00 € ;;;;;;;;;;;;;;;;;;;;;;;;;;
610;;598;306;509;12:50;14:42;Luserna-Lavarone-Carbonare-Folgaria-Calliano-Rovereto (ore 16:20 dal 26/12/22 al 19/03/23);"invernale 
festiva";52,00;30; 47 ;STENGHELE SRL  ;FT534CV ;33;GJ655MK;55;;;3895;LUSERNA                      ;  3100FS;ROVERETO (Staz.F.S.);12/09/2022;23/06/2023;;;invernale festiva;x;;;;;;;;;;x;;;;;;;;;; € 156,00 ;;;;;;1; € -   ; € -   ;;;;2;5;5;6;6; 156,00 € ;;;;;;;;;;;;;;;;;;;;;;;;;;
611;;599;306;470;13:05;13:20;Mezzomonte-Guardia di Folgaria;"feriale 
solo martedì";5,00;19; 52 ;VALDUGA FRANCESCO;FL716HC;23;ED930MM;20;FT534CV (Stenghele);33;3042;Mezzomonte                   ;3051;Guardia di Folgaria          ;01/09/2022;31/08/2023;;;annuale feriale ma;x;x;x;;;x;;;;;;;;;;;;;;; € 70,51 ;;;;;;1; € -   ; € -   ;;;;4;4;4;4;5; 70,51 € ;;;;;;;;;;;;;;;;;;;;;;;;;;
612;;600;306;468;14:04;14:19;Mezzomonte - Guardia di Folgaria;"scolastica 
da lunedì a sabato";5,00;19; 208 ;VALDUGA FRANCESCO;FL716HC;23;FT534CV (Stenghele);33;;;3042;Mezzomonte                   ;3051;Guardia di Folgaria          ;12/09/2022;09/06/2023;;;scolastica lu-sa;;;;x;x;x;x;x;x;x;;;;;;;;;;; € 75,43 ;;;;;;1; € -   ; € -   ;;;;17;25;25;18;20; 75,43 € ;;;;;;;;;;;;;;;;;;;;;;;;;;
613;;601;306;509;14:20;16:12;Luserna-Lavarone-Carbonare-Folgaria-Calliano-Rovereto,;"festiva 
estiva";52,00;30; 13 ;STENGHELE SRL  ;FT534CV ;33;GJ655MK;55;;;3895;LUSERNA                      ;  3100FS;ROVERETO (Staz.F.S.);01/01/2022;11/09/2022;24/06/2023;31/08/2023;estiva festiva;;x;;;;;;;;;x;;;;;;;;;; € 156,00 ;;;;;;1; € -   ; € -   ;;;;2;0;0;0;0; 156,00 € ;;;;;;;;;;;;;;;;;;;;;;;;;;
614;;602;306;514;16:50;18:41;Rovereto-Calliano-Folgaria-Carbonare-Lavarone-Luserna (ore 18:15 dal 26/12/22 al 19/03/23);"invernale + estiva
festiva";52,00;30; 58 ;STENGHELE SRL  ;FT534CV ;33;GJ655MK;55;;;  3100FR;ROVERETO (Staz.F.S.);3895;LUSERNA                      ;01/09/2022;31/08/2023;;;annuale festiva;x;x;;;;;;;;;x;;;;;;;;;; € 156,00 ;;;;;;1; € -   ; € -   ;;;;4;5;5;6;6; 156,00 € ;;;;;;;;;;;;;;;;;;;;;;;;;;
615;;603;310;93;06:55;07:34;Valle S.Felice - Rovereto (c.sa bis);"scolastica 
da lunedì a venerdì";18,00;50; 174 ;NICE srl;GE453VX;57;GG008PL;50;GE452VX;36;3381;VALLE S.FELICE               ;  3100PC;Rovereto - Ist. don Milani   ;12/09/2022;09/06/2023;;;scolastica lu-ve;;;;x;x;x;x;x;x;;;;;;;;;;;; € 54,00 ;;;;;;2; € -   ; € -   ;;; € -   ;15;20;21;15;17; 54,00 € ;;;;;;;;;;;;;;;;;;;;;;;;;;
616;frequenza corretta da capitolato;604;310;183;08:40;09:34;Ronzo-V.S.Felice.Mori-Rovereto;"feriale invernale
da lunedì a venerdì";30,00;30; 202 ;NICE srl;GE453VX;57;GG008PL;50;GE452VX;36;3389;RONZO CHIENIS                ;3100;ROVERETO (Via Manzoni)       ;12/09/2022;23/06/2023;;;invernale feriale lu-ve;x;;x;;x;x;x;x;x;;;;;;;;;;;; € 90,00 ;;;;;;1; € -   ; € -   ;;;;15;21;21;20;21; 90,00 € ;;;;;;;;;;;;;;;;;;;;;;;;;;
617;;605;311;797;17:20;17:38;Aldeno - Pomarolo;"scolastica 
da lunedì a venerdì";12,00;16; 174 ;NICE srl;FR792WP;16;GA984ER;23;GG008PL;50;3640;ALDENO                       ;3103;Pomarolo                     ;12/09/2022;09/06/2023;;;scolastica lu-ve;;;;x;x;x;x;x;x;;;;;;;;;;;; € 30,00 ;;;;;;1; € -   ; € -   ;;;;15;20;21;15;17; 30,00 € ;;;;;;;;;;;;;;;;;;;;;;;;;;
618;;606;312;365;06:20;06:47;Pian delle Fugazze - Raossi;"scolastica 
da lunedì a sabato";15,50;20,00; 208 ;FERSINA TOUR S.R.L;EY732LP;17;;;;;3169;PIAN DELLE FUGAZZE           ;3164;RAOSSI                       ;12/09/2022;09/06/2023;;;scolastica lu-sa;;;;x;x;x;x;x;x;x;;;;;;;;;;; € 56,61 ;;;;;;1; € -   ; € -   ;;; € -   ;17;25;25;18;20; 56,61 € ;;;;;;;;;;;;;;;;;;;;;;;;;;
619;;607;312;601;08:40;08:50;Raossi - Valmorbia;"feriale 
solo lunedì e giovedì";6,00;19; 98 ;FERSINA TOUR S.R.L;EY732LP;17;;;;;3164;RAOSSI                       ;3159;Valmorbia                    ;01/09/2022;31/08/2023;;;annuale feriale lu, gio;x;x;x;;x;;;x;;;;;;;;;;;;; € 13,04 ;;;;;;1; € -   ; € -   ;;;;9;9;8;7;9; 13,04 € ;;;;;;;;;;;;;;;;;;;;;;;;;;
620;;608;312;600;08:50;09:00;Valmorbia - Raossi;"feriale 
solo lunedì e giovedì";6,50;19; 98 ;FERSINA TOUR S.R.L;EY732LP;17;;;;;3159;Valmorbia                    ;3164;RAOSSI                       ;01/09/2022;31/08/2023;;;annuale feriale lu, gio;x;x;x;;x;;;x;;;;;;;;;;;;; € 14,12 ;;;;;;1; € -   ; € -   ;;;;9;9;8;7;9; 14,12 € ;;;;;;;;;;;;;;;;;;;;;;;;;;
621;;609;312;604;09:10;09:34;Raossi - Piano Vallarsa -P. Fugazze - Camposilvano;"feriale 
solo lunedì e giovedì";14,00;19; 98 ;FERSINA TOUR S.R.L;EY732LP;17;;;;;3164;RAOSSI                       ;3166;  CAMPOSILVANO                 ;01/09/2022;31/08/2023;;;annuale feriale lu, gio;x;x;x;;x;;;x;;;;;;;;;;;;; € 30,42 ;;;;;;1; € -   ; € -   ;;;;9;9;8;7;9; 30,42 € ;;;;;;;;;;;;;;;;;;;;;;;;;;
622;;610;312;605;09:34;09:55;Camposilvano - Speccheri  - Raossi ;"feriale 
solo lunedì e giovedì";12,50;19; 98 ;FERSINA TOUR S.R.L;EY732LP;17;;;;;3166;  CAMPOSILVANO                 ;3164;RAOSSI                       ;01/09/2022;31/08/2023;;;annuale feriale lu, gio;x;x;x;;x;;;x;;;;;;;;;;;;; € 27,16 ;;;;;;1; € -   ; € -   ;;;;9;9;8;7;9; 27,16 € ;;;;;;;;;;;;;;;;;;;;;;;;;;
623;;611;312;603;10:30;10:56;Raossi - Vanza (in estate ore 10.35);"feriale 
solo lunedì e giovedì";12,00;19; 98 ;FERSINA TOUR S.R.L;EY732LP;17;;;;;3164;RAOSSI                       ;  3155SP;Vanza paese incr. SP50       ;01/09/2022;31/08/2023;;;annuale feriale lu, gio;x;x;x;;x;;;x;;;;;;;;;;;;; € 26,07 ;;;;;;1; € -   ; € -   ;;;;9;9;8;7;9; 26,07 € ;;;;;;;;;;;;;;;;;;;;;;;;;;
624;;612;312;602;10:51;11:17;Vanza - Anghebeni-S.Anna.-Anghebeni-Raossi ;"feriale 
solo lunedì e giovedì";12,00;19; 98 ;FERSINA TOUR S.R.L;EY732LP;17;;;;;  3155SP;Vanza SP50                   ;3164;RAOSSI                       ;01/09/2022;31/08/2023;;;annuale feriale lu, gio;x;x;x;;x;;;x;;;;;;;;;;;;; € 38,07 ;;;;;;1; € -   ; € -   ;;;;9;9;8;7;9; 38,07 € ;;;;;;;;;;;;;;;;;;;;;;;;;;
625;;613;312;606;11:30;12:00;Raossi - Pian delle Fugazze;"feriale 
solo lunedì e giovedì";17,50;19; 98 ;FERSINA TOUR S.R.L;EY732LP;17;;;;;3164;RAOSSI                       ;3169;PIAN DELLE FUGAZZE           ;01/09/2022;31/08/2023;;;annuale feriale lu, gio;x;x;x;;x;;;x;;;;;;;;;;;;; € 38,02 ;;;;;;1; € -   ; € -   ;;;;9;9;8;7;9; 38,02 € ;;;;;;;;;;;;;;;;;;;;;;;;;;
626;;614;312;607;12:00;12:14;Pian delle Fugazze - Camposilvano- Speccheri- Raossi;"feriale 
solo lunedì e giovedì";14,00;19; 98 ;FERSINA TOUR S.R.L;EY732LP;17;;;;;3169;PIAN DELLE FUGAZZE           ;3164;RAOSSI                       ;01/09/2022;31/08/2023;;;annuale feriale lu, gio;x;x;x;;x;;;x;;;;;;;;;;;;; € 30,42 ;;;;;;1; € -   ; € -   ;;;;9;9;8;7;9; 30,42 € ;;;;;;;;;;;;;;;;;;;;;;;;;;
627;NUOVA;615;312;;16:15;17:00;Rovereto - Pozzacchio;"scolastica 
da lunedì a venerdì";17,20;19; 174 ;TODESCHI AUTONOLEGGI SRL;GA901ZZ;16;FG707GA;21;CJ625MG;15;  3100SV;ROVERETO (Via Savioli)       ;3253;POZZACCHIO                   ;12/09/2022;09/06/2023;;;scolastica lu-ve;;;;x;x;x;x;x;x;;;;;;;;;;;;;; € 51,60 ;;;;1;;;;;;15;20;21;15;17; 51,60 € ;;;;;;;;;;;;;;;;;;;;;;;;;;
628;;616;312;110;17:27;18:44;Rovereto-Camposilvano;"feriale 
da lunedì a venerdì";36;19; 252 ;NICE srl;GA984ER;23;FN426MX;20;;;  3100SV;ROVERETO (Via Savioli)       ;3166;  CAMPOSILVANO                 ;01/09/2022;31/08/2023;;;annuale feriale lu-ve;x;x;x;;x;x;x;x;x;;;;;;;;;;;;; € 68,40 ;;;;;1;;; € 3,60 ; € -   ;;22;21;21;20;21; 72,00 € ;;;;;;;;;;;;;;;;;;;;;;;;;;
629;;617;312;128;18:20;19:05;Rovereto-Pozzacchio;"scolastica 
da lunedì a sabato";17;19; 208 ;NICE srl;GC658CS;24;FN426MX;20;;;  3100SV;ROVERETO (Via Savioli)       ;3253;POZZACCHIO                   ;12/09/2022;09/06/2023;;;scolastica lu-sa;;;;x;x;x;x;x;x;x;;;;;;;;;;;; € 32,30 ;;;;;1;;; € 1,70 ; € -   ;;17;25;25;18;20; 34,00 € ;;;;;;;;;;;;;;;;;;;;;;;;;;
630;;618;312;130;19:30;20:15;Rovereto-Pozzacchio;"feriale 
da lunedì a venerdì";17;19; 252 ;NICE srl;GA984ER;23;FN426MX;20;GC658CS;24;  3100SV;ROVERETO (Via Savioli)       ;3253;POZZACCHIO                   ;01/09/2022;31/08/2023;;;annuale feriale lu-ve;x;x;x;;x;x;x;x;x;;;;;;;;;;;;; € 32,30 ;;;;;1;;; € 1,70 ; € -   ;;22;21;21;20;21; 34,00 € ;;;;;;;;;;;;;;;;;;;;;;;;;;
631;;619;314;115;06:30;07:25;Ometto - Rovereto;"feriale non scolastica
da lunedì a sabato";27,00;20,00; 29 ;FERSINA TOUR S.R.L;EY732LP;17;;;;;3240;OMETTO                       ;  3100VP;ROVERETO (Aut.-V.Paoli)      ;12/09/2022;23/06/2023;;;invernale feriale no scol lu-sa;x;;x;;;;;;;;;;;;x;x;x;x;x;x; € 65,43 ;;;;;;1; € -   ; € -   ;;; € -   ;0;1;0;7;5; 65,43 € ;;;;;;;;;;;;;;;;;;;;;;;;;;
632;;620;314;114;07:25;08:10;Rovereto - Raossi;"feriale non scolastica 
da lunedì a venerdì";25,00;20,00; 26 ;FERSINA TOUR S.R.L;EY732LP;17;;;;;3100;ROVERETO  (Autostaz.)        ;3164;RAOSSI                       ;12/09/2022;23/06/2023;;;invernale feriale no scol lu-ve;x;;x;;;;;;;;;;;;x;x;x;x;x;; € 44,29 ;;;;;;1; € 5,71 ; € -   ;;;;0;1;0;5;4; 50,00 € ;;;;;;;;;;;;;;;;;;;;;;;;;;
633;;621;314;608;08:40;09:02;Raossi -Ometto;"feriale 
solo martedì mercoledì e venerdì";12,00;19; 156 ;FERSINA TOUR S.R.L;EY732LP;17;;;;;3164;RAOSSI                       ;3240;OMETTO                       ;01/09/2022;31/08/2023;;;annuale feriale ma, me, ve;x;x;x;;;x;x;;x;;;;;;;;;;;; € 28,00 ;;;;;;1; € -   ; € -   ;;;;13;12;13;13;12; 28,00 € ;;;;;;;;;;;;;;;;;;;;;;;;;;
634;;622;314;609;09:02;09:23;Ometto - Raossi;"feriale 
solo martedì mercoledì e venerdì";12,00;19; 156 ;FERSINA TOUR S.R.L;EY732LP;17;;;;;3240;OMETTO                       ;3164;RAOSSI                       ;01/09/2022;31/08/2023;;;annuale feriale ma, me, ve;x;x;x;;;x;x;;x;;;;;;;;;;;; € 28,00 ;;;;;;1; € -   ; € -   ;;;;13;12;13;13;12; 28,00 € ;;;;;;;;;;;;;;;;;;;;;;;;;;
635;;623;314;613;09:25;09:49;Raossi - Albaredo;"feriale 
solo martedì mercoledì e venerdì";15,00;19; 156 ;FERSINA TOUR S.R.L;EY732LP;17;;;;;3164;RAOSSI                       ;3231;Albaredo                     ;01/09/2022;31/08/2023;;;annuale feriale ma, me, ve;x;x;x;;;x;x;;x;;;;;;;;;;;; € 35,00 ;;;;;;1; € -   ; € -   ;;;;13;12;13;13;12; 35,00 € ;;;;;;;;;;;;;;;;;;;;;;;;;;
636;;624;314;612;09:49;10:13;Albaredo - Raossi;"feriale 
solo martedì mercoledì e venerdì";15,00;19; 156 ;FERSINA TOUR S.R.L;EY732LP;17;;;;;3231;Albaredo                     ;3164;RAOSSI                       ;01/09/2022;31/08/2023;;;annuale feriale ma, me, ve;x;x;x;;;x;x;;x;;;;;;;;;;;; € 35,00 ;;;;;;1; € -   ; € -   ;;;;13;12;13;13;12; 35,00 € ;;;;;;;;;;;;;;;;;;;;;;;;;;
637;;625;314;610;10:30;10:52;Raossi - Ometto;"feriale 
solo martedì mercoledì e venerdì";12,00;19; 156 ;FERSINA TOUR S.R.L;EY732LP;17;;;;;3164;RAOSSI                       ;3240;OMETTO                       ;01/09/2022;31/08/2023;;;annuale feriale ma, me, ve;x;x;x;;;x;x;;x;;;;;;;;;;;; € 28,00 ;;;;;;1; € -   ; € -   ;;;;13;12;13;13;12; 28,00 € ;;;;;;;;;;;;;;;;;;;;;;;;;;
638;;626;314;611;10:52;11:13;Ometto - Raossi;"feriale 
solo martedì mercoledì e venerdì";12,00;19; 156 ;FERSINA TOUR S.R.L;EY732LP;17;;;;;3240;OMETTO                       ;3164;RAOSSI                       ;01/09/2022;31/08/2023;;;annuale feriale ma, me, ve;x;x;x;;;x;x;;x;;;;;;;;;;;; € 28,00 ;;;;;;1; € -   ; € -   ;;;;13;12;13;13;12; 28,00 € ;;;;;;;;;;;;;;;;;;;;;;;;;;
639;;627;314;615;11:30;11:54;Raossi - Albaredo;"feriale 
solo martedì mercoledì e venerdì";15,00;19; 156 ;FERSINA TOUR S.R.L;EY732LP;17;;;;;3164;RAOSSI                       ;3231;Albaredo                     ;01/09/2022;31/08/2023;;;annuale feriale ma, me, ve;x;x;x;;;x;x;;x;;;;;;;;;;;; € 35,00 ;;;;;;1; € -   ; € -   ;;;;13;12;13;13;12; 35,00 € ;;;;;;;;;;;;;;;;;;;;;;;;;;
640;;628;314;614;11:54;12:18;Albaredo - Raossi;"feriale 
solo martedì mercoledì e venerdì";15,00;19; 156 ;FERSINA TOUR S.R.L;EY732LP;17;;;;;3231;Albaredo                     ;3164;RAOSSI                       ;01/09/2022;31/08/2023;;;annuale feriale ma, me, ve;x;x;x;;;x;x;;x;;;;;;;;;;;; € 35,00 ;;;;;;1; € -   ; € -   ;;;;13;12;13;13;12; 35,00 € ;;;;;;;;;;;;;;;;;;;;;;;;;;
641;;629;315;99;06:35;07:18;Serrada - Terragnolo - Rovereto F.S.;"festiva 
estiva";20,00;19; 13 ;VALDUGA FRANCESCO;ED930MM;20;FL716HC;23;FT534CV (Stenghele);33;  3047RR;SERRADA;  3100FS;ROVERETO (Staz.F.S.);01/01/2022;11/09/2022;24/06/2023;31/08/2023;estiva festiva;;x;;;;;;;;;x;;;;;;;;;; € 63,39 ;;;;;;1; € -   ; € -   ;;; € -   ;2;0;0;0;0; 63,39 € ;;;;;;;;;;;;;;;;;;;;;;;;;;
642;;630;315;333;06:53;07:03;Geroli - Piazza di Terragnolo - Zencheri           (ore 6.50 prolungamento per Valle e Costa);"scolastica 
da lunedì a sabato";13,00;17; 208 ;VALDUGA FRANCESCO;ED930MM;20;GE316VX (Busmania);31;FN191MX (Pedrinolla Gr.);29;3213;Geroli                       ;3209;PIAZZA DI TERRAGNOLO         ;12/09/2022;09/06/2023;;;scolastica lu-sa;;;;x;x;x;x;x;x;x;;;;;;;;;;; € 61,25 ;;;;;;1; € -   ; € -   ;;; € -   ;17;25;25;18;20; 61,25 € ;;;;;;;;;;;;;;;;;;;;;;;;;;
643;;631;315;951;09:00;09:38;Zoreri-Piazza Terragnolo-Rovereto;"feriale invernale 
martedì e giovedì";20,00;19; 80 ;BUS MANIA SRL ;EX673MT;21;GE316VX;31;FN191MX (Pedrinolla Gr.);29;3210;Zoreri-Soldati               ;  3100FS;ROVERETO (Staz.F.S.);12/09/2022;23/06/2023;;;invernale feriale ma, gio;x;;x;;;x;;x;;;;;;;;;;;;; € 36,00 ;;;;;;1; € 4,00 ; € -   ;;;;6;8;8;8;9; 40,00 € ;;;;;;;;;;;;;;;;;;;;;;;;;;
644;;632;315;951;09:00;09:38;Zoreri-Piazza Terragnolo-Rovereto;"estiva 
martedì feriale";20,00;29; 11 ;BUS MANIA SRL ;EX673MT;21;GE316VX;31;FN191MX (Pedrinolla Gr.);29;3210;Zoreri-Soldati               ;  3100FS;ROVERETO (Staz.F.S.);01/01/2022;11/09/2022;24/06/2023;31/08/2023;estiva feriale ma;;x;x;;;x;;;;;;;;;;;;;;; € 60,00 ;;;;;;1; € -   ; € -   ;;;;1;0;0;0;0; 60,00 € ;;;;;;;;;;;;;;;;;;;;;;;;;;
645;;633;315;94;10:10;11:05;Rovereto-Terragnolo - Serrada - Folgaria;"festiva 
estiva";25,00;19; 13 ;VALDUGA FRANCESCO;ED930MM;20;FL716HC;23;;;  3100FR;ROVERETO (Staz.F.S.);  3045PG;Folgaria (Via Battisti)      ;01/01/2022;11/09/2022;24/06/2023;31/08/2023;estiva festiva;;x;;;;;;;;;x;;;;;;;;;; € 63,39 ;;;;;;1; € -   ; € -   ;;;;2;0;0;0;0; 63,39 € ;;;;;;;;;;;;;;;;;;;;;;;;;;
646;;634;315;952;11:30;12:08;Rovereto-Piazza Terragnolo - Zoreri;"feriale invernale 
martedì e giovedì";20,00;19; 80 ;BUS MANIA SRL ;EX673MT;21;GE316VX;31;FN191MX (Pedrinolla Gr.);29;  3100FR;ROVERETO (Staz.F.S.);3210;Zoreri-Soldati               ;12/09/2022;23/06/2023;;;invernale feriale ma, gio;x;;x;;;x;;x;;;;;;;;;;;;; € 36,00 ;;;;;;1; € 4,00 ; € -   ;;;;6;8;8;8;9; 40,00 € ;;;;;;;;;;;;;;;;;;;;;;;;;;
647;;635;315;952;11:30;12:08;Rovereto-Piazza Terragnolo - Zoreri;"estiva 
martedì feriale";20,00;29; 11 ;BUS MANIA SRL ;EX673MT;21;GE316VX;31;FN191MX (Pedrinolla Gr.);29;  3100FR;ROVERETO (Staz.F.S.);3210;Zoreri-Soldati               ;01/01/2022;11/09/2022;24/06/2023;31/08/2023;estiva feriale ma;;x;x;;;x;;;;;;;;;;;;;;; € 60,00 ;;;;;;1; € -   ; € -   ;;;;1;0;0;0;0; 60,00 € ;;;;;;;;;;;;;;;;;;;;;;;;;;
648;;636;315;335;14:00;14:32;Piazza di Terragnolo -Zoreri - Geroli;"scolastica 
da lunedì a sabato";7,00;17; 208 ;VALDUGA FRANCESCO;ED930MM;20;GE316VX (Busmania);31;FN191MX (Pedrinolla Gr.);29;3209;PIAZZA DI TERRAGNOLO         ;3213;Geroli                       ;12/09/2022;09/06/2023;;;scolastica lu-sa;;;;x;x;x;x;x;x;x;;;;;;;;;;; € 42,43 ;;;;;;1; € -   ; € -   ;;;;17;25;25;18;20; 42,43 € ;;;;;;;;;;;;;;;;;;;;;;;;;;
649;;637;315;953;15:45;16:23;Zoreri-Piazza Terragnolo-Rovereto;"invernale
da lunedì a venerdì";20,00;19; 202 ;BUS MANIA SRL ;EX673MT;21;GE316VX;31;FN191MX (Pedrinolla Gr.);29;3210;Zoreri-Soldati               ;  3100FS;ROVERETO (Staz.F.S.);12/09/2022;23/06/2023;;;invernale feriale lu-ve;x;;x;;x;x;x;x;x;;;;;;;;;;;; € 36,00 ;;;;;;1; € 4,00 ; € -   ;;;;15;21;21;20;21; 40,00 € ;;;;;;;;;;;;;;;;;;;;;;;;;;
650;;638;315;954;16:35;17:13;Rovereto-Piazza Terragnolo - Zoreri;"invernale
da lunedì a venerdì";20,00;19; 202 ;BUS MANIA SRL ;EX673MT;21;GE316VX;31;FN191MX (Pedrinolla Gr.);29;  3100FR;ROVERETO (Staz.F.S.);3210;Zoreri-Soldati               ;12/09/2022;23/06/2023;;;invernale feriale lu-ve;x;;x;;x;x;x;x;x;;;;;;;;;;;; € 36,00 ;;;;;;1; € 4,00 ; € -   ;;;;15;21;21;20;21; 40,00 € ;;;;;;;;;;;;;;;;;;;;;;;;;;
651;;639;334;539;08:17;08:26;Vò Sinistro - Ala Fs;"scolastica 
da lunedì a sabato";4;19; 208 ;PEDRINOLLA GRAZIANO s.r.l.;FV978FS;22;FN191MX;29;FH120DD;21;  3358PL;Vo' Sinistro (Pass.Livello)  ;  3346FS;ALA (Staz. FS)               ;12/09/2022;09/06/2023;;;scolastica lu-sa;;;;x;x;x;x;x;x;x;;;;;;;;;;;;;;PEDRINOLLA GRAZIANO s.r.l. 2;;;1;;;;;;17;25;25;18;20; -   € ; mensile ;1;;1;;1;;1;;1;; 2.500,00 € ;;;;;;;;;;;;;;
652;km corretti da capitolato;640;334;276;09:39;09:53;Ala Fs - Avio;"scolastica 
da lunedì a sabato";16;19; 208 ;PEDRINOLLA GRAZIANO s.r.l.;FV978FS;22;FN191MX;29;FH120DD;21;  3346FS;ALA (Staz. FS)               ;  3350VB;AVIO (Via M.Baldo)           ;12/09/2022;09/06/2023;;;scolastica lu-sa;;;;x;x;x;x;x;x;x;;;;;;;;;;;;;;PEDRINOLLA GRAZIANO s.r.l. 2;;32;1;;;;;;17;25;25;18;20; -   € ;scolastica lu-sa;17;;25;;25;;18;;20;; 69,00 € ;;;;;;;;;;;;;;
653;;641;334;405;09:59;10:29;Avio - Ala Fs;"scolastica 
da lunedì a sabato";19,3;19; 208 ;PEDRINOLLA GRAZIANO s.r.l.;FV978FS;22;FN191MX;29;FH120DD;21;  3350CC;Avio (carabinieri)           ;  3346FS;ALA (Staz. FS)               ;12/09/2022;09/06/2023;;;scolastica lu-sa;;;;x;x;x;x;x;x;x;;;;;;;;;;;;;;PEDRINOLLA GRAZIANO s.r.l. 2;;33;1;;;;;;17;25;25;18;20; -   € ;;;;;;;;;;;;;;;;;;;;;;;;;;
654;;642;334;87;11:05;11:28;Ala Fs-Serravalle-Chizzola-Pilcante;"scolastica 
da lunedì a venerdì";14;19; 174 ;PEDRINOLLA GRAZIANO s.r.l.;FV978FS;22;FN191MX;29;FH120DD;21;  3346FS;ALA (Staz. FS)               ;3367;Pilcante                     ;12/09/2022;09/06/2023;;;scolastica lu-ve;;;;x;x;x;x;x;x;;;;;;;;;;;;;;;PEDRINOLLA GRAZIANO s.r.l. 1;;;1;;;;;;15;20;21;15;17; -   € ; mensile ;1;;1;;1;;1;;1;; 2.500,00 € ;;;;;;;;;;;;;;
655;;643;334;197;13:56;14:04;Vò Sinistro - Ala Fs;"scolastica 
da lunedì a sabato";4;19; 208 ;PEDRINOLLA GRAZIANO s.r.l.;FV978FS;22;FN191MX;29;FH120DD;21;  3358PL;Vo' Sinistro (Pass.Livello)  ;  3346FS;ALA (Staz. FS)               ;12/09/2022;09/06/2023;;;scolastica lu-sa;;;;x;x;x;x;x;x;x;;;;;;;;;;;;;;PEDRINOLLA GRAZIANO s.r.l. 1;;;1;;;;;;17;25;25;18;20; -   € ;;;;;;;;;;;;;;;;;;;;;;;;;;
656;;644;334;201;14:31;15:02;Avio CC - Ala FS;"scolastica 
da lunedì a venerdì";19,3;19; 174 ;PEDRINOLLA GRAZIANO s.r.l.;FV978FS;22;FN191MX;29;FH120DD;21;  3350CC;Avio (carabinieri)           ;  3346FS;ALA (Staz. FS)               ;12/09/2022;09/06/2023;;;scolastica lu-ve;;;;x;x;x;x;x;x;;;;;;;;;;;;;;;PEDRINOLLA GRAZIANO s.r.l. 2;;34;1;;;;;;15;20;21;15;17; -   € ;;;;;;;;;;;;;;;;;;;;;;;;;;
657;sostituita da corsa 401 linea 334 da Avio dal 05/11/2022;645;334;401;16:37;16:46;Vò Sinistro - Ala Fs;"scolastica 
 sabato";10;19; 34 ;PEDRINOLLA GRAZIANO s.r.l.;FV978FS;22;FN191MX;29;FH120DD;21;  3350VB;AVIO (Via M.Baldo)           ;  3346FS;ALA (Staz. FS)               ;12/09/2022;04/11/2022;;;scolastica sab;;;;x;;;;;;x;;;;;;;;;;;;;;PEDRINOLLA GRAZIANO s.r.l. 2;;35;1;;;;;;2;5;;;; -   € ;;;;;;;;;;;;;;;;;;;;;;;;;;
658;;646;334;278;17:54;18:09;Avio - Masi d'Avio;"scolastica 
da lunedì a venerdì";10,3;19; 174 ;PEDRINOLLA GRAZIANO s.r.l.;FV978FS;22;FN191MX;29;FH120DD;21;  3350VB;AVIO (Via M.Baldo)           ;3354;MASI D'AVIO                  ;12/09/2022;09/06/2023;;;scolastica lu-ve;;;;x;x;x;x;x;x;;;;;;;;;;;;;;;PEDRINOLLA GRAZIANO s.r.l. 2;;36;1;;;;;;15;20;21;15;17; -   € ;;;;;;;;;;;;;;;;;;;;;;;;;;
659;;647;334;211;18:10;18:23;Masi d'Avio - Ala Fs;"scolastica 
da lunedì a venerdì";8;19; 174 ;PEDRINOLLA GRAZIANO s.r.l.;FV978FS;22;FN191MX;29;FH120DD;21;3354;MASI D'AVIO                  ;  3346FS;ALA (Staz. FS)               ;12/09/2022;09/06/2023;;;scolastica lu-ve;;;;x;x;x;x;x;x;;;;;;;;;;;;;;;PEDRINOLLA GRAZIANO s.r.l. 2;;37;1;;;;;;15;20;21;15;17; -   € ;;;;;;;;;;;;;;;;;;;;;;;;;;
660;;648;334;402;18:29;18:44;Avio - Masi d'Avio;"scolastica 
da lunedì a sabato";10,3;19; 208 ;PEDRINOLLA GRAZIANO s.r.l.;FV978FS;22;FN191MX;29;FH120DD;21;  3350VB;AVIO (Via M.Baldo)           ;3354;MASI D'AVIO                  ;12/09/2022;09/06/2023;;;scolastica lu-sa;;;;x;x;x;x;x;x;x;;;;;;;;;;;;;;PEDRINOLLA GRAZIANO s.r.l. 2;;38;1;;;;;;17;25;25;18;20; -   € ;;;;;;;;;;;;;;;;;;;;;;;;;;
661;;649;307;282;09:40;10:12;Ala-Serravalle-Chizzola-Ala;"scolastica 
da lunedì a venerdì";17;19; 174 ;PEDRINOLLA GRAZIANO s.r.l.;FV978FS;22;FN191MX;29;FH120DD;21;  3346OR;ALA (Ospedale bivio);  3346OR;ALA (Ospedale bivio).        ;12/09/2022;09/06/2023;;;scolastica lu-ve;;;;x;x;x;x;x;x;;;;;;;;;;;;;;;PEDRINOLLA GRAZIANO s.r.l. 1;;;1;;;;;;15;20;21;15;17; -   € ;;;;;;;;;;;;;;;;;;;;;;;;;;
662;;650;335;182;10:46;10:55;Ala Fs - Vò Sinistro;"scolastica 
da lunedì a sabato";4;19; 208 ;PEDRINOLLA GRAZIANO s.r.l.;FV978FS;22;FN191MX;29;FH120DD;21;  3346FS;ALA (Staz. FS)               ;  3358PL;Vo' Sinistro (Pass.Livello)  ;12/09/2022;09/06/2023;;;scolastica lu-sa;;;;x;x;x;x;x;x;x;;;;;;;;;;;;;;PEDRINOLLA GRAZIANO s.r.l. 1;;39;1;;;;;;17;25;25;18;20; -   € ;;;;;;;;;;;;;;;;;;;;;;;;;;
663;;651;335;198;15:45;15:54;Ala Fs - Vò Sinistro;"scolastica 
da lunedì a sabato";4;19; 208 ;PEDRINOLLA GRAZIANO s.r.l.;FV978FS;22;FN191MX;29;FH120DD;21;  3346FS;ALA (Staz. FS)               ;  3358PL;Vo' Sinistro (Pass.Livello)  ;12/09/2022;09/06/2023;;;scolastica lu-sa;;;;x;x;x;x;x;x;x;;;;;;;;;;;;;;PEDRINOLLA GRAZIANO s.r.l. 1;;40;1;;;;;;17;25;25;18;20; -   € ;;;;;;;;;;;;;;;;;;;;;;;;;;
664;;652;335;208;19:05;19:42;Ala Fs-Avio;"scolastica 
da lunedì a sabato";19,3;19; 208 ;PEDRINOLLA GRAZIANO s.r.l.;FV978FS;22;FN191MX;29;FH120DD;21;  3346FS;ALA (Staz. FS)               ;  3350VB;AVIO (Via M.Baldo)           ;12/09/2022;09/06/2023;;;scolastica lu-sa;;;;x;x;x;x;x;x;x;;;;;;;;;;;;;;PEDRINOLLA GRAZIANO s.r.l. 2;;41;1;;;;;;17;25;25;18;20; -   € ;;;;;;;;;;;;;;;;;;;;;;;;;;
665;km corretti da capitolato;653;335;208;19:42;19:54;Avio-Ala Fs;"scolastica 
da lunedì a sabato";19,3;19; 208 ;PEDRINOLLA GRAZIANO s.r.l.;FV978FS;22;FN191MX;29;FH120DD;21;  3350VB;AVIO (Via M.Baldo)           ;  3346FS;ALA (Staz. FS)               ;12/09/2022;09/06/2023;;;scolastica lu-sa;;;;x;x;x;x;x;x;x;;;;;;;;;;;;;;PEDRINOLLA GRAZIANO s.r.l. 2;;42;1;;;;;;17;25;25;18;20; -   € ;;;;;;;;;;;;;;;;;;;;;;;;;;
666;;654;335;210;19:58;20:27;Ala Fs-Avio;"scolastica 
da lunedì a sabato";19,3;19; 208 ;PEDRINOLLA GRAZIANO s.r.l.;FV978FS;22;FN191MX;29;FH120DD;21;  3346FS;ALA (Staz. FS)               ;  3350CC;Avio (carabinieri)           ;12/09/2022;09/06/2023;;;scolastica lu-sa;;;;x;x;x;x;x;x;x;;;;;;;;;;;;;;PEDRINOLLA GRAZIANO s.r.l. 2;;43;1;;;;;;17;25;25;18;20; -   € ;;;;;;;;;;;;;;;;;;;;;;;;;;
667;;655;336;791;06:33;06:49;Ronchi di Ala (Ponzolotti) - Ala F.S.;"scolastica 
da lunedì a sabato";9,50;8; 208 ;PEDRINOLLA FABRIZIO;FT944AZ;9;GA991ZZ;9;FW865WP;9;  3337PO;Ponzolotti                   ;  3346FS;ALA (Staz. FS)               ;12/09/2022;09/06/2023;;;scolastica lu-sa;;;;x;x;x;x;x;x;x;;;;;;;;;;; € 30,37 ;;;;;;1; € -   ; € -   ;;; € -   ;17;25;25;18;20; 30,37 € ;;;;;;;;;;;;;;;;;;;;;;;;;;
668;;656;336;786;07:05;07:19;Ala F.S.- Ronchi di Ala;"invernale
lunedì-sabato";6,70;29; 240 ;PEDRINOLLA GRAZIANO s.r.l.;FV978FS;22;FN191MX;29;FH120DD;21;  3346FS;ALA (Staz. FS)               ;3337;Ronchi di Ala                ;12/09/2022;23/06/2023;;;invernale feriale lu-sa;x;;x;;x;x;x;x;x;x;;;;;;;;;;; € 21,77 ;;;;;;1; € -   ; € -   ;;;;17;26;25;25;25; 21,77 € ;;;;;;;;;;;;;;;;;;;;;;;;;;
669;;657;336;787;07:25;07:45;Ronchi di Ala (Ponzolotti) - Ala F.S.;feriale;7,00;29; 304 ;PEDRINOLLA GRAZIANO s.r.l.;FV978FS;22;FN191MX;29;FH120DD;21;  3337PO;Ponzolotti                   ;  3346FS;ALA (Staz. FS)               ;01/09/2022;31/08/2023;;;annuale feriale lu-sa;x;x;x;;x;x;x;x;x;x;;;;;;;;;;; € 29,41 ;;;;;;1; € -   ; € -   ;;;;26;26;25;25;25; 29,41 € ;;;;;;;;;;;;;;;;;;;;;;;;;;
670;;658;336;788;13:13;13:32;Ala - Ronchi di Ala -Ponzolotti;feriale;7,70;29; 304 ;PEDRINOLLA GRAZIANO s.r.l.;FV978FS;22;FN191MX;29;FH120DD;21;  3346FS;ALA (Staz. FS)               ;  3337PO;Ponzolotti                   ;01/09/2022;31/08/2023;;;annuale feriale lu-sa;x;x;x;;x;x;x;x;x;x;;;;;;;;;;; € 29,41 ;;;;;;1; € -   ; € -   ;;;;26;26;25;25;25; 29,41 € ;;;;;;;;;;;;;;;;;;;;;;;;;;
671;;659;336;789;13:32;13:47;Ponzolotti - Ronchi di Ala -  Ala F.S.;feriale;7,70;29; 304 ;PEDRINOLLA GRAZIANO s.r.l.;FV978FS;22;FN191MX;29;FH120DD;21;  3337PO;Ponzolotti                   ;  3346FS;ALA (Staz. FS)               ;01/09/2022;31/08/2023;;;annuale feriale lu-sa;x;x;x;;x;x;x;x;x;x;;;;;;;;;;; € 18,05 ;;;;;;1; € -   ; € -   ;;;;26;26;25;25;25; 18,05 € ;;;;;;;;;;;;;;;;;;;;;;;;;;
672;;660;336;794;14:10;14:30;Ala F.S. - Ronchi di Ala + (Ponzolotti);"scolastica 
da lunedì a sabato";7,70;8; 208 ;PEDRINOLLA FABRIZIO;FT944AZ;9;GA991ZZ;9;FW865WP;9;  3346FS;ALA (Staz. FS)               ;  3337PO;Ponzolotti                   ;12/09/2022;09/06/2023;;;scolastica lu-sa;;;;x;x;x;x;x;x;x;;;;;;;;;;; € 13,86 ;;;;;;1; € 1,54 ; € -   ;;;;17;25;25;18;20; 15,40 € ;;;;;;;;;;;;;;;;;;;;;;;;;;
673;;661;336;803;14:30;14:45;(Ponzolotti) + Ronchi di Ala - Ala F.S.;"scolastica 
da lunedì a sabato";7,70;8; 208 ;PEDRINOLLA FABRIZIO;FT944AZ;9;GA991ZZ;9;FW865WP;9;  3337PO;Ponzolotti                   ;  3346FS;ALA (Staz. FS)               ;12/09/2022;09/06/2023;;;scolastica lu-sa;;;;x;x;x;x;x;x;x;;;;;;;;;;; € 13,86 ;;;;;;1; € 1,54 ; € -   ;;;;17;25;25;18;20; 15,40 € ;;;;;;;;;;;;;;;;;;;;;;;;;;
674;;662;336;790;17:10;17:27;Ala F.S. - Ronchi di Ala ( Ponzolotti);"scolastica 
da lunedì a venerdì; 
non scolastici 
solo lun-merc-ven  ";7,70;8; 188 ;PEDRINOLLA GRAZIANO s.r.l.;FV978FS;22;FN191MX;29;FH120DD  FY870HP;21                                    9;  3346FS;ALA (Staz. FS)               ;  3337PO;Ponzolotti                   ;12/09/2022;09/06/2023;;;scolastica lu-ve + non scol lu, me, ve;;;;x;x;x;x;x;x;;;;;;x;;x;;x;; € 24,00 ;;;;;;1; € -   ; € -   ;;;;15;21;21;18;19; 24,00 € ;;;;;;;;;;;;;;;;;;;;;;;;;;
675;;663;336;805;17:27;17:42;(Ponzolotti)+Ronchi di Ala - Ala F.S.;"scolastica 
da lunedì a venerdì; 
non scolastici 
solo lun-merc-ven  ";7,70;8; 188 ;PEDRINOLLA GRAZIANO s.r.l.;FV978FS;22;FN191MX;29;FH120DD  FY870HP;21                                    9;3337;Ronchi di Ala                ;  3346FS;ALA (Staz. FS)               ;12/09/2022;09/06/2023;;;scolastica lu-ve + non scol lu, me, ve;;;;x;x;x;x;x;x;;;;;;x;;x;;x;; € 15,40 ;;;;;;1; € -   ; € -   ;;;;15;21;21;18;19; 15,40 € ;;;;;;;;;;;;;;;;;;;;;;;;;;
676;;664;401;122;06:50;07:19;Levico T. - Borgo V.;scolastica solo sabato;17;19; 34 ;MARTINA MATTEO;EK645JA;33;EJ855RC (Fersina Tour);34;;;4300;LEVICO T.  (Autostaz.)       ;  4400VA;BORGO VALS. (Valli)          ;12/09/2022;09/06/2023;;;scolastica sab;;;;x;;;;;;x;;;;;;;;;;;;;;MARTINA MATTEO 4;;;1;;;;;;2;5;4;3;3; -   € ; scolastica sab ;2;;5;;4;;3;;3;; 385,00 € ;;;;;;;;;;;;;;
677;;665;401;122;06:50;07:19;Levico T. - Borgo V.;invernale non scolastico lunedì-venerdì;17;19; 26 ;MARTINA MATTEO;EK645JA;33;EJ855RC (Fersina Tour);34;;;4300;LEVICO T.  (Autostaz.)       ;  4400VA;BORGO VALS. (Valli)          ;12/09/2022;23/06/2023;;;invernale feriale no scol lu-ve;x;;x;;;;;;;;;;;;x;x;x;x;x;;;;;MARTINA MATTEO 3;;;1;;;;;;0;1;0;5;4; -   € ; invernale feriale no scol lu-sa ;0;;1;;0;;7;;5;; 165,00 € ;;;;;;;;;;;;;;
678;;666;401;507;07:55;08:50;Borgo-Levico-Caldonazzo-Trento;"invernale
da lunedì a venerdì";49,00;50; 202 ;MARTINA MATTEO ;FF601CS;61;FR576WM;62;;;4400;BORGO V.(C.Intermodale)      ;1;TRENTO (Autostaz.)         ;12/09/2022;23/06/2023;;;invernale feriale lu-ve;x;;x;;x;x;x;x;x;;;;;;;;;;;; € 88,20 ;;;;;;2;;;;;;15;21;21;20;21; 88,20 € ;;;;;;;;;;;;;;;;;;;;;;;;;;
679;;667;401;134;10:15;11:21;Trento-Pergine-gallerie-Levico-Borgo;"festiva 
estiva";37,00;40; 13 ;CLUB DELLAI S.R.L.;FF899CS;42;FA981GW (Planchel);45;FA989GW (Perini);48;1;TRENTO   (Autostaz.)         ;4400;BORGO V.(C.Intermodale)      ;01/01/2022;11/09/2022;24/06/2023;31/08/2023;estiva festiva;;x;;;;;;;;;x;;;;;;;;;; € 111,00 ;;;;;;2; € -   ; € -   ;;;;2;0;0;0;0; 111,00 € ;;;;;;;;;;;;;;;;;;;;;;;;;;
680;;668;401;147;11:30;12:43;Borgo-Levico-Caldonazzo-Trento;"festiva 
estiva";41,00;40; 13 ;CLUB DELLAI S.R.L.;FF899CS;42;FA981GW (Planchel);45;FA989GW (Perini);48;4400;BORGO V.(C.Intermodale)      ;1;TRENTO (Autostaz.)         ;01/01/2022;11/09/2022;24/06/2023;31/08/2023;estiva festiva;;x;;;;;;;;;x;;;;;;;;;; € 123,00 ;;;;;;2; € -   ; € -   ;;;;2;0;0;0;0; 123,00 € ;;;;;;;;;;;;;;;;;;;;;;;;;;
681;;669;401;507;13:10;14:20;Borgo-Levico-Caldonazzo-Trento;"feriale estiva
da lunedì a venerdì";49,00;50; 55 ;MARTINA MATTEO ;FF601CS;61;FR576WM;62;;;  4400VA;BORGO VALS. (Valli)          ;1;TRENTO (Autostaz.)         ;01/01/2022;11/09/2022;24/06/2023;31/08/2023;estiva feriale lu-ve;;x;x;;x;x;x;x;x;;;;;;;;;;;; € 88,20 ;;;;;;2;;;;;;7;0;0;0;0; 88,20 € ;;;;;;;;;;;;;;;;;;;;;;;;;;
682;;670;401;266;16:50;17:15;Levico - Borgo Valsugana;"estiva feriale 
dal lunedì al venerdì";17,50;8; 55 ;MARGON DIEGO;EP445NZ;9;EX952HC;9;;;4300;LEVICO T.  (Autostaz.)       ;4400;BORGO V.(C.Intermodale)      ;01/01/2022;11/09/2022;24/06/2023;31/08/2023;estiva feriale lu-ve;;x;x;;x;x;x;x;x;;;;;;;;;;;; € 35,00 ;;;;;;1; € -   ; € -   ;;;;7;0;0;0;0; 35,00 € ;;;;;;;;;;;;;;;;;;;;;;;;;;
683;;671;401;410;18:35;18:57;Trento - Pergine;"Estiva
lunedì-venerdì";11,50;50; 55 ;FERSINA TOUR S.R.L;FR777WP;57+18 in piedi;FE205HG;57;FY999HP;56;1;TRENTO   (Autostaz.)         ;  4100CI;PERGINE (C.Intermodale)      ;01/01/2022;11/09/2022;24/06/2023;31/08/2023;estiva feriale lu-ve;;x;x;;x;x;x;x;x;;;;;;;;;;;; € 34,50 ;;;;;;2; € -   ; € -   ;;;;7;0;0;0;0; 34,50 € ;;;;;;;;;;;;;;;;;;;;;;;;;;
684;;672;401;172;19:15;20:22;Trento-Borgo V.;"feriale 
da lunedì a venerdì";41;50; 252 ;MARTINA MATTEO;FF601CS;61;FR576WM;62;;;1;TRENTO   (Autostaz.)         ;  4400VA;BORGO VALS. (Valli)          ;01/09/2022;31/08/2023;;;annuale feriale lu-ve;x;x;x;;x;x;x;x;x;;;;;;;;;;;;;;;MARTINA MATTEO 1;;;2;;;;;;22;21;21;20;21; -   € ; annuale feriale lu-ve ;22;;21;;21;;20;;21;; 220,00 € ;;;;;;;;;;;;;;
685;;673;401;172;19:15;20:22;Trento-Pergine-Levico-Borgo;"invernale feriale 
solo sabato";41,00;50; 38 ;AUTONOLEGGI PEGORARO S.N.C. di PEGORARO LUCIANO & C.;GA844ER;55;FN678GD;57;;;1;TRENTO   (Autostaz.)         ;  4400VA;BORGO VALS. (Valli)          ;12/09/2022;23/06/2023;;;invernale feriale sab;x;;x;;;;;;;x;;;;;;;;;;; € 123,00 ;;;;;;2; € -   ; € -   ;;;;2;5;4;5;4; 123,00 € ;;;;;;;;;;;;;;;;;;;;;;;;;;
686;;674;402;254;06:17;06:43;Baselga P.-Rizzolaga (prolungamento c.sa x Sover);"scolastica 
da lunedì a venerdì";2,40;22; 174 ;GROFF  ALFREDO;GH502KX;17;FR981TK (Groff Tour);18;;;  4025UP;BASELGA P. (Municipio)       ;4043;Rizzolaga                    ;12/09/2022;09/06/2023;;;scolastica lu-ve;;;;x;x;x;x;x;x;;;;;;;;;;;; € 10,00 ;;;;;4;1; € -   ; € -   ;;; € 10,00 ;15;20;21;15;17; 20,00 € ;;;;;;;;;;;;;;;;;;;;;;;;;;
687;;675;402;254;06:22;06:50;Rizzolaga-Sover;"scolastica 
da lunedì a venerdì";15,50;22; 174 ;GROFF  ALFREDO;GH502KX;17;FR981TK (Groff Tour);18;;;4043;Rizzolaga                    ;1122;SOVER                        ;12/09/2022;09/06/2023;;;scolastica lu-ve;;;;x;x;x;x;x;x;;;;;;;;;;;; € 38,75 ;;;;;5;1; € -   ; € -   ;;; € -   ;15;20;21;15;17; 38,75 € ;;;;;;;;;;;;;;;;;;;;;;;;;;
688;;676;402;108;12:20;12:58;Trento-Baselga;"festiva 
estiva";18;30; 13 ;GROFF  ALFREDO;EZ997DM;30;FN554MX (MDL);36;;;1;TRENTO   (Autostaz.)         ;  4025UP;BASELGA P. (Municipio)       ;01/01/2022;11/09/2022;24/06/2023;31/08/2023;estiva festiva;;x;;;;;;;;;x;;;;;;;;;;;;;GROFF  ALFREDO;;;1;;;;;;2;0;0;0;0; -   € ;estiva festiva;2;;0;;0;;0;;0;; 350,00 € ;;;;;;;;;;;;;;
689;;677;402;113;13:40;14:18;Baselga-Trento;"festiva 
estiva";18;30; 13 ;GROFF  ALFREDO;EZ997DM;30;FN554MX (MDL);36;;;  4025UP;BASELGA P. (Municipio)       ;1;TRENTO (Autostaz.)         ;01/01/2022;11/09/2022;24/06/2023;31/08/2023;estiva festiva;;x;;;;;;;;;x;;;;;;;;;;;;;GROFF  ALFREDO;;;1;;;;;;2;0;0;0;0; -   € ;;;;;;;;;;;;;;;;;;;;;;;;;;
690;;678;402;639;15:35;16:53;Trento- Giro Città-Nogarè-Baselga-Montesover;"scolastica 
da lunedì a venerdì";38,5;50; 174 ;AUTONOLEGGI PEGORARO S.N.C. di PEGORARO LUCIANO & C.;FN678GD;57;GA840ER;55;FS483LF           FM522KR;44  55;1;TRENTO   (Autostaz.)         ;4070;MONTESOVER                   ;12/09/2022;09/06/2023;;;scolastica lu-ve;;;;x;x;x;x;x;x;;;;;;;;;;;; € 10,50 ; € 66,50 ;;;;;2;;; € -   ; € 38,50 ;;15;20;21;15;17; 115,50 € ;;;;;;;;;;;;;;;;;;;;;;;;;;
691;;679;403;517;17:55;18:46;Baselga-Trento;"festiva 
estiva";25;30; 13 ;GROFF  ALFREDO;EZ997DM;30;FN554MX (MDL);36;;;  4025UP;BASELGA P. (Municipio)       ;1;TRENTO (Autostaz.)         ;01/01/2022;11/09/2022;24/06/2023;31/08/2023;estiva festiva;;x;;;;;;;;;x;;;;;;;;;;;;;GROFF  ALFREDO;;;1;;;;;;2;0;0;0;0; -   € ;;;;;;;;;;;;;;;;;;;;;;;;;;
692;;680;403;410;18:35;19:28;Trento-Pergine-Baselga Pinè;"festiva 
estiva";25,00;40; 13 ;CLUB DELLAI S.R.L.;FF899CS;42;FA981GW (Planchel);45;FA989GW (Perini);48;1;TRENTO   (Autostaz.)         ;  4025UP;BASELGA P. (Municipio)       ;01/01/2022;11/09/2022;24/06/2023;31/08/2023;estiva festiva;;x;;;;;;;;;x;;;;;;;;;; € 75,00 ;;;;;;2; € -   ; € -   ;;;;2;0;0;0;0; 75,00 € ;;;;;;;;;;;;;;;;;;;;;;;;;;
693;;681;404;633;06:45;06:56;Fiorè - Baselga di Pinè;"scolastica 
da lunedì a sabato";3,50;6; 208 ;GROFF  ALFREDO;GC624CS;9; EM401DR (Groff Tour);5;FY975HP;9;4037;Fiore'                       ;  4025UP;BASELGA P. (Municipio)       ;12/09/2022;09/06/2023;;;scolastica lu-sa;;;;x;x;x;x;x;x;x;;;;;;;;;;; € 10,00 ;;;;;6;1; € -   ; € -   ;;; € 10,00 ;17;25;25;18;20; 20,00 € ;;;;;;;;;;;;;;;;;;;;;;;;;;
694;;682;404;638;13:10;13:21;Baselga di Pinè - Fiorè;"scolastica 
solo sabato";3,50;8; 34 ;GROFF  ALFREDO;GC624CS;9;FY975HP;9; EM401DR (Groff Tour);5;  4025UP;BASELGA P. (Municipio)       ;4037;Fiore'                       ;12/09/2022;09/06/2023;;;scolastica sab;;;;x;;;;;;x;;;;;;;;;;; € 6,30 ;;;;;7;1;;;;;;2;5;4;3;3; 6,30 € ;;;;;;;;;;;;;;;;;;;;;;;;;;
695;;683;404;635;13:26;13:37;Fiorè - Baselga di Pinè;"scolastica 
solo sabato";4,50;8; 34 ;GROFF  ALFREDO;GC624CS;9;FY975HP;9; EM401DR (Groff Tour);5;4037;Fiore'                       ;  4025UP;BASELGA P. (Municipio)       ;12/09/2022;09/06/2023;;;scolastica sab;;;;x;;;;;;x;;;;;;;;;;; € 6,30 ;;;;;8;1;;;;;;2;5;4;3;3; 6,30 € ;;;;;;;;;;;;;;;;;;;;;;;;;;
696;;684;404;640;14:05;14:16;Baselga di Pinè - Fiorè;"scolastica 
da lunedì a venerdì";3,50;8; 174 ;GROFF  ALFREDO;GC624CS;9;FY975HP;9; EM401DR (Groff Tour);5;  4025UP;BASELGA P. (Municipio)       ;4037;Fiore'                       ;12/09/2022;09/06/2023;;;scolastica lu-ve;;;;x;x;x;x;x;x;;;;;;;;;;;; € 6,30 ;;;;;9;1;;;;;;15;20;21;15;17; 6,30 € ;;;;;;;;;;;;;;;;;;;;;;;;;;
697;;685;404;637;14:16;14:27;Fiorè - Baselga di Pinè;"scolastica 
da lunedì a venerdì";3,50;8; 174 ;GROFF  ALFREDO;GC624CS;9;FY975HP;9; EM401DR (Groff Tour);5;4037;Fiore'                       ;  4025UP;BASELGA P. (Municipio)       ;12/09/2022;09/06/2023;;;scolastica lu-ve;;;;x;x;x;x;x;x;;;;;;;;;;;; € 6,30 ;;;;;10;1;;;;;;15;20;21;15;17; 6,30 € ;;;;;;;;;;;;;;;;;;;;;;;;;;
698;;686;406;27;07:00;07:45;Samone-Borgo;"estiva
sabato ";19;19; 12 ;MARTINA MATTEO;EK645JA;33;EJ855RC (Fersina Tour);34;;;4497;SAMONE                       ;4400;BORGO V.(C.Intermodale)      ;01/01/2022;11/09/2022;24/06/2023;31/08/2023;estiva feriale sab;;x;x;;;;;;;x;;;;;;;;;;;;;;MARTINA MATTEO 2;;;1;;;;;;2;0;0;0;0; -   € ; estiva feriale lu-sa ;9;;0;;0;;0;;0;; 165,00 € ;;;;;;;;;;;;;;
699;;687;407;74;17:20;17:45;Borgo-Torcegno;"Estiva
lunedì-venerdì";8;30; 55 ;MARTINA MATTEO;EK645JA;33;EJ855RC (Fersina Tour);34;;;4400;BORGO V.(C.Intermodale)      ;4464;TORCEGNO                     ;01/01/2022;11/09/2022;24/06/2023;31/08/2023;estiva feriale lu-ve;;x;x;;x;x;x;x;x;;;;;;;;;;;;;;;MARTINA MATTEO 2;;;1;;;;;;7;0;0;0;0; -   € ;;;;;;;;;;;;;;;;;;;;;;;;;;
700;;688;407;75;17:50;18:10;Torcegno-Borgo;"Estiva
lunedì-venerdì";8;30; 55 ;MARTINA MATTEO;EK645JA;33;EJ855RC (Fersina Tour);34;;;4464;TORCEGNO                     ;4400;BORGO V.(C.Intermodale)      ;01/01/2022;11/09/2022;24/06/2023;31/08/2023;estiva feriale lu-ve;;x;x;;x;x;x;x;x;;;;;;;;;;;;;;;MARTINA MATTEO 2;;;1;;;;;;7;0;0;0;0; -   € ;;;;;;;;;;;;;;;;;;;;;;;;;;
701;;689;407;79;19:05;19:25;Borgo -Torcegno;"invernale
da lunedì a venerdì";8;19; 202 ;ANGELI CAMILLO;FZ904BE;21;FR820WP (Fersina Tour);21;;;4400;BORGO V.(C.Intermodale)      ;4464;TORCEGNO                     ;12/09/2022;23/06/2023;;;invernale feriale lu-ve;x;;x;;x;x;x;x;x;;;;;;;;;;;;; € 15,20 ;;;;;1;;; € 0,80 ; € -   ;;15;21;21;20;21; 16,00 € ;;;;;;;;;;;;;;;;;;;;;;;;;;
702;;690;408;36;07:25;07:31;Borgo-Olle;"scolastica 
da lunedì a sabato";3;40; 208 ;MARTINA MATTEO ;FF601CS;61;FR576WM;62;EK645JA;33;4400;BORGO V.(C.Intermodale)      ;4410;OLLE                         ;12/09/2022;09/06/2023;;;scolastica lu-sa;;;;x;x;x;x;x;x;x;;;;;;;;;;;;;;MARTINA MATTEO 1;;;2;;;;;;17;25;25;18;20; -   € ;;;;;;;;;;;;;;;;;;;;;;;;;;
703;;691;408;36;07:25;07:31;Borgo-Olle;invernale non scolastica feriale;3;19; 29 ;MARTINA MATTEO ;FF601CS;61;FR576WM;62;EK645JA;33;4400;BORGO V.(C.Intermodale)      ;4410;OLLE                         ;12/09/2022;23/06/2023;;;invernale feriale no scol lu-sa;x;;x;;;;;;;;;;;;x;x;x;x;x;x;;;;MARTINA MATTEO 3;;;1;;;;;;0;1;0;7;5; -   € ;;;;;;;;;;;;;;;;;;;;;;;;;;
704;;692;408;41;07:32;07:38;Olle-Borgo;"scolastica 
da lunedì a sabato";3;40; 208 ;MARTINA MATTEO ;FF601CS;61;FR576WM;62;EK645JA;33;4410;OLLE                         ;4400;BORGO V.(C.Intermodale)      ;12/09/2022;09/06/2023;;;scolastica lu-sa;;;;x;x;x;x;x;x;x;;;;;;;;;;;;;;MARTINA MATTEO 1;;;2;;;;;;17;25;25;18;20; -   € ;;;;;;;;;;;;;;;;;;;;;;;;;;
705;;693;408;41;07:32;07:38;Olle-Borgo;invernale non scolastica feriale;3;19; 29 ;MARTINA MATTEO ;FF601CS;61;FR576WM;62;EK645JA;33;4410;OLLE                         ;4400;BORGO V.(C.Intermodale)      ;12/09/2022;23/06/2023;;;invernale feriale no scol lu-sa;x;;x;;;;;;;;;;;;x;x;x;x;x;x;;;;MARTINA MATTEO 3;;;1;;;;;;0;1;0;7;5; -   € ;;;;;;;;;;;;;;;;;;;;;;;;;;
706;;694;409;613;09:20;10:00;Ronchi Valsugana  giro masi - Borgo vals.;"feriale 
solo mercoledì";20,00;16; 52 ;CLUB DELLAI S.R.L.;FF723CS;17;FN117MX;21;;;4442;Ronchi (Zurli)               ;  4400VA;BORGO VALS. (Valli)          ;01/09/2022;31/08/2023;;;annuale feriale me;x;x;x;;;;x;;;;;;;;;;;;;; € 69,95 ;;;;;;1; € -   ; € -   ;;;;4;4;5;4;4; 69,95 € ;;;;;;;;;;;;;;;;;;;;;;;;;;
707;;695;409;612;11:15;11:55; Borgo vals. - Ronchi Valsugana  giro masi;"feriale 
solo mercoledì";20,00;16; 52 ;CLUB DELLAI S.R.L.;FF723CS;17;FN117MX;21;;;  4400VA;BORGO VALS. (Valli)          ;4442;Ronchi (Zurli)               ;01/09/2022;31/08/2023;;;annuale feriale me;x;x;x;;;;x;;;;;;;;;;;;;; € 69,95 ;;;;;;1; € -   ; € -   ;;;;4;4;5;4;4; 69,95 € ;;;;;;;;;;;;;;;;;;;;;;;;;;
708;;696;409;56;18:16;18:36;Borgo-Ronchi;"invernale
da lunedì a venerdì";10;19; 202 ;ANGELI CAMILLO;FZ904BE;21;FR820WP (Fersina Tour);21;;;4400;BORGO V.(C.Intermodale)      ;4440;RONCHI VALSUGANA             ;12/09/2022;23/06/2023;;;invernale feriale lu-ve;x;;x;;x;x;x;x;x;;;;;;;;;;;;; € 19,00 ;;;;;1;;; € 1,00 ; € -   ;;15;21;21;20;21; 20,00 € ;;;;;;;;;;;;;;;;;;;;;;;;;;
709;;697;409;56;18:20;18:41;Borgo V. - Ronchi;"estiva
sabato ";10,00;19; 12 ;ANGELI CAMILLO;FZ904BE;21;FR820WP (Fersina Tour);21;;;4400;BORGO V.(C.Intermodale)      ;4440;RONCHI VALSUGANA             ;01/01/2022;11/09/2022;24/06/2023;31/08/2023;estiva feriale sab;;x;x;;;;;;;x;;;;;;;;;;; € 30,00 ;;;;;;1; € -   ; € -   ;;;;2;0;0;0;0; 30,00 € ;;;;;;;;;;;;;;;;;;;;;;;;;;
710;;698;409;55;18:40;19:00;Ronchi Borgo;"invernale
da lunedì a venerdì";10;19; 202 ;ANGELI CAMILLO;FZ904BE;21;FR820WP (Fersina Tour);21;;;4440;RONCHI VALSUGANA             ;4400;BORGO V.(C.Intermodale)      ;12/09/2022;23/06/2023;;;invernale feriale lu-ve;x;;x;;x;x;x;x;x;;;;;;;;;;;;; € 19,00 ;;;;;1;;; € 1,00 ; € -   ;;15;21;21;20;21; 20,00 € ;;;;;;;;;;;;;;;;;;;;;;;;;;
711;;699;409;55;18:44;19:04;Ronchi - Borgo V.;"estiva
sabato ";10,00;19; 12 ;ANGELI CAMILLO;FZ904BE;21;FR820WP (Fersina Tour);21;;;4440;RONCHI VALSUGANA             ;4400;BORGO V.(C.Intermodale)      ;01/01/2022;11/09/2022;24/06/2023;31/08/2023;estiva feriale sab;;x;x;;;;;;;x;;;;;;;;;;; € 30,00 ;;;;;;1; € -   ; € -   ;;;;2;0;0;0;0; 30,00 € ;;;;;;;;;;;;;;;;;;;;;;;;;;
712;;700;417;225;07:16;07:39;S. Orsola Mantovani- Mala - Viarago - Pergine (corsa bis);"scolastica 
da lunedì a venerdì";10,50;41; 174 ;FERSINA TOUR S.R.L;FR777WP;57+18 in piedi;FS143ZG;50;;;  4123RR;S.ORSOLA;  4100SA;Pergine V. Scuole Andreatta  ;12/09/2022;09/06/2023;;;scolastica lu-ve;;;;x;x;x;x;x;x;;;;;;;;;;;; € 217,02 ;;;;;;2; € -   ; € -   ;;;;15;20;21;15;17; 217,02 € ;;;;;;;;;;;;;;;;;;;;;;;;;;
713;;701;417;225;07:36;07:47;"Serso-Pergine V. 
C.sa bis L.417";"scolastica 
da lunedì a venerdì";5,50;19; 174 ;FONTANARI SERGIO;FC109RJ;21;FY964HP;31;FN676GD;38;4120;Serso                        ;  4100CI;PERGINE (C.Intermodale)      ;12/09/2022;09/06/2023;;;scolastica lu-ve;;;;x;x;x;x;x;x;;;;;;;;;;;; € 9,90 ;;;;;;1; € 1,10 ; € -   ;;;;15;20;21;15;17; 11,00 € ;;;;;;;;;;;;;;;;;;;;;;;;;;
714;;702;417;307;15:20;15:57;Palù del Fersina - Viarago - Pergine ;"scolastica 
da lunedì a venerdì";14,50;22; 174 ;VALBUS S.R.L.;FP560ED;23;FL786HC;24;ER857KZ (Club dellai);23;4126;PALU' del F.                 ;  4100CI;PERGINE (C.Intermodale)      ;12/09/2022;09/06/2023;;;scolastica lu-ve;;;;x;x;x;x;x;x;;;;;;;;;;;; € 26,10 ;;;;;;1; € 2,90 ; € -   ;;;;15;20;21;15;17; 29,00 € ;;;;;;;;;;;;;;;;;;;;;;;;;;
715;;703;417;256;16:07;16:49;Pergine-Palù del Fersina;"scolastica 
da lunedì a venerdì";17,50;30; 174 ;FONTANARI SERGIO;FY964HP;31;FC109RJ;21;FN676GD;38;  4100CI;PERGINE (C.Intermodale)      ;4126BA;Battisti;12/09/2022;09/06/2023;;;scolastica lu-ve;;;;x;x;x;x;x;x;;;;;;;;;;;; € 52,50 ;;;;;;1; € -   ; € -   ;;;;15;20;21;15;17; 52,50 € ;;;;;;;;;;;;;;;;;;;;;;;;;;
716;frequenza corretta da capitolato;704;418;89;06:07;06:12;Maso Tingherla-Kamauz (prolungamento c.sa x Roveda bv);"invernale scolastico
lunedì-sabato";3,00;9; 208 ;PERGBUS DI FUCHS MARIO E C. S.N.C.;FE293HG;9;FN143MX;9;;;4116;Maso Tingherla               ;4115;KAMAUZ                       ;12/09/2022;09/06/2023;;;scolastica lu-sa;;;;x;x;x;x;x;x;x;;;;;;;;;;; € 10,00 ;;;;;;1; € -   ; € -   ;;; € 10,00 ;17;25;25;18;20; 20,00 € ;;;;;;;;;;;;;;;;;;;;;;;;;;
717;;705;418;169;06:10;06:45;Hacleri-Canezza Bar al Sole-Pergine;"scolastica 
da lunedì a sabato";15,7;30; 208 ;FONTANARI SERGIO;FY964HP;31;FC109RJ;21;FN676GD;38;4143;Hacleri                      ;  4100CI;PERGINE (C.Intermodale)      ;12/09/2022;09/06/2023;;;scolastica lu-sa;;;;x;x;x;x;x;x;x;;;;;;;;;;;; € 34,54 ;;;;;1;;; € -   ; € -   ; € -   ;17;25;25;18;20; 34,54 € ;scolastica lu-sa;;;;;;;;;20;; 12,56 € ;;;;;;;;;;;;;;
718;;706;418;169;06:10;06:45;Hacleri-Pergine;invernale non scolastica feriale;14;19; 29 ;FONTANARI SERGIO;FC109RJ;21;FY964HP;31;FN676GD;38;4143;Hacleri                      ;  4100CI;PERGINE (C.Intermodale)      ;12/09/2022;23/06/2023;;;invernale feriale no scol lu-sa;x;;x;;;;;;;;;;;;x;x;x;x;x;x;; € 26,60 ;;;;;1;;; € 1,40 ; € -   ; € -   ;0;1;0;7;5; 28,00 € ;;;;;;;;;;;;;;;;;;;;;;;;;;
719;;707;418;169;06:10;06:45;Hacleri-pergine;estiva feriale;14;19; 67 ;FONTANARI SERGIO;FC109RJ;21;FY964HP;31;FN676GD;38;4143;Hacleri                      ;  4100CI;PERGINE (C.Intermodale)      ;01/01/2022;11/09/2022;24/06/2023;31/08/2023;estiva feriale lu-sa;;x;x;;x;x;x;x;x;x;;;;;;;;;;;; € 26,60 ;;;;;1;;; € 1,40 ; € -   ; € -   ;9;0;0;0;0; 28,00 € ;;;;;;;;;;;;;;;;;;;;;;;;;;
720;;708;418;89;06:12;06:25;Kamauz - Roveda Bivio;feriale;6,00;19; 304 ;PERGBUS DI FUCHS MARIO E C. S.N.C.;FE293HG;9;FN143MX;9;;;4115;KAMAUZ                       ;4113;Roveda bivio                 ;01/09/2022;31/08/2023;;;annuale feriale lu-sa;x;x;x;;x;x;x;x;x;x;;;;;;;;;;; € 14,27 ;;;;;;1; € -   ; € -   ;;; € 5,73 ;26;26;25;25;25; 20,00 € ;;;;;;;;;;;;;;;;;;;;;;;;;;
721;NUOVA;709;418;;06:58;07:05;Maso S. Lorenzo - S. Felice  Fierozzo;"scolastica 
da lunedì a venerdì";2,50;5; 174 ;FONTANARI SERGIO;FB779BJ;8;FC109RJ;21;FN217MX (Corn Adolfo);9;  4142SL;S.Felice Fierozzo Maso Lorenzo;4142;S. Felice Fierozzo;12/09/2022;09/06/2023;;;scolastica lu-ve;;;;x;x;x;x;x;x;;;;;;;;;;;;;; € 7,50 ;;;;1;;;;; € 12,50 ;15;20;21;15;17; 20,00 € ;;;;;;;;;;;;;;;;;;;;;;;;;;
722;;710;418;95;07:02;07:20;Maso Tingherla-Kamauz - Roveda Bivio;"scolastica 
da lunedì a sabato";9,00;19; 208 ;PERGBUS DI FUCHS MARIO E C. S.N.C.;FE293HG;9;FN143MX;9;;;4116;Maso Tingherla               ;4113;Roveda bivio                 ;12/09/2022;09/06/2023;;;scolastica lu-sa;;;;x;x;x;x;x;x;x;;;;;;;;;;; € 27,00 ;;;;;;1; € -   ; € -   ;;;;17;25;25;18;20; 27,00 € ;;;;;;;;;;;;;;;;;;;;;;;;;;
723;;711;418;91;07:17;07:52;"Kamauz - Canezza - Pergine
+1,8km prolungamento bar sole";feriale;15,30;25; 304 ;PERGBUS DI FUCHS MARIO E C. S.N.C.;FR781WP;31;EJ941ZA;20;;;4115;KAMAUZ                       ;  4100CI;PERGINE (C.Intermodale)      ;01/09/2022;31/08/2023;;;annuale feriale lu-sa;x;x;x;;x;x;x;x;x;x;;;;;;;;;;; € 35,35 ;;;;;;1; € -   ; € -   ;;;;26;26;25;25;25; 35,35 € ;;;;;;;;;;;;;;;;;;;;;;;;;;
724;;712;418;274/275;08:50;10:07;Pergine-Fierozzo-Palu' F.-S.Orsola-Pergine;Festiva;32,50;30; 58 ;PLANCHEL RENATO;GG487PS;33;FL606HC;55;;;  4100CI;PERGINE (C.Intermodale)      ;  4100CI;PERGINE (C.Intermodale)      ;01/09/2022;31/08/2023;;;annuale festiva;x;x;;;;;;;;;x;;;;;;;;;; € 97,50 ;;;;;;1; € -   ; € -   ;;;;4;5;5;6;6; 97,50 € ;;;;;;;;;;;;;;;;;;;;;;;;;;
725;;713;418;92;12:40;13:17;Pergine - Canezza - Kamauz;estiva feriale;13,50;25; 67 ;PERGBUS DI FUCHS MARIO E C. S.N.C.;FR781WP;31;EJ941ZA;20;;;  4100CI;PERGINE (C.Intermodale)      ;4115;KAMAUZ                       ;01/01/2022;11/09/2022;24/06/2023;31/08/2023;estiva feriale lu-sa;;x;x;;x;x;x;x;x;x;;;;;;;;;;; € 32,11 ;;;;;;1; € -   ; € -   ;;;;9;0;0;0;0; 32,11 € ;;;;;;;;;;;;;;;;;;;;;;;;;;
726;;714;418;92;12:45;13:20;Pergine - Canezza - Kamauz;"invernale
lunedì-sabato";13,50;25; 240 ;PERGBUS DI FUCHS MARIO E C. S.N.C.;FR781WP;31;EJ941ZA;20;;;  4100CI;PERGINE (C.Intermodale)      ;4115;KAMAUZ                       ;12/09/2022;23/06/2023;;;invernale feriale lu-sa;x;;x;;x;x;x;x;x;x;;;;;;;;;;; € 32,11 ;;;;;;1; € -   ; € -   ;;;;17;26;25;25;25; 32,11 € ;;;;;;;;;;;;;;;;;;;;;;;;;;
727;;715;418;180;12:55;13:30;Pergine - Frassilongo - Fierozzo - Hacleri;"scolastica 
da lunedì a sabato";12,00;22; 208 ;FERSINA TOUR S.R.L;GG078PN;21;EY732LP;17;;;  4100CI;PERGINE (C.Intermodale)      ;4143;Hacleri                      ;12/09/2022;09/06/2023;;;scolastica lu-sa;;;;x;x;x;x;x;x;x;;;;;;;;;;; € 37,74 ;;;;;;1; € -   ; € -   ;;;;17;25;25;18;20; 37,74 € ;;;;;;;;;;;;;;;;;;;;;;;;;;
728;;716;418;276/277;13:10;14:27;Pergine-Fierozzo-Palu' F.-S.Orsola-Pergine (estate ore 12.45);Festiva;32,50;30; 58 ;PLANCHEL RENATO;GG487PS;33;FL606HC;55;;;  4100CI;PERGINE (C.Intermodale)      ;  4100CI;PERGINE (C.Intermodale)      ;01/09/2022;31/08/2023;;;annuale festiva;x;x;;;;;;;;;x;;;;;;;;;; € 97,50 ;;;;;;1; € -   ; € -   ;;;;4;5;5;6;6; 97,50 € ;;;;;;;;;;;;;;;;;;;;;;;;;;
729;;717;418;456;13:35;13:48;Roveda bivio - Kamauz;"scolastica 
da lunedì a sabato";6,00;19; 208 ;PERGBUS DI FUCHS MARIO E C. S.N.C.;EJ941ZA;20;FN143MX;9;;;4113;Roveda bivio                 ;4115;KAMAUZ                       ;12/09/2022;09/06/2023;;;scolastica lu-sa;;;;x;x;x;x;x;x;x;;;;;;;;;;; € 10,80 ;;;;;;1; € 1,20 ; € -   ;;;;17;25;25;18;20; 12,00 € ;;;;;;;;;;;;;;;;;;;;;;;;;;
730;;718;418;93;13:59;14:12;Kamuz - Roveda Bivio;feriale;6,00;20; 304 ;PERGBUS DI FUCHS MARIO E C. S.N.C.;FE293HG;9;FN143MX;9;;;4115;KAMAUZ                       ;4113;Roveda bivio                 ;01/09/2022;31/08/2023;;;annuale feriale lu-sa;x;x;x;;x;x;x;x;x;x;;;;;;;;;;; € 14,27 ;;;;;;1; € -   ; € -   ;;;;26;26;25;25;25; 14,27 € ;;;;;;;;;;;;;;;;;;;;;;;;;;
731;;719;418;458;14:12;14:25;Roveda bivio - Kamauz;"scolastica 
da lunedì a sabato";6,00;8; 208 ;PERGBUS DI FUCHS MARIO E C. S.N.C.;FE293HG;9;FN143MX;9;;;4113;Roveda bivio                 ;4115;KAMAUZ                       ;12/09/2022;09/06/2023;;;scolastica lu-sa;;;;x;x;x;x;x;x;x;;;;;;;;;;; € 16,65 ;;;;;;1; € -   ; € -   ;;;;17;25;25;18;20; 16,65 € ;;;;;;;;;;;;;;;;;;;;;;;;;;
732;;720;418;458;14:25;14:30;Kamauz - Maso Tingerla (prolungamento);"scolastica 
da lunedì a sabato";3,00;8; 208 ;PERGBUS DI FUCHS MARIO E C. S.N.C.;FE293HG;9;FN143MX;9;;;4115;KAMAUZ                       ;4116;Maso Tingherla               ;12/09/2022;09/06/2023;;;scolastica lu-sa;;;;x;x;x;x;x;x;x;;;;;;;;;;; € 8,33 ;;;;;;1; € -   ; € -   ;;;;17;25;25;18;20; 8,33 € ;;;;;;;;;;;;;;;;;;;;;;;;;;
733;;721;418;306;14:40;15:20;Pergine - Fierozzo - Hacleri - Palù del Fersina;"scolastica 
da lunedì a venerdì";19,50;22; 174 ;VALBUS S.R.L.;FP560ED;23;FL786HC;24;ER857KZ (Club dellai);23;  4100CI;PERGINE (C.Intermodale)      ;4126;PALU' del F.                 ;12/09/2022;09/06/2023;;;scolastica lu-ve;;;;x;x;x;x;x;x;;;;;;;;;;;; € 35,10 ;;;;;;1; € 3,90 ; € -   ;;;;15;20;21;15;17; 39,00 € ;;;;;;;;;;;;;;;;;;;;;;;;;;
734;;722;418;460;15:00;15:18;Roveda bivio - Kamauz-Maso Tingherla;"scolastica 
da lunedì a venerdì";9,00;19; 174 ;PERGBUS DI FUCHS MARIO E C. S.N.C.;FE293HG;9;FN143MX;9;;;4113;Roveda bivio                 ;4116;Maso Tingherla               ;12/09/2022;09/06/2023;;;scolastica lu-ve;;;;x;x;x;x;x;x;;;;;;;;;;;; € 27,00 ;;;;;;1; € -   ; € -   ;;;;15;20;21;15;17; 27,00 € ;;;;;;;;;;;;;;;;;;;;;;;;;;
735;;723;418;272;16:07;16:42;Pergine-Hacleri;"scolastica 
da lunedì a venerdì";14,00;19; 174 ;FONTANARI SERGIO;FC109RJ;21;FY964HP;31;FN676GD;38;  4100CI;PERGINE (C.Intermodale)      ;4143;Hacleri                      ;12/09/2022;09/06/2023;;;scolastica lu-ve;;;;x;x;x;x;x;x;;;;;;;;;;;; € 42,00 ;;;;;;1; € -   ; € -   ;;;;15;20;21;15;17; 42,00 € ;;;;;;;;;;;;;;;;;;;;;;;;;;
736;;724;418;278/279;17:40;18:57;Pergine-Fierozzo-Palu' F.-S.Orsola-Pergine;Festiva;32,50;30; 58 ;PLANCHEL RENATO;GG487PS;33;FL606HC;55;;;  4100CI;PERGINE (C.Intermodale)      ;  4100CI;PERGINE (C.Intermodale)      ;01/09/2022;31/08/2023;;;annuale festiva;x;x;;;;;;;;;x;;;;;;;;;; € 97,50 ;;;;;;1; € -   ; € -   ;;;;4;5;5;6;6; 97,50 € ;;;;;;;;;;;;;;;;;;;;;;;;;;
737;;725;418;168;17:40;18:15;Pergine-Hacleri;"scolastica 
da lunedì a venerdì";14,00;19; 174 ;PERGBUS DI FUCHS MARIO E C. S.N.C.;EJ941ZA;20;FR781WP;31;;;  4100CI;PERGINE (C.Intermodale)      ;4143;Hacleri                      ;12/09/2022;09/06/2023;;;scolastica lu-ve;;;;x;x;x;x;x;x;;;;;;;;;;;; € 31,11 ;;;;;;1; € -   ; € -   ;;;;15;20;21;15;17; 31,11 € ;;;;;;;;;;;;;;;;;;;;;;;;;;
738;;726;418;94;18:35;19:05;Pergine - Canezza - Kamauz;feriale;13,50;25; 304 ;PERGBUS DI FUCHS MARIO E C. S.N.C.;FR781WP;31;EJ941ZA;20;;;  4100CI;PERGINE (C.Intermodale)      ;4115;KAMAUZ                       ;01/09/2022;31/08/2023;;;annuale feriale lu-sa;x;x;x;;x;x;x;x;x;x;;;;;;;;;;; € 32,11 ;;;;;;1; € -   ; € -   ;;;;26;26;25;25;25; 32,11 € ;;;;;;;;;;;;;;;;;;;;;;;;;;
739;;727;418;184;19:03;19:38;Pergine-Hacleri ;feriale;14;19; 304 ;FONTANARI SERGIO;FC109RJ;21;FY964HP;31;FN676GD;38;  4100CI;PERGINE (C.Intermodale)      ;4143;Hacleri                      ;01/09/2022;31/08/2023;;;annuale feriale lu-sa;x;x;x;;x;x;x;x;x;x;;;;;;;;;;;; € 26,60 ;;;;;1;;; € 1,40 ; € -   ;;26;26;25;25;25; 28,00 € ;annuale feriale lu-sa;;;;;;;;;25;; 14,00 € ;;;;;;;;;;;;;;
740;;728;418;94;19:05;19:12;Kamauz - Maso Tingerla (prolungamento);"scolastica 
da lunedì a sabato";3,00;8; 208 ;PERGBUS DI FUCHS MARIO E C. S.N.C.;EJ941ZA;20;FN143MX;9;;;4115;KAMAUZ                       ;4116;Maso Tingherla               ;12/09/2022;09/06/2023;;;scolastica lu-sa;;;;x;x;x;x;x;x;x;;;;;;;;;;; € 8,93 ;;;;;;1; € -   ; € -   ;;;;17;25;25;18;20; 8,93 € ;;;;;;;;;;;;;;;;;;;;;;;;;;
741;;729;423;177;07:39;07:49;"Ischia-Pergine V
(c.sa bis a L.423)";"scolastica 
da lunedì a venerdì";6,00;19; 174 ;GROFF PAOLO;FL561HC;21;FR820WP (Fersina Tour);21;;;4210;ISCHIA DI PERGINE            ;  4100CI;PERGINE (C.Intermodale)      ;12/09/2022;09/06/2023;;;scolastica lu-ve;;;;x;x;x;x;x;x;;;;;;;;;;;; € 10,80 ;;;;;;1; € 1,20 ; € -   ;;;;15;20;21;15;17; 12,00 € ;;;;;;;;;;;;;;;;;;;;;;;;;;
742;;730;423;202;19:38;20:06;Pergine - Tenna - Levico;"scolastica 
da lunedì a venerdì";14,00;19; 174 ;VALBUS S.R.L.;FP560ED;23;FL786HC;24;ER857KZ (Club dellai);23;  4100CI;PERGINE (C.Intermodale)      ;  4300PM;LEVICO T.( Via Avancini)     ;12/09/2022;09/06/2023;;;scolastica lu-ve;;;;x;x;x;x;x;x;;;;;;;;;;;; € 48,25 ;;;;;;1; € -   ; € -   ;;;;15;20;21;15;17; 48,25 € ;;;;;;;;;;;;;;;;;;;;;;;;;;
743;;731;425;438;09:35;09:57;Pergine - Falesina;"feriale 
solo giovedì";12,50;20; 50 ;ITALBUS S.N.C. DI CASAGRANDE ARMANDO E CHRISTIAN & C.;EV877GJ;21;GE440VX;24;;;  4100CI;PERGINE (C.Intermodale)      ;4136;Falesina                     ;01/09/2022;31/08/2023;;;annuale feriale gio;x;x;x;;;;;x;;;;;;;;;;;;; € 17,60 ;;;;;;1; € 7,40 ; € -   ;;;;5;4;4;4;4; 25,00 € ;;;;;;;;;;;;;;;;;;;;;;;;;;
744;;732;425;465;10:00;10:22;Falesina - Pergine;"feriale 
solo giovedì";12,50;20; 50 ;ITALBUS S.N.C. DI CASAGRANDE ARMANDO E CHRISTIAN & C.;EV877GJ;21;GE440VX;24;;;4136;Falesina                     ;  4100CI;PERGINE (C.Intermodale)      ;01/09/2022;31/08/2023;;;annuale feriale gio;x;x;x;;;;;x;;;;;;;;;;;;; € 17,60 ;;;;;;1; € 7,40 ; € -   ;;;;5;4;4;4;4; 25,00 € ;;;;;;;;;;;;;;;;;;;;;;;;;;
745;;733;425;440;11:45;12:07;Pergine - Falesina;"feriale 
solo giovedì";12,50;20; 50 ;ITALBUS S.N.C. DI CASAGRANDE ARMANDO E CHRISTIAN & C.;EV877GJ;21;GE440VX;24;;;  4100CI;PERGINE (C.Intermodale)      ;4136;Falesina                     ;01/09/2022;31/08/2023;;;annuale feriale gio;x;x;x;;;;;x;;;;;;;;;;;;; € 17,60 ;;;;;;1; € 7,40 ; € -   ;;;;5;4;4;4;4; 25,00 € ;;;;;;;;;;;;;;;;;;;;;;;;;;
746;;734;425;467;12:10;12:32;Falesina - Pergine;"feriale 
solo giovedì";12,50;20; 50 ;ITALBUS S.N.C. DI CASAGRANDE ARMANDO E CHRISTIAN & C.;EV877GJ;21;GE440VX;24;;;4136;Falesina                     ;  4100CI;PERGINE (C.Intermodale)      ;01/09/2022;31/08/2023;;;annuale feriale gio;x;x;x;;;;;x;;;;;;;;;;;;; € 17,60 ;;;;;;1; € 7,40 ; € -   ;;;;5;4;4;4;4; 25,00 € ;;;;;;;;;;;;;;;;;;;;;;;;;;
747;;735;429;19;06:58;07:05;Regnana Alta-Centrale B.;"scolastica 
da lunedì a sabato";3,00;19; 208 ;SVALDI PIERINO ;ES278NX;17;GH441KX;9;;;  4048AL;Regnana Alta                 ;4046;CENTRALE DI BEDOLLO          ;12/09/2022;09/06/2023;;;scolastica lu-sa;;;;x;x;x;x;x;x;x;;;;;;;;;;; € 10,00 ;;;;;;1; € -   ; € -   ;;; € 10,00 ;17;25;25;18;20; 20,00 € ;;;;;;;;;;;;;;;;;;;;;;;;;;
748;;736;429;21;13:15;13:20;Regnana-Centrale;"scolastica 
da lunedì a venerdì";2,00;9; 174 ;SVALDI PIERINO ;ES278NX;17;GH441KX;9;;;4048;REGNANA                      ;4046;CENTRALE DI BEDOLLO          ;12/09/2022;09/06/2023;;;scolastica lu-ve;;;;x;x;x;x;x;x;;;;;;;;;;;; € 3,60 ;;;;;;1; € 0,40 ; € -   ;;;;15;20;21;15;17; 4,00 € ;;;;;;;;;;;;;;;;;;;;;;;;;;
749;;737;429;16;13:35;13:40;Centrale-Regnana;"scolastica 
da lunedì a venerdì";2,00;9; 174 ;SVALDI PIERINO ;ES278NX;17;GH441KX;9;;;4046;CENTRALE DI BEDOLLO          ;4048;REGNANA                      ;12/09/2022;09/06/2023;;;scolastica lu-ve;;;;x;x;x;x;x;x;;;;;;;;;;;; € 3,60 ;;;;;;1; € 0,40 ; € -   ;;;;15;20;21;15;17; 4,00 € ;;;;;;;;;;;;;;;;;;;;;;;;;;
750;;738;431;1;07:00;07:10;S.Mauro - Baselga di Pinè;"scolastica 
da lunedì a sabato";4,50;22; 208 ;GROFF  ALFREDO;FY975HP;9;GE457VX (Groff Tour);9;GC624CS;9;4030;S.MAURO                      ;4025;BASELGA di PINE' (Lago)      ;12/09/2022;09/06/2023;;;scolastica lu-sa;;;;x;x;x;x;x;x;x;;;;;;;;;;; € 24,38 ;;;;;11;1; € -   ; € -   ;;;;17;25;25;18;20; 24,38 € ;;;;;;;;;;;;;;;;;;;;;;;;;;
751;;739;431;4;17:47;17:58;Baselga di Pinè - S.Mauro ;"scolastica 
da lunedì a venerdì";4,50;22; 174 ;GROFF  ALFREDO;EZ997DM;30;;;;;4025;BASELGA di PINE' (Lago)      ;4030;S.MAURO                      ;12/09/2022;09/06/2023;;;scolastica lu-ve;;;;x;x;x;x;x;x;;;;;;;;;;;; € 22,82 ;;;;;12;1; € -   ; € -   ;;;;15;20;21;15;17; 22,82 € ;;;;;;;;;;;;;;;;;;;;;;;;;;
752;;740;433;530;08:00;08:52;"Roncegno giro Masi - Borgo Vals.
  la partenza ad ore 8.00 solo mesi di luglio e agosto (con orario estivo giu e set ore 9.00)";"estivo feriale
solo giorni di lunedì e mercoledì ";17,00;20; 22 ;ANGELI CAMILLO;FZ904BE;21;FR820WP (Fersina Tour);21;;;4380;RONCEGNO TERME               ;  4400OS;BORGO VALS.(Ospedale)        ;01/01/2022;11/09/2022;24/06/2023;31/08/2023;estiva feriale lu, me;;x;x;;x;;x;;;;;;;;;;;;;; € 50,28 ;;;;;;1; € -   ; € -   ;;;;2;0;0;0;0; 50,28 € ;;;;;;;;;;;;;;;;;;;;;;;;;;
753;;741;433;530;09:00;09:52;Roncegno giro Masi - Borgo Vals. ;"invernale feriale 
solo lunedì e mercoledì ";17,00;20; 78 ;ANGELI CAMILLO;FZ904BE;21;FR820WP (Fersina Tour);21;;;4380;RONCEGNO TERME               ;  4400OS;BORGO VALS.(Ospedale)        ;12/09/2022;23/06/2023;;;invernale feriale lu, me;x;;x;;x;;x;;;;;;;;;;;;;; € 46,43 ;;;;;;1; € -   ; € -   ;;;;6;9;9;7;9; 46,43 € ;;;;;;;;;;;;;;;;;;;;;;;;;;
754;;742;433;532;11:15;12:07;Borgo Vals. - Roncegno giro masi;"feriale solo 
lunedì e mercoledì ";17,00;20; 100 ;ANGELI CAMILLO;FZ904BE;21;FR820WP (Fersina Tour);21;;;  4400OS;BORGO VALS.(Ospedale)        ;4380;RONCEGNO TERME               ;01/09/2022;31/08/2023;;;annuale feriale lu, me;x;x;x;;x;;x;;;;;;;;;;;;;; € 47,23 ;;;;;;1; € -   ; € -   ;;;;8;9;9;7;9; 47,23 € ;;;;;;;;;;;;;;;;;;;;;;;;;;
755;;743;504;8;17:19;17:32;Lausen polo scol. - Canal S.Bovo - Ronco Chiesa;"scolastica 
da lunedì a venerdì";5,00;16; 174 ;HOTEL AL BIVIO SRL;FZ987BE;21;FB913BJ;8;;;5117;CANAL S.BOVO                 ;5119;RONCO CHIESA                 ;12/09/2022;09/06/2023;;;scolastica lu-ve;;;;x;x;x;x;x;x;;;;;;;;;;;; € 48,42 ;;;;;;1; € -   ; € -   ;;;;15;20;21;15;17; 48,42 € ;;;;;;;;;;;;;;;;;;;;;;;;;;
756;;744;512;476;05:52;06:25;Trento-Levico (prolungamento c.sa per Feltre ;"scolastica 
lunedì + post festivi";25,00;56; 36 ;FERSINA TOUR S.R.L;FE205HG;57;FS143ZG;50;;;  0001FS;TRENTO (Stazione FS)         ;  4300BB; LEVICO TERME(SP.228)         ;12/09/2022;09/06/2023;;;scolastica lu + postfest;;;;x;x;;;;;;;x;;;;;;;;; € 75,00 ;;;;;;2; € -   ; € -   ;;; € -   ;3;4;5;4;4; 75,00 € ;;;;;;;;;;;;;;;;;;;;;;;;;;
757;;745;512;476;06:25;08:00;Levico (S.P. 228 maso Rosso) - Borgo - Feltre Vellai;"scolastica 
da lunedì a sabato";65,80;56; 208 ;FERSINA TOUR S.R.L;FE205HG;57;FS143ZG;50;;;  4300BB;LEVICO TERME(SP.228)         ;5015;Feltre-Vellai                ;12/09/2022;09/06/2023;;;scolastica lu-sa;;;;x;x;x;x;x;x;x;;;;;;;;;;; € 263,24 ;;;;;;2; € -   ; € -   ;;; € -   ;17;25;25;19;20; 263,24 € ;;;;;;;;;;;;;;;;;;;;;;;;;;
758;;746;601;695;06:32;07:03;Dermulo FTM-Mezzocorona FS;"scolastica 
da lunedì a venerdì";21,50;30; 174 ;ERIKA TOURS SRL;EV659LA;56;FF849CS;60;FZ833BE (Trentinobus);54;6200;DERMULO                      ;  6100FS;  MEZZOCORONA (St. FS)         ;12/09/2022;09/06/2023;;;scolastica lu-ve;;;;x;x;x;x;x;x;;;;;;;;;;;; € 64,50 ;;;;;;1; € -   ; € -   ;;; € -   ;15;20;21;15;17; 64,50 € ;;;;;;;;;;;;;;;;;;;;;;;;;;
759;;746 bis;601;695;06:32;07:03;Dermulo FTM-Mezzocorona FS;scolastica il sabato;21,50;30; 34 ;VITO DI PEDRON VITTORIA;FH992YZ;31;FK451EC (Erika Tours);31;;;6200;DERMULO                      ;  6100FS;  MEZZOCORONA (St. FS)         ;12/09/2022;09/06/2023;;;scolastica sab;;;;x;;;;;;x;;;;;;;;;;; € 64,50 ;;;;;;1; € -   ; € -   ;;; € -   ;2;5;4;3;3; 64,50 € ;;;;;;;;;;;;;;;;;;;;;;;;;;
760;;747;601;616;20:45;21:17;Trento FTM - Lavis - Mezzolombardo;"Estiva
lunedì-sabato";22,00;19; 67 ;VITO DI PEDRON VITTORIA;FV001FA;24;EW959KB;21;FC321RJ;21;  0001FS;TRENTO (Stazione FS)         ;6120;  MEZZOLOMBARDO                ;01/01/2022;11/09/2022;24/06/2023;31/08/2023;estiva feriale lu-sa;;x;x;;x;x;x;x;x;x;;;;;;;;;;; € 55,00 ;;;;;;1; € -   ; € -   ;;;;9;0;0;0;0; 55,00 € ;;;;;;;;;;;;;;;;;;;;;;;;;;
761;;748;611;387;06:15;06:50;Cavedago-Fai-Andalo-Molveno;"scolastica 
da lunedì a sabato";19,10;50; 208 ;FABIO VIAGGI SRL;ED770MM 9 pp + FZ898BE 55pp;55; FZ898BE;55; FZ906BE;46;6133;Cavedago                     ;  0956RR;MOLVENO;12/09/2022;09/06/2023;;;scolastica lu-sa;;;;x;x;x;x;x;x;x;;;;;;;;;;; € 43,30 ;;;;;;2; € -   ; € 14,00 ;;; € -   ;17;25;25;18;20; 57,30 € ;;;;;;;;;;;;;;;;;;;;;;;;;;
762;;749;611;71;06:15;07:09;Molveno-Mezzocorona;"Estiva
lunedì-sabato";27,00;19; 67 ;VITO DI PEDRON VITTORIA;FV001FA;24;EW959KB;21;FC321RJ;21;  0956RR;MOLVENO;  6100FS;  MEZZOCORONA (St. FS)         ;01/01/2022;11/09/2022;24/06/2023;31/08/2023;estiva feriale lu-sa;;x;x;;x;x;x;x;x;x;;;;;;;;;;; € 67,50 ;;;;;;1; € -   ; € -   ;;; € -   ;9;0;0;0;0; 67,50 € ;;;;;;;;;;;;;;;;;;;;;;;;;;
763;;750;611;49;06:33;07:03;Santel-Mezzolombardo;"estiva
lunedi-venerdì";14,00;19; 55 ;OSCAR VIAGGI DI FORMOLO OSCAR;GJ181FP;21;GC466NL;24;GK082FC;42;6136;Santel (S.p. 64)             ;6120;  MEZZOLOMBARDO                ;01/01/2022;11/09/2022;24/06/2023;31/08/2023;estiva feriale lu-ve;;x;x;;x;x;x;x;x;;;;;;;;;;;; € -   ;;;;;;1; € 28,00 ; € -   ;;;;7;0;0;0;0; 28,00 € ;;;;;;;;;;;;;;;;;;;;;;;;;;
764;;751;611;71;06:44;07:24;Spormaggiore-Trento;scolastica lunedì;26,5;50; 33 ;MDL s.r.l.;FL557HC;53;FH962KW;54;EW035MJ;53;6131;SPORMAGGIORE                 ;1;TRENTO (Autostaz.)         ;12/09/2022;09/06/2023;;;scolastica lu;;;;x;x;;;;;;;;;;;;;;;;;;;MDL s.r.l.;;;2;;;;;;3;4;4;3;4; -   € ;;;;;;;;;;;;;;;;;;;;;;;;;;
765;;752;611;229;07:20;07:24;Mezzocorona Fs-S.Michele a/A;"Estiva
lunedì-venerdì";4,00;19; 55 ;VITO DI PEDRON VITTORIA;FV001FA;24;EW959KB;21;FC321RJ;21;  6100FS;  MEZZOCORONA (St. FS)         ;954;S.Michele a/Adige            ;01/01/2022;11/09/2022;24/06/2023;31/08/2023;estiva feriale lu-ve;;x;x;;x;x;x;x;x;;;;;;;;;;;; € 12,00 ;;;;;;1; € -   ; € -   ;;;;7;0;0;0;0; 12,00 € ;;;;;;;;;;;;;;;;;;;;;;;;;;
766;;753;611;620;13:00;13:40;Crescino-Spormaggiore-Molveno;"scolastica 
da lunedì a sabato";21,00;19; 208 ;FABIO VIAGGI SRL;FZ894BE;23; FZ901BE;21;FZ896BE;37;6140;Crescino             ;  0956RR;MOLVENO;12/09/2022;09/06/2023;;;scolastica lu-sa;;;;x;x;x;x;x;x;x;;;;;;;;;;; € 63,00 ;;;;;;1; € -   ; € -   ;;;;17;25;25;18;20; 63,00 € ;;;;;;;;;;;;;;;;;;;;;;;;;;
767;;754;611;60;13:00;14:02;S. Michele-Mezzolombardo-Spormaggire-Molveno;"scolastica 
da lunedì a venerdì";30,00;53; 174 ;FABIO VIAGGI SRL;FZ898BE;55;FZ897BE;57;FZ896BE;37;  0954IA;S.Michele a/A.- Ist. Agrario ;  0956RR;MOLVENO;12/09/2022;09/06/2023;;;scolastica lu-ve;;;;x;x;x;x;x;x;;;;;;;;;;;; € 90,00 ;;;;;;2; € -   ; € -   ;;;;15;20;21;15;17; 90,00 € ;;;;;;;;;;;;;;;;;;;;;;;;;;
768;;755;132;641;13:24;13:29;"Mezzocorona FS-S. Michele Ist. Agrario
prolungamento c.sa per Cembra";"scolastica 
da lunedì a venerdì";3,00;41; 174 ;MONAUNI CARLO S.N.C. DI MONAUNI GERARDO E C. ;EX037JY;46;FE091HG;47;;;  6100FS;  MEZZOCORONA (St. FS)         ;  0954IA;S.Michele a/A.- Ist. Agrario ;12/09/2022;09/06/2023;;;scolastica lu-ve;;;;x;x;x;x;x;x;;;;;;;;;;;; € 9,00 ;;;;;;2; € -   ; € -   ;;;;15;20;21;15;17; 9,00 € ;;;;;;;;;;;;;;;;;;;;;;;;;;
769;;756;611;577;16:40;17:25;Molveno-Andalo-Mezzolombardo;"invernale
da lunedì a venerdì";23,00;50; 202 ;FABIO VIAGGI SRL;FZ906BE;46; FZ901BE;21;FZ896BE;37;  0956RR;MOLVENO;6120;  MEZZOLOMBARDO                ;12/09/2022;23/06/2023;;;invernale feriale lu-ve;x;;x;;x;x;x;x;x;;;;;;;;;;;; € 69,00 ;;;;;;2; € -   ; € -   ;;;;15;21;21;20;21; 69,00 € ;;;;;;;;;;;;;;;;;;;;;;;;;;
770;;757;611;95;17:40;18:31;Molveno-Fai-Mezzocorona;"scolastica 
da lunedì a venerdì";27;30; 174 ;FABIO VIAGGI SRL;FZ898BE;55;FZ897BE;57;FZ896BE;37;  0956RR;MOLVENO;  6100FS;  MEZZOCORONA (St. FS)         ;12/09/2022;09/06/2023;;;scolastica lu-ve;;;;x;x;x;x;x;x;;;;;;;;;;;;; € 59,40 ;;;;;1;;; € -   ; € -   ;;15;20;21;15;17; 59,40 € ;;;;;;;;;;;;;;;;;;;;;;;;;;
771;;758;611;92;17:56;18:21;Mezzolombardo-Fai-Santel;"scolastica 
da lunedì a venerdì";14;19; 174 ;FABIO VIAGGI SRL;FZ906BE;46;FZ901BE;21;FZ896BE;37;6120;  MEZZOLOMBARDO                ;6136;Santel (S.p. 64)             ;12/09/2022;09/06/2023;;;scolastica lu-ve;;;;x;x;x;x;x;x;;;;;;;;;;;;; € 26,60 ;;;;;1;;; € 1,40 ; € -   ;;15;20;21;15;17; 28,00 € ;;;;;;;;;;;;;;;;;;;;;;;;;;
772;;759;611;98;18:50;19:40;Mezzocorona-Spormaggiore-Molveno;"scolastica 
da lunedì a venerdì";27;30; 174 ;FABIO VIAGGI SRL;FZ906BE;46;FZ898BE;55;FZ896BE;37;  6100FS;  MEZZOCORONA (St. FS)         ;  0956RR;MOLVENO;12/09/2022;09/06/2023;;;scolastica lu-ve;;;;x;x;x;x;x;x;;;;;;;;;;;;; € 59,40 ;;;;;1;;; € -   ; € -   ;;15;20;21;15;17; 59,40 € ;;;;;;;;;;;;;;;;;;;;;;;;;;
773;;760;611;100;18:55;19:25;"Mezzolombardo-Fai-
Andalo Maso Toscana";"invernale
da lunedì a venerdì";17;19; 202 ;OSCAR VIAGGI DI FORMOLO OSCAR;GJ181FP;21;GK082FC;42;GC466NL;24;6120;  MEZZOLOMBARDO                ;  6137MT;Andalo - Maso Toscana        ;12/09/2022;23/06/2023;;;invernale feriale lu-ve;x;;x;;x;x;x;x;x;;;;;;;;;;;;;;;OSCAR VIAGGI DI FORMOLO OSCAR;;;1;;;;;;15;21;21;20;21; -   € ;;;;;;;;;;;;;;;;;;;;;;;;;;
774;;761;611;100;19:15;19:45;"Mezzolombardo-Fai-
Andalo Maso Toscana";"invernale feriale
sabato";17;19; 38 ;OSCAR VIAGGI DI FORMOLO OSCAR;GJ181FP;21;GK082FC;42;GC466NL;24;6120;  MEZZOLOMBARDO                ;  6137MT;Andalo - Maso Toscana        ;12/09/2022;23/06/2023;;;invernale feriale sab;x;;x;;;;;;;x;;;;;;;;;;;;;;OSCAR VIAGGI DI FORMOLO OSCAR;;;1;;;;;;2;5;4;5;4; -   € ;;;;;;;;;;;;;;;;;;;;;;;;;;
775;;762;615;518/509;06:03;06:33;Raut-Toss-Mezzolombardo;"scolastica 
da lunedì a venerdì";13;19; 174 ;OSCAR VIAGGI DI FORMOLO OSCAR;GJ181FP;21;GC466NL;24;;;  6126RA;Raut                         ;6120;  MEZZOLOMBARDO                ;12/09/2022;09/06/2023;;;scolastica lu-ve;;;;x;x;x;x;x;x;;;;;;;;;;;;;;;OSCAR VIAGGI DI FORMOLO OSCAR;;;1;;;;;;15;20;21;15;17; -   € ;;;;;;;;;;;;;;;;;;;;;;;;;;
776;km corretti da capitolato;763;615;510;06:51;07:06;Mezzolombardo-Toss;"estiva
sabato ";10,00;19; 12 ;OSCAR VIAGGI DI FORMOLO OSCAR;GJ181FP;21;GK082FC;42;GC466NL;24;6120;  MEZZOLOMBARDO                ;6127;TOSS                         ;01/01/2022;11/09/2022;24/06/2023;31/08/2023;estiva feriale sab;;x;x;;;;;;;x;;;;;;;;;;; € 25,00 ;;;;;;1; € -   ; € -   ;;; € -   ;2;0;0;0;0; 25,00 € ;;;;;;;;;;;;;;;;;;;;;;;;;;
777;km corretti da capitolato;764;615;511;07:07;07:29;Toss-Mezzolombardo;"estiva
sabato ";12,00;19; 12 ;OSCAR VIAGGI DI FORMOLO OSCAR;GJ181FP;21;GK082FC;42;GC466NL;24;6127;TOSS                         ;6120;  MEZZOLOMBARDO                ;01/01/2022;11/09/2022;24/06/2023;31/08/2023;estiva feriale sab;;x;x;;;;;;;x;;;;;;;;;;; € 30,00 ;;;;;;1; € -   ; € -   ;;;;2;0;0;0;0; 30,00 € ;;;;;;;;;;;;;;;;;;;;;;;;;;
778;;765;615;546;13:50;14:10;Mezzolombardo-Vigo di Ton-Toss;"Estiva
lunedì-sabato";10,00;19; 67 ;VITO DI PEDRON VITTORIA;EW959KB;21;FV001FA;24;FC321RJ;21;6120;  MEZZOLOMBARDO                ;6127;TOSS                         ;01/01/2022;11/09/2022;24/06/2023;31/08/2023;estiva feriale lu-sa;;x;x;;x;x;x;x;x;x;;;;;;;;;;; € 30,00 ;;;;;;1; € -   ; € -   ;;;;9;0;0;0;0; 30,00 € ;;;;;;;;;;;;;;;;;;;;;;;;;;
779;km corretti da capitolato;766;615;524;13:53;14:10;Denno FTM-Moncovo-Truzzi bivio-Toss;"scolastica 
da lunedì a venerdì";8,00;19; 174 ;OSCAR VIAGGI DI FORMOLO OSCAR;GC466NL;24;GJ181FP;21;GK082FC;42;  6150TM;Denno  FTM                  ;6127;TOSS                         ;12/09/2022;09/06/2023;;;scolastica lu-ve;;;;x;x;x;x;x;x;;;;;;;;;;;; € 24,00 ;;;;;;1; € -   ; € -   ;;;;15;20;21;15;17; 24,00 € ;;;;;;;;;;;;;;;;;;;;;;;;;;
780;;767;615;524;14:10;14:15;"Toss-Raut 
(prolungamento c.sa da Denno FTM-Toss)";"scolastica 
lun+merc+ven ";2,60;19; 105 ;OSCAR VIAGGI DI FORMOLO OSCAR;GC466NL;24;GJ181FP;21;GK082FC;42;6127;TOSS                         ;  6126RA;Raut                         ;12/09/2022;09/06/2023;;;scolastica lu, me, ve;;;;x;x;;x;;x;;;;;;;;;;;; € 7,80 ;;;;;;1; € -   ; € -   ;;;;9;12;13;9;10; 7,80 € ;;;;;;;;;;;;;;;;;;;;;;;;;;
781;;768;615;522;17:10;17:30;Mezzolombardo-Toss;"scolastica 
da lunedì a venerdì";10,00;15; 174 ;OSCAR VIAGGI DI FORMOLO OSCAR;GC466NL;24;FV001FA (Vito Viaggi) ;24;;;6120;  MEZZOLOMBARDO                ;6127;TOSS                         ;12/09/2022;09/06/2023;;;scolastica lu-ve;;;;x;x;x;x;x;x;;;;;;;;;;;; € 30,00 ;;;;;;1; € -   ; € -   ;;;;15;20;21;15;17; 30,00 € ;;;;;;;;;;;;;;;;;;;;;;;;;;
782;;769;615;520;18:05;18:25;Mezzolombardo-Toss;"estiva
sabato ";22,00;19; 12 ;VITO DI PEDRON VITTORIA;FV001FA;24;EW959KB;21;;;6120;  MEZZOLOMBARDO                ;6127;TOSS                         ;01/01/2022;11/09/2022;24/06/2023;31/08/2023;estiva feriale sab;;x;x;;;;;;;x;;;;;;;;;;; € 55,00 ;;;;;;1; € -   ; € -   ;;;;2;0;0;0;0; 55,00 € ;;;;;;;;;;;;;;;;;;;;;;;;;;
783;;770;615;520;18:05;18:25;Mezzolombardo-Toss;"invernale
lunedì-sabato";10;19; 240 ;OSCAR VIAGGI DI FORMOLO OSCAR;GC466NL;24;GK082FC;42;;;6120;  MEZZOLOMBARDO                ;6127;TOSS                         ;12/09/2022;23/06/2023;;;invernale feriale lu-sa;x;;x;;x;x;x;x;x;x;;;;;;;;;;;;;;OSCAR VIAGGI DI FORMOLO OSCAR;;;1;;;;;;17;26;25;25;25; -   € ;;;;;;;;;;;;;;;;;;;;;;;;;;
784;;771;615;515;18:26;18:51;Toss-Mezzolombardo;"invernale
lunedì-sabato";12;19; 240 ;OSCAR VIAGGI DI FORMOLO OSCAR;GC466NL;24;GK082FC;42;;;6127;TOSS                         ;6120;  MEZZOLOMBARDO                ;12/09/2022;23/06/2023;;;invernale feriale lu-sa;x;;x;;x;x;x;x;x;x;;;;;;;;;;;;;;OSCAR VIAGGI DI FORMOLO OSCAR;;;1;;;;;;17;26;25;25;25; -   € ;;;;;;;;;;;;;;;;;;;;;;;;;;
785;;772;615;517;18:26;18:51;Toss-Mezzolombardo;"estiva
sabato ";22,00;19; 12 ;VITO DI PEDRON VITTORIA;FV001FA;24;EW959KB;21;;;6127;TOSS                         ;6120;  MEZZOLOMBARDO                ;01/01/2022;11/09/2022;24/06/2023;31/08/2023;estiva feriale sab;;x;x;;;;;;;x;;;;;;;;;;; € 55,00 ;;;;;;1; € -   ; € -   ;;;;2;0;0;0;0; 55,00 € ;;;;;;;;;;;;;;;;;;;;;;;;;;
786;;773;620;230;06:14;06:58;Lover - Dercolo-Cles (tratta Lover - Dercolo extracap.);"scolastica 
da lunedì a venerdì";18,00;19; 174 ;FABIO VIAGGI SRL;FZ894BE;23;FZ901BE;21;;;6146;Dercolo (Bivio)              ;6220;CLES (Autostaz.)             ;12/09/2022;09/06/2023;;;scolastica lu-ve;;;;x;x;x;x;x;x;;;;;;;;;;;; € 56,40 ;;;;;;1; € -   ; € -   ;;; € -   ;15;20;21;15;17; 56,40 € ;;;;;;;;;;;;;;;;;;;;;;;;;;
787;;774;620;223;06:28;07:34;Cles-Campodenno-Mezzocorona FS;"Estiva
lunedì-venerdì";32,50;30; 55 ;VITO DI PEDRON VITTORIA;FH992YZ;31;FZ833BE (Trentinobus);54;;;6220;CLES (Autostaz.)             ;  6100FS;  MEZZOCORONA (St. FS)         ;01/01/2022;11/09/2022;24/06/2023;31/08/2023;estiva feriale lu-ve;;x;x;;x;x;x;x;x;;;;;;;;;;;; € 97,50 ;;;;;;1; € -   ; € -   ;;; € -   ;7;0;0;0;0; 97,50 € ;;;;;;;;;;;;;;;;;;;;;;;;;;
788;;775;620;237;12:54;13:00;Lover - Sporminore ;"scolastica 
da lunedì a sabato";3,00;8; 208 ;VIAGGI FORMOLO S.A.S. DI FORMOLO ANGELO & C.; GE371BA;9;FJ988YE;9;GC698CS;9;6144;Lover                        ;6143;Sporminore                   ;12/09/2022;09/06/2023;;;scolastica lu-sa;;;;x;x;x;x;x;x;x;;;;;;;;;;; € 7,91 ;;;;;;1; € -   ; € -   ;;;;17;25;25;18;20; 7,91 € ;;;;;;;;;;;;;;;;;;;;;;;;;;
789;;776;620;420;13:28;13:45;Crescino - Dercolo - Quetta - Campodenno - Sporminore;"scolastica 
da lunedì a sabato";11,40;8; 208 ;VIAGGI FORMOLO S.A.S. DI FORMOLO ANGELO & C.;FJ988YE;9;GC698CS;9;ER846KZ;9;6140;Crescino             ;6143;Sporminore                   ;12/09/2022;09/06/2023;;;scolastica lu-sa;;;;x;x;x;x;x;x;x;;;;;;;;;;; € 38,65 ;;;;;;1; € -   ; € -   ;;;;17;25;25;18;20; 38,65 € ;;;;;;;;;;;;;;;;;;;;;;;;;;
790;;777;620;420;13:28;13:35;Crescino Sporminore (bis corsa diretta);"scolastica 
da lunedì a sabato";3,90;8; 208 ;VIAGGI FORMOLO S.A.S. DI FORMOLO ANGELO & C.; GE371BA;9;GC698CS;9;ER846KZ;9;6140;Crescino             ;6143;Sporminore                   ;12/09/2022;09/06/2023;;;scolastica lu-sa;;;;x;x;x;x;x;x;x;;;;;;;;;;; € 11,70 ;;;;;;1; € -   ; € -   ;;;;17;25;25;18;20; 11,70 € ;;;;;;;;;;;;;;;;;;;;;;;;;;
791;;778;620;973;13:58;15:04;Cles-Campodenno-Mezzocorona FS;"estiva
sabato ";32,50;30; 12 ;GENZIANA S.r.l.;GK152EV;23;FS248ZL;23;GA057TM;21;6220;CLES (Autostaz.)             ;  6100FS;  MEZZOCORONA (St. FS)         ;01/01/2022;11/09/2022;24/06/2023;31/08/2023;estiva feriale sab;;x;x;;;;;;;x;;;;;;;;;;; € 97,50 ;;;;;;1; € -   ; € -   ;;;;2;0;0;0;0; 97,50 € ;;;;;;;;;;;;;;;;;;;;;;;;;;
792;;779;620;646;13:58;14:05;Crescino - Sporminore;"scolastica 
da lunedì a sabato";3,90;8; 208 ;VIAGGI FORMOLO S.A.S. DI FORMOLO ANGELO & C.; GE371BA;9;FJ988YE;9;GC698CS;9;6140;Crescino             ;  6143OT;Sporminore civ. 86           ;12/09/2022;09/06/2023;;;scolastica lu-sa;;;;x;x;x;x;x;x;x;;;;;;;;;;; € 12,88 ;;;;;;1; € -   ; € -   ;;;;17;25;25;18;20; 12,88 € ;;;;;;;;;;;;;;;;;;;;;;;;;;
793;;780;620;426;14:33;14:40;Crescino - Sporminore;"scolastica 
da lunedì a sabato";3,90;8; 208 ;VIAGGI FORMOLO S.A.S. DI FORMOLO ANGELO & C.; GE371BA;9;FJ988YE;9;GC698CS;9;6140;Crescino             ;  6143OT;Sporminore civ. 86           ;12/09/2022;09/06/2023;;;scolastica lu-sa;;;;x;x;x;x;x;x;x;;;;;;;;;;; € 12,88 ;;;;;;1; € -   ; € -   ;;;;17;25;25;18;20; 12,88 € ;;;;;;;;;;;;;;;;;;;;;;;;;;
794;;781;620;982;14:53;15:59;Mezzocorona FS-Campodenno-Cles;"estiva
feriale ";32,50;30; 67 ;VITO DI PEDRON VITTORIA;FH992YZ;31;FZ833BE (Trentinobus);54;;;  6100FS;  MEZZOCORONA (St. FS)         ;6220;CLES (Autostaz.)             ;01/01/2022;11/09/2022;24/06/2023;31/08/2023;estiva feriale lu-sa;;x;x;;x;x;x;x;x;x;;;;;;;;;;; € 97,50 ;;;;;;1; € -   ; € -   ;;;;9;0;0;0;0; 97,50 € ;;;;;;;;;;;;;;;;;;;;;;;;;;
795;;782;620;982;14:53;15:59;Mezzocorona FS-Campodenno-Cles;"invernale
lunedì-sabato";32,50;30; 240 ;VITO DI PEDRON VITTORIA;FH992YZ;31;FZ833BE (Trentinobus);54;;;  6100FS;  MEZZOCORONA (St. FS)         ;6220;CLES (Autostaz.)             ;12/09/2022;23/06/2023;;;invernale feriale lu-sa;x;;x;;x;x;x;x;x;x;;;;;;;;;;; € 97,50 ;;;;;;1; € -   ; € -   ;;;;17;26;25;25;25; 97,50 € ;;;;;;;;;;;;;;;;;;;;;;;;;;
796;;783;620;984;15:53;16:41;Mezzocorona FS-Denno-Cles;"estiva
sabato ";29,00;19; 12 ;GENZIANA S.r.l.;GK152EV;23;FS248ZL;23;GA057TM;21;  6100FS;  MEZZOCORONA (St. FS)         ;6220;CLES (Autostaz.)             ;01/01/2022;11/09/2022;24/06/2023;31/08/2023;estiva feriale sab;;x;x;;;;;;;x;;;;;;;;;;; € 87,00 ;;;;;;1; € -   ; € -   ;;;;2;0;0;0;0; 87,00 € ;;;;;;;;;;;;;;;;;;;;;;;;;;
797;;784;620;979;16:03;17:09;Cles-Campodenno-Mezzocorona FS;"estiva
feriale ";32,50;30; 67 ;VITO DI PEDRON VITTORIA;FH992YZ;31;FZ833BE (Trentinobus);54;;;6220;CLES (Autostaz.)             ;  6100FS;  MEZZOCORONA (St. FS)         ;01/01/2022;11/09/2022;24/06/2023;31/08/2023;estiva feriale lu-sa;;x;x;;x;x;x;x;x;x;;;;;;;;;;; € 97,50 ;;;;;;1; € -   ; € -   ;;;;9;0;0;0;0; 97,50 € ;;;;;;;;;;;;;;;;;;;;;;;;;;
798;;785;620;979;16:03;17:09;Cles-Campodenno-Mezzocorona FS;"invernale
lunedì-sabato";32,50;30; 240 ;VITO DI PEDRON VITTORIA;FH992YZ;31;FZ833BE (Trentinobus);54;;;6220;CLES (Autostaz.)             ;  6100FS;  MEZZOCORONA (St. FS)         ;12/09/2022;23/06/2023;;;invernale feriale lu-sa;x;;x;;x;x;x;x;x;x;;;;;;;;;;; € 97,50 ;;;;;;1; € -   ; € -   ;;;;17;26;25;25;25; 97,50 € ;;;;;;;;;;;;;;;;;;;;;;;;;;
799;;786;620;226;16:52;17:09;Crescino-Sporminore;"scolastica 
da lunedì a venerdì";9,40;19; 174 ;OSCAR VIAGGI DI FORMOLO OSCAR;GJ181FP;21;FV001FA (Vito Viaggi) ;24;;;6140;Crescino             ;6143;Sporminore                   ;12/09/2022;09/06/2023;;;scolastica lu-ve;;;;x;x;x;x;x;x;;;;;;;;;;;; € 34,20 ;;;;;;1; € -   ; € -   ;;;;15;20;21;15;17; 34,20 € ;;;;;;;;;;;;;;;;;;;;;;;;;;
800;;787;620;228;17:50;18:32;Mezzolombardo - Denno -Cles;"feriale invernale
sabato";26,00;30; 38 ;VITO DI PEDRON VITTORIA;FH992YZ;31;FZ833BE (Trentinobus);54;;;6120;  MEZZOLOMBARDO                ;6220;CLES (Autostaz.)             ;12/09/2022;23/06/2023;;;invernale feriale sab;x;;x;;;;;;;x;;;;;;;;;;; € 78,00 ;;;;;;1; € -   ; € -   ;;;;2;5;4;5;4; 78,00 € ;;;;;;;;;;;;;;;;;;;;;;;;;;
801;;788;620;228;17:50;18:29;Mezzolombardo-Denno-Cles;"estiva
sabato ";26,00;30; 12 ;VITO DI PEDRON VITTORIA;FH992YZ;31;FZ833BE (Trentinobus);54;;;6120;  MEZZOLOMBARDO                ;6220;CLES (Autostaz.)             ;01/01/2022;11/09/2022;24/06/2023;31/08/2023;estiva feriale sab;;x;x;;;;;;;x;;;;;;;;;;; € 78,00 ;;;;;;1; € -   ; € -   ;;;;2;0;0;0;0; 78,00 € ;;;;;;;;;;;;;;;;;;;;;;;;;;
802;;789;620;988;18:32;19:07;Mezzzolombardo-Termon;"invernale
lunedì-sabato";16,00;19; 240 ;VITO DI PEDRON VITTORIA;EW959KB;21;FH992YZ;31;FZ833BE (Trentinobus);54;6120;  MEZZOLOMBARDO                ;6147;Termon                       ;12/09/2022;23/06/2023;;;invernale feriale lu-sa;x;;x;;x;x;x;x;x;x;;;;;;;;;;; € 48,00 ;;;;;;1; € -   ; € -   ;;;;17;26;25;25;25; 48,00 € ;;;;;;;;;;;;;;;;;;;;;;;;;;
803;;790;620;988;18:35;19:10;Mezzolombardo-Termon;"estiva
feriale ";16,00;19; 67 ;VITO DI PEDRON VITTORIA;FC321RJ;21;EW959KB;21;;;6120;  MEZZOLOMBARDO                ;6147;Termon                       ;01/01/2022;11/09/2022;24/06/2023;31/08/2023;estiva feriale lu-sa;;x;x;;x;x;x;x;x;x;;;;;;;;;;; € 48,00 ;;;;;;1; € -   ; € -   ;;;;9;0;0;0;0; 48,00 € ;;;;;;;;;;;;;;;;;;;;;;;;;;
804;;791;620;983;19:05;20:10;Cles-Campodenno-Mezzocorona FS;"estiva
sabato ";32,50;30; 12 ;VITO DI PEDRON VITTORIA;FH992YZ;31;FZ833BE (Trentinobus);54;;;6220;CLES (Autostaz.)             ;  6100FS;  MEZZOCORONA (St. FS)         ;01/01/2022;11/09/2022;24/06/2023;31/08/2023;estiva feriale sab;;x;x;;;;;;;x;;;;;;;;;;; € 97,50 ;;;;;;1; € -   ; € -   ;;;;2;0;0;0;0; 97,50 € ;;;;;;;;;;;;;;;;;;;;;;;;;;
805;;792;620;983;19:05;20:11;Cles-Campodenno-Mezzocorona FS;"scolastica 
da lunedì a sabato";32,50;30; 208 ;VITO DI PEDRON VITTORIA;EW959KB;21;FH992YZ;31;FC321RJ;21;6220;CLES (Autostaz.)             ;  6100FS;  MEZZOCORONA (St. FS)         ;12/09/2022;09/06/2023;;;scolastica lu-sa;;;;x;x;x;x;x;x;x;;;;;;;;;;; € 97,50 ;;;;;;1; € -   ; € -   ;;;;17;25;25;18;20; 97,50 € ;;;;;;;;;;;;;;;;;;;;;;;;;;
806;;793;620;214;20:53;21:41;Mezzocorona FS-Denno-Cles;"scolastica 
da lunedì a venerdì";29,00;16; 174 ;VITO DI PEDRON VITTORIA;EW959KB;21;FH992YZ;31;FC321RJ;21;  6100FS;  MEZZOCORONA (St. FS)         ;6220;CLES (Autostaz.)             ;12/09/2022;09/06/2023;;;scolastica lu-ve;;;;x;x;x;x;x;x;;;;;;;;;;;; € 87,00 ;;;;;;1; € -   ; € -   ;;;;15;20;21;15;17; 87,00 € ;;;;;;;;;;;;;;;;;;;;;;;;;;
807;;794;621;197/198;07:11;07:42;Mezzolombardo-Nave S.Rocco-Mezzolombardo ;"scolastica 
da lunedì a venerdì";15,00;54; 174 ;ERIKA TOURS SRL ;EV659LA;57;FF849CS ;60;FK451EC;31;6120;  MEZZOLOMBARDO                ;  6120SM;Mezzolombardo Sc. Media      ;12/09/2022;09/06/2023;;;scolastica lu-ve;;;;x;x;x;x;x;x;;;;;;;;;;;; € 218,07 ;;;;;;2; € -   ; € -   ;;;;15;20;21;15;17; 218,07 € ;;;;;;;;;;;;;;;;;;;;;;;;;;
808;;795;621;968;09:55;10:19;Lavis FTM-Nave S.Rocco-Mezzolombardo;"invernale
lunedì-sabato";13,20;19; 240 ;OSCAR VIAGGI DI FORMOLO OSCAR;GJ181FP;21;GK082FC;42;GC466NL;24;  1010MT;LAVIS (Staz. FTM)            ;6120;  MEZZOLOMBARDO                ;12/09/2022;23/06/2023;;;invernale feriale lu-sa;x;;x;;x;x;x;x;x;x;;;;;;;;;;; € 39,60 ;;;;;;1; € -   ; € -   ;;;;17;26;25;25;25; 39,60 € ;;;;;;;;;;;;;;;;;;;;;;;;;;
809;;796;621;989;11:30;11:49;Mezzolombardo-Nave S.Rocco-Lavis FTM;"invernale
lunedì-sabato";11,30;19; 240 ;OSCAR VIAGGI DI FORMOLO OSCAR;GJ181FP;21;GK082FC;42;GC466NL;24;6120;  MEZZOLOMBARDO                ;  1010MT;LAVIS (Staz. FTM)            ;12/09/2022;23/06/2023;;;invernale feriale lu-sa;x;;x;;x;x;x;x;x;x;;;;;;;;;;; € 33,90 ;;;;;;1; € -   ; € -   ;;;;17;26;25;25;25; 33,90 € ;;;;;;;;;;;;;;;;;;;;;;;;;;
810;;797;621;991;17:25;17:44;Mezzolombardo-Nave S.Rocco-Lavis FTM;"estiva
feriale ";11,30;19; 67 ;OSCAR VIAGGI DI FORMOLO OSCAR;GJ181FP;21;GK082FC;42;;;6120;  MEZZOLOMBARDO                ;  1010MT;LAVIS (Staz. FTM)            ;01/01/2022;11/09/2022;24/06/2023;31/08/2023;estiva feriale lu-sa;;x;x;;x;x;x;x;x;x;;;;;;;;;;; € 33,90 ;;;;;;1; € -   ; € -   ;;;;9;0;0;0;0; 33,90 € ;;;;;;;;;;;;;;;;;;;;;;;;;;
811;;798;623;256;17:20;17:47;Cles-Portolo;"invernale
lunedì-sabato";12;19; 240 ;ERIKA TOURS SRL ;FZ000KS;21;FK451EC;31;;;6220;CLES (Autostaz.)             ;6216;PORTOLO                      ;12/09/2022;23/06/2023;;;invernale feriale lu-sa;x;;x;;x;x;x;x;x;x;;;;;;;;;;;;;;ERIKA TOURS SRL ;;;1;;;;;;17;26;25;25;25; -   € ; mensile ;1;;1;;1;;1;;1;; 2.500,00 € ;;;;;;;;;;;;;;
812;;799;623;264;17:30;17:57;Cles-Tuenno-Portolo;"Estiva
lunedì-sabato";12;19; 67 ;ERIKA TOURS SRL ;FZ000KS;21;FK451EC;31;;;6220;CLES (Autostaz.)             ;6216;PORTOLO                      ;01/01/2022;11/09/2022;24/06/2023;31/08/2023;estiva feriale lu-sa;;x;x;;x;x;x;x;x;x;;;;;;;;;;;; € 21,60 ;;;;;1;;;;;;9;0;0;0;0; 21,60 € ;;;;;;;;;;;;;;;;;;;;;;;;;;
813;;800;623;261;17:52;18:07;Portolo-Cles;"invernale
lunedì-sabato";10;19; 240 ;ERIKA TOURS SRL ;FZ000KS;21;FK451EC;31;;;6216;PORTOLO                      ;6220;CLES (Autostaz.)             ;12/09/2022;23/06/2023;;;invernale feriale lu-sa;x;;x;;x;x;x;x;x;x;;;;;;;;;;;;;;ERIKA TOURS SRL ;;;1;;;;;;17;26;25;25;25; -   € ;;;;;;;;;;;;;;;;;;;;;;;;;;
814;;801;623;261;17:50;18:05;Portolo-Tuenno-Cles;"Estiva
lunedì-sabato";10;19; 67 ;ERIKA TOURS SRL ;FZ000KS;21;FK451EC;31;;;6216;PORTOLO                      ;6220;CLES (Autostaz.)             ;01/01/2022;11/09/2022;24/06/2023;31/08/2023;estiva feriale lu-sa;;x;x;;x;x;x;x;x;x;;;;;;;;;;;; € 18,00 ;;;;;1;;;;;;9;0;0;0;0; 18,00 € ;;;;;;;;;;;;;;;;;;;;;;;;;;
815;;802;624;272;07:21;07:27;Cles piazza Fiera - Mechel;"scolastica 
da lunedì a venerdì";4,00;50; 174 ;VIAGGI CICOLINI S.R.L .; FL916HC;51; FE599HG;58;;;  6220PF;Cles (Piazza Fiera)          ;6157;MECHEL                       ;12/09/2022;09/06/2023;;;scolastica lu-ve;;;;x;x;x;x;x;x;;;;;;;;;;;; € 30,77 ;;;;;;2; € -   ; € -   ;;;;15;20;21;15;17; 30,77 € ;;;;;;;;;;;;;;;;;;;;;;;;;;
816;;802 bis;624;272;07:21;07:27;Cles piazza Fiera - Mechel;scolastica il sabato;4,00;50; 34 ;TAXI VIAGGI VALENTINELLI DI VALENTINELLI GIORGIO & C. SNC;FJ097PL;21;GG128PN;21;FZ889KY;24;  6220PF;Cles (Piazza Fiera)          ;6157;MECHEL                       ;12/09/2022;09/06/2023;;;scolastica sab;;;;x;;;;;;x;;;;;;;;;;; € 12,46 ;;;;;;2; € -   ; € -   ;;;;2;5;4;3;3; 12,46 € ;;;;;;;;;;;;;;;;;;;;;;;;;;
817;;803;624;271;07:28;07:41;Mechel Cles;"scolastica 
da lunedì a venerdì";3,00;50; 174 ;VIAGGI CICOLINI S.R.L .; FL916HC;51; FE599HG;58;;;6157;MECHEL                       ;6220;CLES (Autostaz.)             ;12/09/2022;09/06/2023;;;scolastica lu-ve;;;;x;x;x;x;x;x;;;;;;;;;;;; € 23,08 ;;;;;;2; € -   ; € -   ;;;;15;20;21;15;17; 23,08 € ;;;;;;;;;;;;;;;;;;;;;;;;;;
818;;803 bis;624;271;07:28;07:41;Mechel Cles;scolastica il sabato;3,00;50; 34 ;TAXI VIAGGI VALENTINELLI DI VALENTINELLI GIORGIO & C. SNC;FJ097PL;21;GG128PN;21;FZ889KY;24;6157;MECHEL                       ;6220;CLES (Autostaz.)             ;12/09/2022;09/06/2023;;;scolastica sab;;;;x;;;;;;x;;;;;;;;;;; € 9,35 ;;;;;;2; € -   ; € -   ;;;;2;5;4;3;3; 9,35 € ;;;;;;;;;;;;;;;;;;;;;;;;;;
819;;804;624;276;18:20;18:27;Cles-Mechel;"Estiva
lunedì-sabato";4;19; 67 ;GENZIANA S.r.l.;FX036WC;21;;;;;6220;CLES (Autostaz.)             ;6157;MECHEL                       ;01/01/2022;11/09/2022;24/06/2023;31/08/2023;estiva feriale lu-sa;;x;x;;x;x;x;x;x;x;;;;;;;;;;;; € 7,60 ;;;;;1;;; € 0,40 ; € -   ;;9;0;0;0;0; 8,00 € ;;;;;;;;;;;;;;;;;;;;;;;;;;
820;;805;624;276;18:22;18:28;Cles-Mechel;"invernale
lunedì-sabato";4;19; 240 ;ERIKA TOURS SRL ;FZ000KS;21;FK451EC;31;;;6220;CLES (Autostaz.)             ;6157;MECHEL                       ;12/09/2022;23/06/2023;;;invernale feriale lu-sa;x;;x;;x;x;x;x;x;x;;;;;;;;;;;;;;ERIKA TOURS SRL ;;;1;;;;;;17;26;25;25;25; -   € ;;;;;;;;;;;;;;;;;;;;;;;;;;
821;;806;624;275;18:28;18:33;Mechel-Cles;"invernale
lunedì-sabato";4;19; 240 ;ERIKA TOURS SRL ;FZ000KS;21;FK451EC;31;;;6157;MECHEL                       ;6220;CLES (Autostaz.)             ;12/09/2022;23/06/2023;;;invernale feriale lu-sa;x;;x;;x;x;x;x;x;x;;;;;;;;;;;;;;ERIKA TOURS SRL ;;;1;;;;;;17;26;25;25;25; -   € ;;;;;;;;;;;;;;;;;;;;;;;;;;
822;;807;624;275;18:28;18:35;Mechel-Cles;"Estiva
lunedì-sabato";4;19; 67 ;GENZIANA S.r.l.;FX036WC;21;;;;;6157;MECHEL                       ;6220;CLES (Autostaz.)             ;01/01/2022;11/09/2022;24/06/2023;31/08/2023;estiva feriale lu-sa;;x;x;;x;x;x;x;x;x;;;;;;;;;;;; € 7,60 ;;;;;1;;; € 0,40 ; € -   ;;9;0;0;0;0; 8,00 € ;;;;;;;;;;;;;;;;;;;;;;;;;;
823;;808;625;583;06:55;07:05;Tres - Taio;"scolastica 
da lunedì a sabato";5,00;36; 208 ;TAXI VIAGGI VALENTINELLI DI VALENTINELLI GIORGIO & C. SNC;EX903HC;43;FN391MX;54;DT209DB FZ889KY;55 24;  6191TA;Tres Via Predaia inc. V.Tavana;  6190SM;Taio (Plesso Scolastico)     ;12/09/2022;09/06/2023;;;scolastica lu-sa;;;;x;x;x;x;x;x;x;;;;;;;;;;; € 21,12 ;;;;;;2; € -   ; € -   ;;; € -   ;17;25;25;18;20; 21,12 € ;;;;;;;;;;;;;;;;;;;;;;;;;;
824;;809;625;581;07:12;07:22;Tres (Predaia)-Tres - Taio;"scolastica 
da lunedì a venerdì";5,00;36; 174 ;TAXI VIAGGI VALENTINELLI DI VALENTINELLI GIORGIO & C. SNC;EX903HC;43;FN391MX;54;DT209DB;55;  6191TA;Tres Via Predaia inc. V.Tavana;  6190SM;Taio (Plesso Scolastico)     ;12/09/2022;09/06/2023;;;scolastica lu-ve;;;;x;x;x;x;x;x;;;;;;;;;;;; € 21,12 ;;;;;;2; € -   ; € -   ;;;;15;20;21;15;17; 21,12 € ;;;;;;;;;;;;;;;;;;;;;;;;;;
825;;810;625;506;17:30;18:01;Mollaro-Tres;"invernale
lunedì-sabato";14;19; 240 ;TAXI VIAGGI VALENTINELLI DI VALENTINELLI GIORGIO & C. SNC;"
FZ889KY
";24;GG128PN;21;FJ097PL;21;  6170ST;MOLLARO (Staz.FTM)           ;6191;Tres                         ;12/09/2022;23/06/2023;;;invernale feriale lu-sa;x;;x;;x;x;x;x;x;x;;;;;;;;;;;; € 26,60 ;;;;;1;;; € 1,40 ; € -   ;;17;26;25;25;25; 28,00 € ;;;;;;;;;;;;;;;;;;;;;;;;;;
826;;811;625;701;18:01;18:20;Tres-Cles;"invernale
lunedì-sabato";14;19; 240 ;TAXI VIAGGI VALENTINELLI DI VALENTINELLI GIORGIO & C. SNC;"
FZ889KY
";24;GG128PN;21;FJ097PL;21;6191;Tres                         ;6220;CLES (Autostaz.)             ;12/09/2022;23/06/2023;;;invernale feriale lu-sa;x;;x;;x;x;x;x;x;x;;;;;;;;;;;; € 26,60 ;;;;;1;;; € 1,40 ; € -   ;;17;26;25;25;25; 28,00 € ;;;;;;;;;;;;;;;;;;;;;;;;;;
827;;812;627;403;06:03;06:30;Credaia-Sfruz-Tavon-Dermulo;"scolastica 
da lunedì a venerdì";12,00;19; 174 ;GENZIANA S.r.l.;FX036WC;21;FS248ZL;23;FZ889KY (Valentinelli) / FK451EC (Erika Tours);24/31;6504CR;Credai;6200;DERMULO                      ;12/09/2022;09/06/2023;;;scolastica lu-ve;;;;x;x;x;x;x;x;;;;;;;;;;;; € 10,00 ; € 38,00 ;;;;;1; € -   ; € -   ;;; € -   ;15;20;21;15;17; 48,00 € ;;;;;;;;;;;;;;;;;;;;;;;;;;
828;;813;627;403;06:05;06:30;Sfruz-Tavon-Dermulo;"scolastica
sabato";11;19; 34 ;GENZIANA S.r.l.;FX036WC;21;FS248ZL;23;FZ889KY (Valentinelli) / FK451EC (Erika Tours);24/31;6504;SFRUZ                        ;6200;DERMULO                      ;12/09/2022;09/06/2023;;;scolastica sab;;;;x;;;;;;x;;;;;;;;;;;; € 38,00 ;;;;;1;;; € -   ; € -   ; € -   ;2;5;4;3;3; 38,00 € ;;;;;;;;;;;;;;;;;;;;;;;;;;
829;;814;627;243;06:55;07:21;Tavon - Cles - Cles piazza Fiera;"scolastica 
da lunedì a venerdì";13,00;54; 174 ;VIAGGI CICOLINI S.R.L .  ; FL916HC;51; FE599HG;58;;;6502;Tavon                        ;  6220PF;Cles (Piazza Fiera)          ;12/09/2022;09/06/2023;;;scolastica lu-ve;;;;x;x;x;x;x;x;;;;;;;;;;;; € 100,00 ;;;;;;2; € -   ; € -   ;;; € -   ;15;20;21;15;17; 100,00 € ;;;;;;;;;;;;;;;;;;;;;;;;;;
830;;815;627;778;13:12;13:37;Dermulo - Coredo - Sfruz ;"scolastica 
solo sabato";14,00;36; 34 ;TAXI VIAGGI VALENTINELLI DI VALENTINELLI GIORGIO & C. SNC; EX903HC;43; FZ889KY;24;DT209DB;55;6200;DERMULO                      ;6504;SFRUZ                        ;12/09/2022;09/06/2023;;;scolastica sab;;;;x;;;;;;x;;;;;;;;;;; € 25,20 ;;;;;;2; € -   ; € 16,80 ;;;;2;5;4;3;3; 42,00 € ;;;;;;;;;;;;;;;;;;;;;;;;;;
831;;816;627;778;13:25;13:50;Dermulo - Coredo - Sfruz ;"scolastica 
da lunedì a venerdì";14,00;36; 174 ;TAXI VIAGGI VALENTINELLI DI VALENTINELLI GIORGIO & C. SNC; EX903HC;43;FN391MX;54;DT209DB;55;6200;DERMULO                      ;6504;SFRUZ                        ;12/09/2022;09/06/2023;;;scolastica lu-ve;;;;x;x;x;x;x;x;;;;;;;;;;;; € 25,20 ;;;;;;2; € -   ; € 16,80 ;;;;15;20;21;15;17; 42,00 € ;;;;;;;;;;;;;;;;;;;;;;;;;;
832;;817;627;778;13:50;13:53;"Sfuz- Credai 
(prolungamento c.sa Dermulo - Coredo - Sfruz) ";"scolastica 
martedì-mercoledì-venerdì";1,00;36; 106 ;TAXI VIAGGI VALENTINELLI DI VALENTINELLI GIORGIO & C. SNC; EX903HC;43;FN391MX;54;DT209DB;55;6504;SFRUZ                        ;6504CR;Credai;12/09/2022;09/06/2023;;;scolastica ma, me, ve;;;;x;;x;x;;x;;;;;;;;;;;; € 3,00 ;;;;;;2; € -   ; € -   ;;;;9;12;13;9;10; 3,00 € ;;;;;;;;;;;;;;;;;;;;;;;;;;
833;;818;627;916;14:50;15:08;Dermulo-Coredo-Sfruz;"scolastica 
da lunedì a venerdì";12,00;30; 174 ;GENZIANA S.r.l.;FX036WC;21;FS248ZL;23;EV659LA (Erika Tours) / FK451EC (Erika Tours);57/31;6200;DERMULO                      ;6504;SFRUZ                        ;12/09/2022;09/06/2023;;;scolastica lu-ve;;;;x;x;x;x;x;x;;;;;;;;;;;; € 21,60 ;;;;;;1; € 2,40 ; € -   ;;; € -   ;15;20;21;15;17; 24,00 € ;;;;;;;;;;;;;;;;;;;;;;;;;;
834;;819;627;246;17:08;17:46;Cles-Coredo-Merlonga-Sfruz;"scolastica 
da lunedì a venerdì";14,5;30; 174 ;ERIKA TOURS SRL ;EV659LA;57;FF849CS;60;FK451EC;31;  6220PF;Cles (Piazza Fiera)          ;6504;SFRUZ                        ;12/09/2022;09/06/2023;;;scolastica lu-ve;;;;x;x;x;x;x;x;;;;;;;;;;;;; € 28,60 ;;;;;1;;;;;;15;20;21;15;17; 28,60 € ;;;;;;;;;;;;;;;;;;;;;;;;;;
835;;820;627;247;17:47;18:15;Sfruz-Cles;"scolastica 
da lunedì a venerdì";12;30; 174 ;ERIKA TOURS SRL ;EV659LA;57;FF849CS;60;FK451EC;31;6504;SFRUZ                        ;6220;CLES (Autostaz.)             ;12/09/2022;09/06/2023;;;scolastica lu-ve;;;;x;x;x;x;x;x;;;;;;;;;;;;; € 26,40 ;;;;;1;;; € -   ; € -   ;;15;20;21;15;17; 26,40 € ;;;;;;;;;;;;;;;;;;;;;;;;;;
836;;821;627;248;18:35;18:59;Dermulo-Tavon-Sfruz;"scolastica 
da lunedì a sabato";11;19; 208 ;GENZIANA S.r.l.;GK152EV;23;GA057TM;21;GH911KX (Gorini);29;6200;DERMULO                      ;6504;SFRUZ                        ;12/09/2022;09/06/2023;;;scolastica lu-sa;;;;x;x;x;x;x;x;x;;;;;;;;;;;; € 20,90 ;;;;;1;;; € 1,10 ; € -   ;;17;25;25;18;20; 22,00 € ;;;;;;;;;;;;;;;;;;;;;;;;;;
837;;822;627;249;19:00;19:20;Sfruz-Dermulo;"scolastica 
da lunedì a sabato";7;19; 208 ;GENZIANA S.r.l.;GK152EV;23;GA057TM;21;GH911KX (Gorini);29;6504;SFRUZ                        ;6200;DERMULO                      ;12/09/2022;09/06/2023;;;scolastica lu-sa;;;;x;x;x;x;x;x;x;;;;;;;;;;;; € 13,30 ;;;;;1;;; € 0,70 ; € -   ;;17;25;25;18;20; 14,00 € ;;;;;;;;;;;;;;;;;;;;;;;;;;
838;;823;630;121;15:45;16:26;Fondo-Romeno-Dermulo-Cles;"scolastica 
solo Venerdì";23,00;19; 36 ;GENZIANA S.r.l.;FX036WC;21;GA057TM;21;;;  6580CA;FONDO (Via Garibaldi)        ;6220;CLES (Autostaz.)             ;12/09/2022;09/06/2023;;;scolastica ve;;;;x;;;;;x;;;;;;;;;;;; € 69,00 ;;;;;;1; € -   ; € -   ;;;;3;4;4;4;3; 69,00 € ;;;;;;;;;;;;;;;;;;;;;;;;;;
839;;824;630;117;17:20;17:54;Fondo-Dermulo;"invernale
lunedì-sabato";17;19; 240 ;GENZIANA S.r.l.;GA057TM;21;GH911KX (Gorini);29;;;  6580CA;FONDO (Via Garibaldi)        ;6200;DERMULO                      ;12/09/2022;23/06/2023;;;invernale feriale lu-sa;x;;x;;x;x;x;x;x;x;;;;;;;;;;;; € 32,30 ;;;;;1;;; € 1,70 ; € -   ;;17;26;25;25;25; 34,00 € ;;;;;;;;;;;;;;;;;;;;;;;;;;
840;;825;630;578;17:42;18:24;Dermulo - Dambel - Cavareno - Don - Cavareno - Fondo;"scolastica 
da lunedì a venerdì";25,50;36; 174 ;TAXI VIAGGI VALENTINELLI DI VALENTINELLI GIORGIO & C. SNC;EX903HC;43;FN391MX;54;DT209DB;55;6200;DERMULO                      ;  6580CA;FONDO (Via Garibaldi)        ;12/09/2022;09/06/2023;;;scolastica lu-ve;;;;x;x;x;x;x;x;;;;;;;;;;;; € 82,14 ;;;;;;2; € -   ; € -   ;;;;15;20;21;15;17; 82,14 € ;;;;;;;;;;;;;;;;;;;;;;;;;;
841;;826;630;116;18:25;19:28;Cles-Mendola;"invernale
lunedì-sabato";33;30; 240 ;ERIKA TOURS SRL ;EV659LA;57;FF849CS;60;FK451EC;31;6220;CLES (Autostaz.)             ;6630;PASSO MENDOLA                ;12/09/2022;23/06/2023;;;invernale feriale lu-sa;x;;x;;x;x;x;x;x;x;;;;;;;;;;;; € 72,60 ;;;;1;1;;; € -   ; € -   ;;17;26;25;25;25; 72,60 € ;invernale feriale sab;2;;5;;4;;5;;4;; € 103,00 ;;;;;;;;;;;;;;
842;;827;630;119;19:30;19:49;Mendola-Fondo;"invernale
lunedì-sabato";12;30; 240 ;ERIKA TOURS SRL ;EV659LA;57;FF849CS;60;FK451EC;31;6630;PASSO MENDOLA                ;  6580CA;FONDO (Via Garibaldi)        ;12/09/2022;23/06/2023;;;invernale feriale lu-sa;x;;x;;x;x;x;x;x;x;;;;;;;;;;;; € 26,40 ;;;;2;1;;; € -   ; € -   ;;17;26;25;25;25; 26,40 € ;;;;;;;;;;;;;;;;;;;;;;;;;;
843;;828;630;118;19:35;20:24;Cles-Dermulo-Romeno-Fondo;"invernale
da lunedì a venerdì";24,00;19; 202 ;GENZIANA S.r.l.;GK152EV;23;GA057TM;21;GH911KX (Gorini);29;6220;CLES (Autostaz.)             ;  6580CA;FONDO (Via Garibaldi)        ;12/09/2022;23/06/2023;;;invernale feriale lu-ve;x;;x;;x;x;x;x;x;;;;;;;;;;;;; € 43,70 ;;;;;1;;; € 4,30 ; € -   ;;15;21;21;20;21; 48,00 € ;;;;;;;;;;;;;;;;;;;;;;;;;;
844;;829;632;153;06:30;07:05;Castelfondo - Revò - Cles;"scolastica 
da lunedì a sabato";18,5;40; 208 ;GENZIANA S.r.l.;FS198ZG;23;FX036WC;21;;;6686;Castelfondo                  ;6220;CLES (Autostaz.)             ;12/09/2022;09/06/2023;;;scolastica lu-sa;;;;x;x;x;x;x;x;x;;;;;;;;;;; € 131,41 ;;;;;;2; € -   ; € -   ;;; € -   ;17;25;25;18;20; 131,41 € ;;;;;;;;;;;;;;;;;;;;;;;;;;
845;;830;632;776;06:48;06:53;Fondo (Vasio) - Fondo ;"scolastica 
da lunedì a sabato";2,00;8; 208 ;GENZIANA S.r.l.;FC395RJ;9;GA057TM;21;;;6579;Fondo loc. Vasio             ;  6580CA;FONDO (Via Garibaldi)        ;12/09/2022;09/06/2023;;;scolastica lu-sa;;;;x;x;x;x;x;x;x;;;;;;;;;;; € 6,88 ;;;;;;1; € -   ; € -   ;;; € 13,12 ;17;25;25;18;20; 20,00 € ;;;;;;;;;;;;;;;;;;;;;;;;;;
846;;831;632;737;06:48;07:05;Salobbi - Brez;"scolastica 
da lunedì a sabato";4,00;22; 208 ;GENZIANA S.r.l.;FS248ZL;23;FS198ZG;23;FX036WC;21;  6675AN;Salobbi  Bacheca Comunale    ;6675;Brez                         ;12/09/2022;09/06/2023;;;scolastica lu-sa;;;;x;x;x;x;x;x;x;;;;;;;;;;; € 48,25 ;;;;;;1; € -   ; € -   ;;; € -   ;17;25;25;18;20; 48,25 € ;;;;;;;;;;;;;;;;;;;;;;;;;;
847;;832;637;747;07:00;07:15;Tregiovo - Revò;"scolastica 
da lunedì a sabato";9,00;20; 208 ;GENZIANA S.r.l.;GK152EV;23;FX036WC;21;;;6640;Tregiovo                     ;6655;Revo'                        ;12/09/2022;09/06/2023;;;scolastica lu-sa;;;;x;x;x;x;x;x;x;;;;;;;;;;; € 16,74 ;;;;;;1; € 1,26 ; € -   ;;;;17;25;25;18;20; 18,00 € ;;;;;;;;;;;;;;;;;;;;;;;;;;
848;;833;632;135;07:17;07:32;Romallo-Cles;"scolastica
sabato";7;50; 34 ;VIAGGI CICOLINI S.R.L .  ; FL916HC;51; FE599HG;58;;;6660;Romallo                      ;6220;CLES (Autostaz.)             ;12/09/2022;09/06/2023;;;scolastica sab;;;;x;;;;;;x;;;;;;;;;;; € 285,51 ;;;;;;2; € -   ; € -   ;;;;2;5;4;3;3; 285,51 € ;;;;;;;;;;;;;;;;;;;;;;;;;;
849;;834;632;736;12:55;13:15;Brez - Salobbi;"scolastica 
da lunedì a sabato";4,00;22; 208 ;GENZIANA S.r.l.;FS248ZL;23;FS198ZG;23;;;6675;Brez                         ;  6675AN;Salobbi  Bacheca Comunale    ;12/09/2022;09/06/2023;;;scolastica lu-sa;;;;x;x;x;x;x;x;x;;;;;;;;;;; € 48,25 ;;;;;;1; € -   ; € -   ;;;;17;25;25;18;20; 48,25 € ;;;;;;;;;;;;;;;;;;;;;;;;;;
850;frequenza corretta da capitolato;835;632;777;13:05;13:15;Fondo  - Fondo (Vasio)  - Fondo;"scolastica 
solo martedì ";2,00;8; 34 ;GENZIANA S.r.l.;GA057TM;21;GK152EV;23;;;  6580CA;FONDO (Via Garibaldi)        ;6579;Fondo loc. Vasio             ;12/09/2022;09/06/2023;;;scolastica ma;;;;x;;x;;;;;;;;;;;;;;; € 9,30 ;;;;;;1; € -   ; € -   ;;;;3;4;4;3;4; 9,30 € ;;;;;;;;;;;;;;;;;;;;;;;;;;
851;;836;632;712;13:10;13:45;Cles - Castelfondo;"scolastica 
da lunedì a venerdì";19,00;54; 174 ;VIAGGI CICOLINI S.R.L .  ; FE599HG;58; FL916HC;51;;;6220;CLES (Autostaz.)             ;6686;Castelfondo                  ;12/09/2022;09/06/2023;;;scolastica lu-ve;;;;x;x;x;x;x;x;;;;;;;;;;;; € 146,15 ;;;;;;2; € -   ; € -   ;;;;15;20;21;15;17; 146,15 € ;;;;;;;;;;;;;;;;;;;;;;;;;;
852;frequenza corretta da capitolato;837;632;780;13:15;13:25;Fondo  - Fondo (Vasio)  - Fondo;"scolastica 
solo giovedì";5,00;8; 34 ;GENZIANA S.r.l.;GA057TM;21;GK152EV;23;;;  6580CA;FONDO (Via Garibaldi)        ;6579;Fondo loc. Vasio             ;12/09/2022;09/06/2023;;;scolastica gio;;;;x;;;;x;;;;;;;;;;;;; € 9,30 ;;;;;;1; € 0,70 ; € -   ;;;;3;4;4;3;3; 10,00 € ;;;;;;;;;;;;;;;;;;;;;;;;;;
853;NUOVA;838;632;730;13:50;14:00;Brez - Salobbi;"scolastica 
da lunedì a venerdì";4,00;19; 174 ;GENZIANA S.r.l.;GK152EV;23;FS248ZL;23;FC384RJ;9;6675;Brez                         ;6675SA;Salobbi   ;12/09/2022;09/06/2023;;;scolastica lu-ve;;;;x;x;x;x;x;x;;;;;;;;;;;;;; € 12,00 ;;;;1;;;;;;15;20;21;15;17; 12,00 € ;;;;;;;;;;;;;;;;;;;;;;;;;;
854;;839;632;151;16:27;16:40;Romallo-Cles;scolastica dal lunedì al giovedì ;7;19; 138 ;ALPINABUS DI MARTINTONI MAURO;GA014HT;18;FP041BC;21;EJ947ZA;17;6660;Romallo                      ;6220;CLES (Autostaz.)             ;12/09/2022;09/06/2023;;;scolastica lu, ma, me, gio;;;;x;x;x;x;x;;;;;;;;;;;;;;;;ALPINABUS DI MARTINTONI MAURO;;;1;;;;;;12;16;17;12;14; -   € ; mensile ;1;;1;;1;;1;;1;; 3.750,00 € ;;;;;;;;;;;;;;
855;;840;632;152;16:30;16:49;Cles-Romallo;"estiva 
da lunedì a giovedì";7;19; 44 ;ERIKA TOURS SRL ;FZ000KS;21;FK451EC;31;;;6220;CLES (Autostaz.)             ;6660;Romallo                      ;01/01/2022;11/09/2022;24/06/2023;31/08/2023;estiva feriale lu-gio;;x;x;;x;x;x;x;;;;;;;;;;;;;;;;ERIKA TOURS SRL ;;;1;;;;;;5;0;0;0;0; -   € ;;;;;;;;;;;;;;;;;;;;;;;;;;
856;;841;632;147;16:45;17:00;Romallo-Cles;"estiva 
da lunedì a giovedì";6;19; 44 ;ERIKA TOURS SRL ;FZ000KS;21;FK451EC;31;;;6660;Romallo                      ;6220;CLES (Autostaz.)             ;01/01/2022;11/09/2022;24/06/2023;31/08/2023;estiva feriale lu-gio;;x;x;;x;x;x;x;;;;;;;;;;;;;;;;ERIKA TOURS SRL ;;;1;;;;;;5;0;0;0;0; -   € ;;;;;;;;;;;;;;;;;;;;;;;;;;
857;frequenza corretta da capitolato;842;632;147;17:00;17:47;Fondo-Cles;feriale invernale;23;19; 240 ;GENZIANA S.r.l.;FX036WC;21;FS248ZL;23;;;  6580CA;FONDO (Via Garibaldi)        ;6220;CLES (Autostaz.)             ;12/09/2022;23/06/2023;;;invernale feriale lu-sa;x;;x;;x;x;x;x;x;x;;;;;;;;;;;; € 43,70 ;;;;;1;;; € 2,30 ; € -   ;;17;26;25;25;25; 46,00 € ;;;;;;;;;;;;;;;;;;;;;;;;;;
858;;843;632;143;17:20;18:07;Fondo-Cles;"feriale
estiva";23;40; 67 ;GENZIANA S.r.l.;FX036WC;21;;;;;  6580CA;FONDO (Via Garibaldi)        ;6220;CLES (Autostaz.)             ;01/01/2022;11/09/2022;24/06/2023;31/08/2023;estiva feriale lu-sa;;x;x;;x;x;x;x;x;x;;;;;;;;;;;; € 43,70 ;;;;;2;;; € -   ; € 25,30 ;;9;0;0;0;0; 69,00 € ;;;;;;;;;;;;;;;;;;;;;;;;;;
859;;844;632;152;18:42;19:17;Cles - Castelfondo;"invernale
lunedì-sabato";18,5;50; 240 ;GENZIANA S.r.l.;FX036WC;21;;;;;6220;CLES (Autostaz.)             ;6686;Castelfondo                  ;12/09/2022;23/06/2023;;;invernale feriale lu-sa;x;;x;;x;x;x;x;x;x;;;;;;;;;;; € 94,01 ;;;;;;2; € -   ; € -   ;;;;17;26;25;25;25; 94,01 € ;;;;;;;;;;;;;;;;;;;;;;;;;;
860;;845;632;148;19:30;20:15;Cles-Fondo;"feriale
estiva";23;19; 67 ;GENZIANA S.r.l.;FX036WC;21;;;;;6220;CLES (Autostaz.)             ;  6580CA;FONDO (Via Garibaldi)        ;01/01/2022;11/09/2022;24/06/2023;31/08/2023;estiva feriale lu-sa;;x;x;;x;x;x;x;x;x;;;;;;;;;;;; € 43,70 ;;;;;1;;; € 2,30 ; € -   ;;9;0;0;0;0; 46,00 € ;;;;;;;;;;;;;;;;;;;;;;;;;;
861;frequenza corretta da capitolato;846;632;148;19:52;20:37;Cles-Fondo;feriale invernale;23;19; 240 ;GENZIANA S.r.l.;FX036WC;21;FS248ZL;23;;;6220;CLES (Autostaz.)             ;  6580CA;FONDO (Via Garibaldi)        ;12/09/2022;23/06/2023;;;invernale feriale lu-sa;x;;x;;x;x;x;x;x;x;;;;;;;;;;; € 68,91 ;;;;;;1; € -   ; € -   ;;;;17;26;25;25;25; 68,91 € ;;;;;;;;;;;;;;;;;;;;;;;;;;
862;;847;633;170;07:02;07:17;Cles - Cis;"scolastica 
da lunedì a venerdì";7,50;40; 174 ;TAXI VIAGGI VALENTINELLI DI VALENTINELLI GIORGIO & C. SNC;FJ097PL;21;GG128PN;21;"
FZ889KY
";24;6220;CLES (Autostaz.)             ;6700;CIS                          ;12/09/2022;09/06/2023;;;scolastica lu-ve;;;;x;x;x;x;x;x;;;;;;;;;;;; € 10,57 ;;;;;;2; € -   ; € 11,93 ;;;;15;20;21;15;17; 22,50 € ;;;;;;;;;;;;;;;;;;;;;;;;;;
863;;848;633;171;07:18;07:33;Cis - Cles;"scolastica 
solo sabato";7,50;19; 34 ;TAXI VIAGGI VALENTINELLI DI VALENTINELLI GIORGIO & C. SNC;"
FZ889KY
";24;FJ097PL;21;GG128PN;21;6700;CIS                          ;6220;CLES (Autostaz.)             ;12/09/2022;09/06/2023;;;scolastica sab;;;;x;;;;;;x;;;;;;;;;;; € 10,57 ;;;;;;1; € 4,43 ; € -   ;;;;2;5;4;3;3; 15,00 € ;;;;;;;;;;;;;;;;;;;;;;;;;;
864;aggiornato percorso;849;633;171;07:18;07:33;Cis - Cles + Sc. Medie (+2° mezzo 7:12 Cis - 7:17 Mostizzolo);"scolastica 
da lunedì a venerdì";8,50;40; 174 ;TAXI VIAGGI VALENTINELLI DI VALENTINELLI GIORGIO & C. SNC;"FZ889KY + FJ097PL
";24 + 21;GG128PN;21;;;6700;CIS                          ;46.36513832853683, 11.029254119523086;15 Via delle Scuole;12/09/2022;09/06/2023;;;scolastica lu-ve;;;;x;x;x;x;x;x;;;;;;;;;;;; € 32,38 ;;;;;;2; € -   ; € -   ;;;;15;20;21;15;17; 32,38 € ;;;;;;;;;;;;;;;;;;;;;;;;;;
865;;850;633;172;13:10;13:25;Cles - Cis ;"scolastica 
da lunedì a venerdì";7,00;19; 174 ;ALPINABUS DI MARTINTONI MAURO;FP041BC;21;GA014HT;18;EJ947ZA;17;6220;CLES (Autostaz.)             ;6700;CIS                          ;12/09/2022;09/06/2023;;;scolastica lu-ve;;;;x;x;x;x;x;x;;;;;;;;;;;; € 21,00 ;;;;;;1; € -   ; € -   ;;;;15;20;21;15;17; 21,00 € ;;;;;;;;;;;;;;;;;;;;;;;;;;
866;;851;633;173;13:25;13:40;Cis - Cles ;"scolastica 
da lunedì a venerdì";7,00;19; 174 ;ALPINABUS DI MARTINTONI MAURO;FP041BC;21;GA014HT;18;EJ947ZA;17;6700;CIS                          ;6220;CLES (Autostaz.)             ;12/09/2022;09/06/2023;;;scolastica lu-ve;;;;x;x;x;x;x;x;;;;;;;;;;;; € 21,00 ;;;;;;1; € -   ; € -   ;;;;15;20;21;15;17; 21,00 € ;;;;;;;;;;;;;;;;;;;;;;;;;;
867;;852;633;174;16:25;16:40;Cles-Cis;estiva dal lunedì al venerdì feriale;7;19; 55 ;ALPINABUS DI MARTINTONI MAURO;GA014HT;18;FP041BC;21;EJ947ZA;17;6220;CLES (Autostaz.)             ;6700;CIS                          ;01/01/2022;11/09/2022;24/06/2023;31/08/2023;estiva feriale lu-ve;;x;x;;x;x;x;x;x;;;;;;;;;;;;;;;ALPINABUS DI MARTINTONI MAURO;;;1;;;;;;7;0;0;0;0; -   € ;;;;;;;;;;;;;;;;;;;;;;;;;;
868;;853;633;175;16:45;16:59;Cis-Cles;estiva dal lunedì al venerdì feriale;7;19; 55 ;ALPINABUS DI MARTINTONI MAURO;GA014HT;18;FP041BC;21;EJ947ZA;17;6700;CIS                          ;6220;CLES (Autostaz.)             ;01/01/2022;11/09/2022;24/06/2023;31/08/2023;estiva feriale lu-ve;;x;x;;x;x;x;x;x;;;;;;;;;;;;;;;ALPINABUS DI MARTINTONI MAURO;;;1;;;;;;7;0;0;0;0; -   € ;;;;;;;;;;;;;;;;;;;;;;;;;;
869;;854;633;174;17:10;17:25;Cles-Cis;"scolastica 
da lunedì a sabato";7;19; 208 ;ALPINABUS DI MARTINTONI MAURO;FP041BC;21;GA014HT;18;EJ947ZA;17;6220;CLES (Autostaz.)             ;6700;CIS                          ;12/09/2022;09/06/2023;;;scolastica lu-sa;;;;x;x;x;x;x;x;x;;;;;;;;;;;;;;ALPINABUS DI MARTINTONI MAURO;;;1;;;;;;17;25;25;18;20; -   € ;;;;;;;;;;;;;;;;;;;;;;;;;;
870;;855;633;175;17:26;17:41;Cis-Cles;"scolastica 
da lunedì a sabato";7;19; 208 ;ALPINABUS DI MARTINTONI MAURO;FP041BC;21;GA014HT;18;EJ947ZA;17;6700;CIS                          ;6220;CLES (Autostaz.)             ;12/09/2022;09/06/2023;;;scolastica lu-sa;;;;x;x;x;x;x;x;x;;;;;;;;;;;;;;ALPINABUS DI MARTINTONI MAURO;;;1;;;;;;17;25;25;18;20; -   € ;;;;;;;;;;;;;;;;;;;;;;;;;;
871;;856;634;533;06:03;06:32;Bresimo-Livo-Cles;"invernale
lunedì-sabato";20;19; 240 ;ALPINABUS DI MARTINTONI MAURO;FP041BC;21;GA014HT;18;EJ947ZA;17;6765;BRESIMO                      ;6220;CLES (Autostaz.)             ;12/09/2022;23/06/2023;;;invernale feriale lu-sa;x;;x;;x;x;x;x;x;x;;;;;;;;;;;;;;ALPINABUS DI MARTINTONI MAURO;;;1;;;;;;17;26;25;25;25; -   € ;;;;;;;;;;;;;;;;;;;;;;;;;;
872;;857;634;533;07:04;07:20;Lanza-Livo;estiva feriale;9;19; 67 ;ALPINABUS DI MARTINTONI MAURO;FP041BC;21;GA014HT;18;EJ947ZA;17;6755;LANZA DI RUMO                ;6715;LIVO                         ;01/01/2022;11/09/2022;24/06/2023;31/08/2023;estiva feriale lu-sa;;x;x;;x;x;x;x;x;x;;;;;;;;;;;;;;ALPINABUS DI MARTINTONI MAURO;;;1;;;;;;9;0;0;0;0; -   € ;;;;;;;;;;;;;;;;;;;;;;;;;;
873;;858;634;541;13:35;14:07;Bresimo-Livo-Cles;estiva feriale;28;19; 67 ;ALPINABUS DI MARTINTONI MAURO;FP041BC;21;GA014HT;18;EJ947ZA;17;6765;BRESIMO                      ;6220;CLES (Autostaz.)             ;01/01/2022;11/09/2022;24/06/2023;31/08/2023;estiva feriale lu-sa;;x;x;;x;x;x;x;x;x;;;;;;;;;;;;;;ALPINABUS DI MARTINTONI MAURO;;;1;;;;;;9;0;0;0;0; -   € ;;;;;;;;;;;;;;;;;;;;;;;;;;
874;;859;634;540;17:25;17:57;Cles-Lanza;"feriale
estiva";20;19; 67 ;ALPINABUS DI MARTINTONI MAURO;GA014HT;18;FP041BC;21;EJ947ZA;17;6220;CLES (Autostaz.)             ;6755;LANZA DI RUMO                ;01/01/2022;11/09/2022;24/06/2023;31/08/2023;estiva feriale lu-sa;;x;x;;x;x;x;x;x;x;;;;;;;;;;;;;;ALPINABUS DI MARTINTONI MAURO;;;1;;;;;;9;0;0;0;0; -   € ;;;;;;;;;;;;;;;;;;;;;;;;;;
875;;860;634;540;17:50;18:24;Cles-Lanza;"invernale
lunedì-sabato";20;19; 240 ;ALPINABUS DI MARTINTONI MAURO;FP041BC;21;GA014HT;18;EJ947ZA;17;6220;CLES (Autostaz.)             ;6755;LANZA DI RUMO                ;12/09/2022;23/06/2023;;;invernale feriale lu-sa;x;;x;;x;x;x;x;x;x;;;;;;;;;;;;;;ALPINABUS DI MARTINTONI MAURO;;;1;;;;;;17;26;25;25;25; -   € ;;;;;;;;;;;;;;;;;;;;;;;;;;
876;;861;634;538;18:20;18:48;Cles-Livo-Bresimo;"feriale
estiva";15;19; 67 ;ERIKA TOURS SRL ;FZ000KS;21;FK451EC;31;;;6220;CLES (Autostaz.)             ;6765;BRESIMO                      ;01/01/2022;11/09/2022;24/06/2023;31/08/2023;estiva feriale lu-sa;;x;x;;x;x;x;x;x;x;;;;;;;;;;;;;;ERIKA TOURS SRL ;;;1;;;;;;9;0;0;0;0; -   € ;;;;;;;;;;;;;;;;;;;;;;;;;;
877;;862;634;545;18:35;19:09;Lanza-Cles;"invernale
lunedì-sabato";20;19; 240 ;ALPINABUS DI MARTINTONI MAURO;FP041BC;21;GA014HT;18;EJ947ZA;17;6755;LANZA DI RUMO                ;6220;CLES (Autostaz.)             ;12/09/2022;23/06/2023;;;invernale feriale lu-sa;x;;x;;x;x;x;x;x;x;;;;;;;;;;;;;;ALPINABUS DI MARTINTONI MAURO;;;1;;;;;;17;26;25;25;25; -   € ;;;;;;;;;;;;;;;;;;;;;;;;;;
878;;863;634;542;18:37;19:05;Cles-Livo-Bresimo;"invernale
lunedì-sabato";15;19; 240 ;ERIKA TOURS SRL ;FZ000KS;21;FK451EC;31;;;6220;CLES (Autostaz.)             ;6765;BRESIMO                      ;12/09/2022;23/06/2023;;;invernale feriale lu-sa;x;;x;;x;x;x;x;x;x;;;;;;;;;;;;;;ERIKA TOURS SRL ;;;1;;;;;;17;26;25;25;25; -   € ;;;;;;;;;;;;;;;;;;;;;;;;;;
879;;864;634;545;18:45;19:15;Lanza-Cles;"feriale
estiva";20;19; 67 ;ALPINABUS DI MARTINTONI MAURO;GA014HT;18;FP041BC;21;EJ947ZA;17;6755;LANZA DI RUMO                ;6220;CLES (Autostaz.)             ;01/01/2022;11/09/2022;24/06/2023;31/08/2023;estiva feriale lu-sa;;x;x;;x;x;x;x;x;x;;;;;;;;;;;;;;ALPINABUS DI MARTINTONI MAURO;;;1;;;;;;9;0;0;0;0; -   € ;;;;;;;;;;;;;;;;;;;;;;;;;;
880;;865;634;547;19:07;19:36;Bresimo-Livo-Cles;"invernale
lunedì-sabato";15;19; 240 ;ERIKA TOURS SRL ;FZ000KS;21;FK451EC;31;;;6765;BRESIMO                      ;6220;CLES (Autostaz.)             ;12/09/2022;23/06/2023;;;invernale feriale lu-sa;x;;x;;x;x;x;x;x;x;;;;;;;;;;;;;;ERIKA TOURS SRL ;;;1;;;;;;17;26;25;25;25; -   € ;;;;;;;;;;;;;;;;;;;;;;;;;;
881;;866;634;547;19:12;19:41;Bresimo-Livo-Cles;"feriale
estiva";15;19; 67 ;ERIKA TOURS SRL ;FZ000KS;21;FK451EC;31;;;6765;BRESIMO                      ;6220;CLES (Autostaz.)             ;01/01/2022;11/09/2022;24/06/2023;31/08/2023;estiva feriale lu-sa;;x;x;;x;x;x;x;x;x;;;;;;;;;;;;;;ERIKA TOURS SRL ;;;1;;;;;;9;0;0;0;0; -   € ;;;;;;;;;;;;;;;;;;;;;;;;;;
882;;867;634;540;19:25;20:00;Cles-Lanza;"feriale
estiva";20;19; 67 ;ALPINABUS DI MARTINTONI MAURO;GA014HT;18;FP041BC;21;EJ947ZA;17;6220;CLES (Autostaz.)             ;6755;LANZA DI RUMO                ;01/01/2022;11/09/2022;24/06/2023;31/08/2023;estiva feriale lu-sa;;x;x;;x;x;x;x;x;x;;;;;;;;;;;;;;ALPINABUS DI MARTINTONI MAURO;;;1;;;;;;9;0;0;0;0; -   € ;;;;;;;;;;;;;;;;;;;;;;;;;;
883;;868;634;546;19:52;20:26;Cles-Lanza;"invernale
lunedì-sabato";20;19; 240 ;ALPINABUS DI MARTINTONI MAURO;FP041BC;21;GA014HT;18;EJ947ZA;17;6220;CLES (Autostaz.)             ;6755;LANZA DI RUMO                ;12/09/2022;23/06/2023;;;invernale feriale lu-sa;x;;x;;x;x;x;x;x;x;;;;;;;;;;;;;;ALPINABUS DI MARTINTONI MAURO;;;1;;;;;;17;26;25;25;25; -   € ;;;;;;;;;;;;;;;;;;;;;;;;;;
884;;869;637;745;05:10;05:34;Terzolas Revò o 12.15 Terzolas Revò per turni alternati ;"invernale 
da lun a sab 
(sospesa gg chiusura magazzino Melinda)";17,00;20; 152 ;TAXI VIAGGI VALENTINELLI DI VALENTINELLI GIORGIO & C. SNC;GG128PN;21;"
FZ889KY
";24;FJ097PL;21;6290;Terzolas (Bivio paese)       ;  6655ME;Revo'  (Magazzino Melinda)   ;12/09/2022;23/06/2023;;;invernale feriale lu-sa a turni melinda;x;;x;;x;x;x;x;x;x;;;;;;;;;;; € 70,43 ;;;;;;1; € -   ; € -   ;;; € -   ;0;0;0;17;25; 70,43 € ;;;;;;;;;;;;;;;;;;;;;;;;;;
885;;870;637;629;05:10;05:34;Terzolas Revò o 12.20 Terzolas Revò per turni alternati ;estiva da lun a sab (sospesa gg chiusura magazzino Melinda);17,00;20; 67 ;TAXI VIAGGI VALENTINELLI DI VALENTINELLI GIORGIO & C. SNC;GG128PN;21;"
FZ889KY
";24;FJ097PL;21;6290;Terzolas (Bivio paese)       ;  6655ME;Revo'  (Magazzino Melinda)   ;01/01/2022;11/09/2022;24/06/2023;31/08/2023;estiva feriale lu-sa melinda;;x;x;;x;x;x;x;x;x;;;;;;;;;;; € 70,43 ;;;;;;1; € -   ; € -   ;;; € -   ;9;0;0;0;0; 70,43 € ;;;;;;;;;;;;;;;;;;;;;;;;;;
886;;871;637;639;07:10;07:40;Terzolas - Revò turno a giornata  ;estiva da lunedì a venerdì corsa operai (sospesa gg chiusura magazzino Melinda);17,00;20; -   ;TAXI VIAGGI VALENTINELLI DI VALENTINELLI GIORGIO & C. SNC;GG128PN;21;"
FZ889KY
";24;FJ097PL;21;6290;Terzolas (Bivio paese)       ;  6655ME;Revo'  (Magazzino Melinda)   ;01/01/2022;11/09/2022;24/06/2023;31/08/2023;estiva feriale lu-ve melinda;;x;x;;x;x;x;x;x;;;;;;;;;;;; € 70,43 ;;;;;;1; € -   ; € -   ;;;;0;0;0;0;0; 70,43 € ;;;;;;;;;;;;;;;;;;;;;;;;;;
887;;872;637;629;07:00;07:24;Terzolas - Revò turno a giornata     ;"invernale
da lunedì a venerdì (sospesa gg chiusura magazzino Melinda)";17,00;20; 73 ;TAXI VIAGGI VALENTINELLI DI VALENTINELLI GIORGIO & C. SNC;GG128PN;21;"
FZ889KY
";24;FJ097PL;21;6290;Terzolas (Bivio paese)       ;  6655ME;Revo'  (Magazzino Melinda)   ;12/09/2022;23/06/2023;;;invernale feriale lu-ve melinda;x;;x;;x;x;x;x;x;;;;;;;;;;;; € 70,43 ;;;;;;1; € -   ; € -   ;;;;15;21;21;6;0; 70,43 € ;;;;;;;;;;;;;;;;;;;;;;;;;;
888;;873;637;746;12:45;13:00;Revò-Tregiovo;"scolastica 
mar-gio-ven-sab";9,00;8; 138 ;FIABA VIAGGI SNC DI FANTI MILVA;FN293MX;9;FC200RJ;9;;;6655;Revo'                        ;6640;Tregiovo                     ;12/09/2022;09/06/2023;;;scolastica ma, gio, ve, sab;;;;x;;x;;x;x;x;;;;;;;;;;; € 27,00 ;;;;;;1; € -   ; € -   ;;;;11;17;16;12;13; 27,00 € ;;;;;;;;;;;;;;;;;;;;;;;;;;
889;;874;637;742;12:45;13:04;Revò - Terzolas o 20.00 Terzolas - Revò per turni alternati;"invernale 
da lun a sab 
(sospesa gg chiusura magazzino Melinda)";17,00;20; 152 ;TAXI VIAGGI VALENTINELLI DI VALENTINELLI GIORGIO & C. SNC;GG128PN;21;"
FZ889KY
";24;FJ097PL;21;  6655ME;Revo'  (Magazzino Melinda)   ;6290;Terzolas (Bivio paese)       ;12/09/2022;23/06/2023;;;invernale feriale lu-sa a turni melinda;x;;x;;x;x;x;x;x;x;;;;;;;;;;; € 70,43 ;;;;;;1; € -   ; € -   ;;;;0;0;0;17;25; 70,43 € ;;;;;;;;;;;;;;;;;;;;;;;;;;
890;;875;637;748;12:45;13:04;Revò - Terzolas o 20.00 Terzolas - Revò per turni alternati;estiva da lun a sab (sospesa gg chiusura magazzino Melinda);17,00;20; 67 ;TAXI VIAGGI VALENTINELLI DI VALENTINELLI GIORGIO & C. SNC;GG128PN;21;"
FZ889KY
";24;FJ097PL;21;  6655ME;Revo'  (Magazzino Melinda)   ;6290;Terzolas (Bivio paese)       ;01/01/2022;11/09/2022;24/06/2023;31/08/2023;estiva feriale lu-sa melinda;;x;x;;x;x;x;x;x;x;;;;;;;;;;; € 70,43 ;;;;;;1; € -   ; € -   ;;;;9;0;0;0;0; 70,43 € ;;;;;;;;;;;;;;;;;;;;;;;;;;
891;;876;637;738;13:25;13:40;Revò - Tregiovo;"scolastica 
da lunedì a venerdì";9,00;20; 174 ;GENZIANA S.r.l.;GK152EV;23;FX036WC;21;FS248ZL;23;6655;Revo'                        ;6640;Tregiovo                     ;12/09/2022;09/06/2023;;;scolastica lu-ve;;;;x;x;x;x;x;x;;;;;;;;;;;; € 16,20 ;;;;;;1; € 1,80 ; € -   ;;;;15;20;21;15;17; 18,00 € ;;;;;;;;;;;;;;;;;;;;;;;;;;
892;;877;637;748;17:30;17:45;Revò - Tregiovo;"scolastica 
da lunedì a venerdì";9,00;20; 174 ;GENZIANA S.r.l.;GK152EV;23;FS198ZG;23;FX036WC;21;6655;Revo'                        ;6640;Tregiovo                     ;12/09/2022;09/06/2023;;;scolastica lu-ve;;;;x;x;x;x;x;x;;;;;;;;;;;; € 53,22 ;;;;;;1; € -   ; € -   ;;;;15;20;21;15;17; 53,22 € ;;;;;;;;;;;;;;;;;;;;;;;;;;
893;;878;637;751;17:46;18:00;Tregiovo - Revò;"scolastica 
da lunedì a venerdì";9,00;20; 174 ;GENZIANA S.r.l.;GK152EV;23;FX036WC;21;;;6640;Tregiovo                     ;6655;Revo'                        ;12/09/2022;09/06/2023;;;scolastica lu-ve;;;;x;x;x;x;x;x;;;;;;;;;;;; € 16,74 ;;;;;;1; € 1,26 ; € -   ;;;;15;20;21;15;17; 18,00 € ;;;;;;;;;;;;;;;;;;;;;;;;;;
894;;879;637;645;18:05;18:24;Revò - Terzolas turno a giornata ;"feriale 
da lunedì a venerdì corsa operai 
(sospesa gg chiusura magazzino Melinda)";17,00;20; 73 ;TAXI VIAGGI VALENTINELLI DI VALENTINELLI GIORGIO & C. SNC;GG128PN;21;"
FZ889KY
";24;FJ097PL;21;  6655ME;Revo'  (Magazzino Melinda)   ;6290;Terzolas (Bivio paese)       ;01/09/2022;31/08/2023;;;annuale feriale lu-ve a giornata melinda;x;x;x;;x;x;x;x;x;;;;;;;;;;;; € 70,43 ;;;;;;1; € -   ; € -   ;;;;15;21;21;6;0; 70,43 € ;;;;;;;;;;;;;;;;;;;;;;;;;;
895;km corretti da capitolato;880;640;630;14:00;14:35;Malè-Somrabbi;"scolastica 
solo venerdì ";18,50;15; 36 ;TAXI VIAGGI VALENTINELLI DI VALENTINELLI GIORGIO & C. SNC;"
FZ889KY
";24;GG128PN;21;FJ097PL;21;6300;MALE'                        ;6328;SOMRABBI                     ;12/09/2022;09/06/2023;;;scolastica ve;;;;x;;;;;x;;;;;;;;;;;; € 31,50 ;;;;;;1; € 5,50 ; € -   ;;;;3;4;4;3;3; 37,00 € ;;;;;;;;;;;;;;;;;;;;;;;;;;
896;;881;641;385;06:45;07:05;Bolentina - Malè;"scolastica 
solo giorno di sabato";7,50;8; 34 ;TAXI VIAGGI VALENTINELLI DI VALENTINELLI GIORGIO & C. SNC;FB912BJ;9;GG128PN;21;"
FZ889KY
";24;6302;BOLENTINA                    ;6300;MALE'                        ;12/09/2022;09/06/2023;;;scolastica sab;;;;x;;;;;;x;;;;;;;;;;; € 15,00 ;;;;;;1; € -   ; € -   ;;; € 5,00 ;2;5;4;3;3; 20,00 € ;;;;;;;;;;;;;;;;;;;;;;;;;;
897;;882;641;382;12:45;13:00;Malè - Bolentina;"scolastica 
da lunedì a sabato";7,00;8; 208 ;TAXI VIAGGI VALENTINELLI DI VALENTINELLI GIORGIO & C. SNC;FB912BJ;9;GG128PN;21;"
FZ889KY
";24;6300;MALE'                        ;6302;BOLENTINA                    ;12/09/2022;09/06/2023;;;scolastica lu-sa;;;;x;x;x;x;x;x;x;;;;;;;;;;; € 17,74 ;;;;;;1; € -   ; € -   ;;;;17;25;25;18;20; 17,74 € ;;;;;;;;;;;;;;;;;;;;;;;;;;
898;;883;641;383;13:00;13:20;Bolentina - Montes -Malè;"scolastica 
da lunedì a sabato";7,00;8; 208 ;TAXI VIAGGI VALENTINELLI DI VALENTINELLI GIORGIO & C. SNC;FB912BJ;9;GG128PN;21;"
FZ889KY
";24;6302;BOLENTINA                    ;6300;MALE'                        ;12/09/2022;09/06/2023;;;scolastica lu-sa;;;;x;x;x;x;x;x;x;;;;;;;;;;; € 17,74 ;;;;;;1; € -   ; € -   ;;;;17;25;25;18;20; 17,74 € ;;;;;;;;;;;;;;;;;;;;;;;;;;
899;;884;642;349;06:20;07:00;6.20 S.Antonio di Mavignola-Campiglio-Dimaro;"scolastica 
da lunedì a sabato";25,00;19; 208 ;BUCELLA IVANO ;FR770WP;23;FR346WN;9;FW902WP;8;2470;S.Antonio di Mavignola       ;  6340ST;DIMARO (Staz. FTM)           ;12/09/2022;09/06/2023;;;scolastica lu-sa;;;;x;x;x;x;x;x;x;;;;;;;;;;; € 75,00 ;;;;;;1; € -   ; € -   ;;; € -   ;17;25;25;18;20; 75,00 € ;;;;;;;;;;;;;;;;;;;;;;;;;;
900;;885;642;348;14:02;14:42;Dimaro staz.FTM-Campiglio-S.A.Mavignola;"scolastica 
da lunedì a venerdì";25,00;19; 174 ;VIAGGI CORNELIO DI FLESSATI NICOLA E C. S.N.C.;GH106PC;21;FF891CS;17;;;  6340ST;DIMARO (Staz. FTM)           ;  2470RR;S.Antonio di Mavignola;12/09/2022;09/06/2023;;;scolastica lu-ve;;;;x;x;x;x;x;x;;;;;;;;;;;; € 75,00 ;;;;;;1; € -   ; € -   ;;;;15;20;21;15;17; 75,00 € ;;;;;;;;;;;;;;;;;;;;;;;;;;
901;;886;643;395;06:35;06:52;Marilleva 1400 - Marilleva 900;"scolastica 
da lunedì a sabato";9,50;8; 208 ;"BIANCANEVE VIAGGI DI
 DALLATORRE MARCO";FZ783BE;8;GC751CS;5;;;  6382SO;MARILLEVA 1400               ;6381;Marilleva 900                ;12/09/2022;09/06/2023;;;scolastica lu-sa;;;;x;x;x;x;x;x;x;;;;;;;;;;; € 31,95 ;;;;;;1; € -   ; € -   ;;; € -   ;17;25;25;18;20; 31,95 € ;;;;;;;;;;;;;;;;;;;;;;;;;;
902;;887;643;390;08:50;09:35;Malè-Marrilleva 1400;"Estiva
lunedì-sabato";22,00;20; 67 ;TONALE VIAGGI DI PANIZZA CLAUDIO ;FW832WP;24;EC937AD;20;;;6300;MALE'                        ;  6382SS;MARILLEVA 1400 Solaria       ;01/01/2022;11/09/2022;24/06/2023;31/08/2023;estiva feriale lu-sa;;x;x;;x;x;x;x;x;x;;;;;;;;;;; € 66,00 ;;;;;;1; € -   ; € -   ;;;;9;0;0;0;0; 66,00 € ;estiva feriale lu, ma, me, ve;;;;;;;;;0;; 44,70 € ;;;;;;;;;;;;;;
903;;888;643;391;10:08;10:53;Marilleva 1400 - Malè;"Estiva
lunedì-sabato";22,00;20; 67 ;TONALE VIAGGI DI PANIZZA CLAUDIO ;FW832WP;24;EC937AD;20;;;  6382SS;MARILLEVA 1400 Solaria       ;6300;MALE'                        ;01/01/2022;11/09/2022;24/06/2023;31/08/2023;estiva feriale lu-sa;;x;x;;x;x;x;x;x;x;;;;;;;;;;; € 66,00 ;;;;;;1; € -   ; € -   ;;;;9;0;0;0;0; 66,00 € ;estiva feriale sab;;;;;;;;;0;; 89,10 € ;;;;;;;;;;;;;;
904;;889;644;311;06:25;06:43;Menas - Pellizzano;"scolastica 
da lunedì a sabato";9,00;16; 208 ;TAXI-MINIBUS-AUTOBUS PANIZZA S.A.S. DI ZENDELI ILIR ;GA903ER;17;GA900ER;17;GA902ER;23;6391;MENAS                        ;6386;PELLIZZANO                   ;12/09/2022;09/06/2023;;;scolastica lu-sa;;;;x;x;x;x;x;x;x;;;;;;;;;;; € 47,00 ;;;;;13;1; € -   ; € -   ;;; € -   ;17;25;25;18;20; 47,00 € ;mensile;1;;1;;1;;1;;1;; 1.049,96 € ;;;;;;;;;;;;;;
905;;890;644;370;08:20;08:38;Pellizzano-Menas;estiva dal lunedì al venerdì feriale;8;19; 55 ;TAXI-MINIBUS-AUTOBUS PANIZZA S.A.S. DI ZENDELI ILIR ;GA903ER;17;GA900ER;17;;;6386;PELLIZZANO                   ;6391;MENAS                        ;01/01/2022;11/09/2022;24/06/2023;31/08/2023;estiva feriale lu-ve;;x;x;;x;x;x;x;x;;;;;;;;;;;;; € 30,15 ;;;;;1;;; € -   ; € -   ;;7;0;0;0;0; 30,15 € ;;;;;;;;;;;;;;;;;;;;;;;;;;
906;;891;644;371;08:43;09:01;Menas-Pellizzano;estiva dal lunedì al venerdì feriale;8;19; 55 ;TAXI-MINIBUS-AUTOBUS PANIZZA S.A.S. DI ZENDELI ILIR ;GA903ER;17;GA900ER;17;;;6391;MENAS                        ;6386;PELLIZZANO                   ;01/01/2022;11/09/2022;24/06/2023;31/08/2023;estiva feriale lu-ve;;x;x;;x;x;x;x;x;;;;;;;;;;;;; € 30,15 ;;;;;1;;; € -   ; € -   ;;7;0;0;0;0; 30,15 € ;;;;;;;;;;;;;;;;;;;;;;;;;;
907;;892;644;374;11:05;11:23;Pellizzano-Castello-Menas;"Feriale invernale
giovedì";8,20;15; 39 ;TAXI-MINIBUS-AUTOBUS PANIZZA S.A.S. DI ZENDELI ILIR ;ER747KZ;9;ER506KZ;9;GA902ER;23;6386;PELLIZZANO                   ;6391;MENAS                        ;12/09/2022;23/06/2023;;;invernale feriale gio;x;;x;;;;;x;;;;;;;;;;;;; € 18,60 ;;;;;14;1; € -   ; € -   ;;;;3;4;4;4;4; 18,60 € ;;;;;;;;;;;;;;;;;;;;;;;;;;
908;;893;644;372;11:20;11:38;Pellizzano-Menas;"estiva feriale 
solo giorno di giovedì";8;19; 11 ;TONALE VIAGGI DI PANIZZA CLAUDIO ;FW832WP;24;EC937AD;20;;;6386;PELLIZZANO                   ;6391;MENAS                        ;01/01/2022;11/09/2022;24/06/2023;31/08/2023;estiva feriale gio;;x;x;;;;;x;;;;;;;;;;;;;; € 15,20 ;;;;;1;;; € 0,80 ; € -   ;;2;0;0;0;0; 16,00 € ;estiva feriale gio;;;;;;;;;0;; 14,30 € ;;;;;;;;;;;;;;
909;;894;644;375;11:23;11:41;Menas-Castello-Pellizzano;"Feriale invernale
giovedì";8,20;15; 39 ;TAXI-MINIBUS-AUTOBUS PANIZZA S.A.S. DI ZENDELI ILIR ;ER747KZ;9;ER506KZ;9;GA902ER;23;6391;MENAS                        ;6386;PELLIZZANO                   ;12/09/2022;23/06/2023;;;invernale feriale gio;x;;x;;;;;x;;;;;;;;;;;;; € 18,60 ;;;;;15;1; € -   ; € -   ;;;;3;4;4;4;4; 18,60 € ;;;;;;;;;;;;;;;;;;;;;;;;;;
910;;895;644;373;11:43;12:01;Menas-Pellizzano;"estiva feriale 
solo giorno di giovedì";8;19; 11 ;TONALE VIAGGI DI PANIZZA CLAUDIO ;FW832WP;24;EC937AD;20;;;6391;MENAS                        ;6386;PELLIZZANO                   ;01/01/2022;11/09/2022;24/06/2023;31/08/2023;estiva feriale gio;;x;x;;;;;x;;;;;;;;;;;;;; € 15,20 ;;;;;1;;; € 0,80 ; € -   ;;2;0;0;0;0; 16,00 € ;;;;;;;;;;;;;;;;;;;;;;;;;;
911;;896;644;374;12:20;12:38;Pellizzano-Menas;"Estiva
lunedì-venerdì";8;19; 55 ;TONALE VIAGGI DI PANIZZA CLAUDIO ;FW832WP;24;EC937AD;20;;;6386;PELLIZZANO                   ;6391;MENAS                        ;01/01/2022;11/09/2022;24/06/2023;31/08/2023;estiva feriale lu-ve;;x;x;;x;x;x;x;x;;;;;;;;;;;;; € 15,20 ;;;;;1;;; € 0,80 ; € -   ;;7;0;0;0;0; 16,00 € ;;;;;;;;;;;;;;;;;;;;;;;;;;
912;;897;644;375;12:43;13:01;Menas-Pellizzano;"Estiva
lunedì-venerdì";8;19; 55 ;TONALE VIAGGI DI PANIZZA CLAUDIO ;FW832WP;24;EC937AD;20;;;6391;MENAS                        ;6386;PELLIZZANO                   ;01/01/2022;11/09/2022;24/06/2023;31/08/2023;estiva feriale lu-ve;;x;x;;x;x;x;x;x;;;;;;;;;;;;; € 15,20 ;;;;;1;;; € 0,80 ; € -   ;;7;0;0;0;0; 16,00 € ;;;;;;;;;;;;;;;;;;;;;;;;;;
913;;898;644;378;13:55;14:13;Pellizzano-Claiano bv.-Menas;"invernale
da lunedì a venerdì";8,00;15; 202 ;TAXI-MINIBUS-AUTOBUS PANIZZA S.A.S. DI ZENDELI ILIR ;GA903ER;17;GA900ER;17;;;6386;PELLIZZANO                   ;6391;MENAS                        ;12/09/2022;23/06/2023;;;invernale feriale lu-ve;x;;x;;x;x;x;x;x;;;;;;;;;;;; € 15,45 ;;;;;16;1;;;;;;15;21;21;20;21; 15,45 € ;;;;;;;;;;;;;;;;;;;;;;;;;;
914;;899;644;660;18:20;18:36;Claiano bv-Ortisè-Menas;"scolastica
lun+merc+giov+ven";6,50;9; 140 ;TAXI-MINIBUS-AUTOBUS PANIZZA S.A.S. DI ZENDELI ILIR ;GA903ER;17;GA900ER;17;;;6387;Claiano Bivio                ;6391;MENAS                        ;12/09/2022;09/06/2023;;;scolastica lu, me, gio, ve;;;;x;x;;x;x;x;;;;;;;;;;;; € 31,28 ;;;;;17;1; € -   ; € -   ;;;;12;16;17;12;13; 31,28 € ;;;;;;;;;;;;;;;;;;;;;;;;;;
915;;900;645;784;06:20;06:25;Celentino Bivio - Strombiano - Celentino Paese;"scolastica 
 sabato";2,50;8; 34 ;PATERNOSTER LORENZO;GH464KX;9;FL803HC;8;;;6402;Celentino Bivio              ;  6402PA;Celentino paese              ;12/09/2022;09/06/2023;;;scolastica sab;;;;x;;;;;;x;;;;;;;;;;; € 8,20 ;;;;;;1; € -   ; € -   ;;; € 11,80 ;2;5;4;3;3; 20,00 € ;;;;;;;;;;;;;;;;;;;;;;;;;;
916;;901;645;639;06:26;06:30;Celentino paese - Celentino Bivio;"scolastica 
 sabato";2,50;8; 34 ;PATERNOSTER LORENZO;GH464KX;9;FL803HC;8;;;  6402PA;Celentino paese              ;6402;Celentino Bivio              ;12/09/2022;09/06/2023;;;scolastica sab;;;;x;;;;;;x;;;;;;;;;;; € 8,20 ;;;;;;1; € -   ; € -   ;;; € 11,80 ;2;5;4;3;3; 20,00 € ;;;;;;;;;;;;;;;;;;;;;;;;;;
917;;902;645;784;06:30;06:35;Celentino Bivio - Strombiano - Celentino Paese;"scolastica 
da lunedì a venerdì";2,50;8; 174 ;PATERNOSTER LORENZO;GH464KX;9;FL803HC;8;;;6402;Celentino Bivio              ;  6402PA;Celentino paese              ;12/09/2022;09/06/2023;;;scolastica lu-ve;;;;x;x;x;x;x;x;;;;;;;;;;;; € 8,20 ;;;;;;1; € -   ; € -   ;;; € 11,80 ;15;20;21;15;17; 20,00 € ;;;;;;;;;;;;;;;;;;;;;;;;;;
918;;903;645;639;06:35;06:40;Celentino paese - Celentino Bivio;"scolastica 
da lunedì a venerdì";2,50;8; 174 ;PATERNOSTER LORENZO;GH464KX;9;FL803HC;8;;;  6402PA;Celentino paese              ;6402;Celentino Bivio              ;12/09/2022;09/06/2023;;;scolastica lu-ve;;;;x;x;x;x;x;x;;;;;;;;;;;; € 8,20 ;;;;;;1; € -   ; € -   ;;; € 11,80 ;15;20;21;15;17; 20,00 € ;;;;;;;;;;;;;;;;;;;;;;;;;;
919;;904;645;639;06:35;06:38;Strombiano- Celentino Bivio;"scolastica 
 sabato";1,50;8; 34 ;PATERNOSTER LORENZO;GH464KX;9;FL803HC;8;;;  6402ST;Strombiano                   ;6402;Celentino Bivio              ;12/09/2022;09/06/2023;;;scolastica sab;;;;x;;;;;;x;;;;;;;;;;; € 10,00 ;;;;;;1; € -   ; € -   ;;; € 10,00 ;2;5;4;3;3; 20,00 € ;;;;;;;;;;;;;;;;;;;;;;;;;;
920;;905;645;418;06:55;06:58;Deggiano-Mastellina FTM;"scolastica 
da lunedì a sabato";2,00;9; 208 ;VIAGGI CORNELIO DI FLESSATI NICOLA E C. S.N.C.;EN920NH;9;FF891CS;17;FL934HC;7;  6350DP;Deggiano Paese               ;6350;Mastellina   Staz. FTM                ;12/09/2022;09/06/2023;;;scolastica lu-sa;;;;x;x;x;x;x;x;x;;;;;;;;;;; € 10,00 ;;;;;;1; € -   ; € -   ;;; € 10,00 ;17;25;25;18;20; 20,00 € ;;;;;;;;;;;;;;;;;;;;;;;;;;
921;;906;645;43;08:40;08:50;Cavizzana - Malè;"estiva
2° e 4° mercoledì feriale";6,00;23; 4 ;TAXI VIAGGI VALENTINELLI DI VALENTINELLI GIORGIO & C. SNC;"
FZ889KY
";24;FJ097PL;21;;;6270TM;Cavizzana;6300;MALE'                        ;01/01/2022;11/09/2022;24/06/2023;31/08/2023;estiva feriale me (solo 2° e 4° mese);;x;x;;;;x;;;;;;;;;;;;;; € 18,00 ;;;;;;1; € -   ; € -   ;;;;0;0;0;0;0; 18,00 € ;;;;;;;;;;;;;;;;;;;;;;;;;;
922;;907;645;739;08:40;09:00;Comasine - Cogolo;"feriale 
solo martedì e venerdì";9,00;19; 104 ;PATERNOSTER LORENZO;FS184ZG;23;EL182VV;21;;;  6403PA;Comasine paese               ;6405;COGOLO                       ;01/09/2022;31/08/2023;;;annuale feriale ma, ve;x;x;x;;;x;;;x;;;;;;;;;;;; € 50,17 ;;;;;;1; € -   ; € -   ;;;;9;8;8;9;8; 50,17 € ;;;;;;;;;;;;;;;;;;;;;;;;;;
923;;908;645;741;11:00;11:20;Cogolo - Celentino paese;"feriale 
solo martedì e venerdì";9,00;19; 104 ;PATERNOSTER LORENZO;FS184ZG;23;EL182VV;21;;;6405;COGOLO                       ;  6402PA;Celentino paese              ;01/09/2022;31/08/2023;;;annuale feriale ma, ve;x;x;x;;;x;;;x;;;;;;;;;;;; € 50,17 ;;;;;;1; € -   ; € -   ;;;;9;8;8;9;8; 50,17 € ;;;;;;;;;;;;;;;;;;;;;;;;;;
924;;909;645;44;12:20;12:30;Malè - Cavizzana;"estiva
2° e 4° mercoledì feriale";6,00;23; 4 ;TAXI VIAGGI VALENTINELLI DI VALENTINELLI GIORGIO & C. SNC;"
FZ889KY
";24;FJ097PL;21;;;6300;MALE'                        ;6270TM;Cavizzana;01/01/2022;11/09/2022;24/06/2023;31/08/2023;estiva feriale me (solo 2° e 4° mese);;x;x;;;;x;;;;;;;;;;;;;; € 18,00 ;;;;;;1; € -   ; € -   ;;;;0;0;0;0;0; 18,00 € ;;;;;;;;;;;;;;;;;;;;;;;;;;
925;;910;645;786;13:06;13:08;Comasine bv-Comasine paese-Comasine bv;"scolastica 
da lunedì a sabato";3,00;19; 208 ;PATERNOSTER LORENZO;EL182VV GH464KX (9);21;FS184ZG  FL803HC (9);23;;;6403;Comasine bivio               ;6403;Comasine bivio               ;12/09/2022;09/06/2023;;;scolastica lu-sa;;;;x;x;x;x;x;x;x;;;;;;;;;;; € 9,00 ;;;;;;1; € -   ; € -   ;;;;17;25;25;18;20; 9,00 € ;;;;;;;;;;;;;;;;;;;;;;;;;;
926;;911;645;786;13:08;13:16;Comasine bv.-Strombiano-Celentino;"scolastica
solo mart-merc-ven";3,10;15; 107 ;PATERNOSTER LORENZO;EL182VV;21;FS184ZG;23;GH464KX;9;6403;Comasine bivio               ;  6402PA;Celentino paese              ;12/09/2022;09/06/2023;;;scolastica ma, me, ve;;;;x;;x;x;;x;;;;;;;;;;;; € 5,58 ;;;;;;1; € 0,62 ; € -   ;;;;9;12;13;9;10; 6,20 € ;;;;;;;;;;;;;;;;;;;;;;;;;;
927;;912;645;682;13:18;14:22;Cles-Mezzana-Fucine-Peio;"scolastica 
da lunedì a venerdì";44,70;54; 174 ;PATERNOSTER LORENZO;EV696LA;61;GE374VX;45;FE599HG (Viaggi Cicolini);58;  6220MS;Cles - Negozio Mascotti      ;6407;PEIO                         ;12/09/2022;09/06/2023;;;scolastica lu-ve;;;;x;x;x;x;x;x;;;;;;;;;;;; € 134,10 ;;;;;;2; € -   ; € -   ;;;;15;20;21;15;17; 134,10 € ;;;;;;;;;;;;;;;;;;;;;;;;;;
928;;913;645;314;18:19;18:43;Fucine - Pejo;"invernale
lunedì-sabato";12,40;16; 240 ;VIAGGI CORNELIO DI FLESSATI NICOLA E C. S.N.C.;FF891CS;17;GH106PC;21;;;6401;FUCINE                       ;6407;PEIO                         ;12/09/2022;23/06/2023;;;invernale feriale lu-sa;x;;x;;x;x;x;x;x;x;;;;;;;;;;; € 31,00 ;;;;;;1; € -   ; € -   ;;;;17;26;25;25;25; 31,00 € ;;;;;;;;;;;;;;;;;;;;;;;;;;
929;;914;645;312;18:55;19:33;Mezzana FTM - Pejo;"Estiva
lunedì-sabato";19,00;19; 67 ;TONALE VIAGGI DI PANIZZA CLAUDIO ;FW832WP;24;EC937AD;20;;;  6380MT;Mezzana (staz FTM)           ;6407;PEIO                         ;01/01/2022;11/09/2022;24/06/2023;31/08/2023;estiva feriale lu-sa;;x;x;;x;x;x;x;x;x;;;;;;;;;;;; € 36,10 ;;;;;1;;; € 1,90 ; € -   ;;9;0;0;0;0; 38,00 € ;;;;;;;;;;;;;;;;;;;;;;;;;;
930;;915;645;418;19:10;19:59;Malè-Cogolo;"invernale
lunedì-sabato";25,70;15; 240 ;TONALE VIAGGI DI PANIZZA CLAUDIO ;EC937AD;20;FR853MY;56;EC937AD;20;6300;MALE'                        ;6405;COGOLO                       ;12/09/2022;23/06/2023;;;invernale feriale lu-sa;x;;x;;x;x;x;x;x;x;;;;;;;;;;; € 64,25 ;;;;;;1; € -   ; € -   ;;;;17;26;25;25;25; 64,25 € ;invernale feriale sab;;;;;;;;;4;; 215,75 € ;;;;;;;;;;;;;;
931;;916;645;419;19:40;20:04;Pejo - Fucine;"Estiva
lunedì-sabato";12,00;19; 67 ;TONALE VIAGGI DI PANIZZA CLAUDIO ;FW832WP;24;EC937AD;20;;;6407;PEIO                         ;6401;FUCINE                       ;01/01/2022;11/09/2022;24/06/2023;31/08/2023;estiva feriale lu-sa;;x;x;;x;x;x;x;x;x;;;;;;;;;;;; € 22,80 ;;;;;1;;; € 1,20 ; € -   ;;9;0;0;0;0; 24,00 € ;invernale feriale no scol lu-ve;;;;;;;;;4;; 201,75 € ;;;;;;;;;;;;;;
932;;917;646;653;06:10;06:25;Passo Tonale - Stavel - Vermiglio;"scolastica 
da lunedì a sabato";14,00;16; 208 ;TAXI-MINIBUS-AUTOBUS PANIZZA S.A.S. DI ZENDELI ILIR ;GA903ER;17;GA900ER;17;GA902ER;23;6410;PASSO TONALE                 ;6408;VERMIGLIO                    ;12/09/2022;09/06/2023;;;scolastica lu-sa;;;;x;x;x;x;x;x;x;;;;;;;;;;; € 47,00 ;;;;;18;1; € -   ; € -   ;;; € -   ;17;25;25;18;20; 47,00 € ;;;;;;;;;;;;;;;;;;;;;;;;;;
933;;918;646;682;14:10;14:31;Vermiglio-Stavel-Vallon-Passo Tonale;"scolastica 
da lunedì a venerdì";15,00;16; 174 ;TAXI-MINIBUS-AUTOBUS PANIZZA S.A.S. DI ZENDELI ILIR ;ER747KZ;9;GA900ER;17;ER506KZ;9;  6408NO;Vermiglio nord               ;6410;PASSO TONALE                 ;12/09/2022;09/06/2023;;;scolastica lu-ve;;;;x;x;x;x;x;x;;;;;;;;;;;; € 45,00 ;;;;;19;1; € -   ; € -   ;;;;15;20;21;15;17; 45,00 € ;;;;;;;;;;;;;;;;;;;;;;;;;;
934;;919;646;445;14:35;14:56;Passo Tonale - Vermiglio ;"scolastica 
da lunedì a venerdì";11,00;16; 174 ;TAXI-MINIBUS-AUTOBUS PANIZZA S.A.S. DI ZENDELI ILIR ;ER747KZ;9;GA900ER;17;ER506KZ;9;6410;PASSO TONALE                 ;6408;VERMIGLIO                    ;12/09/2022;09/06/2023;;;scolastica lu-ve;;;;x;x;x;x;x;x;;;;;;;;;;;; € 33,00 ;;;;;20;1; € -   ; € -   ;;;;15;20;21;15;17; 33,00 € ;;;;;;;;;;;;;;;;;;;;;;;;;;
935;;920;646;655;15:22;16:23;Passo Tonale - Vermiglio - Fucine -Pellizzano - Mezzana -  Dimaro ;"scolastica 
da lunedì a venerdì";27,00;16; 174 ;TAXI-MINIBUS-AUTOBUS PANIZZA S.A.S. DI ZENDELI ILIR ;ER747KZ;9;GA900ER;17;;;6410;PASSO TONALE                 ;  6340PT;DIMARO (Ponte)               ;12/09/2022;09/06/2023;;;scolastica lu-ve;;;;x;x;x;x;x;x;;;;;;;;;;;; € 130,35 ;;;;;21;1; € -   ; € -   ;;;;15;20;21;15;17; 130,35 € ;;;;;;;;;;;;;;;;;;;;;;;;;;
936;;921;646;650;16:05;16:35;Cusiano - Passo Tonale;"scolastica 
da lunedì a giovedì";17,00;15; 137 ;TAXI-MINIBUS-AUTOBUS PANIZZA S.A.S. DI ZENDELI ILIR ;GA903ER;17;GA900ER;17;;;6395;Cusiano                      ;6410;PASSO TONALE                 ;12/09/2022;09/06/2023;;;scolastica lu, ma, me, gio;;;;x;x;x;x;x;;;;;;;;;;;;; € 51,52 ;;;;;22;1; € -   ; € -   ;;;;12;16;17;12;14; 51,52 € ;;;;;;;;;;;;;;;;;;;;;;;;;;
937;;922;646;319;17:35;17:57;"Vermiglio - Mezzana
(periodo NON di intensificazione: fino al 7/12 e dopo Pasqua circa)";"invernale
lunedì-sabato";11,50;16; 240 ;VIAGGI CORNELIO DI FLESSATI NICOLA E C. S.N.C.;FF891CS;17;GH106PC;21;;;  6408NO;Vermiglio nord               ;  6380MT;Mezzana (staz FTM)           ;12/09/2022;07/12/2022;20/03/2023;23/06/2023;invernale feriale lu-sa (eccetto intensificazione linea 646);x;;x;;x;x;x;x;x;x;;;;;;;;;;; € 28,75 ;;;;;;1; € -   ; € -   ;;;;17;26;25;6;0; 28,75 € ;;;;;;;;;;;;;;;;;;;;;;;;;;
938;;923;646;406;17:40;19:05;Ponte di Legno - Fucine - Malè;"scolastica 
da lunedì a venerdì";43,00;19; 174 ;TONALE VIAGGI DI PANIZZA CLAUDIO ;FW832WP;24;FR853MY;56;EC937AD;20;46.25536943397489, 10.509713206468964;Ponte di Legno - P.le Cida ;6300;MALE'                        ;12/09/2022;09/06/2023;;;scolastica lu-ve;;;;x;x;x;x;x;x;;;;;;;;;;;; € 135,59 ;;;;;;1; € -   ; € -   ;;;;15;20;21;15;17; 135,59 € ;scolastica ma, me, gio, ve;;;;;;;;;13;; 66,16 € ;;;;;;;;;;;;;;
939;frequenza corretta da capitolato;924;646;319;17:45;17:57;"Fucine - Mezzana
(periodo di intensificazione: dal 8/12 a Pasqua circa)";invernale lunedì-venerdì;6,00;16; 225 ;VIAGGI CORNELIO DI FLESSATI NICOLA E C. S.N.C.;FF891CS;17;GH106PC;21;;;6401;FUCINE                       ;  6380MT;Mezzana (staz FTM)           ;08/12/2022;19/03/2023;;;invernale feriale lu-ve (in intensificazione linea 646);x;;x;;x;x;x;x;x;;;;;;;;;;;; € 28,75 ;;;;;;1; € -   ; € -   ;;;;0;0;0;15;21; 28,75 € ;;;;;;;;;;;;;;;;;;;;;;;;;;
940;;925;646;314;18:27;18:55;Vermiglio-Stavel-Vallon-Passo Tonale;"scolastica 
mart+merc+giov+ven";15,00;16; 141 ;TAXI-MINIBUS-AUTOBUS PANIZZA S.A.S. DI ZENDELI ILIR ;ER747KZ;9;ER506KZ;9;;;  6408NO;Vermiglio nord               ;6410;PASSO TONALE                 ;12/09/2022;09/06/2023;;;scolastica ma, me, gio, ve;;;;x;;x;x;x;x;;;;;;;;;;;; € 45,00 ;;;;;23;1; € -   ; € -   ;;;;12;16;17;12;13; 45,00 € ;;;;;;;;;;;;;;;;;;;;;;;;;;
941;;926;646;314;18:38;18:46;Fucine - Vermiglio;"invernale festivo 
no durante intensificazione: Ponte Immacolata-1° decade aprile)";7,00;8; 30 ;TONALE VIAGGI DI PANIZZA CLAUDIO ;FW832WP;24;FR853MY;56;EC937AD;20;6401;FUCINE                       ;  6408NO;Vermiglio nord               ;12/09/2022;07/12/2022;20/03/2023;23/06/2023;invernale festivo (eccetto intensificazione linea 646);x;;;;;;;;;;x;;;;;;;;;; € 27,46 ;;;;;;1; € -   ; € -   ;;;;2;5;5;1;0; 27,46 € ;invernale festivo (eccetto intensificazione linea 646);;;;;;;;;0;; 272,54 € ;;;;;;;;;;;;;;
942;;927;646;418;19:49;19:57;Fucine - Vermiglio;"invernale
lunedì-sabato";4,50;16; 240 ;VIAGGI CORNELIO DI FLESSATI NICOLA E C. S.N.C.;FF891CS;17;GH106PC;21;;;6401;FUCINE                       ;  6408NO;Vermiglio nord               ;12/09/2022;23/06/2023;;;invernale feriale lu-sa;x;;x;;x;x;x;x;x;x;;;;;;;;;;; € 11,25 ;;;;;;1; € -   ; € -   ;;;;17;26;25;25;25; 11,25 € ;;;;;;;;;;;;;;;;;;;;;;;;;;
943;;928;401;124;07:16;07:52;"Calceranica-Caldonazzo-Levico-Borgo
(C.sa bis sostitutiva treno)";"scolastica 
da lunedì a sabato";22,50;50; 208 ;AUTONOLEGGI PEGORARO S.N.C. di PEGORARO LUCIANO & C.;FN678GD;57;GA840ER;55;;;4260Z936W929:Z944X952W941:Z944W626:Z944;Calceranica al Lago          ;4400;BORGO V.(C.Intermodale)      ;12/09/2022;09/06/2023;;;scolastica lu-sa;;;;x;x;x;x;x;x;x;;;;;;;;;;; € 182,50 ;;;;;;2; € -   ; € -   ;;;;17;25;25;18;20; 182,50 € ;;;;;;;;;;;;;;;;;;;;;;;;;;
944;NUOVA PREV. N. 02/2022;extra;645;307;06:48;06:55;Loc. Roncio - Mezzana FTM;"scolastica 
da lunedì a sabato";2,80;8; 208 ;VIAGGI CORNELIO DI FLESSATI NICOLA E C. S.N.C.;FL934HC;7;EN920NH;9;;;  6380RO;  Località Roncio               ;6380TM;MEZZANA FTM                  ;12/09/2022;09/06/2023;;;scolastica lu-sa;;;;x;x;x;x;x;x;x;;;;;;;;;;;;; € 22,73 ;;;;1;;;;;;17;25;25;18;20; 22,73 € ;;;;;;;;;;;;;;;;;;;;;;;;;;
945;NUOVA PREV. N. 03/2022;extra;101;57;17:00;19:00;Pozza di Fassa - Trento Autost.;scolastica di venerdì a settimane alterne;92,00;19; 18 ;DOLOMITI RENT A CAR S.N.C. DI ROMOR MARSHA & C.;FE926YK;21;FT217LV;24;;;1300IA;Pozza di Fassa-Istituto Arte  ;1;TRENTO Autostaz.              ;12/09/2022;09/06/2023;;;scolastica ve a settimane alterne;;;;x;;;;;x;;;;;;;;;;;;;; € 276,00 ;;;;1;;;;;;1;2;2;2;2; 276,00 € ;;;;;;;;;;;;;;;;;;;;;;;;;;
946;NUOVA PREV. N. 03/2022;extra;101;57;17:00;19:00;Pozza di Fassa - Trento Autost.;scolastica di venerdì a settimane alterne;92,00;19; 18 ;VIAGGI VALFASSA S.R.L.;FR797WP;21;FR796WP;23;FR320WN;16;1300IA;Pozza di Fassa-Istituto Arte  ;1;TRENTO Autostaz.              ;12/09/2022;09/06/2023;;;scolastica ve a settimane alterne;;;;x;;;;;x;;;;;;;;;;;;;; € 276,00 ;;;;1;;;;;;1;2;2;2;1; 276,00 € ;;;;;;;;;;;;;;;;;;;;;;;;;;
947;NUOVA PREV. N. 03/2022;extra;101;50;18:18;20:18;Trento Autost. - Pozza di Fassa;festivi esclusi precedenti a vacanza scol a settimane alterne;92,00;19; 18 ;DOLOMITI RENT A CAR S.N.C. DI ROMOR MARSHA & C.;FE926YK;21;FT217LV;24;;;1;TRENTO Autostaz.              ;1300UP;POZZA DI FASSA ;12/09/2022;09/06/2023;;;scolastica festiva a settimane alterne;;;;x;;;;;;;x;;;;;;;;;;;; € 276,00 ;;;;1;;;;;;1;2;2;2;2; 276,00 € ;;;;;;;;;;;;;;;;;;;;;;;;;;
948;NUOVA PREV. N. 03/2022;extra;101;50;18:18;20:18;Trento Autost. - Pozza di Fassa;festivi esclusi precedenti a vacanza scol a settimane alterne;92,00;19; 18 ;VIAGGI VALFASSA S.R.L.;FR797WP;21;FR796WP;23;FR320WN;16;1;TRENTO Autostaz.              ;1300UP;POZZA DI FASSA ;12/09/2022;09/06/2023;;;scolastica festiva a settimane alterne;;;;x;;;;;;;x;;;;;;;;;;;; € 276,00 ;;;;1;;;;;;1;2;3;1;2; 276,00 € ;;;;;;;;;;;;;;;;;;;;;;;;;;
949;dal 12/09/2022 prolungamento corsa riga 773;extra;620;230;06:14;06:58;Lover - Dercolo prolungamento corsa Dercolo - Cles;"scolastica 
da lunedì a venerdì";3,60;19; 174 ;FABIO VIAGGI SRL;FZ894BE;23;FZ901BE;21;;;6144;Lover                        ;6146;Dercolo (Bivio)              ;12/09/2022;09/06/2023;;;scolastica lu-ve;;;;x;x;x;x;x;x;;;;;;;;;;;;;; € 10,80 ;;;;1;;;;;;0;0;56;15;17; 10,80 € ;;;;;;;;;;;;;;;;;;;;;;;;;;
950;dal 12/09/2022 al 30/09/2022;extra;211;8;06:28;06:50;Prolungamento Fiavè loc. Curè - Favrio-Cornelle-Fiavè;"scolastica 
da lunedì a venerdì";1,3;20; 15 ;FRUNER VIAGGI IN EUROPA DI FRUNER TATIANA E SIMONE FRUNER SAS;FW720WP;23;FW184AM;9;;;  2185CU;Fiave' Curè                  ;  2185CN;Cornelle                     ;12/09/2022;30/09/2022;;;scolastica lu-ve;;;;x;x;x;x;x;x;;;;;;;;;;;;;; € 3,90 ;;;;1;;;;;;15;0;0;0;0; 3,90 € ;;;;;;;;;;;;;;;;;;;;;;;;;;
951;dal 12/09/2022 inserimento loc. Rocca come all'andata;extra;336;794;14:10;14:30;Ala F.S. - Ronchi di Ala prolungamento per fermata loc. Rocca;"scolastica 
da lunedì a sabato";1,80;8; 208 ;PEDRINOLLA FABRIZIO;FT944AZ;9;GA991ZZ;9;FW865WP;9;  3346FS;ALA (Staz. FS)               ;  3337PO;Ponzolotti                   ;12/09/2022;09/06/2023;;;scolastica lu-sa;;;;x;x;x;x;x;x;x;;;;;;;;;;;;; € 5,40 ;;;;1;;;;;;17;25;25;18;20; 5,40 € ;;;;;;;;;;;;;;;;;;;;;;;;;;
952;dal 12/09/2022 partenza da Storo SP69;extra;215;127;06:51;07:00;Prolungamento Storo Sp.69 (km 2) - Ca' Rossa;"scolastica 
da lunedì a venerdì";3,2;50; 174 ;AUTONOLEGGI FILIPPI S.R.L. UNIPERSONALE;FF887CS;57;FT942AZ (Tn Service);60;GK228BZ (TN Service);57;2313RR;SP 69;  2313RR;Ca' Rossa;12/09/2022;09/06/2023;;;scolastica lu-ve;;;;x;x;x;x;x;x;;;;;;;;;;;;;; € 9,60 ;;;;2;;;;;;15;20;21;15;17; 9,60 € ;;;;;;;;;;;;;;;;;;;;;;;;;;
953;dal 26/09/2022 era solo mar+mer;extra;102;145;14:11;14:28;Capriana-Grauno;Scolastica lun+gio+ven;8,00;9; 97 ;AUTONOLEGGIO DI GUADAGNINI FERDINANDO E ZAMPIERI DAVID S.N.C.;ER906KZ;9;FY974HP;9;;;1084;CAPRIANA;1082;  GRAUNO                        ;26/09/2022;09/06/2023;;;scolastica lu, gio, ve;;;;x;x;;;x;x;;;;;;;;;;;;;; € 45,00 ;;;;1;;;;;;3;12;12;9;10; 45,00 € ;;;;;;;;;;;;;;;;;;;;;;;;;;
954;dal 27/09/2022 prolungamento sostituito il 02/11;extra;625;581;07:09;07:12;Tres (Predaia)-via Predaia inc. v. Tavana;"scolastica 
da lunedì a venerdì";1,00;36; 35 ;TAXI VIAGGI VALENTINELLI DI VALENTINELLI GIORGIO & C. SNC;EX903HC;43;FN391MX;54;DT209DB;55;  6191TA;Tres Via Predaia inc. V.Tavana;  6191TA;Tres Via Predaia inc. V.Tavana;27/09/2022;31/10/2022;;;scolastica lu-ve;;;;x;x;x;x;x;x;;;;;;;;;;;;;; € 3,00 ;;;;2;;;;;;4;20;0;0;; 3,00 € ;;;;;;;;;;;;;;;;;;;;;;;;;;
955;dal 02/11/2022 prolungamento;extra;625;581;07:09;07:12;Tres (Predaia)-via Predaia inc. v. Tavana;"scolastica 
da lunedì a venerdì";1,50;36; 174 ;TAXI VIAGGI VALENTINELLI DI VALENTINELLI GIORGIO & C. SNC;EX903HC;43;FN391MX;54;DT209DB;55;  6191TA;Tres Via Predaia inc. V.Tavana;  6191TA;Tres Via Predaia inc. V.Tavana;02/11/2022;09/06/2023;;;scolastica lu-ve;;;;x;x;x;x;x;x;;;;;;;;;;;;;; € 4,50 ;;;;2;;;;;;0;0;21;15;17; 4,50 € ;;;;;;;;;;;;;;;;;;;;;;;;;;
956;dal 28/09/2022 era solo lu+ma+gio;extra;210;458;16:30;16:59;Ponte Arche - Cavrasto - Bivedo;scolastica mercoledì;11,00;44; 34 ;TRENTINOBUS SRL;GC420NL;29;FG405XM;29;GG015PN;25;2180;PONTE ARCHE (Autost.)        ;2208;BIVEDO                       ;28/09/2022;09/06/2023;;;scolastica me;;;;x;;;x;;;;;;;;;;;;;;;; € 33,00 ;;;;2;;;;;;1;4;5;3;3; 33,00 € ;;;;;;;;;;;;;;;;;;;;;;;;;;
957;dal 03/10/2022 prolungamento;extra;102;185;15:50;17:21;Verla bivio - Ville di Giovo - Verla deviazione Tesero - Palù;"scolastica 
da lunedì a giovedì";3,50;41; 125 ;MONAUNI CARLO S.N.C. DI MONAUNI GERARDO E C. ;EX037JY;46;FE091HG;47;;;1072BV;Verla (Bivio)                 ;1072BV;Verla (Bivio)                 ;03/10/2022;09/06/2023;;;scolastica lu, ma, me, gio;;;;x;x;x;x;x;;;;;;;;;;;;;;; € 10,50 ;;;;2;;;;;;0;16;17;12;14; 10,50 € ;;;;;;;;;;;;;;;;;;;;;;;;;;
958;dal 11/10/2022 nuova;extra;645;682;13:18;14:00;Cles-Mezzana-Fucine;scolastica di martedì e giovedì;31,50;54; 54 ;"BIANCANEVE VIAGGI DI
 DALLATORRE MARCO";FP633ED;21;FM515LT;31;GC951CS;57;  6220MS;Cles - Negozio Mascotti      ;6401;FUCINE ;11/10/2022;09/06/2023;;;scolastica ma, gio;;;;x;;x;;x;;;;;;;;;;;;;;; € 94,50 ;;;;;;;;;;0;6;8;6;7; 94,50 € ;;;;;;;;;;;;;;;;;;;;;;;;;;
959;dal 12/10/2022 prolungamento;extra;101;656;07:03;07:10;Solaiolo Alto - Solaiolo;"scolastica 
da lunedì a sabato";2,10;15; 182 ;DMG;FE259HG;17;FG962XM (Giacomelli);24;FZ863BE (Giacomelli);9;;Solaiolo Alto;  1059SO;Solaiolo Basso               ;12/10/2022;09/06/2023;;;scolastica lu-sa;;;;x;x;x;x;x;x;x;;;;;;;;;;;;; € 6,30 ;;;;1;;;;;;0;16;25;18;20; 6,30 € ;;;;;;;;;;;;;;;;;;;;;;;;;;
960;deviazione Bastianelli;extra;615;524;13:53;14:15;Denno FTM-Moncovo-Truzzi bivio-Toss-Raut;scolastica lu, me, ve;6,00;19; 10 ;OSCAR VIAGGI DI FORMOLO OSCAR;GC466NL;24;GJ181FP;21;;;  6150TM;Denno  FTM                  ;  6126RA;Raut                         ;17/11/2022;09/12/2022;;;scolastica lu, me, ve;;;;;;;;;;;;;;;;;;;;;;;;;;;;;;;;;;;6;4;; 18,00 € ;;;;;;;;;;;;;;;;;;;;;;;;;;
961;deviazione Bastianelli;extra;615;524;13:53;14:10;Denno FTM-Moncovo-Truzzi bivio-Toss;scolastica ma, gio;8,60;19; 6 ;OSCAR VIAGGI DI FORMOLO OSCAR;GC466NL;24;GJ181FP;21;;;  6150TM;Denno  FTM                  ;6127;TOSS                         ;17/11/2022;09/12/2022;;;scolastica ma, gio;;;;;;;;;;;;;;;;;;;;;;;;;;;;;;;;;;;4;2;; 25,80 € ;;;;;;;;;;;;;;;;;;;;;;;;;;
962;deviazione Bastianelli;extra;615;522;17:10;17:30;Mezzolombardo-Toss;"scolastica 
da lunedì a venerdì";7,70;19; 16 ;OSCAR VIAGGI DI FORMOLO OSCAR;GC466NL;24;FV001FA (Vito Viaggi) ;24;;;6120;  MEZZOLOMBARDO                ;6127;TOSS                         ;17/11/2022;09/12/2022;;;scolastica lu-ve;;;;;;;;;;;;;;;;;;;;;;;;;;;;;;;;;;;10;6;; 23,10 € ;;;;;;;;;;;;;;;;;;;;;;;;;;
963;deviazione Bastianelli;extra;615;520;18:05;18:51;Mezzolombardo-Toss-Mezzolombardo;"invernale
lunedì-sabato";5,20;19; 19 ;OSCAR VIAGGI DI FORMOLO OSCAR;GC466NL;24;GK082FC;42;;;6120;  MEZZOLOMBARDO                ;6120;  MEZZOLOMBARDO                ;17/11/2022;09/12/2022;;;invernale feriale lu-sa;;;;;;;;;;;;;;;;;;;;;;;;;;;;;;;;;;;12;7;; 15,60 € ;;;;;;;;;;;;;;;;;;;;;;;;;;
964;dal 21/11/2022 nuova;extra;634;548;13:58;14:38;Cles - Lanza di Rumo;"scolastica 
da lunedì a venerdì";20,00;19; 144 ;ALPINABUS DI MARTINTONI MAURO;FP041BC;21;GA014HT;18;EJ947ZA;17;6220;CLES (Autostaz.);6755;LANZA DI RUMO;21/11/2022;09/06/2023;;;scolastica lu-ve;;;;x;x;x;x;x;x;;;;;;;;;;;;;; € 60,00 ;;;;1;;;;;;0;0;8;15;17; 60,00 € ;;;;;;;;;;;;;;;;;;;;;;;;;;
965;dal 30/11/2022 nuova;extra;205;368;17:15;17:32;Sarche-Lago Cavedine Trebi;invernale lunedì-venerdì;9,00;19; 143 ;SARCATOUR s.r.l.;FL596HC;17;FN308MX;37;;;2120;SARCHE (Cassa Rurale)        ;  2058TB;Lago di Cavedine (Trebi)     ;30/11/2022;23/06/2023;;;invernale feriale lu-ve;x;;x;;x;x;x;x;x;;;;;;;;;;;;;; € 27,00 ;;;;1;;;;;;0;0;1;20;21; 27,00 € ;;;;;;;;;;;;;;;;;;;;;;;;;;
966;dal 30/11/2022 nuova;extra;205;366;16:52;16:57;Sarche-Pergolese;scolastica;4,00;19; 120 ;SARCATOUR s.r.l.;FL596HC;17;FN308MX;37;;;2120;SARCHE (Cassa Rurale)        ;2122;Pergolese;30/11/2022;09/06/2023;;;scolastica lu-sa;;;;x;x;x;x;x;x;x;;;;;;;;;;;;; € 12,00 ;;;;1;;;;;;0;0;1;18;20; 12,00 € ;;;;;;;;;;;;;;;;;;;;;;;;;;
967;dal 28/11/2022 nuova;extra;102-103;645;07:42;08:15;Cembra-Sevignano-Civezzano sc. Media;"scolastica 
da lunedì a venerdì";22,00;24; 139 ;BAZZAVAN S.A.S. DI BAZZANELLA ANDREA;GG058PN;23;GC917HM;22;;;1078;CEMBRA;1100OX;Civezzano Scuola Media;28/11/2022;09/06/2023;;;scolastica lu-ve;;;;x;x;x;x;x;x;;;;;;;;;;;;;; € 66,00 ;;;;1;;;;;;0;0;3;15;17; 66,00 € ;;;;;;;;;;;;;;;;;;;;;;;;;;
968;dal 28/11/2022 nuova;extra;646;406;16:00;16:46;Ponte di Legno - Vermiglio;scolastica il lunedì;22,00;19; 23 ;TONALE VIAGGI DI PANIZZA CLAUDIO ;FW832WP;24;FR853MY;56;EC937AD;20;46.25536943397489, 10.509713206468964;Ponte di Legno - P.le Cida ;6408NO;Vermiglio nord;28/11/2022;09/06/2023;;;scolastica lu;;;;x;x;;;;;;;;;;;;;;;;;; € 66,00 ;;;;1;;;;;;0;0;1;3;4; 66,00 € ;scolastica lu;;;;;;;;;4;; 0,16 € ;;;;;;;;;;;;;;
969;dal 29/11/2022 nuova;extra;644;660;18:20;18:36;Claiano bv-Ortisè-Menas;scolastica il martedì;6,50;9; 23 ;TAXI-MINIBUS-AUTOBUS PANIZZA S.A.S. DI ZENDELI ILIR ;GA903ER;17;GA900ER;17;;;6387;Claiano Bivio                ;6391;MENAS                        ;29/11/2022;09/06/2023;;;scolastica ma;;;;x;;x;;;;;;;;;;;;;;;;; € 19,50 ;;;;1;;;;;;0;0;1;3;4; 19,50 € ;;;;;;;;;;;;;;;;;;;;;;;;;;
970;dal 30/11/2022 nuova;extra;103;203;14:30;14:48;Stramentizzo bv - Sover;scolastica martedì e mercoledì;12,50;19; 48 ;BAZZAVAN S.A.S. DI BAZZANELLA ANDREA;GC917HM;22;GG058PN;23;;;1087FL;Stramentizzo (Bivio);1122;SOVER;30/11/2022;09/06/2023;;;scolastica ma, me;;;;x;;x;x;;;;;;;;;;;;;;;; € 37,50 ;;;;1;;;;;;0;0;1;6;7; 37,50 € ;;;;;;;;;;;;;;;;;;;;;;;;;;
971;sostituisce corsa 401 linea 334 da Avio dal 05/11/2022;extra;334;401;16:37;16:46;Vò Sinistro - Ala Fs;"scolastica 
 sabato";4;19; 34 ;PEDRINOLLA GRAZIANO s.r.l.;FV978FS;22;FN191MX;29;FH120DD;21;  3350VB;AVIO (Via M.Baldo)           ;  3346FS;ALA (Staz. FS)               ;05/11/2022;09/06/2023;;;scolastica sab;;;;x;;;;;;x;;;;;;;;;;;;;;PEDRINOLLA GRAZIANO s.r.l. 2;;35;1;;;;;;0;0;4;3;3; -   € ;;;;;;;;;;;;;;;;;;;;;;;;;;
972;sostituisce corsa 131 linea 102;extra;611;757;07:15;07:40;Santel - Mezzolombardo;"scolastica 
da lunedì a venerdì";13,50;55; 174 ;ATP SRLS;GJ968MK;57;GE453VX (Nice srl);57;FE205HG (ditta Fersina);57;6136;Santel (S.p. 64);6120;  MEZZOLOMBARDO                ;02/11/2022;09/06/2023;;;scolastica lu-ve;;;;x;x;x;x;x;x;;;;;;;;;;;; € 153,79 ;;;;;;2;;;;;;0;0;21;15;17; 153,79 € ;;;;;;;;;;;;;;;;;;;;;;;;;;
973;dal 16/01/2023 deviazione corsa riga 575;extra;303;544;14:16;14:20;Monterovere- Masetti bivio- Monterovere;"scolastica 
da lunedì a sabato";3,20;14; 117 ;AUTOFFICINA LUNELLI DI LUNELLI STEFANO & C. S.N.C.;FW770WP;15;GE387VX;9;ES314MS;9;3890;Monterovere;45.954338764437104, 11.294710272070128;Masetti bivio;16/01/2023;09/06/2023;;;scolastica lu-sa;;;;x;x;x;x;x;x;x;;;;;;;;;;;;; € 9,60 ;;;;1;;;;;;0;0;0;0;14; 9,60 € ;;;;;;;;;;;;;;;;;;;;;;;;;;
974;dal 19/01/2023 deviazione corsa riga 526;extra;302;149;08:38;08:59;Garniga Terme - Covelo deviazione;"Invernale
festiva";3,30;19; 25 ;ATP SRLS;FW970WP;23;GC658CS (ditta Nice srl);24;GA984ER (ditta Nice srl);23;3690;GARNIGA TERME                ;45.97896101961809, 11.071275326875115;Covelo Piazzale pizzeria;19/01/2023;23/06/2023;;;invernale festiva;x;;;;;;;;;;x;;;;;;;;;;;; € 9,90 ;;;;1;;;;;;0;0;0;0;2; 9,90 € ;;;;;;;;;;;;;;;;;;;;;;;;;;
975;dal 19/01/2023 deviazione corsa riga 528;extra;302;154;12:00;12:21;Covelo - Garniga Terme deviazione;"invernale
lunedì-sabato";3,30;24; 133 ;ATP SRLS;FW970WP;23;GC658CS (ditta Nice srl);24;GA984ER (ditta Nice srl) FN426MX (ditta Nice srl);23  20;45.97896101961809, 11.071275326875115;Covelo Piazzale pizzeria;3690;GARNIGA TERME                ;19/01/2023;23/06/2023;;;invernale feriale lu-sa;x;;x;;x;x;x;x;x;x;;;;;;;;;;;;; € 9,90 ;;;;1;;;;;;0;0;0;0;11; 9,90 € ;;;;;;;;;;;;;;;;;;;;;;;;;;
976;dal 19/01/2023 deviazione corsa riga 529;extra;302;537;12:39;13:00;Garniga Terme - Covelo deviazione;"invernale
lunedì-sabato";3,30;24; 133 ;ATP SRLS;FW970WP;23;GC658CS (ditta Nice srl);24;GA984ER (ditta Nice srl) FN426MX (ditta Nice srl);23  20;3690;GARNIGA TERME                ;45.97896101961809, 11.071275326875115;Covelo Piazzale pizzeria;19/01/2023;23/06/2023;;;invernale feriale lu-sa;x;;x;;x;x;x;x;x;x;;;;;;;;;;;;; € 9,90 ;;;;1;;;;;;0;0;0;0;11; 9,90 € ;;;;;;;;;;;;;;;;;;;;;;;;;;
977;dal 19/01/2023 deviazione corsa riga 531;extra;302;156;12:49;13:10;Covelo - Garniga Terme deviazione;"Invernale 
festiva";3,30;24; 25 ;ATP SRLS;FW970WP;23;GC658CS (ditta Nice srl);24;GA984ER (ditta Nice srl);23;45.97896101961809, 11.071275326875115;Covelo Piazzale pizzeria;3690;GARNIGA TERME                ;19/01/2023;23/06/2023;;;invernale festiva;x;;;;;;;;;;x;;;;;;;;;;;; € 9,90 ;;;;1;;;;;;0;0;0;0;2; 9,90 € ;;;;;;;;;;;;;;;;;;;;;;;;;;
978;dal 19/01/2023 deviazione corsa riga 535;extra;302;421;13:43;14:04;Garniga Terme - Covelo deviazione;"Invernale 
festiva";3,30;24; 25 ;ATP SRLS;FW970WP;23;GC658CS (ditta Nice srl);24;GA984ER (ditta Nice srl);23;3690;GARNIGA TERME                ;45.97896101961809, 11.071275326875115;Covelo Piazzale pizzeria;19/01/2023;23/06/2023;;;invernale festiva;x;;;;;;;;;;x;;;;;;;;;;;; € 9,90 ;;;;1;;;;;;0;0;0;0;2; 9,90 € ;;;;;;;;;;;;;;;;;;;;;;;;;;
979;dal 19/01/2023 deviazione corsa riga 538;extra;302;440;17:55;18:16;Covelo - Garniga Terme deviazione;"Invernale 
festiva";3,30;24; 25 ;ATP SRLS;FW970WP;23;GC658CS (ditta Nice srl);24;GA984ER (ditta Nice srl);23;45.97896101961809, 11.071275326875115;Covelo Piazzale pizzeria;3690;GARNIGA TERME                ;19/01/2023;23/06/2023;;;invernale festiva;x;;;;;;;;;;x;;;;;;;;;;;; € 9,90 ;;;;1;;;;;;0;0;0;0;2; 9,90 € ;;;;;;;;;;;;;;;;;;;;;;;;;;
980;dal 19/01/2023 deviazione corsa riga 544;extra;302;167;18:33;18:54;Garniga Terme - Covelo deviazione;"Invernale 
festiva";3,30;24; 25 ;ATP SRLS;FW970WP;23;GC658CS (ditta Nice srl);24;GA984ER (ditta Nice srl);23;3690;GARNIGA TERME                ;45.97896101961809, 11.071275326875115;Covelo Piazzale pizzeria;19/01/2023;23/06/2023;;;invernale festiva;x;;;;;;;;;;x;;;;;;;;;;;; € 9,90 ;;;;1;;;;;;0;0;0;0;2; 9,90 € ;;;;;;;;;;;;;;;;;;;;;;;;;;
981;dal 19/01/2023 deviazione corsa riga 546;extra;302;238;20:59;21:20;Covelo - Garniga Terme deviazione;"invernale
da lunedì a venerdì";3,30;19; 113 ;ATP SRLS;FW970WP;23;FN426MX (ditta Nice srl);20;GA984ER (ditta Nice srl);;45.97896101961809, 11.071275326875115;Covelo Piazzale pizzeria;3690;GARNIGA TERME                ;19/01/2023;23/06/2023;;;invernale feriale lu-ve;x;;x;;x;x;x;x;x;;;;;;;;;;;;;; € 9,90 ;;;;1;;;;;;0;0;0;0;9; 9,90 € ;;;;;;;;;;;;;;;;;;;;;;;;;;
981;dal 19/01/2023 deviazione corsa riga 548;extra;302;238;22:29;22:50;Covelo - Garniga Terme deviazione;"invernale feriale 
solo sabato";3,30;19; 20 ;ATP SRLS;FW970WP;23;FN426MX (ditta Nice srl);20;GA984ER (ditta Nice srl);;45.97896101961809, 11.071275326875115;Covelo Piazzale pizzeria;3690;GARNIGA TERME                ;19/01/2023;23/06/2023;;;invernale feriale sab;x;;x;;;;;;;x;;;;;;;;;;;;; € 9,90 ;;;;1;;;;;;0;0;0;0;2; 9,90 € ;;;;;;;;;;;;;;;;;;;;;;;;;;
981;dal 19/01/2023 nuova;extra;332;223;07:52;08:51;Arco - Rovereto;"scolastica 
da lunedì a venerdì";27,00;50; 40 ;SARCATOUR s.r.l.;FW821WP;55;FE629SK;54;FA895BD;57;3520;ARCO  Autostaz.;3100VP;ROVERETO Via Paoli            ;19/01/2023;19/03/2023;;;scolastica lu-ve;;;;x;x;x;x;x;x;;;;;;;;;;;;;; € 81,00 ;;;;2;;;;;;0;0;0;0;9; 81,00 € ;;;;;;;;;;;;;;;;;;;;;;;;;;
981;dal 19/01/2023 nuova;extra;301;241;08:54;09:42;Rovereto - Trento;"scolastica 
da lunedì a venerdì";27,00;50; 40 ;SARCATOUR s.r.l.;FW821WP;55;FE629SK;54;FA895BD;57;3100VP;ROVERETO Via Paoli            ;1;TRENTO Autostaz.              ;19/01/2023;19/03/2023;;;scolastica lu-ve;;;;x;x;x;x;x;x;;;;;;;;;;;;;; € 81,00 ;;;;2;;;;;;0;0;0;0;9; 81,00 € ;;;;;;;;;;;;;;;;;;;;;;;;;;
981;dal 19/01/2023 nuova;extra;205;188;10:15;11:38;Trento - Riva del Garda;"scolastica 
da lunedì a venerdì";43,00;50; 40 ;SARCATOUR s.r.l.;FW821WP;55;FE629SK;54;FA895BD;57;1;TRENTO Autostaz.              ;960;RIVA DEL G. Autostaz.         ;19/01/2023;19/03/2023;;;scolastica lu-ve;;;;x;x;x;x;x;x;;;;;;;;;;;;;; € 129,00 ;;;;2;;;;;;0;0;0;0;9; 129,00 € ;;;;;;;;;;;;;;;;;;;;;;;;;;
981;dal 23/01/2023 deviazione corsa riga 119;extra;102;185;15:45;15:53;Tesero-Masi di Cavalese-Tesero;"scolastica 
da lunedì a giovedì";0,50;41; 72 ;MONAUNI CARLO S.N.C. DI MONAUNI GERARDO E C. ;EX037JY;46;FE091HG;47;;;1190;Tesero                       ;1151RR;Masi (dir. Cavalese);23/01/2023;09/06/2023;;;scolastica lu, ma, me, gio;;;;x;x;x;x;x;;;;;;;;;;;;;;; € 1,50 ;;;;2;;;;;;0;0;0;0;6; 1,50 € ;;;;;;;;;;;;;;;;;;;;;;;;;;
981;dal 19/01/2023 x chiusura strada;extra;302;143;06:05;06:35;Garniga Vecchia - Cimone;Feriale;11,5;19; 133 ;MDL s.r.l.;EH342PM;20;FE271HG;17;FC144RJ;24;;;;;19/01/2023;23/06/2023;;;invernale feriale lu-sa;;;;;;;;;;;;;;;;;;;;;;; € 34,50 ;;;;1;;;;;;;;;;11; 34,50 € ;;;;;;;;;;;;;;;;;;;;;;;;;;
981;dal 19/01/2023 x chiusura strada;extra;303;147;07:11;07:49;"loc. Gatter - Garniga V-Aldeno
non transita da Cimone";Feriale;19,5;19; 133 ;MDL s.r.l.;EH342PM;20;FE271HG;17;FC144RJ;24;;;;;19/01/2023;23/06/2023;;;invernale feriale lu-sa;;;;;;;;;;;;;;;;;;;;;;; € 58,50 ;;;;1;;;;;;;;;;11; 58,50 € ;;;;;;;;;;;;;;;;;;;;;;;;;;
981;dal 19/01/2023 x chiusura strada;extra;304;164;17:26;17:47;Cimone-Garniga T.;"Feriale
da lunedì a venerdì";8,3;19; 113 ;MDL s.r.l.;EH342PM;20;FE271HG;17;FC144RJ;24;;;;;19/01/2023;23/06/2023;;;invernale feriale lu-ve;;;;;;;;;;;;;;;;;;;;;;; € 24,90 ;;;;1;;;;;;;;;;9; 24,90 € ;;;;;;;;;;;;;;;;;;;;;;;;;;
981;dal 19/01/2023 x chiusura strada;extra;305;165;17:47;18:02;Garniga T.-Cimone;"Feriale
da lunedì a venerdì";8,3;19; 113 ;MDL s.r.l.;EH342PM;20;FE271HG;17;FC144RJ;24;;;;;19/01/2023;23/06/2023;;;invernale feriale lu-ve;;;;;;;;;;;;;;;;;;;;;;; € 24,90 ;;;;1;;;;;;;;;;9; 24,90 € ;;;;;;;;;;;;;;;;;;;;;;;;;;
981;dal 19/01/2023 x chiusura strada;extra;306;168;18:50;19:26;Aldeno-Garniga V.;"Feriale
da lunedì a venerdì";15,3;19; 113 ;MDL s.r.l.;EH342PM;20;FE271HG;17;FC144RJ;24;;;;;19/01/2023;23/06/2023;;;invernale feriale lu-ve;;;;;;;;;;;;;;;;;;;;;;; € 45,90 ;;;;1;;;;;;;;;;9; 45,90 € ;;;;;;;;;;;;;;;;;;;;;;;;;;
981;dal 19/01/2023 x chiusura strada;extra;307;168;18:53;19:33;Aldeno-Garniga V.;"Feriale
da lunedì a venerdì";15,3;19; 113 ;MDL s.r.l.;EH342PM;20;FE271HG;17;FC144RJ;24;;;;;19/01/2023;23/06/2023;;;invernale feriale lu-ve;;;;;;;;;;;;;;;;;;;;;;; € 45,90 ;;;;1;;;;;;;;;;9; 45,90 € ;;;;;;;;;;;;;;;;;;;;;;;;;;
981;dal 19/01/2023 x chiusura strada;extra;308;167;18:15;18:53;Garniga V.-Aldeno;"Feriale
sabato";15,3;19; 20 ;MDL s.r.l.;EH342PM;20;FE271HG;17;FC144RJ;24;;;;;19/01/2023;23/06/2023;;;invernale feriale sab;;;;;;;;;;;;;;;;;;;;;;; € 45,90 ;;;;1;;;;;;;;;;2; 45,90 € ;;;;;;;;;;;;;;;;;;;;;;;;;;
;;;;;;;;;;;;;;;;;;;;;;;;;;;;;;;;;;;;;;;;;;;;;;;;;;;;;;;;;;;;;;;;;;;;;;;;;;;;;;;;;;;;;;;;;;;
;;;;;;;;;;;;;;;;;;;;;;;;;;;;;;;;;;;;;;;;;;;;;;;;;;;;;;;;;;;;;;;;;;;;;;;;;;;;;;;;;;;;;;;;;;;
;;;;;;;;;;;;;;;;;;;;;;;;;;;;;;;;;;;;;;;;;;;;;;;;;;;;;;;;;;;;;;;;;;;;;;;;;;;;;;;;;;;;;;;;;;;
;;;;;;;;;;;;;;;;;;;;;;;;;;;;;;;;;;;;;;;;;;;;;;;;;;;;;;;;;;;;;;;;;;;;;;;;;;;;;;;;;;;;;;;;;;;
;;;;;;;;;;;;;;;;;;;;;;;;;;;;;;;;;;;;;;;;;;;;;;;;;;;;;;;;;;;;;;;;;;;;;;;;;;;;;;;;;;;;;;;;;;;
;;;;;;;;;;;;;;;;;;;;;;;;;;;;;;;;;;;;;;;;;;;;;;;;;;;;;;;;;;;;;;;;;;;;;;;;;;;;;;;;;;;;;;;;;;;
;;;;;;;;;;;;;;;;;;;;;;;;;;;;;;;;;;;;;;;;;;;;;;;;;;;;;;;;;;;;;;;;;;;;;;;;;;;;;;;;;;;;;;;;;;;
;;;;;;;;;;;;;;;;;;;;;;;;;;;;;;;;;;;;;;;;;;;;;;;;;;;;;;;;;;;;;;;;;;;;;;;;;;;;;;;;;;;;;;;;;;;
;;;;;;;;;;;;;;;;;;;;;;;;;;;;;;;;;;;;;;;;;;;;;;;;;;;;;;;;;;;;;;;;;;;;;;;;;;;;;;;;;;;;;;;;;;;
;;;;;;;;;;;;;;;;;;;;;;;;;;;;;;;;;;;;;;;;;;;;;;;;;;;;;;;;;;;;;;;;;;;;;;;;;;;;;;;;;;;;;;;;;;;
;;;;;;;;;;;;;;;;;;;;;;;;;;;;;;;;;;;;;;;;;;;;;;;;;;;;;;;;;;;;;;;;;;;;;;;;;;;;;;;;;;;;;;;;;;;
;;;;;;;;;;;;;;;;;;;;;;;;;;;;;;;;;;;;;;;;;;;;;;;;;;;;;;;;;;;;;;;;;;;;;;;;;;;;;;;;;;;;;;;;;;;
;;;;;;;;;;;;;;;;;;;;;;;;;;;;;;;;;;;;;;;;;;;;;;;;;;;;;;;;;;;;;;;;;;;;;;;;;;;;;;;;;;;;;;;;;;;
;;;;;;;;;;;;;;;;;;;;;;;;;;;;;;;;;;;;;;;;;;;;;;;;;;;;;;;;;;;;;;;;;;;;;;;;;;;;;;;;;;;;;;;;;;;
;;;;;;;;;;;;;;;;;;;;;;;;;;;;;;;;;;;;;;;;;;;;;;;;;;;;;;;;;;;;;;;;;;;;;;;;;;;;;;;;;;;;;;;;;;;
;;;;;;;;;;;;;;;;;;;;;;;;;;;;;;;;;;;;;;;;;;;;;;;;;;;;;;;;;;;;;;;;;;;;;;;;;;;;;;;;;;;;;;;;;;;
;;;;;;;;;;;;;;;;;;;;;;;;;;;;;;;;;;;;;;;;;;;;;;;;;;;;;;;;;;;;;;;;;;;;;;;;;;;;;;;;;;;;;;;;;;;
;;;;;;;;;;;;;;;;;;;;;;;;;;;;;;;;;;;;;;;;;;;;;;;;;;;;;;;;;;;;;;;;;;;;;;;;;;;;;;;;;;;;;;;;;;;
;;;;;;;;;;;;;;;;;;;;;;;;;;;;;;;;;;;;;;;;;;;;;;;;;;;;;;;;;;;;;;;;;;;;;;;;;;;;;;;;;;;;;;;;;;;
;;;;;;;;;;;;;;;;;;;;;;;;;;;;;;;;;;;;;;;;;;;;;;;;;;;;;;;;;;;;;;;;;;;;;;;;;;;;;;;;;;;;;;;;;;;
;;;;;;;;;;;;;;;;;;;;;;;;;;;;;;;;;;;;;;;;;;;;;;;;;;;;;;;;;;;;;;;;;;;;;;;;;;;;;;;;;;;;;;;;;;;
;;;;;;;;;;;;;;;;;;;;;;;;;;;;;;;;;;;;;;;;;;;;;;;;;;;;;;;;;;;;;;;;;;;;;;;;;;;;;;;;;;;;;;;;;;;
;;;;;;;;;;;;;;;;;;;;;;;;;;;;;;;;;;;;;;;;;;;;;;;;;;;;;;;;;;;;;;;;;;;;;;;;;;;;;;;;;;;;;;;;;;;
;;;;;;;;;;;;;;;;;;;;;;;;;;;;;;;;;;;;;;;;;;;;;;;;;;;;;;;;;;;;;;;;;;;;;;;;;;;;;;;;;;;;;;;;;;;
;;;;;;;;;;;;;;;;;;;;;;;;;;;;;;;;;;;;;;;;;;;;;;;;;;;;;;;;;;;;;;;;;;;;;;;;;;;;;;;;;;;;;;;;;;;
;;;;;;;;;;;;;;;;;;;;;;;;;;;;;;;;;;;;;;;;;;;;;;;;;;;;;;;;;;;;;;;;;;;;;;;;;;;;;;;;;;;;;;;;;;;
;;;;;;;;;;;;;;;;;;;;;;;;;;;;;;;;;;;;;;;;;;;;;;;;;;;;;;;;;;;;;;;;;;;;;;;;;;;;;;;;;;;;;;;;;;;
;;;;;;;;;;;;;;;;;;;;;;;;;;;;;;;;;;;;;;;;;;;;;;;;;;;;;;;;;;;;;;;;;;;;;;;;;;;;;;;;;;;;;;;;;;;
;;;;;;;;;;;;;;;;;;;;;;;;;;;;;;;;;;;;;;;;;;;;;;;;;;;;;;;;;;;;;;;;;;;;;;;;;;;;;;;;;;;;;;;;;;;
;;;;;;;;;;;;;;;;;;;;;;;;;;;;;;;;;;;;;;;;;;;;;;;;;;;;;;;;;;;;;;;;;;;;;;;;;;;;;;;;;;;;;;;;;;;
;;;;;;;;;;;;;;;;;;;;;;;;;;;;;;;;;;;;;;;;;;;;;;;;;;;;;;;;;;;;;;;;;;;;;;;;;;;;;;;;;;;;;;;;;;;
;;;;;;;;;;;;;;;;;;;;;;;;;;;;;;;;;;;;;;;;;;;;;;;;;;;;;;;;;;;;;;;;;;;;;;;;;;;;;;;;;;;;;;;;;;;
;;;;;;;;;;;;;;;;;;;;;;;;;;;;;;;;;;;;;;;;;;;;;;;;;;;;;;;;;;;;;;;;;;;;;;;;;;;;;;;;;;;;;;;;;;;
;;;;;;;;;;;;;;;;;;;;;;;;;;;;;;;;;;;;;;;;;;;;;;;;;;;;;;;;;;;;;;;;;;;;;;;;;;;;;;;;;;;;;;;;;;;
;;;;;;;;;;;;;;;;;;;;;;;;;;;;;;;;;;;;;;;;;;;;;;;;;;;;;;;;;;;;;;;;;;;;;;;;;;;;;;;;;;;;;;;;;;;
;;;;;;;;;;;;;;;;;;;;;;;;;;;;;;;;;;;;;;;;;;;;;;;;;;;;;;;;;;;;;;;;;;;;;;;;;;;;;;;;;;;;;;;;;;;
