Nr_Riga;note appalto;n° righe capitolato: 928;Linea;"n.
corsa";ora part.;ora arr.;percorso;frequenza ;Km  corsa/servizio;Posti autobus;nr. gg;Tot km;DITTA;MEZZO TITOLARE;posti mezzo titolare;MEZZO DI RISERVA 1;posti mezzo di riserva 1;MEZZO DI RISERVA 2 ;posti mezzo di riserva 2;Cod. Fermata Partenza;FERMATA PARTENZA;Cod. Fermata Arrivo;FERMATA ARRIVO;data inizio;data fine;data inizio 1;data fine 1;frequenza;controllo variazioni tempi/km;inverno;estate;fer;scol;lun;mart;merc;giov;ven;sab;fest;postfest;no postfest;prefest;non scol lun;non scol mart;non scol merc;non scol giov;non scol ven;non scol sab; COSTO CTA ex lotto 1 ; COSTO CTA ex lotto 2 ; COSTO CTA NUOVA ;forfait ex lotto 2;forfait Giudicarie estivo;integrazione;costo annuo ex lotto 1;costo annuo ex lotto 2; costo annuo corse nuove ; fascia capienza mezzi ; AUMENTO € 2,00 9-35 POSTI ex lotto1 ; AUMENTO € 3,00 36-60 POSTI ex lotto1 ; AUMENTO diversificato ex lotto1 ANNUO ; AUMENTO € 2,00 9-35 POSTI ex lotto2 ; AUMENTO € 3,00 36-60 POSTI ex lotto2 ; AUMENTO diversificato ex lotto2 ANNUO ; Integrazione 20 euro <7:00 ; Integrazione ANNUA 20 euro <7:00 ;giorni settembre 2022;giorni ottobre 2022;giorni novembre 2022;giorni dicembre 2022;costo/corsa;frequenza forfait / integrazioni;gg forfait / integrazioni sett'22;km x forfait sett'22;gg forfait / integrazioni ott'22;km x forfait ott'22;gg forfait / integrazioni nov'22;km x forfait nov'22;gg forfait / integrazioni dic'22;km x forfait dic'22;costo forfait / integrazioni;INTEGRAZIONE SOSTITUZIONI;verifica imponibile settembre'22;verifica imponibile ottobre'22;verifica imponibile novembre'22;verifica imponibile dicembre'22;km sett'22 effettivi;km ott'22 effettivi;km nov'22 effettivi;km dic'22 effettivi
1;;1;091;492;12:35;13:40;Trento-Laives;"feriale
sabato";50,00;50; 50 ; 2.500,00 ;SRT S.R.L.;;;FH962KW (MDL);54;FL557HC (MDL);53;  0001FS;TRENTO (Stazione FS)         ;  1169SB;Laives - Stabilimento Seeber ;01/09/2022;31/08/2023;;;annuale feriale sab;;x;x;x;;;;;;;x;;;;;;;;;;; 150,00 € ;;;;;; 7.500,00 € ;;;2; -   € ; -   € ; -   ;;;;; -   ;4;5;4;3; 150,00 € ;;;;;;;;;;;; 600,00 € ; 750,00 € ; 600,00 € ; 450,00 € ;200;250;200;150
2;;2;091;492;12:35;13:40;Trento-Laives;"feriale 
da lunedì a venerdì";50;50; 245 ; 12.250,00 ;SRT S.R.L.;;;FH962KW (MDL);54;FL557HC (MDL);53;  0001FS;TRENTO (Stazione FS)         ;  1169SB;Laives - Stabilimento Seeber ;01/09/2022;31/08/2023;;;annuale feriale lu-ve;;x;x;x;;x;x;x;x;x;;;;;;;;;;;;;;;S. DUE DI SARTORELLI  LUCA ;;; -   € ;;;2;;;;;;;; -   ;22;20;21;20; -   € ; annuale feriale lu-ve ;22;;20;;21;;20;; 400,00 € ;; 8.800,00 € ; 8.000,00 € ; 8.400,00 € ; 8.000,00 € ;1100;1000;1050;1000
3;;3;091;493;14:15;15:15;Laives-Trento;"feriale
sabato";50,00;50; 50 ; 2.500,00 ;SRT S.R.L.;;;FH962KW (MDL);54;FL557HC (MDL);53;  1169SB;Laives - Stabilimento Seeber ;  0001FS;TRENTO (Stazione FS)         ;01/09/2022;31/08/2023;;;annuale feriale sab;;x;x;x;;;;;;;x;;;;;;;;;;; 150,00 € ;;;;;; 7.500,00 € ;;;2; -   € ; -   € ; -   ;;;;; -   ;4;5;4;3; 150,00 € ;;;;;;;;;;;; 600,00 € ; 750,00 € ; 600,00 € ; 450,00 € ;200;250;200;150
4;;4;091;493;14:15;15:15;Laives-Trento;"feriale 
da lunedì a venerdì";50;50; 245 ; 12.250,00 ;SRT S.R.L.;;;FH962KW (MDL);54;FL557HC (MDL);53;  1169SB;Laives - Stabilimento Seeber ;  0001FS;TRENTO (Stazione FS)         ;01/09/2022;31/08/2023;;;annuale feriale lu-ve;;x;x;x;;x;x;x;x;x;;;;;;;;;;;;;;;S. DUE DI SARTORELLI  LUCA ;;; -   € ;;;2;;;;;;;; -   ;22;20;21;20; -   € ;;;;;;;;;;;; -   € ; -   € ; -   € ; -   € ;1100;1000;1050;1000
5;;5;091;494;20:45;21:45;Trento-Laives;"feriale 
da lunedì a venerdì";50;50; 245 ; 12.250,00 ;SRT S.R.L.;;;FH962KW (MDL);54;FL557HC (MDL);53;  0001FS;TRENTO (Stazione FS)         ;  1169SB;Laives - Stabilimento Seeber ;01/09/2022;31/08/2023;;;annuale feriale lu-ve;;x;x;x;;x;x;x;x;x;;;;;;;;;;;;;;;S. DUE DI SARTORELLI  LUCA ;;; -   € ;;;2;;;;;;;; -   ;22;20;21;20; -   € ;;;;;;;;;;;; -   € ; -   € ; -   € ; -   € ;1100;1000;1050;1000
6;;6;091;495;22:10;23:10;Laives-Trento;"feriale
sabato";50,00;50; 50 ; 2.500,00 ;SRT S.R.L.;;;FH962KW (MDL);54;FL557HC (MDL);53;  1169SB;Laives - Stabilimento Seeber ;  0001FS;TRENTO (Stazione FS)         ;01/09/2022;31/08/2023;;;annuale feriale sab;;x;x;x;;;;;;;x;;;;;;;;;;; 150,00 € ;;;;;; 7.500,00 € ;;;2; -   € ; -   € ; -   ;;;;; -   ;4;5;4;3; 150,00 € ;;;;;;;;;;;; 600,00 € ; 750,00 € ; 600,00 € ; 450,00 € ;200;250;200;150
7;;7;091;495;22:10;23:10;Laives-Trento;"feriale 
da lunedì a venerdì";50;50; 245 ; 12.250,00 ;SRT S.R.L.;;;FH962KW (MDL);54;FL557HC (MDL);53;  1169SB;Laives - Stabilimento Seeber ;  0001FS;TRENTO (Stazione FS)         ;01/09/2022;31/08/2023;;;annuale feriale lu-ve;;x;x;x;;x;x;x;x;x;;;;;;;;;;;;;;;S. DUE DI SARTORELLI  LUCA ;;; -   € ;;;2;;;;;;;; -   ;22;20;21;20; -   € ;;;;;;;;;;;; -   € ; -   € ; -   € ; -   € ;1100;1000;1050;1000
8;;8;102;146;13:16;13:56;Trento (via Giusti e giro scuole) - Verla (bis);"scolastica 
da lunedì a venerdì";19,00;55; 174 ; 3.306,00 ;NICE srl;GE453VX;57;GG008PL;50;FA989GW (Perini) / FL781HC (Perini);48/56;  0001VG;Trento(Via Giusti)           ;1072;VERLA                        ;12/09/2022;09/06/2023;;;scolastica lu-ve;;;;;x;x;x;x;x;x;;;;;;;;;;;; 34,20 € ;;;;;; 5.950,80 € ;;;2;;;;;;;; -   ;15;20;21;15; 34,20 € ;;;;;;;;;;;; 513,00 € ; 684,00 € ; 718,20 € ; 513,00 € ;285;380;399;285
9;;9;103;110;12:20;14:12;Trento-Sover-Cavalese;"festiva 
invernale";62,00;40; 45 ; 2.790,00 ;PERINI FRANCO ;FA989GW;48;FF182VP;45;FL781HC;56;1;TRENTO   (Autostaz.)         ;1070;CAVALESE  (Autostaz.)        ;12/09/2022;23/06/2023;;;invernale festiva;;x;;;;;;;;;;x;;;;;;;;;; 186,00 € ;;;;;; 8.370,00 € ;;;2; -   € ; -   € ; -   ;;;;; -   ;2;5;5;6; 186,00 € ;;;;;;;;;;;; 372,00 € ; 930,00 € ; 930,00 € ; 1.116,00 € ;124;310;310;372
10;;10;103;110;12:20;14:12;Trento-Sover-Cavalese;"festiva 
estiva";62;30; 13 ; 806,00 ;PERINI FRANCO ;FA989GW;48;FF182VP;45;FL781HC;56;1;TRENTO   (Autostaz.)         ;1070;CAVALESE  (Autostaz.)        ;01/01/2022;11/09/2022;24/06/2023;31/08/2023;estiva festiva;;;x;;;;;;;;;x;;;;;;;;;;;;;PERINI FRANCO 1;;; -   € ;;;1;;;;;;;; -   ;2;0;0;; -   € ; estiva festiva ;2;;0;;0;;0;; 350,00 € ;; 700,00 € ; -   € ; -   € ; -   € ;124;0;0;0
11;;11;103;118;16:40;17:30;Trento - Fornace - Albiano;"scolastica 
da lunedì a giovedì";27,00;55; 137 ; 3.699,00 ;SRT S.R.L.;;;FA989GW (Perini);48;FF182VP (Perini);45;1;TRENTO   (Autostaz.)         ;1113;ALBIANO                      ;12/09/2022;09/06/2023;;;scolastica lu, ma, me, gio;;;;;x;x;x;x;x;;;;;;;;;;;;; 81,00 € ;;;;;; 11.097,00 € ;;;2; -   € ; -   € ; -   ;;;;; -   ;12;16;17;12; 81,00 € ;;;;;;;;;;;; 972,00 € ; 1.296,00 € ; 1.377,00 € ; 972,00 € ;324;432;459;324
12;;12;103;119;17:00;18:52;Cavalese-Trento;"festiva 
invernale";62,00;40; 45 ; 2.790,00 ;PERINI FRANCO ;FA989GW;48;FF182VP;45;FL781HC;56;1070;CAVALESE  (Autostaz.)        ;1;TRENTO (Autostaz.)         ;12/09/2022;23/06/2023;;;invernale festiva;;x;;;;;;;;;;x;;;;;;;;;; 186,00 € ;;;;;; 8.370,00 € ;;;2; -   € ; -   € ; -   ;;;;; -   ;2;5;5;6; 186,00 € ;;;;;;;;;;;; 372,00 € ; 930,00 € ; 930,00 € ; 1.116,00 € ;124;310;310;372
13;;13;103;119;17:00;18:56;Cavalese-Trento;"festiva 
estiva";62;30; 13 ; 806,00 ;PERINI FRANCO ;FA989GW;48;FF182VP;45;FL781HC;56;1070;CAVALESE  (Autostaz.)        ;1;TRENTO (Autostaz.)         ;01/01/2022;11/09/2022;24/06/2023;31/08/2023;estiva festiva;;;x;;;;;;;;;x;;;;;;;;;;;;;PERINI FRANCO 2;;; -   € ;;;1;;;;;;;; -   ;2;0;0;; -   € ; estiva festiva ;2;;0;;0;;0;; 350,00 € ;; 700,00 € ; -   € ; -   € ; -   € ;124;0;0;0
14;;14;103;124;18:35;20:00;Trento-Fornace-Sover ;"feriale
sabato";48;50; 50 ; 2.400,00 ;ATP SRLS;GJ968MK;57;GE453VX (Nice srl);57;FE205HG (Fersina Tour) / FY999HP (Fersina Tour);57;1;TRENTO   (Autostaz.)         ;1122;SOVER                        ;01/09/2022;31/08/2023;;;annuale feriale sab;;x;x;x;;;;;;;x;;;;;;;;;;;; 114,40 € ;;;;; -   € ; 5.720,00 € ;;2;;;;;;;; -   ;4;5;4;5; 114,40 € ;;;;;;;;;;;; 457,60 € ; 572,00 € ; 457,60 € ; 572,00 € ;192;240;192;240
15;;15;103;124;18:35;19:50;Trento-Sover ;"feriale 
da lunedì a venerdì";44;50; 252 ; 11.088,00 ;ATP SRLS;GJ968MK;57;GG008PL (Nice srl);50;FE205HG (Fersina Tour) / FY999HP (Fersina Tour);57;1;TRENTO   (Autostaz.)         ;1122;SOVER                        ;01/09/2022;31/08/2023;;;annuale feriale lu-ve;;x;x;x;;x;x;x;x;x;;;;;;;;;;;;; 114,40 € ;;;;; -   € ; 28.828,80 € ;;2;;;;;;;; -   ;22;21;21;20; 114,40 € ;;;;;;;;;;;; 2.516,80 € ; 2.402,40 € ; 2.402,40 € ; 2.288,00 € ;968;924;924;880
16;;16;107;570;17:05;17:26;Mezzolombardo-Roverè della Luna;"scolastica 
da lunedì a sabato";15;30; 208 ; 3.120,00 ;ATP SRLS;GJ968MK;57;GE453VX (Nice srl);57;FR777WP (Fersina Tour);57+18 in piedi;6120;  MEZZOLOMBARDO                ;  6113AD;Rovere' (Trentinalatte)      ;12/09/2022;09/06/2023;;;scolastica lu-sa;;;;;x;x;x;x;x;x;x;;;;;;;;;;;;;;VPT SRL ;;; -   € ;;;1;;;;;;;; -   ;17;25;25;18; -   € ; scolastica lu-sa ;17;;25;;25;;18;; 165,00 € ;; 2.805,00 € ; 4.125,00 € ; 4.125,00 € ; 2.970,00 € ;255;375;375;270
17;;17;107;571;17:26;17:46;Roverè della Luna-Mezzolombardo;"scolastica 
da lunedì a sabato";15;30; 208 ; 3.120,00 ;ATP SRLS;GJ968MK;57;GG008PL (Nice srl);50;FR777WP (Fersina Tour);57+18 in piedi;  6113AD;Rovere' (Trentinalatte)      ;6120;  MEZZOLOMBARDO                ;12/09/2022;09/06/2023;;;scolastica lu-sa;;;;;x;x;x;x;x;x;x;;;;;;;;;;;;;;VPT SRL ;;; -   € ;;;1;;;;;;;; -   ;17;25;25;18; -   € ;;;;;;;;;;;; -   € ; -   € ; -   € ; -   € ;255;375;375;270
18;;18;120;178;14:53;15:03;Cavalese-Ospedale-Cavalese;"festiva 
invernale";4,00;40; 45 ; 180,00 ;PERINI FRANCO ;FA989GW;48;FF182VP;45;FL781HC;56;  1070OS;Cavalese (Ospedale)          ;1070;CAVALESE  (Autostaz.)        ;12/09/2022;23/06/2023;;;invernale festiva;;x;;;;;;;;;;x;;;;;;;;;; 12,00 € ;;;;;; 540,00 € ;;;2; -   € ; -   € ; -   ;;;;; -   ;2;5;5;6; 12,00 € ;;;;;;;;;;;; 24,00 € ; 60,00 € ; 60,00 € ; 72,00 € ;8;20;20;24
19;;19;120;55;15:53;16:03;Cavalese-Ospedale-Cavalese;"festiva 
estiva";4,00;19; 13 ; 52,00 ;PERINI FRANCO ;FA989GW;48;FF182VP;45;FL781HC;56;1070;CAVALESE  (Autostaz.)        ;  1070OS;Cavalese (Ospedale)          ;01/01/2022;11/09/2022;24/06/2023;31/08/2023;estiva festiva;;;x;;;;;;;;;x;;;;;;;;;; 18,00 € ;;;;;; 234,00 € ;;;1; -   € ; -   € ; -   ;;;;; -   ;2;0;0;; 18,00 € ;;;;;;;;;;;; 36,00 € ; -   € ; -   € ; -   € ;8;0;0;0
20;;20;120;90;15:53;16:03;Cavalese-Ospedale-Cavalese;"festiva 
invernale";4,00;40; 45 ; 180,00 ;PERINI FRANCO ;FA989GW;48;FF182VP;45;FL781HC;56;1070;CAVALESE  (Autostaz.)        ;  1070OS;Cavalese (Ospedale)          ;12/09/2022;23/06/2023;;;invernale festiva;;x;;;;;;;;;;x;;;;;;;;;; 12,00 € ;;;;;; 540,00 € ;;;2; -   € ; -   € ; -   ;;;;; -   ;2;5;5;6; 12,00 € ;;;;;;;;;;;; 24,00 € ; 60,00 € ; 60,00 € ; 72,00 € ;8;20;20;24
21;;21;123;172;08:50;09:38;Moena - Falcade;"Estiva
lunedì-sabato";22,00;50; 67 ; 1.474,00 ;DESILVESTRO TAXI E VIAGGI SRL;FN362MX;43;"FZ047KX GC807JF
";23+20;;;  1250AT;Moena (Albergo Trentino)     ;1255;FALCADE                      ;01/01/2022;11/09/2022;24/06/2023;31/08/2023;estiva feriale lu-sa;;;x;x;;x;x;x;x;x;x;;;;;;;;;;; 63,39 € ;;;;;; 4.247,13 € ;;;2; -   € ; 2,61 € ; 175 ;;;;; -   ;9;0;0;0; 66,00 € ;;;;;;;;;;;; 594,00 € ; -   € ; -   € ; -   € ;198;0;0;0
22;;22;123;172;08:50;09:27;Moena-Passo S.Pellegrino-Falcade;"festiva 
estiva";22,00;50; 13 ; 286,00 ;DESILVESTRO TAXI E VIAGGI SRL;FN362MX;43;"FZ047KX GC807JF
";23+20;;;  1250AT;Moena (Albergo Trentino)     ;1255;FALCADE                      ;01/01/2022;11/09/2022;24/06/2023;31/08/2023;estiva festiva;;;x;;;;;;;;;x;;;;;;;;;; 66,00 € ;;;;;; 858,00 € ;;;2; -   € ; -   € ; -   ;;;;; -   ;2;0;0;; 66,00 € ;;;;;;;;;;;; 132,00 € ; -   € ; -   € ; -   € ;44;0;0;0
23;;23;123;173;09:37;10:14;Falcade - Moena;estiva feriale;22,00;50; 67 ; 1.474,00 ;DESILVESTRO TAXI E VIAGGI SRL;FN362MX;43;"FZ047KX GC807JF
";23+20;;;1255;FALCADE                      ;  1250AT;Moena (Albergo Trentino)     ;01/01/2022;11/09/2022;24/06/2023;31/08/2023;estiva feriale lu-sa;;;x;x;;x;x;x;x;x;x;;;;;;;;;;; 63,39 € ;;;;;; 4.247,13 € ;;;2; -   € ; 2,61 € ; 175 ;;;;; -   ;9;0;0;0; 66,00 € ;;;;;;;;;;;; 594,00 € ; -   € ; -   € ; -   € ;198;0;0;0
24;;24;123;173;09:37;10:14;Falcade-Passo S. Pellegrino-Moena;"festiva 
estiva";22,00;50; 13 ; 286,00 ;DESILVESTRO TAXI E VIAGGI SRL;FN362MX;43;"FZ047KX GC807JF
";23+20;;;1255;FALCADE                      ;  1250AT;Moena (Albergo Trentino)     ;01/01/2022;11/09/2022;24/06/2023;31/08/2023;estiva festiva;;;x;;;;;;;;;x;;;;;;;;;; 66,00 € ;;;;;; 858,00 € ;;;2; -   € ; -   € ; -   ;;;;; -   ;2;0;0;; 66,00 € ;;;;;;;;;;;; 132,00 € ; -   € ; -   € ; -   € ;44;0;0;0
25;;25;123;174;10:20;11:15;Moena - S.Pellegrino;estiva feriale;12,00;50; 67 ; 804,00 ;DESILVESTRO TAXI E VIAGGI SRL;FN362MX;43;"FZ047KX GC807JF
";23+20;;;  1250AT;Moena (Albergo Trentino)     ;  1253CM;  P.S.PELLEGRINO (FUN.)        ;01/01/2022;11/09/2022;24/06/2023;31/08/2023;estiva feriale lu-sa;;;x;x;;x;x;x;x;x;x;;;;;;;;;;; 21,60 € ;;;;;; 1.447,20 € ;;;2; -   € ; 14,40 € ; 965 ;;;;; -   ;9;0;0;0; 36,00 € ;;;;;;;;;;;; 324,00 € ; -   € ; -   € ; -   € ;108;0;0;0
26;;26;123;174;10:20;10:42;Moena-Passo S.Pellegrino;"festiva 
estiva";12,00;50; 13 ; 156,00 ;DESILVESTRO TAXI E VIAGGI SRL;FN362MX;43;"FZ047KX GC807JF
";23+20;;;  1250AT;Moena (Albergo Trentino)     ;  1253CM;  P.S.PELLEGRINO (FUN.)        ;01/01/2022;11/09/2022;24/06/2023;31/08/2023;estiva festiva;;;x;;;;;;;;;x;;;;;;;;;; 36,00 € ;;;;;; 468,00 € ;;;2; -   € ; -   € ; -   ;;;;; -   ;2;0;0;; 36,00 € ;;;;;;;;;;;; 72,00 € ; -   € ; -   € ; -   € ;24;0;0;0
27;frequenza corretta da capitolato;27;123;175;10:47;11:10;Passo S. Pellegrino-Moena;feriale estiva;12,00;50; 67 ; 804,00 ;DESILVESTRO TAXI E VIAGGI SRL;FN362MX;43;"FZ047KX GC807JF
";23+20;;;  1253CM;P.S.PELLEGRINO (FUN.)        ;  1250AT;Moena (Albergo Trentino)     ;01/01/2022;11/09/2022;24/06/2023;31/08/2023;estiva feriale lu-sa;;;x;x;;x;x;x;x;x;x;;;;;;;;;;; 21,60 € ;;;;;; 1.447,20 € ;;;2; -   € ; 14,40 € ; 965 ;;;;; -   ;9;0;0;0; 36,00 € ;;;;;;;;;;;; 324,00 € ; -   € ; -   € ; -   € ;108;0;0;0
28;;28;123;175;10:47;11:10;S. Pellegrino - Moena;"festiva 
estiva";12,00;50; 13 ; 156,00 ;DESILVESTRO TAXI E VIAGGI SRL;FN362MX;43;"FZ047KX GC807JF
";23+20;;;  1253CM;P.S.PELLEGRINO (FUN.)        ;  1250AT;Moena (Albergo Trentino)     ;01/01/2022;11/09/2022;24/06/2023;31/08/2023;estiva festiva;;;x;;;;;;;;;x;;;;;;;;;; 36,00 € ;;;;;; 468,00 € ;;;2; -   € ; -   € ; -   ;;;;; -   ;2;0;0;; 36,00 € ;;;;;;;;;;;; 72,00 € ; -   € ; -   € ; -   € ;24;0;0;0
29;;29;123;176;11:20;11:42;Moena-Passo S.Pellegrino;"estiva
feriale ";12,00;50; 67 ; 804,00 ;DESILVESTRO TAXI E VIAGGI SRL;FN362MX;43;"FZ047KX GC807JF
";23+20;;;  1250AT;Moena (Albergo Trentino)     ;  1253CM;  P.S.PELLEGRINO (FUN.)        ;01/01/2022;11/09/2022;24/06/2023;31/08/2023;estiva feriale lu-sa;;;x;x;;x;x;x;x;x;x;;;;;;;;;;; 36,00 € ;;;;;; 2.412,00 € ;;;2; -   € ; -   € ; -   ;;;;; -   ;9;0;0;0; 36,00 € ;;;;;;;;;;;; 324,00 € ; -   € ; -   € ; -   € ;108;0;0;0
30;;30;123;176;11:20;11:42;Moena-Passo S.Pellegrino;"festiva 
estiva";12,00;50; 13 ; 156,00 ;DESILVESTRO TAXI E VIAGGI SRL;FN362MX;43;"FZ047KX GC807JF
";23+20;;;  1250AT;Moena (Albergo Trentino)     ;  1253CM;  P.S.PELLEGRINO (FUN.)        ;01/01/2022;11/09/2022;24/06/2023;31/08/2023;estiva festiva;;;x;;;;;;;;;x;;;;;;;;;; 36,00 € ;;;;;; 468,00 € ;;;2; -   € ; -   € ; -   ;;;;; -   ;2;0;0;; 36,00 € ;;;;;;;;;;;; 72,00 € ; -   € ; -   € ; -   € ;24;0;0;0
31;;31;123;177;11:47;12:10;Passo S. Pellegrino-Moena;"estiva
feriale ";12,00;50; 67 ; 804,00 ;DESILVESTRO TAXI E VIAGGI SRL;FN362MX;43;"FZ047KX GC807JF
";23+20;;;  1253CM;P.S.PELLEGRINO (FUN.)        ;  1250AT;Moena (Albergo Trentino)     ;01/01/2022;11/09/2022;24/06/2023;31/08/2023;estiva feriale lu-sa;;;x;x;;x;x;x;x;x;x;;;;;;;;;;; 36,00 € ;;;;;; 2.412,00 € ;;;2; -   € ; -   € ; -   ;;;;; -   ;9;0;0;0; 36,00 € ;;;;;;;;;;;; 324,00 € ; -   € ; -   € ; -   € ;108;0;0;0
32;;32;123;177;11:47;12:10;Passo S. Pellegrino-Moena;"festiva 
estiva";12,00;50; 13 ; 156,00 ;DESILVESTRO TAXI E VIAGGI SRL;FN362MX;43;"FZ047KX GC807JF
";23+20;;;  1253CM;P.S.PELLEGRINO (FUN.)        ;  1250AT;Moena (Albergo Trentino)     ;01/01/2022;11/09/2022;24/06/2023;31/08/2023;estiva festiva;;;x;;;;;;;;;x;;;;;;;;;; 36,00 € ;;;;;; 468,00 € ;;;2; -   € ; -   € ; -   ;;;;; -   ;2;0;0;; 36,00 € ;;;;;;;;;;;; 72,00 € ; -   € ; -   € ; -   € ;24;0;0;0
33;;33;123;178;13:50;14:12;Moena-Passo S.Pellegrino;"estiva
feriale ";12,00;50; 67 ; 804,00 ;DESILVESTRO TAXI E VIAGGI SRL;FN362MX;43;"FZ047KX GC807JF
";23+20;;;  1250AT;Moena (Albergo Trentino)     ;  1253CM;  P.S.PELLEGRINO (FUN.)        ;01/01/2022;11/09/2022;24/06/2023;31/08/2023;estiva feriale lu-sa;;;x;x;;x;x;x;x;x;x;;;;;;;;;;; 36,00 € ;;;;;; 2.412,00 € ;;;2; -   € ; -   € ; -   ;;;;; -   ;9;0;0;0; 36,00 € ;;;;;;;;;;;; 324,00 € ; -   € ; -   € ; -   € ;108;0;0;0
34;;34;123;178;13:50;14:12;Moena-Passo S.Pellegrino;"festiva 
estiva";12,00;50; 13 ; 156,00 ;DESILVESTRO TAXI E VIAGGI SRL;FN362MX;43;"FZ047KX GC807JF
";23+20;;;  1250AT;Moena (Albergo Trentino)     ;  1253CM;  P.S.PELLEGRINO (FUN.)        ;01/01/2022;11/09/2022;24/06/2023;31/08/2023;estiva festiva;;;x;;;;;;;;;x;;;;;;;;;; 36,00 € ;;;;;; 468,00 € ;;;2; -   € ; -   € ; -   ;;;;; -   ;2;0;0;; 36,00 € ;;;;;;;;;;;; 72,00 € ; -   € ; -   € ; -   € ;24;0;0;0
35;;35;123;179;14:20;14:42;Passo S. Pellegrino-Moena;"estiva
feriale ";12,00;50; 67 ; 804,00 ;DESILVESTRO TAXI E VIAGGI SRL;FN362MX;43;"FZ047KX GC807JF
";23+20;;;  1253CM;P.S.PELLEGRINO (FUN.)        ;  1250AT;Moena (Albergo Trentino)     ;01/01/2022;11/09/2022;24/06/2023;31/08/2023;estiva feriale lu-sa;;;x;x;;x;x;x;x;x;x;;;;;;;;;;; 36,00 € ;;;;;; 2.412,00 € ;;;2; -   € ; -   € ; -   ;;;;; -   ;9;0;0;0; 36,00 € ;;;;;;;;;;;; 324,00 € ; -   € ; -   € ; -   € ;108;0;0;0
36;;36;123;179;14:20;14:42;Passo S. Pellegrino-Moena;"festiva 
estiva";12,00;50; 13 ; 156,00 ;DESILVESTRO TAXI E VIAGGI SRL;FN362MX;43;"FZ047KX GC807JF
";23+20;;;  1253CM;P.S.PELLEGRINO (FUN.)        ;  1250AT;Moena (Albergo Trentino)     ;01/01/2022;11/09/2022;24/06/2023;31/08/2023;estiva festiva;;;x;;;;;;;;;x;;;;;;;;;; 36,00 € ;;;;;; 468,00 € ;;;2; -   € ; -   € ; -   ;;;;; -   ;2;0;0;; 36,00 € ;;;;;;;;;;;; 72,00 € ; -   € ; -   € ; -   € ;24;0;0;0
37;;37;123;180;15:50;16:12;Moena-Passo S.Pellegrino;"estiva
feriale ";12,00;50; 67 ; 804,00 ;DESILVESTRO TAXI E VIAGGI SRL;FN362MX;43;"FZ047KX GC807JF
";23+20;;;  1250AT;Moena (Albergo Trentino)     ;  1253CM;  P.S.PELLEGRINO (FUN.)        ;01/01/2022;11/09/2022;24/06/2023;31/08/2023;estiva feriale lu-sa;;;x;x;;x;x;x;x;x;x;;;;;;;;;;; 36,00 € ;;;;;; 2.412,00 € ;;;2; -   € ; -   € ; -   ;;;;; -   ;9;0;0;0; 36,00 € ;;;;;;;;;;;; 324,00 € ; -   € ; -   € ; -   € ;108;0;0;0
38;;38;123;180;15:50;16:12;Moena-Passo S.Pellegrino;"festiva 
estiva";12,00;50; 13 ; 156,00 ;DESILVESTRO TAXI E VIAGGI SRL;FN362MX;43;"FZ047KX GC807JF
";23+20;;;  1250AT;Moena (Albergo Trentino)     ;  1253CM;  P.S.PELLEGRINO (FUN.)        ;01/01/2022;11/09/2022;24/06/2023;31/08/2023;estiva festiva;;;x;;;;;;;;;x;;;;;;;;;; 36,00 € ;;;;;; 468,00 € ;;;2; -   € ; -   € ; -   ;;;;; -   ;2;0;0;; 36,00 € ;;;;;;;;;;;; 72,00 € ; -   € ; -   € ; -   € ;24;0;0;0
39;;39;123;181;16:17;16:39;Passo S. Pellegrino-Moena;"estiva
feriale ";12,00;50; 67 ; 804,00 ;DESILVESTRO TAXI E VIAGGI SRL;FN362MX;43;"FZ047KX GC807JF
";23+20;;;  1253CM;P.S.PELLEGRINO (FUN.)        ;  1250AT;Moena (Albergo Trentino)     ;01/01/2022;11/09/2022;24/06/2023;31/08/2023;estiva feriale lu-sa;;;x;x;;x;x;x;x;x;x;;;;;;;;;;; 36,00 € ;;;;;; 2.412,00 € ;;;2; -   € ; -   € ; -   ;;;;; -   ;9;0;0;0; 36,00 € ;;;;;;;;;;;; 324,00 € ; -   € ; -   € ; -   € ;108;0;0;0
40;;40;123;181;16:17;16:39;Passo S. Pellegrino-Moena;"festiva 
estiva";12,00;50; 13 ; 156,00 ;DESILVESTRO TAXI E VIAGGI SRL;FN362MX;43;"FZ047KX GC807JF
";23+20;;;  1253CM;P.S.PELLEGRINO (FUN.)        ;  1250AT;Moena (Albergo Trentino)     ;01/01/2022;11/09/2022;24/06/2023;31/08/2023;estiva festiva;;;x;;;;;;;;;x;;;;;;;;;; 36,00 € ;;;;;; 468,00 € ;;;2; -   € ; -   € ; -   ;;;;; -   ;2;0;0;; 36,00 € ;;;;;;;;;;;; 72,00 € ; -   € ; -   € ; -   € ;24;0;0;0
41;;41;123;182;16:50;17:27;Moena - Falcade;estiva feriale;22,00;50; 67 ; 1.474,00 ;DESILVESTRO TAXI E VIAGGI SRL;FN362MX;43;"FZ047KX GC807JF
";23+20;;;  1250AT;Moena (Albergo Trentino)     ;1255;FALCADE                      ;01/01/2022;11/09/2022;24/06/2023;31/08/2023;estiva feriale lu-sa;;;x;x;;x;x;x;x;x;x;;;;;;;;;;; 63,39 € ;;;;;; 4.247,13 € ;;;2; -   € ; 2,61 € ; 175 ;;;;; -   ;9;0;0;0; 66,00 € ;;;;;;;;;;;; 594,00 € ; -   € ; -   € ; -   € ;198;0;0;0
42;;42;123;182;16:50;17:27;Moena-Passo S.Pellegrino-Falcade;"festiva 
estiva";22,00;50; 13 ; 286,00 ;DESILVESTRO TAXI E VIAGGI SRL;FN362MX;43;"FZ047KX GC807JF
";23+20;;;  1250AT;Moena (Albergo Trentino)     ;1255;FALCADE                      ;01/01/2022;11/09/2022;24/06/2023;31/08/2023;estiva festiva;;;x;;;;;;;;;x;;;;;;;;;; 66,00 € ;;;;;; 858,00 € ;;;2; -   € ; -   € ; -   ;;;;; -   ;2;0;0;; 66,00 € ;;;;;;;;;;;; 132,00 € ; -   € ; -   € ; -   € ;44;0;0;0
43;;43;123;183;17:37;18:14;Falcade-Passo S. Pellegrino-Moena;estiva feriale;22,00;50; 67 ; 1.474,00 ;DESILVESTRO TAXI E VIAGGI SRL;FN362MX;43;"FZ047KX GC807JF
";23+20;;;1255;FALCADE                      ;  1250AT;Moena (Albergo Trentino)     ;01/01/2022;11/09/2022;24/06/2023;31/08/2023;estiva feriale lu-sa;;;x;x;;x;x;x;x;x;x;;;;;;;;;;; 63,39 € ;;;;;; 4.247,13 € ;;;2; -   € ; 2,61 € ; 175 ;;;;; -   ;9;0;0;0; 66,00 € ;;;;;;;;;;;; 594,00 € ; -   € ; -   € ; -   € ;198;0;0;0
44;;44;123;183;17:37;18:14;Falcade-Passo S. Pellegrino-Moena;"festiva 
estiva";22,00;50; 13 ; 286,00 ;DESILVESTRO TAXI E VIAGGI SRL;FN362MX;43;"FZ047KX GC807JF
";23+20;;;1255;FALCADE                      ;  1250AT;Moena (Albergo Trentino)     ;01/01/2022;11/09/2022;24/06/2023;31/08/2023;estiva festiva;;;x;;;;;;;;;x;;;;;;;;;; 66,00 € ;;;;;; 858,00 € ;;;2; -   € ; -   € ; -   ;;;;; -   ;2;0;0;; 66,00 € ;;;;;;;;;;;; 132,00 € ; -   € ; -   € ; -   € ;44;0;0;0
45;;45;123;184;18:30;18:52;Moena - S.Pellegrino;estiva feriale;12,00;50; 67 ; 804,00 ;DESILVESTRO TAXI E VIAGGI SRL;FN362MX;43;"FZ047KX GC807JF
";23+20;;;  1250AT;Moena (Albergo Trentino)     ;  1253CM;  P.S.PELLEGRINO (FUN.)        ;01/01/2022;11/09/2022;24/06/2023;31/08/2023;estiva feriale lu-sa;;;x;x;;x;x;x;x;x;x;;;;;;;;;;; 34,58 € ;;;;;; 2.316,86 € ;;;2; -   € ; 1,42 € ; 95 ;;;;; -   ;9;0;0;0; 36,00 € ;;;;;;;;;;;; 324,00 € ; -   € ; -   € ; -   € ;108;0;0;0
46;;46;123;184;18:30;18:52;Moena-Passo S.Pellegrino;"festiva 
estiva";12,00;50; 13 ; 156,00 ;DESILVESTRO TAXI E VIAGGI SRL;FN362MX;43;"FZ047KX GC807JF
";23+20;;;  1250AT;Moena (Albergo Trentino)     ;  1253CM;  P.S.PELLEGRINO (FUN.)        ;01/01/2022;11/09/2022;24/06/2023;31/08/2023;estiva festiva;;;x;;;;;;;;;x;;;;;;;;;; 36,00 € ;;;;;; 468,00 € ;;;2; -   € ; -   € ; -   ;;;;; -   ;2;0;0;; 36,00 € ;;;;;;;;;;;; 72,00 € ; -   € ; -   € ; -   € ;24;0;0;0
47;frequenza corretta da capitolato;47;123;185;18:55;19:17;Passo S. Pellegrino-Moena;feriale estiva;12,00;50; 67 ; 804,00 ;DESILVESTRO TAXI E VIAGGI SRL;FN362MX;43;"FZ047KX GC807JF
";23+20;;;  1253CM;P.S.PELLEGRINO (FUN.)        ;  1250AT;Moena (Albergo Trentino)     ;01/01/2022;11/09/2022;24/06/2023;31/08/2023;estiva feriale lu-sa;;;x;x;;x;x;x;x;x;x;;;;;;;;;;; 34,58 € ;;;;;; 2.316,86 € ;;;2; -   € ; 1,42 € ; 95 ;;;;; -   ;9;0;0;0; 36,00 € ;;;;;;;;;;;; 324,00 € ; -   € ; -   € ; -   € ;108;0;0;0
48;;48;123;185;18:55;19:17;Passo S. Pellegrino-Moena;"festiva 
estiva";12,00;50; 13 ; 156,00 ;DESILVESTRO TAXI E VIAGGI SRL;FN362MX;43;"FZ047KX GC807JF
";23+20;;;  1253CM;P.S.PELLEGRINO (FUN.)        ;  1250AT;Moena (Albergo Trentino)     ;01/01/2022;11/09/2022;24/06/2023;31/08/2023;estiva festiva;;;x;;;;;;;;;x;;;;;;;;;; 36,00 € ;;;;;; 468,00 € ;;;2; -   € ; -   € ; -   ;;;;; -   ;2;0;0;; 36,00 € ;;;;;;;;;;;; 72,00 € ; -   € ; -   € ; -   € ;24;0;0;0
49;;49;202;92;07:45;08:40;Trento-Viote;"festiva 
estiva";24;30; 13 ; 312,00 ;PERINI FRANCO ;FF182VP;45;FA989GW;48;EY198WJ;45;1;TRENTO   (Autostaz.)         ;2660;VIOTE                        ;01/01/2022;11/09/2022;24/06/2023;31/08/2023;estiva festiva;;;x;;;;;;;;;x;;;;;;;;;;;;;PERINI FRANCO 3;;; -   € ;;;1;;;;;;;; -   ;2;0;0;; -   € ; estiva festiva ;2;;0;;0;;0;; 350,00 € ;; 700,00 € ; -   € ; -   € ; -   € ;48;0;0;0
50;;50;202;85;08:45;09:40;Viote-Trento;"festiva 
estiva";24;30; 13 ; 312,00 ;PERINI FRANCO ;FF182VP;45;FA989GW;48;EY198WJ;45;2660;VIOTE                        ;1;TRENTO (Autostaz.)         ;01/01/2022;11/09/2022;24/06/2023;31/08/2023;estiva festiva;;;x;;;;;;;;;x;;;;;;;;;;;;;PERINI FRANCO 3;;; -   € ;;;1;;;;;;;; -   ;2;0;0;; -   € ;;;;;;;;;;;; -   € ; -   € ; -   € ; -   € ;48;0;0;0
51;;51;204;148;06:40;07:50;Calavino-Riva del Garda;"scolastica 
da lunedì a sabato";34,00;50; 208 ; 7.072,00 ;SARCATOUR s.r.l.;FK791WG;55;FE629SK;54;FA895BD (FL781HC+FA989GW Perini già autorizzate in caso di cambio titolarità);57;2048;CALAVINO                     ;960;RIVA DEL G. (Autostaz.)      ;12/09/2022;09/06/2023;;;scolastica lu-sa;;;;;x;x;x;x;x;x;x;;;;;;;;;;; 102,00 € ;;;;;; 21.216,00 € ;;;2; -   € ; -   € ; -   ;;;; -   € ; -   ;17;25;25;18; 102,00 € ;;;;;;;;;;;; 1.734,00 € ; 2.550,00 € ; 2.550,00 € ; 1.836,00 € ;578;850;850;612
52;;52;204;281;07:18;07:48;Drena-Vigo Cavedine -Vezzano;"feriale 
da lunedì a venerdì";16,90;50; 252 ; 4.258,80 ;NICE srl;GE452VX;36;GG008PL;50;FF182VP (Perini);45;2057;DRENA                        ;  2040RR;VEZZANO (Piazza);01/09/2022;31/08/2023;;;annuale feriale lu-ve;;x;x;x;;x;x;x;x;x;;;;;;;;;;;; 110,35 € ;;;;;; 27.808,20 € ;;;2; -   € ; -   € ; -   ;;;;; -   ;22;21;21;20; 110,35 € ;;;;;;;;;;;; 2.427,70 € ; 2.317,35 € ; 2.317,35 € ; 2.207,00 € ;371,8;354,9;354,9;338
53;;53;204;375;14:22;14:37;Drò - Drena - Vigo Cavedine;"scolastica 
da lunedì a sabato";10,00;19; 208 ; 2.080,00 ;SRT S.R.L.;;;;;FL596HC (Sarcatour);17;2127;DRO                          ;2054;VIGO CAVEDINE                ;12/09/2022;09/06/2023;;;scolastica lu-sa;;;;;x;x;x;x;x;x;x;;;;;;;;;;; 55,48 € ;;;;;; 11.539,84 € ;;;1; -   € ; -   € ; -   ;;;;; -   ;17;25;25;18; 55,48 € ;;;;;;;;;;;; 943,16 € ; 1.387,00 € ; 1.387,00 € ; 998,64 € ;170;250;250;180
54;;54;204;414;14:30;15:02;Calavino-Dro;"scolastica 
da lunedì a venerdì";16,00;19; 174 ; 2.784,00 ;SRT S.R.L.;;;GH658ZZ (Perini);23;EW749GD (Perini);23;2048;CALAVINO                     ;2127;DRO                          ;12/09/2022;09/06/2023;;;scolastica lu-ve;;;;;x;x;x;x;x;x;;;;;;;;;;;; 28,80 € ;;;;;; 5.011,20 € ;;;1; 3,20 € ; -   € ; 556,80 € ;;;;; -   ;15;20;21;15; 32,00 € ;;;;;;;;;;; 8,00 € ; 600,00 € ; 800,00 € ; 696,00 € ; 480,00 € ;240;320;336;240
55;;55;204;200;16:32;17:03;Vezzano -Vigo Cavedine-Drena;"invernale
da lunedì a venerdì";17,90;55; 202 ; 3.615,80 ;NICE srl;GE452VX;36;GG008PL;50;FF182VP (Perini);45;  2040RR;VEZZANO (Piazza)             ;2057;DRENA                        ;12/09/2022;23/06/2023;;;invernale feriale lu-ve;;x;;x;;x;x;x;x;x;;;;;;;;;;;; 56,22 € ;;;;;; 11.356,44 € ;;;2; -   € ; -   € ; -   ;;;;; -   ;15;21;21;20; 56,22 € ;;;;;;;;;;;; 843,30 € ; 1.180,62 € ; 1.180,62 € ; 1.124,40 € ;268,5;375,9;375,9;358
56;;56;204;282;16:39;17:09;Vezzano -Vigo Cavedine-Drena;"Estiva
lunedì-venerdì";17,90;55; 55 ; 984,50 ;NICE srl;GE453VX;57;GG008PL;50;FF182VP (Perini);45;  2040RR;VEZZANO (Piazza)             ;2057;DRENA                        ;01/01/2022;11/09/2022;24/06/2023;31/08/2023;estiva feriale lu-ve;;;x;x;;x;x;x;x;x;;;;;;;;;;;; 56,22 € ;;;;;; 3.092,10 € ;;;2; -   € ; -   € ; -   ;;;;; -   ;7;0;0;; 56,22 € ;;;;;;;;;;;; 393,54 € ; -   € ; -   € ; -   € ;125,3;0;0;0
57;;57;205;59;06:52;06:58;S. Massenza - Due laghi;"estiva feriale 
dal lunedì al venerdì";1,00;19; 55 ; 55,00 ;NICE srl;FN426MX;20;GA984ER;23;GC658CS;24;2101;S.Massenza                   ;2100;Due Laghi                    ;01/01/2022;11/09/2022;24/06/2023;31/08/2023;estiva feriale lu-ve;;;x;x;;x;x;x;x;x;;;;;;;;;;;; 11,87 € ;;;;;; 652,85 € ;;;1; -   € ; -   € ; -   ;;;; 8,13 € ; 447 ;7;0;0;; 20,00 € ;;;;;;;;;;;; 140,00 € ; -   € ; -   € ; -   € ;7;0;0;0
58;;58;205;397;06:52;06:55;S. Massenza - Due laghi;"feriale non scolastica
da lunedì a sabato";1,00;19; 29 ; 29,00 ;NICE srl;FN426MX;20;GA984ER;23;GC658CS;24;2101;S.Massenza                   ;2100;Due Laghi                    ;12/09/2022;23/06/2023;;;invernale feriale no scol lu-sa;;x;;x;;;;;;;;;;;;x;x;x;x;x;x; 11,87 € ;;;;;; 344,23 € ;;;1; -   € ; -   € ; -   ;;;; 8,13 € ; 236 ;0;1;0;7; 20,00 € ;;;;;;;;;;;; -   € ; 20,00 € ; -   € ; 140,00 € ;0;1;0;7
59;;59;205;400;17:50;17:52;Due Laghi - S. Massenza;"scolastica 
da lunedì a venerdì";1,50;19; 174 ; 261,00 ;NICE srl;FN426MX;20;GA984ER;23;GC658CS;24;2100;Due Laghi                    ;2101;S.Massenza                   ;12/09/2022;09/06/2023;;;scolastica lu-ve;;;;;x;x;x;x;x;x;;;;;;;;;;;; 11,87 € ;;;;;; 2.065,38 € ;;;1; -   € ; -   € ; -   ;;;;; -   ;15;20;21;15; 11,87 € ;;;;;;;;;;;; 178,05 € ; 237,40 € ; 249,27 € ; 178,05 € ;22,5;30;31,5;22,5
60;;60;206;124;16:10;16:50;Trento - Terlago - Monte Terlago;"invernale
da lunedì a venerdì";18,30;35; 202 ; 3.696,60 ;NICE srl;GC658CS;23;GE452VX;36;;;1;TRENTO   (Autostaz.)         ;  2023AL;M.TERLAGO (H. 2 Laghi)       ;12/09/2022;23/06/2023;;;invernale feriale lu-ve;;x;;x;;x;x;x;x;x;;;;;;;;;;;; 75,33 € ;;;;;; 15.216,66 € ;;;1; -   € ; -   € ; -   ;;;;; -   ;15;21;21;20; 75,33 € ;;;;;;;;;;;; 1.129,95 € ; 1.581,93 € ; 1.581,93 € ; 1.506,60 € ;274,5;384,3;384,3;366
61;;61;213;5;06:55;07:10;Castel Condino - Cimego;"scolastica 
da lunedì a sabato";3,70;29; 208 ; 769,60 ;MAESTRI AUGUSTO & C. S.N.C. ;EC412AD;29;FR892WP;21;FW907WP solo al sabato;9;2324;CASTEL CONDINO               ;2310;Cimego                       ;12/09/2022;09/06/2023;;;scolastica lu-sa;;;;;x;x;x;x;x;x;x;;;;;;;;;;; 25,60 € ;;;;;; 5.324,80 € ;;;1; -   € ; -   € ; -   ;;;; -   € ; -   ;17;25;25;18; 25,60 € ;;;;;;;;;;;; 435,20 € ; 640,00 € ; 640,00 € ; 460,80 € ;62,9;92,5;92,5;66,6
62;;62;214;;07:24;07:45;Pregasina - Riva del Garda;"scolastica 
da lunedì a sabato";10,50;17; 208 ; 2.184,00 ;EUROTOUR SERVICE (IN SIGLA E.T.S.) DI AZZOLINI LUCA & C. S.N.C. ; FN744MW;9; FC376RJ;9;;;2160;PREGASINA                    ;960;RIVA DEL G. (Autostaz.)      ;12/09/2022;09/06/2023;;;scolastica lu-sa;;;;;x;x;x;x;x;x;x;;;;;;;;;;; 31,50 € ;;;;;; 6.552,00 € ;;;1; -   € ; -   € ; -   ;;;;; -   ;17;25;25;18; 31,50 € ;;;;;;;;;;;; 535,50 € ; 787,50 € ; 787,50 € ; 567,00 € ;178,5;262,5;262,5;189
63;;63;214;616;13:02;13:06;Pregasina bv.-Pregasina;"scolastica
sabato";3,10;8; 34 ; 105,40 ;EUROTOUR SERVICE (IN SIGLA E.T.S.) DI AZZOLINI LUCA & C. S.N.C. ; FN744MW;9; FC376RJ;9;;;2163;Pregasina Bivio              ;2160;PREGASINA                    ;12/09/2022;09/06/2023;;;scolastica sab;;;;;x;;;;;;x;;;;;;;;;;; 18,90 € ;;;;;; 642,60 € ;;;1; -   € ; -   € ; -   ;;;;; -   ;2;5;4;3; 18,90 € ;;;;;;;;;;;; 37,80 € ; 94,50 € ; 75,60 € ; 56,70 € ;6,2;15,5;12,4;9,3
64;;64;214;49;13:10;14:05;Pregasina - Riva del Garda;"scolastica 
sabato";10,50;8; 34 ; 357,00 ;EUROTOUR SERVICE (IN SIGLA E.T.S.) DI AZZOLINI LUCA & C. S.N.C. ; FN744MW;9; FC376RJ;9;;;2160;PREGASINA                    ;960;RIVA DEL G. (Autostaz.)      ;12/09/2022;09/06/2023;;;scolastica sab;;;;;x;;;;;;x;;;;;;;;;;; 18,90 € ;;;;;; 642,60 € ;;;1; 2,10 € ; -   € ; 71,40 € ;;;;; -   ;2;5;4;3; 21,00 € ;;;;;;;;;;;; 42,00 € ; 105,00 € ; 84,00 € ; 63,00 € ;21;52,5;42;31,5
65;;65;214;618;13:42;13:46;Pregasina bv.-Pregasina;scolastica di lunedì, mercoledì e venerdì;3,10;8; 106 ; 328,60 ;AUTOSERVIZI MATTUZZI CLAUDIO & C. S.N.C.;FN589MX;9;FL778HC;23;FN339MX;7;2163;Pregasina Bivio              ;2160;PREGASINA                    ;12/09/2022;09/06/2023;;;scolastica lu, me, ve;;;;;x;x;;x;;x;;;;;;;;;;;; 18,90 € ;;;;;; 2.003,40 € ;;;1; -   € ; -   € ; -   ;;;;; -   ;9;12;13;9; 18,90 € ;;;;;;;;;;;; 170,10 € ; 226,80 € ; 245,70 € ; 170,10 € ;27,9;37,2;40,3;27,9
66;;65 bis;214;618;13:42;13:46;Pregasina bv.-Pregasina;scolastica di martedì e giovedì;3,10;8; 68 ; 210,80 ;EUROTOUR SERVICE (IN SIGLA E.T.S.) DI AZZOLINI LUCA & C. S.N.C. ;FN744MW;9;FC376RJ;9;;;2163;Pregasina Bivio              ;2160;PREGASINA                    ;12/09/2022;09/06/2023;;;scolastica ma, gio;;;;;x;;x;;x;;;;;;;;;;;;; 18,90 € ;;;;;; 1.285,20 € ;;;1; -   € ; -   € ; -   ;;;;; -   ;6;8;8;6; 18,90 € ;;;;;;;;;;;; 113,40 € ; 151,20 € ; 151,20 € ; 113,40 € ;18,6;24,8;24,8;18,6
67;;66;214;49;14:37;14:58;Pregasina - Riva del Garda;scolastica di lunedì, mercoledì e venerdì;10,50;8/ 8; 106 ; 1.113,00 ;AUTOSERVIZI MATTUZZI CLAUDIO & C. S.N.C.;FN589MX;9;FL778HC;23;FN339MX;7;2160;PREGASINA                    ;960;RIVA DEL G. (Autostaz.)      ;12/09/2022;09/06/2023;;;scolastica lu, me, ve;;;;;x;x;;x;;x;;;;;;;;;;;; 18,90 € ;;;;;; 2.003,40 € ;;;1; 2,10 € ; -   € ; 222,60 € ;;;;; -   ;9;12;13;9; 21,00 € ;;;;;;;;;;;; 189,00 € ; 252,00 € ; 273,00 € ; 189,00 € ;94,5;126;136,5;94,5
68;;66 bis;214;49;14:37;14:58;Pregasina - Riva del Garda;scolastica di martedì e giovedì;10,50;8/ 8; 68 ; 714,00 ;EUROTOUR SERVICE (IN SIGLA E.T.S.) DI AZZOLINI LUCA & C. S.N.C. ;FN744MW;9;FC376RJ;9;;;2160;PREGASINA                    ;960;RIVA DEL G. (Autostaz.)      ;12/09/2022;09/06/2023;;;scolastica ma, gio;;;;;x;;x;;x;;;;;;;;;;;;; 18,90 € ;;;;;; 1.285,20 € ;;;1; 2,10 € ; -   € ; 142,80 € ;;;;; -   ;6;8;8;6; 21,00 € ;;;;;;;;;;;; 126,00 € ; 168,00 € ; 168,00 € ; 126,00 € ;63;84;84;63
69;;67;214;680;14:30;14:34;Pregasina bivio-Pregasina;scolastica di lunedì, mercoledì e venerdì;3,10;8/ 8; 106 ; 328,60 ;AUTOSERVIZI MATTUZZI CLAUDIO & C. S.N.C.;FN589MX;9;FL778HC;23;FN339MX;7;2163;Pregasina Bivio              ;2160;PREGASINA                    ;12/09/2022;09/06/2023;;;scolastica lu, me, ve;;;;;x;x;;x;;x;;;;;;;;;;;; 18,90 € ;;;;;; 2.003,40 € ;;;1; -   € ; -   € ; -   ;;;;; -   ;9;12;13;9; 18,90 € ;;;;;;;;;;;; 170,10 € ; 226,80 € ; 245,70 € ; 170,10 € ;27,9;37,2;40,3;27,9
70;;67 bis;214;680;14:30;14:34;Pregasina bivio-Pregasina;scolastica di martedì e giovedì;3,10;8/ 8; 68 ; 210,80 ;EUROTOUR SERVICE (IN SIGLA E.T.S.) DI AZZOLINI LUCA & C. S.N.C. ;FN744MW;9;FC376RJ;9;;;2163;Pregasina Bivio              ;2160;PREGASINA                    ;12/09/2022;09/06/2023;;;scolastica ma, gio;;;;;x;;x;;x;;;;;;;;;;;;; 18,90 € ;;;;;; 1.285,20 € ;;;1; -   € ; -   € ; -   ;;;;; -   ;6;8;8;6; 18,90 € ;;;;;;;;;;;; 113,40 € ; 151,20 € ; 151,20 € ; 113,40 € ;18,6;24,8;24,8;18,6
71;;68;312;730;08:30;09:54;Rovereto-Pian della Fugazze;"estiva+inv
festiva";41,00;30; 58 ; 2.378,00 ;TODESCHI AUTONOLEGGI SRL;GA901ZZ;16;FG707GA;21;CJ625MG;15;  3100SV;ROVERETO (Via Savioli)       ;3169;PIAN DELLE FUGAZZE           ;01/09/2022;31/08/2023;;;annuale festiva;;x;x;;;;;;;;;x;;;;;;;;;; 123,00 € ;;;;;; 7.134,00 € ;;;1; -   € ; -   € ; -   ;;;;; -   ;4;5;5;6; 123,00 € ;;;;;;;;;;;; 492,00 € ; 615,00 € ; 615,00 € ; 738,00 € ;164;205;205;246
72;;69;312;731;10:00;11:08;Pian delle Fugazze-Rovereto;"estiva+inv
festiva";32,00;30; 58 ; 1.856,00 ;TODESCHI AUTONOLEGGI SRL;GA901ZZ;16;FG707GA;21;CJ625MG;15;3169;PIAN DELLE FUGAZZE           ;3100;ROVERETO (Via Manzoni)       ;01/09/2022;31/08/2023;;;annuale festiva;;x;x;;;;;;;;;x;;;;;;;;;; 96,00 € ;;;;;; 5.568,00 € ;;;1; -   € ; -   € ; -   ;;;;; -   ;4;5;5;6; 96,00 € ;;;;;;;;;;;; 384,00 € ; 480,00 € ; 480,00 € ; 576,00 € ;128;160;160;192
73;;70;312;732;16:10;17:34;Rovereto-Pian della Fugazze;"estiva+inv
festiva";41,00;30; 58 ; 2.378,00 ;TODESCHI AUTONOLEGGI SRL;GA901ZZ;16;FG707GA;21;CJ625MG;15;  3100SV;ROVERETO (Via Savioli)       ;3169;PIAN DELLE FUGAZZE           ;01/09/2022;31/08/2023;;;annuale festiva;;x;x;;;;;;;;;x;;;;;;;;;; 123,00 € ;;;;;; 7.134,00 € ;;;1; -   € ; -   € ; -   ;;;;; -   ;4;5;5;6; 123,00 € ;;;;;;;;;;;; 492,00 € ; 615,00 € ; 615,00 € ; 738,00 € ;164;205;205;246
74;;71;312;733;17:40;18:48;Pian delle Fugazze-Rovereto;"estiva+inv
festiva";32,00;30; 58 ; 1.856,00 ;TODESCHI AUTONOLEGGI SRL;GA901ZZ;16;FG707GA;21;CJ625MG;15;3169;PIAN DELLE FUGAZZE           ;3100;ROVERETO (Via Manzoni)       ;01/09/2022;31/08/2023;;;annuale festiva;;x;x;;;;;;;;;x;;;;;;;;;; 96,00 € ;;;;;; 5.568,00 € ;;;1; -   € ; -   € ; -   ;;;;; -   ;4;5;5;6; 96,00 € ;;;;;;;;;;;; 384,00 € ; 480,00 € ; 480,00 € ; 576,00 € ;128;160;160;192
75;;72;413;11;06:25;06:33;Valcava - Brusago;"scolastica 
da lunedì a sabato";3,00;19; 208 ; 624,00 ;SVALDI PIERINO ;ES278NX;17;GH441KX;9;;;1121;VALCAVA                      ;4060;BRUSAGO                      ;12/09/2022;09/06/2023;;;scolastica lu-sa;;;;;x;x;x;x;x;x;x;;;;;;;;;;; 18,46 € ;;;;;; 3.839,68 € ;;;1; -   € ; -   € ; -   ;;;; 1,54 € ; 320 ;17;25;25;18; 20,00 € ;;;;;;;;;;;; 340,00 € ; 500,00 € ; 500,00 € ; 360,00 € ;51;75;75;54
76;;73;428;5;06:40;06:45;Svaldi - Bedollo;"scolastica 
da lunedì a sabato";2,00;19; 208 ; 416,00 ;SVALDI PIERINO ;ES278NX;17;GH441KX;9;;;4061;Svaldi                       ;4050;BEDOLLO                      ;12/09/2022;09/06/2023;;;scolastica lu-sa;;;;;x;x;x;x;x;x;x;;;;;;;;;;; 11,41 € ;;;;;; 2.373,28 € ;;;1; -   € ; -   € ; -   ;;;; 8,59 € ; 1.787 ;17;25;25;18; 20,00 € ;;;;;;;;;;;; 340,00 € ; 500,00 € ; 500,00 € ; 360,00 € ;34;50;50;36
77;;74;428;7;07:18;07:21;Svaldi - Bedollo;"scolastica 
da lunedì a sabato";2,00;19; 208 ; 416,00 ;SVALDI PIERINO ;ES278NX;17;GH441KX;9;;;4061;Svaldi                       ;4050;BEDOLLO                      ;12/09/2022;09/06/2023;;;scolastica lu-sa;;;;;x;x;x;x;x;x;x;;;;;;;;;;; 11,41 € ;;;;;; 2.373,28 € ;;;1; -   € ; -   € ; -   ;;;;; -   ;17;25;25;18; 11,41 € ;;;;;;;;;;;; 193,97 € ; 285,25 € ; 285,25 € ; 205,38 € ;34;50;50;36
78;;75;428;6;13:25;13:29;Bedollo - Svaldi;"scolastica 
da lunedì a sabato";2,00;19; 208 ; 416,00 ;SVALDI PIERINO ;ES278NX;17;GH441KX;9;;;4050;BEDOLLO                      ;4061;Svaldi                       ;12/09/2022;09/06/2023;;;scolastica lu-sa;;;;;x;x;x;x;x;x;x;;;;;;;;;;; 11,41 € ;;;;;; 2.373,28 € ;;;1; -   € ; -   € ; -   ;;;;; -   ;17;25;25;18; 11,41 € ;;;;;;;;;;;; 193,97 € ; 285,25 € ; 285,25 € ; 205,38 € ;34;50;50;36
79;;76;428;8;14:20;14:24;Bedollo - Svaldi;"scolastica 
da lunedì a sabato";2,00;19; 208 ; 416,00 ;SVALDI PIERINO ;ES278NX;17;GH441KX;9;;;4050;BEDOLLO                      ;4061;Svaldi                       ;12/09/2022;09/06/2023;;;scolastica lu-sa;;;;;x;x;x;x;x;x;x;;;;;;;;;;; 11,41 € ;;;;;; 2.373,28 € ;;;1; -   € ; -   € ; -   ;;;;; -   ;17;25;25;18; 11,41 € ;;;;;;;;;;;; 193,97 € ; 285,25 € ; 285,25 € ; 205,38 € ;34;50;50;36
80;;77;428;10;18:35;18:39;Bedollo - Svaldi;"scolastica 
da lunedì a venerdì";2,00;19; 174 ; 348,00 ;SVALDI PIERINO ;ES278NX;17;GH441KX;9;;;4050;BEDOLLO                      ;4061;Svaldi                       ;12/09/2022;09/06/2023;;;scolastica lu-ve;;;;;x;x;x;x;x;x;;;;;;;;;;;; 10,00 € ;;;;;; 1.740,00 € ;;;1; -   € ; -   € ; -   ;;;;; -   ;15;20;21;15; 10,00 € ;;;;;;;;;;;; 150,00 € ; 200,00 € ; 210,00 € ; 150,00 € ;30;40;42;30
81;;78;601;696;20:45;21:17;Trento FTM-Mezzolombardo FTM  (serv. Sostitutivo treno);"invernale
lunedì-sabato";22,00;19; 240 ; 5.280,00 ;ATP SRLS;FW970WP;23;GC658CS (ditta Nice srl);24;GG008PL (ditta Nice srl)  FN426MX (ditta Nice srl);50  20;  0001FS;TRENTO (Stazione FS)         ;6120;  MEZZOLOMBARDO                ;12/09/2022;23/06/2023;;;invernale feriale lu-sa;;x;;x;;x;x;x;x;x;x;;;;;;;;;;; 55,00 € ;;;;;; 13.200,00 € ;;;1; -   € ; -   € ; -   ;;;;; -   ;17;26;25;25; 55,00 € ;;;;;;;;;;;; 935,00 € ; 1.430,00 € ; 1.375,00 € ; 1.375,00 € ;374;572;550;550
82;;79;611;67;06:32;07:15;(Fai Miravalle) - Cortalta-Trento;"scolastica 
da lunedì a sabato";33,00;30; 208 ; 6.864,00 ;OSCAR VIAGGI DI FORMOLO OSCAR;GK082FC;42;FH992YZ (VITO VIAGGI);31;;;6135MV;Fai Paganella - Miravalle     ;  0001FS;TRENTO (Stazione FS)         ;12/09/2022;09/06/2023;;;scolastica lu-sa;;;;;x;x;x;x;x;x;x;;;;;;;;;;; 79,50 € ;;;;;; 16.536,00 € ;;;1; -   € ; -   € ; -   ;;;; -   € ; -   ;17;25;25;18; 79,50 € ;;;;;;;;;;;; 1.351,50 € ; 1.987,50 € ; 1.987,50 € ; 1.431,00 € ;561;825;825;594
83;;80;621;239;06:53;07:26;Mezzolombardo - Nave s. Rocco - Trento ;"scolastica 
solo giorno di sabato";21,00;55; 34 ; 714,00 ;SRT S.R.L.;;;FA989GW (Perini);48;FF182VP (Perini);45;  6120ST;Mezzolombardo (V.Devigili)   ;1;TRENTO (Autostaz.)         ;12/09/2022;09/06/2023;;;scolastica sab;;;;;x;;;;;;x;;;;;;;;;;; 63,00 € ;;;;;; 2.142,00 € ;;;2; -   € ; -   € ; -   ;;;; -   € ; -   ;2;5;4;3; 63,00 € ;;;;;;;;;;;; 126,00 € ; 315,00 € ; 252,00 € ; 189,00 € ;42;105;84;63
84;;81;621;966;08:30;08:54;Lavis FTM-Nave S.Rocco-Mezzolombardo;"estiva
feriale ";13,20;19; 67 ; 884,40 ;OSCAR VIAGGI DI FORMOLO OSCAR;GK082FC;42;GJ181FP;21;GC466NL;24;  1010MT;LAVIS (Staz. FTM)            ;6120;  MEZZOLOMBARDO                ;01/01/2022;11/09/2022;24/06/2023;31/08/2023;estiva feriale lu-sa;;;x;x;;x;x;x;x;x;x;;;;;;;;;;; 39,60 € ;;;;;; 2.653,20 € ;;;1; -   € ; -   € ; -   ;;;;; -   ;9;0;0;0; 39,60 € ;;;;;;;;;;;; 356,40 € ; -   € ; -   € ; -   € ;118,8;0;0;0
85;;82;621;966;08:30;08:54;Lavis FTM-Nave S.Rocco-Mezzolombardo;"invernale
lunedì-sabato";13,20;19; 240 ; 3.168,00 ;OSCAR VIAGGI DI FORMOLO OSCAR;GK082FC;42;GJ181FP;21;GC466NL;24;  1010MT;LAVIS (Staz. FTM)            ;6120;  MEZZOLOMBARDO                ;12/09/2022;23/06/2023;;;invernale feriale lu-sa;;x;;x;;x;x;x;x;x;x;;;;;;;;;;; 39,60 € ;;;;;; 9.504,00 € ;;;1; -   € ; -   € ; -   ;;;;; -   ;17;26;25;25; 39,60 € ;;;;;;;;;;;; 673,20 € ; 1.029,60 € ; 990,00 € ; 990,00 € ;224,4;343,2;330;330
86;;83;621;241;08:45;09:21;Mezzolombardo - Nave s. Rocco - Trento (dal 12/09/19);"festiva invernale
invernale";22,00;40; 45 ; 990,00 ;PERINI FRANCO ;FF182VP;45;FA989GW;48;EY198WJ;45;6120;  MEZZOLOMBARDO                ;1;TRENTO (Autostaz.)         ;12/09/2022;23/06/2023;;;invernale festiva;;x;;;;;;;;;;x;;;;;;;;;; 66,00 € ;;;;;; 2.970,00 € ;;;2; -   € ; -   € ; -   ;;;;; -   ;2;5;5;6; 66,00 € ;;;;;;;;;;;; 132,00 € ; 330,00 € ; 330,00 € ; 396,00 € ;44;110;110;132
87;;84;621;987;08:59;09:20;Mezzolombardo-Nave S.Rocco-Lavis FTM;"invernale
lunedì-sabato";11,30;19; 240 ; 2.712,00 ;OSCAR VIAGGI DI FORMOLO OSCAR;GK082FC;42;GJ181FP;21;GC466NL;24;6120;  MEZZOLOMBARDO                ;  1010CS;LAVIS;12/09/2022;23/06/2023;;;invernale feriale lu-sa;;x;;x;;x;x;x;x;x;x;;;;;;;;;;; 33,90 € ;;;;;; 8.136,00 € ;;;1; -   € ; -   € ; -   ;;;;; -   ;17;26;25;25; 33,90 € ;;;;;;;;;;;; 576,30 € ; 881,40 € ; 847,50 € ; 847,50 € ;192,1;293,8;282,5;282,5
88;;85;621;987;08:59;09:20;Mezzolombardo-Nave S.Rocco-Lavis FTM;"estiva
feriale ";11,30;19; 67 ; 757,10 ;OSCAR VIAGGI DI FORMOLO OSCAR;GK082FC;42;GJ181FP;21;GC466NL;24;6120;  MEZZOLOMBARDO                ;  1010CS;LAVIS;01/01/2022;11/09/2022;24/06/2023;31/08/2023;estiva feriale lu-sa;;;x;x;;x;x;x;x;x;x;;;;;;;;;;; 33,90 € ;;;;;; 2.271,30 € ;;;1; -   € ; -   € ; -   ;;;;; -   ;9;0;0;0; 33,90 € ;;;;;;;;;;;; 305,10 € ; -   € ; -   € ; -   € ;101,7;0;0;0
89;;86;621;968;09:26;09:50;Lavis FTM-Nave S.Rocco-Mezzolombardo;"estiva
feriale ";13,20;19; 67 ; 884,40 ;OSCAR VIAGGI DI FORMOLO OSCAR;GK082FC;42;GJ181FP;21;GC466NL;24;  1010MT;LAVIS (Staz. FTM)            ;6120;  MEZZOLOMBARDO                ;01/01/2022;11/09/2022;24/06/2023;31/08/2023;estiva feriale lu-sa;;;x;x;;x;x;x;x;x;x;;;;;;;;;;; 39,60 € ;;;;;; 2.653,20 € ;;;1; -   € ; -   € ; -   ;;;;; -   ;9;0;0;0; 39,60 € ;;;;;;;;;;;; 356,40 € ; -   € ; -   € ; -   € ;118,8;0;0;0
90;;87;621;989;11:50;12:09;Mezzolombardo-Nave S.Rocco-Lavis FTM;"estiva
feriale ";11,30;19; 67 ; 757,10 ;OSCAR VIAGGI DI FORMOLO OSCAR;GK082FC;42;GJ181FP;21;GC466NL;24;6120;  MEZZOLOMBARDO                ;  1010MT;LAVIS (Staz. FTM)            ;01/01/2022;11/09/2022;24/06/2023;31/08/2023;estiva feriale lu-sa;;;x;x;;x;x;x;x;x;x;;;;;;;;;;; 33,90 € ;;;;;; 2.271,30 € ;;;1; -   € ; -   € ; -   ;;;;; -   ;9;0;0;0; 33,90 € ;;;;;;;;;;;; 305,10 € ; -   € ; -   € ; -   € ;101,7;0;0;0
91;;88;621;970;16:50;17:14;Lavis FTM-Nave S.Rocco-Mezzolombardo;"invernale
lunedì-sabato";13,20;19; 240 ; 3.168,00 ;OSCAR VIAGGI DI FORMOLO OSCAR;GK082FC;42;FV001FA (Vito Viaggi) ;24;;;  1010MT;LAVIS (Staz. FTM)            ;6120;  MEZZOLOMBARDO                ;12/09/2022;23/06/2023;;;invernale feriale lu-sa;;x;;x;;x;x;x;x;x;x;;;;;;;;;;; 39,60 € ;;;;;; 9.504,00 € ;;;1; -   € ; -   € ; -   ;;;;; -   ;17;26;25;25; 39,60 € ;;;;;;;;;;;; 673,20 € ; 1.029,60 € ; 990,00 € ; 990,00 € ;224,4;343,2;330;330
92;;89;621;970;16:56;17:20;Lavis FTM-Nave S.Rocco-Mezzolombardo;"estiva
feriale ";13,20;19; 67 ; 884,40 ;OSCAR VIAGGI DI FORMOLO OSCAR;GK082FC;42;GJ181FP;21;GC466NL;24;  1010MT;LAVIS (Staz. FTM)            ;6120;  MEZZOLOMBARDO                ;01/01/2022;11/09/2022;24/06/2023;31/08/2023;estiva feriale lu-sa;;;x;x;;x;x;x;x;x;x;;;;;;;;;;; 39,60 € ;;;;;; 2.653,20 € ;;;1; -   € ; -   € ; -   ;;;;; -   ;9;0;0;0; 39,60 € ;;;;;;;;;;;; 356,40 € ; -   € ; -   € ; -   € ;118,8;0;0;0
93;;90;621;991;17:30;17:49;Mezzolombardo-Nave S.Rocco-Lavis FTM;"invernale
lunedì-sabato";11,30;19; 240 ; 2.712,00 ;OSCAR VIAGGI DI FORMOLO OSCAR;GK082FC;42;GJ181FP;21;;;6120;  MEZZOLOMBARDO                ;  1010MT;LAVIS (Staz. FTM)            ;12/09/2022;23/06/2023;;;invernale feriale lu-sa;;x;;x;;x;x;x;x;x;x;;;;;;;;;;; 33,90 € ;;;;;; 8.136,00 € ;;;1; -   € ; -   € ; -   ;;;;; -   ;17;26;25;25; 33,90 € ;;;;;;;;;;;; 576,30 € ; 881,40 € ; 847,50 € ; 847,50 € ;192,1;293,8;282,5;282,5
94;;91;634;537;08:40;09:14;Lanza-Cles;"Invernale 
festiva";20;19; 47 ; 940,00 ;VIAGGI CORNELIO DI FLESSATI NICOLA E C. S.N.C.;GH106PC;21;FR599WM;31;;;6755;LANZA DI RUMO                ;6220;CLES (Autostaz.)             ;12/09/2022;23/06/2023;;;invernale festiva;;x;;;;;;;;;;x;;;;;;;;;;;;;VIAGGI CICOLINI S.R.L .  ;;; -   € ;;;1;;;;;;;; -   ;2;5;5;6; -   € ; mensile ;1;;1;;1;;1;; 1.666,67 € ;; 1.666,67 € ; 1.666,67 € ; 1.666,67 € ; 1.666,67 € ;40;100;100;120
95;;92;634;535;08:40;09:14;Lanza-Cles;"festiva 
estiva";20;19; 13 ; 260,00 ;VIAGGI CORNELIO DI FLESSATI NICOLA E C. S.N.C.;GH106PC;21;FR599WM;31;;;6755;LANZA DI RUMO                ;6220;CLES (Autostaz.)             ;01/01/2022;11/09/2022;24/06/2023;31/08/2023;estiva festiva;;;x;;;;;;;;;x;;;;;;;;;;;;;VIAGGI CICOLINI S.R.L .  ;;; -   € ;;;1;;;;;;;; -   ;2;0;0;; -   € ;;;;;;;;;;;; -   € ; -   € ; -   € ; -   € ;40;0;0;0
96;;93;634;532;09:40;10:40;Cles-Bresimo-Lanza;"festiva 
estiva";28;19; 13 ; 364,00 ;VIAGGI CORNELIO DI FLESSATI NICOLA E C. S.N.C.;GH106PC;21;FR599WM;31;;;6220;CLES (Autostaz.)             ;6755;LANZA DI RUMO                ;01/01/2022;11/09/2022;24/06/2023;31/08/2023;estiva festiva;;;x;;;;;;;;;x;;;;;;;;;;;;;VIAGGI CICOLINI S.R.L .  ;;; -   € ;;;1;;;;;;;; -   ;2;0;0;; -   € ;;;;;;;;;;;; -   € ; -   € ; -   € ; -   € ;56;0;0;0
97;;94;634;530;09:40;10:40;Cles-Bresimo-Lanza;"Invernale 
festiva";28;19; 47 ; 1.316,00 ;VIAGGI CORNELIO DI FLESSATI NICOLA E C. S.N.C.;GH106PC;21;FR599WM;31;;;6220;CLES (Autostaz.)             ;6755;LANZA DI RUMO                ;12/09/2022;23/06/2023;;;invernale festiva;;x;;;;;;;;;;x;;;;;;;;;;;;;VIAGGI CICOLINI S.R.L .  ;;; -   € ;;;1;;;;;;;; -   ;2;5;5;6; -   € ;;;;;;;;;;;; -   € ; -   € ; -   € ; -   € ;56;140;140;168
98;;95;634;539;12:20;13:14;Lanza-Bresimo-Cles;"Invernale 
festiva";28;19; 47 ; 1.316,00 ;VIAGGI CORNELIO DI FLESSATI NICOLA E C. S.N.C.;GH106PC;21;FR599WM;31;;;6755;LANZA DI RUMO                ;6220;CLES (Autostaz.)             ;12/09/2022;23/06/2023;;;invernale festiva;;x;;;;;;;;;;x;;;;;;;;;;;;;VIAGGI CICOLINI S.R.L .  ;;; -   € ;;;1;;;;;;;; -   ;2;5;5;6; -   € ;;;;;;;;;;;; -   € ; -   € ; -   € ; -   € ;56;140;140;168
99;;96;634;539;12:25;13:19;Lanza-Bresimo-Cles;"festiva 
estiva";28;19; 13 ; 364,00 ;VIAGGI CORNELIO DI FLESSATI NICOLA E C. S.N.C.;GH106PC;21;FR599WM;31;;;6755;LANZA DI RUMO                ;6220;CLES (Autostaz.)             ;01/01/2022;11/09/2022;24/06/2023;31/08/2023;estiva festiva;;;x;;;;;;;;;x;;;;;;;;;;;;;VIAGGI CICOLINI S.R.L .  ;;; -   € ;;;1;;;;;;;; -   ;2;0;0;; -   € ;;;;;;;;;;;; -   € ; -   € ; -   € ; -   € ;56;0;0;0
100;;97;634;538;15:40;16:35;Cles-Bresimo-Lanza;"Invernale 
festiva";28;19; 47 ; 1.316,00 ;VIAGGI CORNELIO DI FLESSATI NICOLA E C. S.N.C.;GH106PC;21;FR599WM;31;;;6220;CLES (Autostaz.)             ;6755;LANZA DI RUMO                ;12/09/2022;23/06/2023;;;invernale festiva;;x;;;;;;;;;;x;;;;;;;;;;;;;VIAGGI CICOLINI S.R.L .  ;;; -   € ;;;1;;;;;;;; -   ;2;5;5;6; -   € ;;;;;;;;;;;; -   € ; -   € ; -   € ; -   € ;56;140;140;168
101;;98;634;543;16:40;17:14;Lanza-Cles;"Invernale 
festiva";20;19; 47 ; 940,00 ;VIAGGI CORNELIO DI FLESSATI NICOLA E C. S.N.C.;GH106PC;21;FR599WM;31;;;6755;LANZA DI RUMO                ;6220;CLES (Autostaz.)             ;12/09/2022;23/06/2023;;;invernale festiva;;x;;;;;;;;;;x;;;;;;;;;;;;;VIAGGI CICOLINI S.R.L .  ;;; -   € ;;;1;;;;;;;; -   ;2;5;5;6; -   € ;;;;;;;;;;;; -   € ; -   € ; -   € ; -   € ;40;100;100;120
102;;99;634;536;17:25;18:20;Cles-Bresimo-Lanza;"festiva 
estiva";28;19; 13 ; 364,00 ;VIAGGI CORNELIO DI FLESSATI NICOLA E C. S.N.C.;GH106PC;21;FR599WM;31;;;6220;CLES (Autostaz.)             ;6755;LANZA DI RUMO                ;01/01/2022;11/09/2022;24/06/2023;31/08/2023;estiva festiva;;;x;;;;;;;;;x;;;;;;;;;;;;;VIAGGI CICOLINI S.R.L .  ;;; -   € ;;;1;;;;;;;; -   ;2;0;0;; -   € ;;;;;;;;;;;; -   € ; -   € ; -   € ; -   € ;56;0;0;0
103;;100;634;544;17:50;18:24;Cles-Lanza;"Invernale 
festiva";20;19; 47 ; 940,00 ;VIAGGI CORNELIO DI FLESSATI NICOLA E C. S.N.C.;GH106PC;21;FR599WM;31;;;6220;CLES (Autostaz.)             ;6755;LANZA DI RUMO                ;12/09/2022;23/06/2023;;;invernale festiva;;x;;;;;;;;;;x;;;;;;;;;;;;;VIAGGI CICOLINI S.R.L .  ;;; -   € ;;;1;;;;;;;; -   ;2;5;5;6; -   € ;;;;;;;;;;;; -   € ; -   € ; -   € ; -   € ;40;100;100;120
104;;101;640;659;18:15;18:43;Malè-Somrabbi;"scolastica 
da lunedì a venerdì";16,00;30; 174 ; 2.784,00 ;VIAGGI CICOLINI S.R.L .  ;EW792KB;45;EL182VV (Paternoster );21;FX408CM;9;6300;MALE'                        ;6328;SOMRABBI                     ;12/09/2022;09/06/2023;;;scolastica lu-ve;;;;;x;x;x;x;x;x;;;;;;;;;;;; 48,00 € ;;;;;; 8.352,00 € ;;;1; -   € ; -   € ; -   ;;;;; -   ;15;20;21;15; 48,00 € ;;;;;;;;;;;; 720,00 € ; 960,00 € ; 1.008,00 € ; 720,00 € ;240;320;336;240
105;;102;091;490;04:45;05:45;Trento-Laives;feriale;50;50; 296 ; 14.800,00 ;MDL s.r.l.;FL557HC;53;FH962KW;54;EW035MJ;53;  0001FS;TRENTO (Stazione FS)         ;  1169SB;Laives - Stabilimento Seeber ;01/09/2022;31/08/2023;;;annuale feriale lu-sa;;x;x;x;;x;x;x;x;x;x;;;;;;;;;;;;;;MDL s.r.l.;;; -   € ;;;2;;;;;;;; -   ;26;25;25;25; -   € ; annuale feriale lu-sa ;26;;25;;25;;25;; 220,00 € ;; 5.720,00 € ; 5.500,00 € ; 5.500,00 € ; 5.500,00 € ;1300;1250;1250;1250
106;;103;091;491;06:10;07:10;Laives-Trento;"feriale 
da martedì a sabato";50;50; 255 ; 12.750,00 ;MDL s.r.l.;FL557HC;53;FH962KW;54;EW035MJ;53;  1169SB;Laives - Stabilimento Seeber ;  0001FS;TRENTO (Stazione FS)         ;01/09/2022;31/08/2023;;;annuale feriale ma, me, gio, ve, sab;;x;x;x;;;x;x;x;x;x;;;;;;;;;;;;;;MDL s.r.l.;;; -   € ;;;2;;;;;;;; -   ;22;21;21;22; -   € ;;;;;;;;;;;; -   € ; -   € ; -   € ; -   € ;1100;1050;1050;1100
107;;104;101;656;07:03;07:25;(Solaiolo Alto extracapitolato) - Solaiolo basso - Cavalese;"scolastica 
da lunedì a sabato";15,00;15; 208 ; 3.120,00 ;DMG;FE259HG;17;FG962XM (Giacomelli);24;FZ863BE (Giacomelli);9;46.294100387964086, 11.389613582411105;Solaiolo Alto;1070;CAVALESE  (Autostaz.)        ;12/09/2022;09/06/2023;;;scolastica lu-sa;;;;;x;x;x;x;x;x;x;;;;;;;;;;; 38,54 € ;;;;;; 8.016,32 € ;;;1; -   € ; -   € ; -   ;;;;; -   ;17;25;25;18; 38,54 € ;;;;;;;;;;;; 655,18 € ; 963,50 € ; 963,50 € ; 693,72 € ;255;375;375;270
108;;105;101;661;13:50;14:05;Cavalese - Solaiolo                                                         al martedi partenza alle 14.15;"scolastica 
da lunedì a sabato";15,00;8; 208 ; 3.120,00 ;M.G.M. DI CASARI MARCO;FG050NA;9;FF736CS (Taxizeta);17;;;1070;CAVALESE  (Autostaz.)        ;  1059SO;Solaiolo Basso               ;12/09/2022;09/06/2023;;;scolastica lu-sa;;;;;x;x;x;x;x;x;x;;;;;;;;;;; 27,00 € ;;;;;; 5.616,00 € ;;;1; 3,00 € ; -   € ; 624,00 € ;;;;; -   ;17;25;25;18; 30,00 € ;;;;;;;;;;;; 510,00 € ; 750,00 € ; 750,00 € ; 540,00 € ;255;375;375;270
109;;106;101;662;14:10;14:25;Solaiolo - Cavalese                                          al martedì partenza alle 14.30;"scolastica 
da lunedì a sabato";15,00;8; 208 ; 3.120,00 ;M.G.M. DI CASARI MARCO;FG050NA;9;FF736CS (Taxizeta);17;;;  1059SO;Solaiolo Basso               ;1070;CAVALESE  (Autostaz.)        ;12/09/2022;09/06/2023;;;scolastica lu-sa;;;;;x;x;x;x;x;x;x;;;;;;;;;;; 27,00 € ;;;;;; 5.616,00 € ;;;1; 3,00 € ; -   € ; 624,00 € ;;;;; -   ;17;25;25;18; 30,00 € ;;;;;;;;;;;; 510,00 € ; 750,00 € ; 750,00 € ; 540,00 € ;255;375;375;270
110;;107;102;664;06:10;06:20;Grumes - Giro masi;"scolastica 
da lunedì a sabato";5,30;8; 208 ; 1.102,40 ;FERSINA TOUR S.R.L;EY732LP;17;EK526JA;9;;;  1081CA;Grumes maso Casel            ;  1081RR;GRUMES;12/09/2022;09/06/2023;;;scolastica lu-sa;;;;;x;x;x;x;x;x;x;;;;;;;;;;; 20,27 € ;;;;;; 4.216,16 € ;;;1; -   € ; -   € ; -   ;;;; -   € ; -   ;17;25;25;18; 20,27 € ;;;;;;;;;;;; 344,59 € ; 506,75 € ; 506,75 € ; 364,86 € ;90,1;132,5;132,5;95,4
111;;108;102;131;06:20;06:30;Faver loc.Ponciac-Cembra loc.Molini-Cembra;"scolastica 
da lunedì a sabato";5,00;8; 208 ; 1.040,00 ;MONAUNI CARLO S.N.C. DI MONAUNI GERARDO E C. ;FN568MX;9;GE347VX;9;;;  1079PC;Faver Via Ponciach, civ. 1   ;  1078RR;Cembra           ;12/09/2022;09/06/2023;;;scolastica lu-sa;;;;;x;x;x;x;x;x;x;;;;;;;;;;; 12,00 € ;;;;;; 2.496,00 € ;;;1; -   € ; -   € ; -   ;;;; 8,00 € ; 1.664 ;17;25;25;18; 20,00 € ;;;;;;;;;;;; 340,00 € ; 500,00 € ; 500,00 € ; 360,00 € ;85;125;125;90
112;;109;102;639;06:30;07:03;Cembra - Capriana;"scolastica 
da lunedì a venerdì";22,00;41; 174 ; 3.828,00 ;MONAUNI CARLO S.N.C. DI MONAUNI GERARDO E C. ;EX037JY;46;FA981GW (Planchel);45;;;  1078RR;CEMBRA;1084;CAPRIANA                     ;12/09/2022;09/06/2023;;;scolastica lu-ve;;;;;x;x;x;x;x;x;;;;;;;;;;;; 40,21 € ;;;;;; 6.996,54 € ;;;2;;;;;;; -   € ; -   ;15;20;21;15; 40,21 € ;;;;;;;;;;;; 603,15 € ; 804,20 € ; 844,41 € ; 603,15 € ;330;440;462;330
113;;110;102;131;06:43;07:21;Cembra - Trento (corsa bis);"scolastica 
da lunedì a venerdì";24,00;47; 174 ; 4.176,00 ;MONAUNI CARLO S.N.C. DI MONAUNI GERARDO E C. ;FE091HG;47;FF182VP (Perini);45;;;  1078RR;CEMBRA;1;TRENTO (Autostaz.)         ;12/09/2022;09/06/2023;;;scolastica lu-ve;;;;;x;x;x;x;x;x;;;;;;;;;;;; 161,42 € ;;;;;; 28.087,08 € ;;;2; -   € ; -   € ; -   ;;;; -   € ; -   ;15;20;21;15; 161,42 € ;;;;;;;;;;;; 2.421,30 € ; 3.228,40 € ; 3.389,82 € ; 2.421,30 € ;360;480;504;360
114;sostituita con linea 611;111;102;131;06:51;07:30;Lisignago - Trento (corsa bis) storno km corsa sostituita;"scolastica 
da lunedì a venerdì";21,00;55; 174 ; 3.654,00 ;sostituita Nice srl;GE453VX;57;FE205HG (ditta Fersina);57;;;6136;Santel (S.p. 64);6120;  MEZZOLOMBARDO                ;12/09/2022;31/10/2022;;;scolastica lu-ve;;;;;x;x;x;x;x;x;;;;;;;;;;;; 153,79 € ;;;;;; 26.759,46 € ;;;2; -   € ; -   € ; -   ;;;; -   € ; -   ;15;20;;; 153,79 € ;;;;;;;;;;;; 2.306,85 € ; 3.075,80 € ; -   € ; -   € ;315;420;0;0
115;;112;102;640;07:30;08:15;Valda - Faver - Cembra - Ville - S.Michele;"scolastica 
da lunedì a sabato";26,00;41; 208 ; 5.408,00 ;MONAUNI CARLO S.N.C. DI MONAUNI GERARDO E C. ;EX037JY;46;FA981GW (Planchel);45;;;1080;Valda                        ;954;S.Michele a/Adige            ;12/09/2022;09/06/2023;;;scolastica lu-sa;;;;;x;x;x;x;x;x;x;;;;;;;;;;; 173,70 € ;;;;;; 36.129,60 € ;;;2;;;;;;;; -   ;17;25;25;18; 173,70 € ;;;;;;;;;;;; 2.952,90 € ; 4.342,50 € ; 4.342,50 € ; 3.126,60 € ;442;650;650;468
116;;113;102;137;08:36;09:47;Grauno - Trento;festiva;37,00;20; 58 ; 2.146,00 ;MONAUNI CARLO S.N.C. DI MONAUNI GERARDO E C. ;FE091HG;47;GA938ER;24;;;1082;GRAUNO                       ;1;TRENTO (Autostaz.)         ;01/09/2022;31/08/2023;;;annuale festiva;;x;x;;;;;;;;;x;;;;;;;;;; 123,79 € ;;;;;; 7.180,08 € ;;;1; -   € ; -   € ; -   ;;;;; -   ;4;5;5;6; 123,79 € ;;;;;;;;;;;; 495,18 € ; 618,97 € ; 618,97 € ; 742,77 € ;148;185;185;222
117;;114;102;142;12:20;14:20;Trento-Cembra-Cavalese;"festiva 
estiva";62;30; 13 ; 806,00 ;PERINI FRANCO ;FF182VP;45;FA989GW;48;EY198WJ;45;1;TRENTO   (Autostaz.)         ;1070;CAVALESE  (Autostaz.)        ;01/01/2022;11/09/2022;24/06/2023;31/08/2023;estiva festiva;;;x;;;;;;;;;x;;;;;;;;;;;;;PERINI FRANCO 1;;; -   € ;;;1;;;;;;;; -   ;2;0;0;; -   € ;;;;;;;;;;;; -   € ; -   € ; -   € ; -   € ;124;0;0;0
118;;115;102;145;14:11;14:28;Capriana-Grauno;"Scolastica
mart+merc";8,00;9; 70 ; 560,00 ;AUTONOLEGGIO DI GUADAGNINI FERDINANDO E ZAMPIERI DAVID S.N.C.;ER906KZ;9;FY974HP;9;;;1084;CAPRIANA                     ;1082;GRAUNO                       ;12/09/2022;09/06/2023;;;scolastica ma, me;;;;;x;;x;x;;;;;;;;;;;;;; 24,00 € ;;;;;57; 1.680,00 € ;;;1; -   € ; -   € ; -   ;;;;; -   ;6;8;9;6; 24,00 € ;scolastica ma, me;6;;8;;9;;6;; 21,00 € ;; 270,00 € ; 360,00 € ; 405,00 € ; 270,00 € ;48;64;72;48
119;;116;102;665;14:32;14:51;Grumes - Giro masi;"scolastica 
da lunedì a venerdì";7,30;8; 174 ; 1.270,20 ;FERSINA TOUR S.R.L;EY732LP;17;EK526JA;9;;;1081;GRUMES;  1081TO;Grumes maso Todescat         ;12/09/2022;09/06/2023;;;scolastica lu-ve;;;;;x;x;x;x;x;x;;;;;;;;;;;; 13,14 € ;;;;;; 2.286,36 € ;;;1; 1,46 € ; -   € ; 254,04 € ;;;;; -   ;15;20;21;15; 14,60 € ;;;;;;;;;;;; 219,00 € ; 292,00 € ; 306,60 € ; 219,00 € ;109,5;146;153,3;109,5
120;;117;102;176;14:32;14:50;Grumes-Capriana;"scolastica 
da lunedì a venerdì";10,00;9; 174 ; 1.740,00 ;MONAUNI CARLO S.N.C. DI MONAUNI GERARDO E C. ;EX037JY;46;FE091HG;47;GA938ER;24;1081;GRUMES;1084;CAPRIANA                     ;12/09/2022;09/06/2023;;;scolastica lu-ve;;;;;x;x;x;x;x;x;;;;;;;;;;;; 18,00 € ;;;;;; 3.132,00 € ;;;1; 2,00 € ; -   € ; 348,00 € ;;;;; -   ;15;20;21;15; 20,00 € ;;;;;;;;;;;; 300,00 € ; 400,00 € ; 420,00 € ; 300,00 € ;150;200;210;150
121;;118;102;538;15:27;16:37;Trento-Grauno;"estiva feriale 
dal lunedì al venerdì";35;19; 55 ; 1.925,00 ;MONAUNI CARLO S.N.C. DI MONAUNI GERARDO E C. ;GA938ER;24;EN513NH;21;FE091HG;47;1;TRENTO   (Autostaz.)         ;1082;GRAUNO                       ;01/01/2022;11/09/2022;24/06/2023;31/08/2023;estiva feriale lu-ve;;;x;x;;x;x;x;x;x;;;;;;;;;;;;; 66,50 € ;;;;; -   € ; 3.657,50 € ;;1;;;; 3,50 € ; -   € ; 193 ;; -   ;7;0;0;; 70,00 € ;;;;;;;;;;;; 490,00 € ; -   € ; -   € ; -   € ;245;0;0;0
122;;119;102;185;15:50;17:21;Tesero-Palù di Giovo;"scolastica 
da lunedì a giovedì";51,00;41; 137 ; 6.987,00 ;MONAUNI CARLO S.N.C. DI MONAUNI GERARDO E C. ;EX037JY;46;FE091HG;47;;;1190;Tesero                       ;1075CP;Palu' di G. (C.Polisportivo)  ;12/09/2022;09/06/2023;;;scolastica lu, ma, me, gio;;;;;x;x;x;x;x;;;;;;;;;;;;; 91,80 € ;;;;;; 12.576,60 € ;;;2; -   € ; 61,20 € ; 8.384 ;;;;; -   ;12;16;17;12; 153,00 € ;;;;;;;;;;;; 1.836,00 € ; 2.448,00 € ; 2.601,00 € ; 1.836,00 € ;612;816;867;612
123;;120;102;147;17:00;19:10;Cavalese-Trento;"festiva 
estiva";62;30; 13 ; 806,00 ;PERINI FRANCO ;FF182VP;45;FA989GW;48;EY198WJ;45;1070;CAVALESE  (Autostaz.)        ;1;TRENTO (Autostaz.)         ;01/01/2022;11/09/2022;24/06/2023;31/08/2023;estiva festiva;;;x;;;;;;;;;x;;;;;;;;;;;;;PERINI FRANCO 2;;; -   € ;;;1;;;;;;;; -   ;2;0;0;; -   € ;;;;;;;;;;;; -   € ; -   € ; -   € ; -   € ;124;0;0;0
124;;121;103;928;06:13;06:30;Albiano-Lases-Segonzano;"scolastica 
da lunedì a venerdì";13,30;57; 174 ; 2.314,20 ;SIGNORI SI PARTE DI DONINI IORAM ;GE439VX;57; FY946HP;54;GE308VX (D'Amico);55;  1113MO;Albiano (Via Roma)           ;  1118SB;Scancio S. (Snack Bar)       ;12/09/2022;09/06/2023;;;scolastica lu-ve;;;;;x;x;x;x;x;x;;;;;;;;;;;; 39,90 € ;;;;;; 6.942,60 € ;;;2; -   € ; -   € ; -   ;;;; -   € ; -   ;15;20;21;15; 39,90 € ;;;;;;;;;;;; 598,50 € ; 798,00 € ; 837,90 € ; 598,50 € ;199,5;266;279,3;199,5
125;;122;103;101;06:20;06:25;Piscine - Sover;"invernale
lunedì-sabato";2,50;22; 240 ; 600,00 ;GROFF TOUR DI TATTI CARLA;GE457VX;9;FR981TK;18;;;1126;Piscine                      ;1122;SOVER                        ;12/09/2022;23/06/2023;;;invernale feriale lu-sa;;x;;x;;x;x;x;x;x;x;;;;;;;;;;; 20,68 € ;;;;;; 4.963,20 € ;;;1; -   € ; -   € ; -   ;;;; -   € ; -   ;17;26;25;25; 20,68 € ;;;;;;;;;;;; 351,56 € ; 537,68 € ; 517,00 € ; 517,00 € ;42,5;65;62,5;62,5
126;;123;103;101;06:42;07:42;Scancio di Segonzano  - Trento giro scuole (corsa bis);"scolastica 
da lunedì a venerdì";31,00;57; 174 ; 5.394,00 ;SIGNORI SI PARTE DI DONINI IORAM ;GE439VX;57; FY946HP;54;GE308VX (D'Amico);55;  1118SR;Scancio S.(Snack Bar);1;TRENTO (Autostaz.)         ;12/09/2022;09/06/2023;;;scolastica lu-ve;;;;;x;x;x;x;x;x;;;;;;;;;;;; 161,42 € ;;;;;; 28.087,08 € ;;;2; -   € ; -   € ; -   ;;;; -   € ; -   ;15;20;21;15; 161,42 € ;;;;;;;;;;;; 2.421,30 € ; 3.228,40 € ; 3.389,82 € ; 2.421,30 € ;465;620;651;465
127;;124;103;99;06:55;07:24;Lases - Trento Port'Aquila (corsa bis);"scolastica 
da lunedì a venerdì";18,00;20; 174 ; 3.132,00 ;GROFF PAOLO;FL561HC;21;FR820WP (Fersina Tour);21;;;  1112PE;LASES Pesa                   ;  0001PA;TRENTO  Port'Aquila;12/09/2022;09/06/2023;;;scolastica lu-ve;;;;;x;x;x;x;x;x;;;;;;;;;;;; 172,02 € ;;;;;; 29.931,48 € ;;;1; -   € ; -   € ; -   ;;;; -   € ; -   ;15;20;21;15; 172,02 € ;;;;;;;;;;;; 2.580,30 € ; 3.440,40 € ; 3.612,42 € ; 2.580,30 € ;270;360;378;270
128;;125;103;183;07:05;07:36;07.05 Sover-Segonzano-Sevignano-Faver bv;"scolastica 
da lunedì a sabato";16,00;20; 208 ; 3.328,00 ;GROFF  ALFREDO;GH502KX;17;FR981TK (Groff Tour);18;DZ900LD;23;1122;SOVER                        ;  1079FB;Faver bivio                  ;12/09/2022;09/06/2023;;;scolastica lu-sa;;;;;x;x;x;x;x;x;x;;;;;;;;;;; 88,88 € ;;;;;3; 18.487,04 € ;;;1; -   € ; -   € ; -   ;;;;; -   ;17;25;25;18; 88,88 € ; mensile ;1;;1;;1;;1;; 1.191,30 € ;; 2.702,26 € ; 3.413,30 € ; 3.413,30 € ; 2.791,14 € ;272;400;400;288
129;;126;103;224;10:20;10:40;Trento-Civezzano;estiva feriale;11;30; 67 ; 737,00 ;AUTONOLEGGI VISINTAINER di VISINTAINER FRANCESCO;FF721CS;35;FN583MX;23;FR784WP;21;1;TRENTO   (Autostaz.)         ;1100;CIVEZZANO                    ;01/01/2022;11/09/2022;24/06/2023;31/08/2023;estiva feriale lu-sa;;;x;x;;x;x;x;x;x;x;;;;;;;;;;;; 24,20 € ;;;;; -   € ; 1.621,40 € ;;1;;;; -   € ; -   € ; -   ;; -   ;9;0;0;0; 24,20 € ;;;;;;;;;;;; 217,80 € ; -   € ; -   € ; -   € ;99;0;0;0
130;;127;103;442;13:57;14:09;Fornace - Pian del Gacc (ore 14:00 part. il sabato);"scolastica 
da lunedì a sabato";2,00;19; 208 ; 416,00 ;AUTONOLEGGI VISINTAINER di VISINTAINER FRANCESCO;FX671LT;30;EX931HC;20;;;1111;FORNACE                      ;  1138VC;"Pian del Gac""Villaggio""      ";12/09/2022;09/06/2023;;;scolastica lu-sa;;;;;x;x;x;x;x;x;x;;;;;;;;;;; 31,98 € ;;;;;; 6.651,84 € ;;;1; -   € ; -   € ; -   ;;;;; -   ;17;25;25;18; 31,98 € ;;;;;;;;;;;; 543,66 € ; 799,50 € ; 799,50 € ; 575,64 € ;34;50;50;36
131;;128;103;203;14:00;14:08;Stramentizzo - Casatta;"scolastica 
da lunedì a sabato";6,50;16; 208 ; 1.352,00 ;FERSINA TOUR S.R.L;GA996ER;21;FR820WP;21;;;  1087FL;Stramentizzo (Bivio)         ;1127;CASATTA di VALFL.            ;12/09/2022;09/06/2023;;;scolastica lu-sa;;;;;x;x;x;x;x;x;x;;;;;;;;;;; 49,38 € ;;;;;; 10.271,04 € ;;;1; -   € ; -   € ; -   ;;;;; -   ;17;25;25;18; 49,38 € ;;;;;;;;;;;; 839,46 € ; 1.234,50 € ; 1.234,50 € ; 888,84 € ;110,5;162,5;162,5;117
132;;129;103;203;14:08;14:18;Casatta - Sover;"scolastica 
da lunedì a sabato";6,00;22; 208 ; 1.248,00 ;GROFF TOUR DI TATTI CARLA;FR981TK;18;GE457VX;9;;;1127;CASATTA di VALFL.            ;1122;SOVER                        ;12/09/2022;09/06/2023;;;scolastica lu-sa;;;;;x;x;x;x;x;x;x;;;;;;;;;;; 40,12 € ;;;;;; 8.344,96 € ;;;1; -   € ; -   € ; -   ;;;;; -   ;17;25;25;18; 40,12 € ;;;;;;;;;;;; 682,04 € ; 1.003,00 € ; 1.003,00 € ; 722,16 € ;102;150;150;108
133;;130;103;232;14:35;14:50;Civezzano-Fornace ;"scolastica 
da lunedì a venerdì";8,00;20; 174 ; 1.392,00 ;AUTONOLEGGI VISINTAINER di VISINTAINER FRANCESCO;FX671LT;30;EX931HC;20;FF721CS;35;1100;CIVEZZANO                    ;1111;FORNACE                      ;12/09/2022;09/06/2023;;;scolastica lu-ve;;;;;x;x;x;x;x;x;;;;;;;;;;;; 17,52 € ;;;;;; 3.048,00 € ;;;1; -   € ; -   € ; -   ;;;;; -   ;15;20;21;15; 17,52 € ;;;;;;;;;;;; 262,76 € ; 350,34 € ; 367,86 € ; 262,76 € ;120;160;168;120
134;;131;103;185;16:19;16:31;Sover-Scancio di Segonzano;"scolastica 
da lunedì a giovedì";8,80;41; 137 ; 1.205,60 ;FERSINA TOUR S.R.L;GA996ER;21;FR820WP;21;;;1122;SOVER                        ;1118;SCANCIO SEGONZANO            ;12/09/2022;09/06/2023;;;scolastica lu, ma, me, gio;;;;;x;x;x;x;x;;;;;;;;;;;;; 55,80 € ;;;;;; 7.644,60 € ;;;2; -   € ; -   € ; -   ;;;;; -   ;12;16;17;12; 55,80 € ;;;;;;;;;;;; 669,60 € ; 892,80 € ; 948,60 € ; 669,60 € ;105,6;140,8;149,6;105,6
135;km corretti da capitolato;132;103;191;16:33;16:44;"Scancio di Segonzano-Lases
in coinc. con c.sa Tte da Ist. Alberghiero Tesero ";"scolastica
martedì ";7,50;30; 34 ; 255,00 ;AUTONOLEGGI VISINTAINER di VISINTAINER FRANCESCO;FX671LT;30;EX931HC;20;FR784WP;21;1118;SCANCIO SEGONZANO            ;  1112PE;LASES (Pesa)                 ;12/09/2022;09/06/2023;;;scolastica ma;;;;;x;;x;;;;;;;;;;;;;;; 9,90 € ;;;;;; 336,60 € ;;;1; 5,10 € ; -   € ; 173,40 € ;;;;; -   ;3;4;4;3; 15,00 € ;;;;;;;;;;;; 45,00 € ; 60,00 € ; 60,00 € ; 45,00 € ;22,5;30;30;22,5
136;;133;103;123;18:55;19:15;Civezzano-Trento;"invernale
da lunedì a venerdì";11;30; 202 ; 2.222,00 ;AUTONOLEGGI VISINTAINER di VISINTAINER FRANCESCO;FX671LT;30;FR784WP;21;FF721CS;35;1100;CIVEZZANO ;1;TRENTO Autostaz.              ;12/09/2022;23/06/2023;;;invernale feriale lu-ve;;x;;x;;x;x;x;x;x;;;;;;;;;;;;; 24,20 € ;;;;; -   € ; 4.888,40 € ;;1;;;; -   € ; -   € ; -   ;; -   ;15;21;21;20; 24,20 € ;;;;;;;;;;;; 363,00 € ; 508,20 € ; 508,20 € ; 484,00 € ;165;231;231;220
137;;134;103;325;18:55;19:15;Civezzano-Trento;"estiva 
dal lunedì al venerdì feriale";11;19; 55 ; 605,00 ;ITALBUS S.N.C. DI CASAGRANDE ARMANDO E CHRISTIAN & C.;EV877GJ;21;EJ873ZA;23;;;1100;CIVEZZANO                    ;1;TRENTO (Autostaz.)         ;01/01/2022;11/09/2022;24/06/2023;31/08/2023;estiva feriale lu-ve;;;x;x;;x;x;x;x;x;;;;;;;;;;;;;;;ITALBUS S.N.C. DI CASAGRANDE ARMANDO E CHRISTIAN & C.;;; -   € ;;;1;;;;;;;; -   ;7;0;0;; -   € ; mensile ;1;;1;;1;;1;; 3.250,00 € ;; 3.250,00 € ; 3.250,00 € ; 3.250,00 € ; 3.250,00 € ;77;0;0;0
138;;135;103;248;19:30;19:50;Trento-Civezzano;feriale;11;30; 304 ; 3.344,00 ;AUTONOLEGGI VISINTAINER di VISINTAINER FRANCESCO;FX671LT;30;FR784WP;21;FN583MX;23;1;TRENTO   (Autostaz.)         ;1100;CIVEZZANO                    ;01/09/2022;31/08/2023;;;annuale feriale lu-sa;;x;x;x;;x;x;x;x;x;x;;;;;;;;;;;; 24,20 € ;;;;; -   € ; 7.356,80 € ;;1;;;; -   € ; -   € ; -   ;; -   ;26;26;25;25; 24,20 € ;;;;;;;;;;;; 629,20 € ; 629,20 € ; 605,00 € ; 605,00 € ;286;286;275;275
139;;136;105;639;06:02;06:30;Ville-Palù di Giovo-Cembra ;"scolastica 
da lunedì a venerdì";13,50;41; 174 ; 2.349,00 ;MONAUNI CARLO S.N.C. DI MONAUNI GERARDO E C. ;EX037JY;46;FA981GW (Planchel);45;;;1074;Ville di Giovo;  1078RR;Cembra           ;12/09/2022;09/06/2023;;;scolastica lu-ve;;;;;x;x;x;x;x;x;;;;;;;;;;;; 35,50 € ;;;;;; 6.177,00 € ;;;2;;;;;;; -   € ; -   ;15;20;21;15; 35,50 € ;;;;;;;;;;;; 532,50 € ; 710,00 € ; 745,50 € ; 532,50 € ;202,5;270;283,5;202,5
140;;137;105;233;07:06;07:19;Palù di Giovo - Verla;"scolastica 
da lunedì a venerdì";6,00;20; 174 ; 1.044,00 ;MONAUNI CARLO S.N.C. DI MONAUNI GERARDO E C. ;GA938ER;24;EN513NH;21;;;1075;PALU' DI GIOVO               ;1072;VERLA                        ;12/09/2022;09/06/2023;;;scolastica lu-ve;;;;;x;x;x;x;x;x;;;;;;;;;;;; 18,87 € ;;;;;; 3.283,38 € ;;;1; -   € ; -   € ; -   ;;;;; -   ;15;20;21;15; 18,87 € ;;;;;;;;;;;; 283,05 € ; 377,40 € ; 396,27 € ; 283,05 € ;90;120;126;90
141;;138;105;234;07:41;07:56;Verla - Palù di Giovo;"scolastica 
da lunedì a sabato";5,50;20; 208 ; 1.144,00 ;MONAUNI CARLO S.N.C. DI MONAUNI GERARDO E C. ;GA938ER;24;EN513NH;21;;;1072;VERLA                        ;1075;PALU' DI GIOVO               ;12/09/2022;09/06/2023;;;scolastica lu-sa;;;;;x;x;x;x;x;x;x;;;;;;;;;;; 11,30 € ;;;;;; 2.350,40 € ;;;1; -   € ; -   € ; -   ;;;;; -   ;17;25;25;18; 11,30 € ;;;;;;;;;;;; 192,10 € ; 282,50 € ; 282,50 € ; 203,40 € ;93,5;137,5;137,5;99
142;;139;105;151;07:56;08:09;Palù di Giovo - Verla;"scolastica 
da lunedì a sabato";5,50;20; 208 ; 1.144,00 ;MONAUNI CARLO S.N.C. DI MONAUNI GERARDO E C. ;GA938ER;24;EN513NH;21;;;1075;PALU' DI GIOVO               ;1072;VERLA                        ;12/09/2022;09/06/2023;;;scolastica lu-sa;;;;;x;x;x;x;x;x;x;;;;;;;;;;; 33,94 € ;;;;;; 7.059,52 € ;;;1; -   € ; -   € ; -   ;;;;; -   ;17;25;25;18; 33,94 € ;;;;;;;;;;;; 576,98 € ; 848,50 € ; 848,50 € ; 610,92 € ;93,5;137,5;137,5;99
143;;140;105;216;11:51;12:06;Verla - Palù di Giovo;"scolastica 
da lunedì a venerdì";5,50;20; 174 ; 957,00 ;MONAUNI CARLO S.N.C. DI MONAUNI GERARDO E C. ;GA938ER;24;EN513NH;21;;;1072;VERLA                        ;1075;PALU' DI GIOVO               ;12/09/2022;09/06/2023;;;scolastica lu-ve;;;;;x;x;x;x;x;x;;;;;;;;;;;; 33,94 € ;;;;;; 5.905,56 € ;;;1; -   € ; -   € ; -   ;;;;; -   ;15;20;21;15; 33,94 € ;;;;;;;;;;;; 509,10 € ; 678,80 € ; 712,74 € ; 509,10 € ;82,5;110;115,5;82,5
144;;141;105;500;15:56;16:05;Verla - Palù di Giovo, nei gg. senza scuola  e estivi   transita da Ville di Giovo;"feriale estivo + senza scuola
da lunedì a venerdì";5,50;8; 81 ; 445,50 ;MONAUNI CARLO S.N.C. DI MONAUNI GERARDO E C. ;GE347VX;9;FN568MX;9;;;1072;VERLA                        ;1075;PALU' DI GIOVO               ;01/01/2022;11/09/2022;24/06/2023;31/08/2023;estiva feriale lu-sa + no scol lu-ve;;;x;x;;x;x;x;x;x;;;;;;x;x;x;x;x;; 44,62 € ;;;;;; 3.614,22 € ;;;1; -   € ; -   € ; -   ;;;;; -   ;9;1;0;5; 44,62 € ;;;;;;;;;;;; 401,58 € ; 44,62 € ; -   € ; 223,10 € ;49,5;5,5;0;27,5
145;;142;105;628;15:59;16:01;Verla - Palù di Giovo (strada breve);"scolastica 
da lunedì a venerdì";2,00;8; 174 ; 348,00 ;MONAUNI CARLO S.N.C. DI MONAUNI GERARDO E C. ;GA938ER;24;GE347VX;9;FN568MX;9;1072;VERLA                        ;1075;PALU' DI GIOVO               ;12/09/2022;09/06/2023;;;scolastica lu-ve;;;;;x;x;x;x;x;x;;;;;;;;;;;; 44,62 € ;;;;;; 7.763,88 € ;;;1; -   € ; -   € ; -   ;;;;; -   ;15;20;21;15; 44,62 € ;;;;;;;;;;;; 669,30 € ; 892,40 € ; 937,02 € ; 669,30 € ;30;40;42;30
146;;143;105;181;16:01;16:14;Palù di Giovo - Ville di Giovo - Verla;"scolastica 
da lunedì a venerdì";5,50;8; 174 ; 957,00 ;MONAUNI CARLO S.N.C. DI MONAUNI GERARDO E C. ;GA938ER;24;GE347VX;9;FN568MX;9;1075;PALU' DI GIOVO               ;1072;VERLA                        ;12/09/2022;09/06/2023;;;scolastica lu-ve;;;;;x;x;x;x;x;x;;;;;;;;;;;; 9,90 € ;;;;;; 1.722,60 € ;;;1;;;;;;;; -   ;15;20;21;15; 9,90 € ;;;;;;;;;;;; 148,50 € ; 198,00 € ; 207,90 € ; 148,50 € ;82,5;110;115,5;82,5
147;;144;105;150;17:51;18:06;Verla - Palù di Giovo;"invernale
da lunedì a venerdì";5,50;8; 202 ; 1.111,00 ;MONAUNI CARLO S.N.C. DI MONAUNI GERARDO E C. ;GA938ER;24;GE347VX;9;FN568MX;9;1072;VERLA                        ;1075;PALU' DI GIOVO               ;12/09/2022;23/06/2023;;;invernale feriale lu-ve;;x;;x;;x;x;x;x;x;;;;;;;;;;;; 9,90 € ;;;;;; 1.999,80 € ;;;1; 1,10 € ; -   € ; 222,20 € ;;;;; -   ;15;21;21;20; 11,00 € ;;;;;;;;;;;; 165,00 € ; 231,00 € ; 231,00 € ; 220,00 € ;82,5;115,5;115,5;110
148;;145;105;150;17:55;18:06;Verla - Palù di Giovo;"Estiva
lunedì-venerdì";5,50;8; 55 ; 302,50 ;MONAUNI CARLO S.N.C. DI MONAUNI GERARDO E C. ;GA938ER;24;EN513NH;21;;;1072;VERLA                        ;1075;PALU' DI GIOVO               ;01/01/2022;11/09/2022;24/06/2023;31/08/2023;estiva feriale lu-ve;;;x;x;;x;x;x;x;x;;;;;;;;;;;; 13,75 € ;;;;;; 756,25 € ;;;1; -   € ; -   € ; -   ;;;;; -   ;7;0;0;; 13,75 € ;;;;;;;;;;;; 96,25 € ; -   € ; -   € ; -   € ;38,5;0;0;0
149;;146;105;218;18:16;18:31;Verla - Palù di Giovo;"invernale
da lunedì a venerdì";5,50;19; 202 ; 1.111,00 ;MONAUNI CARLO S.N.C. DI MONAUNI GERARDO E C. ;GA938ER;24;EN513NH;21;;;1072;VERLA                        ;1075;PALU' DI GIOVO               ;12/09/2022;23/06/2023;;;invernale feriale lu-ve;;x;;x;;x;x;x;x;x;;;;;;;;;;;; 12,50 € ;;;;;; 2.525,00 € ;;;1; -   € ; -   € ; -   ;;;;; -   ;15;21;21;20; 12,50 € ;;;;;;;;;;;; 187,50 € ; 262,50 € ; 262,50 € ; 250,00 € ;82,5;115,5;115,5;110
150;;147;105;218;18:16;18:31;Verla - Palù di Giovo;"Estiva
lunedì-venerdì";5,50;19; 55 ; 302,50 ;MONAUNI CARLO S.N.C. DI MONAUNI GERARDO E C. ;GA938ER;24;EN513NH;21;;;1072;VERLA                        ;1075;PALU' DI GIOVO               ;01/01/2022;11/09/2022;24/06/2023;31/08/2023;estiva feriale lu-ve;;;x;x;;x;x;x;x;x;;;;;;;;;;;; 13,75 € ;;;;;; 756,25 € ;;;1; -   € ; -   € ; -   ;;;;; -   ;7;0;0;; 13,75 € ;;;;;;;;;;;; 96,25 € ; -   € ; -   € ; -   € ;38,5;0;0;0
151;;148;105;158;19:16;19:31;Verla - Palù di Giovo;"invernale
da lunedì a venerdì";5,50;19; 202 ; 1.111,00 ;MONAUNI CARLO S.N.C. DI MONAUNI GERARDO E C. ;GA938ER;24;EN513NH;21;;;1072;VERLA                        ;1075;PALU' DI GIOVO               ;12/09/2022;23/06/2023;;;invernale feriale lu-ve;;x;;x;;x;x;x;x;x;;;;;;;;;;;; 12,50 € ;;;;;; 2.525,00 € ;;;1; -   € ; -   € ; -   ;;;;; -   ;15;21;21;20; 12,50 € ;;;;;;;;;;;; 187,50 € ; 262,50 € ; 262,50 € ; 250,00 € ;82,5;115,5;115,5;110
152;;149;105;158;19:16;19:31;Verla - Palù di Giovo;"Estiva
lunedì-venerdì";5,50;19; 55 ; 302,50 ;MONAUNI CARLO S.N.C. DI MONAUNI GERARDO E C. ;GA938ER;24;EN513NH;21;;;1072;VERLA                        ;1075;PALU' DI GIOVO               ;01/01/2022;11/09/2022;24/06/2023;31/08/2023;estiva feriale lu-ve;;;x;x;;x;x;x;x;x;;;;;;;;;;;; 13,75 € ;;;;;; 756,25 € ;;;1; -   € ; -   € ; -   ;;;;; -   ;7;0;0;; 13,75 € ;;;;;;;;;;;; 96,25 € ; -   € ; -   € ; -   € ;38,5;0;0;0
153;;150;106;295;06:06;06:25;Faedo-Mezzocorona;estiva feriale;8;19; 67 ; 536,00 ;OSCAR VIAGGI DI FORMOLO OSCAR;FD479MP;25;FF501YE;23;EK710SE (Paolat);23;6096;FAEDO PINETA                 ;6100;  MEZZOCORONA FERROVIA         ;01/01/2022;11/09/2022;24/06/2023;31/08/2023;estiva feriale lu-sa;;;x;x;;x;x;x;x;x;x;;;;;;;;;;;; 15,20 € ;;;;24; -   € ; 1.018,40 € ;;1;;;;;;; 4,80 € ; 322 ;9;0;0;0; 20,00 € ;;;;;;;;;;;; 180,00 € ; -   € ; -   € ; -   € ;72;0;0;0
154;;151;106;281;06:30;06:49;Pineta Faedo-S.Michele-Mezzocorona ;"scolastica 
da lunedì a sabato";8,00;19; 208 ; 1.664,00 ;OSCAR VIAGGI DI FORMOLO OSCAR;FD479MP;25;FF501YE;23;EK710SE (Paolat);23;6096;FAEDO PINETA                 ;6100;  MEZZOCORONA FERROVIA         ;12/09/2022;09/06/2023;;;scolastica lu-sa;;;;;x;x;x;x;x;x;x;;;;;;;;;;; 24,00 € ;;;;;; 4.992,00 € ;;;1; -   € ; -   € ; -   ;;;; -   € ; -   ;17;25;25;18; 24,00 € ;;;;;;;;;;;; 408,00 € ; 600,00 € ; 600,00 € ; 432,00 € ;136;200;200;144
155;;152;106;290;06:43;07:04;Mezzocorona-Faedo;"estiva feriale 
dal lunedì al venerdì";9;19; 55 ; 495,00 ;OSCAR VIAGGI DI FORMOLO OSCAR;FD479MP;25;FF501YE;23;EK710SE (Paolat);23;  6100FS;  MEZZOCORONA (St. FS)         ;6096;FAEDO PINETA                 ;01/01/2022;11/09/2022;24/06/2023;31/08/2023;estiva feriale lu-ve;;;x;x;;x;x;x;x;x;;;;;;;;;;;;; 17,10 € ;;;;25; -   € ; 940,50 € ;;1;;;;;;; 2,90 € ; 160 ;7;0;0;; 20,00 € ;;;;;;;;;;;; 140,00 € ; -   € ; -   € ; -   € ;63;0;0;0
156;;153;106;285;07:03;07:22;Faedo-Mezzocorona;"estiva feriale 
dal lunedì al venerdì";8;19; 55 ; 440,00 ;OSCAR VIAGGI DI FORMOLO OSCAR;FD479MP;25;FF501YE;23;EK710SE (Paolat);23;6096;FAEDO PINETA                 ;6100;  MEZZOCORONA FERROVIA         ;01/01/2022;11/09/2022;24/06/2023;31/08/2023;estiva feriale lu-ve;;;x;x;;x;x;x;x;x;;;;;;;;;;;;; 15,20 € ;;;;26; -   € ; 836,00 € ;;1;;;;;;;; -   ;7;0;0;; 15,20 € ;;;;;;;;;;;; 106,40 € ; -   € ; -   € ; -   € ;56;0;0;0
157;;154;106;302;08:10;08:29;Mezzocorona-Faedo;"estiva feriale 
dal lunedì al venerdì";9;19; 55 ; 495,00 ;OSCAR VIAGGI DI FORMOLO OSCAR;FD479MP;25;FF501YE;23;EK710SE (Paolat);23;  6100FS;  MEZZOCORONA (St. FS)         ;6096;FAEDO PINETA                 ;01/01/2022;11/09/2022;24/06/2023;31/08/2023;estiva feriale lu-ve;;;x;x;;x;x;x;x;x;;;;;;;;;;;;; 17,10 € ;;;;27; -   € ; 940,50 € ;;1;;;;;;;; -   ;7;0;0;; 17,10 € ;;;;;;;;;;;; 119,70 € ; -   € ; -   € ; -   € ;63;0;0;0
158;;155;106;303;09:05;09:24;Faedo-Mezzocorona;"estiva feriale 
dal lunedì al venerdì";8;19; 55 ; 440,00 ;OSCAR VIAGGI DI FORMOLO OSCAR;FD479MP;25;FF501YE;23;EK710SE (Paolat);23;6096;FAEDO PINETA                 ;6100;  MEZZOCORONA FERROVIA         ;01/01/2022;11/09/2022;24/06/2023;31/08/2023;estiva feriale lu-ve;;;x;x;;x;x;x;x;x;;;;;;;;;;;;; 15,20 € ;;;;28; -   € ; 836,00 € ;;1;;;;;;;; -   ;7;0;0;; 15,20 € ; estiva feriale lu-ve ;7;;0;;0;;0;; 20,80 € ;; 252,00 € ; -   € ; -   € ; -   € ;56;0;0;0
159;;156;106;286;13:40;13:59;Mezzocorona-Faedo;estiva feriale;9;19; 67 ; 603,00 ;OSCAR VIAGGI DI FORMOLO OSCAR;FD479MP;25;FF501YE;23;EK710SE (Paolat);23;  6100FS;  MEZZOCORONA (St. FS)         ;6096;FAEDO PINETA                 ;01/01/2022;11/09/2022;24/06/2023;31/08/2023;estiva feriale lu-sa;;;x;x;;x;x;x;x;x;x;;;;;;;;;;;; 17,10 € ;;;;29; -   € ; 1.145,70 € ;;1;;;;;;;; -   ;9;0;0;0; 17,10 € ; estiva feriale sab ;2;;0;;0;;0;; 102,50 € ;; 358,90 € ; -   € ; -   € ; -   € ;81;0;0;0
160;;157;106;287;15:25;15:44;Faedo-Mezzocorona;estiva feriale;8;19; 67 ; 536,00 ;OSCAR VIAGGI DI FORMOLO OSCAR;FD479MP;25;FF501YE;23;EK710SE (Paolat);23;6096;FAEDO PINETA                 ;6100;  MEZZOCORONA FERROVIA         ;01/01/2022;11/09/2022;24/06/2023;31/08/2023;estiva feriale lu-sa;;;x;x;;x;x;x;x;x;x;;;;;;;;;;;; 15,20 € ;;;;30; -   € ; 1.018,40 € ;;1;;;;;;;; -   ;9;0;0;0; 15,20 € ;;;;;;;;;;;; 136,80 € ; -   € ; -   € ; -   € ;72;0;0;0
161;;158;106;288;17:56;18:15;Mezzocorona - Faedo;"invernale
lunedì-sabato";9,00;16; 240 ; 2.160,00 ;VITO DI PEDRON VITTORIA;FV001FA;24;FC321RJ;21;;;  6100FS;  MEZZOCORONA (St. FS)         ;6096;FAEDO PINETA                 ;12/09/2022;23/06/2023;;;invernale feriale lu-sa;;x;;x;;x;x;x;x;x;x;;;;;;;;;;; 22,50 € ;;;;;; 5.400,00 € ;;;1; -   € ; -   € ; -   ;;;;; -   ;17;26;25;25; 22,50 € ;;;;;;;;;;;; 382,50 € ; 585,00 € ; 562,50 € ; 562,50 € ;153;234;225;225
162;;159;106;289;18:16;18:35;Faedo - Mezzocorona;"invernale
lunedì-sabato";8,00;16; 240 ; 1.920,00 ;VITO DI PEDRON VITTORIA;FV001FA;24;FC321RJ;21;;;6096;FAEDO PINETA                 ;6100;  MEZZOCORONA FERROVIA         ;12/09/2022;23/06/2023;;;invernale feriale lu-sa;;x;;x;;x;x;x;x;x;x;;;;;;;;;;; 20,00 € ;;;;;; 4.800,00 € ;;;1; -   € ; -   € ; -   ;;;;; -   ;17;26;25;25; 20,00 € ;;;;;;;;;;;; 340,00 € ; 520,00 € ; 500,00 € ; 500,00 € ;136;208;200;200
163;;160;106;304;18:50;19:09;Mezzocorona - Faedo;"invernale
da lunedì a venerdì";9,00;16; 202 ; 1.818,00 ;VITO DI PEDRON VITTORIA;FV001FA;24;FC321RJ;21;;;  6100FS;  MEZZOCORONA (St. FS)         ;6096;FAEDO PINETA                 ;12/09/2022;23/06/2023;;;invernale feriale lu-ve;;x;;x;;x;x;x;x;x;;;;;;;;;;;; 22,50 € ;;;;;; 4.545,00 € ;;;1; -   € ; -   € ; -   ;;;;; -   ;15;21;21;20; 22,50 € ;;;;;;;;;;;; 337,50 € ; 472,50 € ; 472,50 € ; 450,00 € ;135;189;189;180
164;;161;106;288;19:10;19:29;Mezzocorona-Faedo;"estiva feriale 
dal lunedì al venerdì";9;19; 55 ; 495,00 ;OSCAR VIAGGI DI FORMOLO OSCAR;FD479MP;25;FF501YE;23;EK710SE (Paolat);23;  6100FS;  MEZZOCORONA (St. FS)         ;6096;FAEDO PINETA                 ;01/01/2022;11/09/2022;24/06/2023;31/08/2023;estiva feriale lu-ve;;;x;x;;x;x;x;x;x;;;;;;;;;;;;; 17,10 € ;;;;31; -   € ; 940,50 € ;;1;;;;;;;; -   ;7;0;0;; 17,10 € ;;;;;;;;;;;; 119,70 € ; -   € ; -   € ; -   € ;63;0;0;0
165;;162;107;566;13:12;13:24;Mezzolombardo-Mezzocorona FS;"scolastica 
da lunedì a venerdì";3,00;47; 174 ; 522,00 ;MONAUNI CARLO S.N.C. DI MONAUNI GERARDO E C. ;EX037JY;46;FE091HG;47;;;  6120EM;Mezz.do Ex Sc. Media  (via Rotaliana)       ;  6100FS;  MEZZOCORONA (St. FS)         ;12/09/2022;09/06/2023;;;scolastica lu-ve;;;;;x;x;x;x;x;x;;;;;;;;;;;; 9,00 € ;;;;;; 1.566,00 € ;;;2; -   € ; -   € ; -   ;;;;; -   ;15;20;21;15; 9,00 € ;;;;;;;;;;;; 135,00 € ; 180,00 € ; 189,00 € ; 135,00 € ;45;60;63;45
166;;163;107;570;14:40;14:59;Mezzolombardo-Roverè della Luna;"estiva
sabato ";15,00;19; 12 ; 180,00 ;OSCAR VIAGGI DI FORMOLO OSCAR;GC466NL;24;GK082FC;42;GJ181FP;21;6120;  MEZZOLOMBARDO                ;  6113AD;Rovere' (Trentinalatte)      ;01/01/2022;11/09/2022;24/06/2023;31/08/2023;estiva feriale sab;;;x;x;;;;;;;x;;;;;;;;;;; 45,00 € ;;;;;; 540,00 € ;;;1; -   € ; -   € ; -   ;;;;; -   ;2;0;0;; 45,00 € ;;;;;;;;;;;; 90,00 € ; -   € ; -   € ; -   € ;30;0;0;0
167;;164;107;571;15:06;15:27;Roverè della Luna-Mezzolombardo;"estiva
sabato ";15,00;19; 12 ; 180,00 ;OSCAR VIAGGI DI FORMOLO OSCAR;GC466NL;24;GK082FC;42;GJ181FP;21;  6113AD;Rovere' (Trentinalatte)      ;6120;  MEZZOLOMBARDO                ;01/01/2022;11/09/2022;24/06/2023;31/08/2023;estiva feriale sab;;;x;x;;;;;;;x;;;;;;;;;;; 45,00 € ;;;;;; 540,00 € ;;;1; -   € ; -   € ; -   ;;;;; -   ;2;0;0;; 45,00 € ;;;;;;;;;;;; 90,00 € ; -   € ; -   € ; -   € ;30;0;0;0
168;;165;107;570;17:05;17:26;Mezzolombardo-Roverè della Luna;invernale non scolastica feriale;15;19; 29 ; 435,00 ;OSCAR VIAGGI DI FORMOLO OSCAR;GC466NL;24;GK082FC;42;;;6120;  MEZZOLOMBARDO                ;  6113AD;Rovere' (Trentinalatte)      ;12/09/2022;23/06/2023;;;invernale feriale no scol lu-sa;;x;;x;;;;;;;;;;;;x;x;x;x;x;x;;;;OSCAR VIAGGI DI FORMOLO OSCAR;;; -   € ;;;1;;;;;;;; -   ;0;1;0;7; -   € ; mensile ;1;;1;;1;;1;; 2.500,00 € ;; 2.500,00 € ; 2.500,00 € ; 2.500,00 € ; 2.500,00 € ;0;15;0;105
169;;166;107;571;17:26;17:46;Roverè della Luna-Mezzolombardo;"invernale non scolastica 
feriale";15;19; 29 ; 435,00 ;OSCAR VIAGGI DI FORMOLO OSCAR;GC466NL;24;GK082FC;42;;;  6113AD;Rovere' (Trentinalatte)      ;6120;  MEZZOLOMBARDO                ;12/09/2022;23/06/2023;;;invernale feriale no scol lu-sa;;x;;x;;;;;;;;;;;;x;x;x;x;x;x;;;;OSCAR VIAGGI DI FORMOLO OSCAR;;; -   € ;;;1;;;;;;;; -   ;0;1;0;7; -   € ;;;;;;;;;;;; -   € ; -   € ; -   € ; -   € ;0;15;0;105
170;;167;109;60;19:00;19:09;Cavalese - Masi di Cavalese;"invernale
lunedì-sabato";4,00;16; 240 ; 960,00 ;TAXI  ZETA DI ZAMPIERI SERGIO;FF736CS;17;FE259HG (DMG);17;;;1070;CAVALESE  (Autostaz.)        ;1151;Masi di Cavalese             ;12/09/2022;23/06/2023;;;invernale feriale lu-sa;;x;;x;;x;x;x;x;x;x;;;;;;;;;;; 9,53 € ;;;;;; 2.287,20 € ;;;1; -   € ; -   € ; -   ;;;;; -   ;17;26;25;25; 9,53 € ;;;;;;;;;;;; 162,01 € ; 247,78 € ; 238,25 € ; 238,25 € ;68;104;100;100
171;;168;109;63;19:12;19:19;Masi di Cavalese - Cavalese;"invernale
lunedì-sabato";4,00;16; 240 ; 960,00 ;TAXI  ZETA DI ZAMPIERI SERGIO;FF736CS;17;FE259HG (DMG);17;;;1151;Masi di Cavalese             ;1070;CAVALESE  (Autostaz.)        ;12/09/2022;23/06/2023;;;invernale feriale lu-sa;;x;;x;;x;x;x;x;x;x;;;;;;;;;;; 9,53 € ;;;;;; 2.287,20 € ;;;1; -   € ; -   € ; -   ;;;;; -   ;17;26;25;25; 9,53 € ;;;;;;;;;;;; 162,01 € ; 247,78 € ; 238,25 € ; 238,25 € ;68;104;100;100
172;;169;111;20;08:10;08:36;Cavalese - Veronza ;Estiva lunedì-sabato agosto/settembre;5,30;19; 34 ; 180,20 ;TAXI  ZETA DI ZAMPIERI SERGIO;FF736CS;17;FE259HG (DMG);17;;;1070;CAVALESE  (Autostaz.)        ;  1152HV;V.VERONZA (H.Veronza)        ;01/01/2022;11/09/2022;01/08/2023;31/08/2023;estiva feriale lu-sa agosto/settembre;sì;;x;x;;x;x;x;x;x;x;;;;;;;;;;; 15,90 € ;;;;;; 540,60 € ;;;1; -   € ; -   € ; -   ;;;;; -   ;9;0;0;0; 15,90 € ;;;;;;;;;;;; 143,10 € ; -   € ; -   € ; -   € ;47,7;0;0;0
173;;169 bis;111;20;08:10;08:36;Cavalese - Veronza ;Estiva lunedì-sabato giugno/luglio;5,30;19; 33 ; 174,90 ;DESILVESTRO TAXI E VIAGGI SRL;GC807JF;20;FE259HG (DMG);17;;;1070;CAVALESE  (Autostaz.)        ;  1152HV;V.VERONZA (H.Veronza)        ;24/06/2023;31/07/2023;;;estiva feriale lu-sa giugno/luglio;sì;;x;x;;x;x;x;x;x;x;;;;;;;;;;; 42,75 € ;;;;;; 1.410,75 € ;;;1; -   € ; -   € ; -   ;;;;; -   ;0;0;0;0; 42,75 € ;;;;;;;;;;;; -   € ; -   € ; -   € ; -   € ;0;0;0;0
174;;170;111;21;08:26;08:50;Veronza - Aguai - Carano - Cavalese;Estiva lunedì-sabato agosto/settembre;10,20;19; 34 ; 346,80 ;TAXI  ZETA DI ZAMPIERI SERGIO;FF736CS;17;FE259HG (DMG);17;;;  1152HV;V.VERONZA (H.Veronza)        ;1070;CAVALESE  (Autostaz.)        ;01/01/2022;11/09/2022;01/08/2023;31/08/2023;estiva feriale lu-sa agosto/settembre;sì;;x;x;;x;x;x;x;x;x;;;;;;;;;;; 30,60 € ;;;;;; 1.040,40 € ;;;1; -   € ; -   € ; -   ;;;;; -   ;9;0;0;0; 30,60 € ;;;;;;;;;;;; 275,40 € ; -   € ; -   € ; -   € ;91,8;0;0;0
175;;170 bis;111;21;08:26;08:50;Veronza - Aguai - Carano - Cavalese;Estiva lunedì-sabato giugno/luglio;10,20;19; 33 ; 336,60 ;DESILVESTRO TAXI E VIAGGI SRL;GC807JF;20;FE259HG (DMG);17;;;  1152HV;V.VERONZA (H.Veronza)        ;1070;CAVALESE  (Autostaz.)        ;24/06/2023;31/07/2023;;;estiva feriale lu-sa giugno/luglio;sì;;x;x;;x;x;x;x;x;x;;;;;;;;;;; 42,75 € ;;;;;; 1.410,75 € ;;;1; -   € ; -   € ; -   ;;;;; -   ;0;0;0;0; 42,75 € ;;;;;;;;;;;; -   € ; -   € ; -   € ; -   € ;0;0;0;0
176;;171;112;64;17:25;17:55;Cavalese - Varena - Cavalese ;"invernale
lunedì-sabato";13,00;16; 240 ; 3.120,00 ;TAXI  ZETA DI ZAMPIERI SERGIO;FF736CS;17;FE259HG (DMG);17;;;1070;CAVALESE  (Autostaz.)        ;1070;CAVALESE  (Autostaz.)        ;12/09/2022;23/06/2023;;;invernale feriale lu-sa;;x;;x;;x;x;x;x;x;x;;;;;;;;;;; 30,97 € ;;;;;; 7.432,80 € ;;;1; -   € ; -   € ; -   ;;;;; -   ;17;26;25;25; 30,97 € ;;;;;;;;;;;; 526,49 € ; 805,22 € ; 774,25 € ; 774,25 € ;221;338;325;325
177;;172;110;440;06:34;06:41;Tesero - Stava (dal 19/11/18);"scolastica 
da lunedì a sabato";4,00;9; 208 ; 832,00 ;AUTONOLEGGIO DI GUADAGNINI FERDINANDO E ZAMPIERI DAVID S.N.C.;FG976XM;9;ER906KZ;9;FY974HP;9;1190;Tesero                       ;1182;Stava                        ;12/09/2022;09/06/2023;;;scolastica lu-sa;;;;;x;x;x;x;x;x;x;;;;;;;;;;; 12,00 € ;;;;;; 2.496,00 € ;;;1; -   € ; -   € ; -   ;;;; 8,00 € ; 1.664 ;17;25;25;18; 20,00 € ;;;;;;;;;;;; 340,00 € ; 500,00 € ; 500,00 € ; 360,00 € ;68;100;100;72
178;;173;110;449;06:42;06:58;Stava - Cavalese (dal 19/11/18);"scolastica 
da lunedì a sabato";9,00;9; 208 ; 1.872,00 ;AUTONOLEGGIO DI GUADAGNINI FERDINANDO E ZAMPIERI DAVID S.N.C.;FG976XM;9;ER906KZ;9;FY974HP;9;1182;Stava                        ;  1070SE;CAVALESE  (Autostaz.)        ;12/09/2022;09/06/2023;;;scolastica lu-sa;;;;;x;x;x;x;x;x;x;;;;;;;;;;; 27,00 € ;;;;;; 5.616,00 € ;;;1; -   € ; -   € ; -   ;;;; -   € ; -   ;17;25;25;18; 27,00 € ;;;;;;;;;;;; 459,00 € ; 675,00 € ; 675,00 € ; 486,00 € ;153;225;225;162
179;;174;110;445;07:20;07:27;Stava - Tesero;"scolastica 
da lunedì a sabato";4,00;16; 208 ; 832,00 ;TAXI  ZETA DI ZAMPIERI SERGIO;FF736CS;17;FE259HG (DMG);17;;;1182;Stava                        ;1190;Tesero                       ;12/09/2022;09/06/2023;;;scolastica lu-sa;;;;;x;x;x;x;x;x;x;;;;;;;;;;; 24,02 € ;;;;;; 4.996,16 € ;;;1; -   € ; -   € ; -   ;;;;; -   ;17;25;25;18; 24,02 € ;;;;;;;;;;;; 408,34 € ; 600,50 € ; 600,50 € ; 432,36 € ;68;100;100;72
180;;175;110;448;14:05;14:12;Tesero - Stava;"scolastica 
da lunedì a venerdì";4,00;16; 174 ; 696,00 ;TAXI  ZETA DI ZAMPIERI SERGIO;FF736CS;17;FE259HG (DMG);17;;;1190;Tesero                       ;1182;Stava                        ;12/09/2022;09/06/2023;;;scolastica lu-ve;;;;;x;x;x;x;x;x;;;;;;;;;;;; 24,02 € ;;;;;; 4.179,48 € ;;;1; -   € ; -   € ; -   ;;;;; -   ;15;20;21;15; 24,02 € ;;;;;;;;;;;; 360,30 € ; 480,40 € ; 504,42 € ; 360,30 € ;60;80;84;60
181;;176;110;448;17:10;17:17;Tesero - Stava;"scolastica 
lunedì ";4,00;16; 33 ; 132,00 ;TAXI  ZETA DI ZAMPIERI SERGIO;FF736CS;17;FE259HG (DMG);17; ;;1190;Tesero                       ;1182;Stava                        ;12/09/2022;09/06/2023;;;scolastica lu;;;;;x;x;;;;;;;;;;;;;;;; 24,02 € ;;;;;; 792,66 € ;;;1; -   € ; -   € ; -   ;;;;; -   ;3;4;4;3; 24,02 € ;;;;;;;;;;;; 72,06 € ; 96,08 € ; 96,08 € ; 72,06 € ;12;16;16;12
182;;177;113;64;17:55;18:34;Cavalese - Tesero - Tesero Casa Riposo - Masi - Cavalese;"invernale
lunedì-sabato";16,00;16; 240 ; 3.840,00 ;TAXI  ZETA DI ZAMPIERI SERGIO;FF736CS;17;FE259HG (DMG);17;;;1070;CAVALESE  (Autostaz.)        ;1070;CAVALESE  (Autostaz.)        ;12/09/2022;23/06/2023;;;invernale feriale lu-sa;;x;;x;;x;x;x;x;x;x;;;;;;;;;;; 70,94 € ;;;;;; 17.025,60 € ;;;1; -   € ; -   € ; -   ;;;;; -   ;17;26;25;25; 70,94 € ;;;;;;;;;;;; 1.205,98 € ; 1.844,44 € ; 1.773,50 € ; 1.773,50 € ;272;416;400;400
183;;178;114;8;06:10;06:40;Casatta - Sicina;"invernale
lunedì-sabato";8,00;16; 240 ; 1.920,00 ;FERSINA TOUR S.R.L;GA996ER;21;EY732LP;17;;;1127;CASATTA di VALFL.            ;1135;SICINA                       ;12/09/2022;23/06/2023;;;invernale feriale lu-sa;;x;;x;;x;x;x;x;x;x;;;;;;;;;;; 15,20 € ;;;;;; 3.648,00 € ;;;1; 0,80 € ; -   € ; 192,00 € ;;;; 4,80 € ; 1.152 ;17;26;25;25; 20,80 € ;;;;;;;;;;;; 353,60 € ; 540,80 € ; 520,00 € ; 520,00 € ;136;208;200;200
184;;179;114;8;06:15;06:45;Casatta - Sicina;estiva feriale;8,00;16; 67 ; 536,00 ;FERSINA TOUR S.R.L;GA996ER;21;FR820WP;21;;;1127;CASATTA di VALFL.            ;1135;SICINA                       ;01/01/2022;11/09/2022;24/06/2023;31/08/2023;estiva feriale lu-sa;;;x;x;;x;x;x;x;x;x;;;;;;;;;;; 15,20 € ;;;;;; 1.018,40 € ;;;1; 0,80 € ; -   € ; 53,60 € ;;;; 4,80 € ; 322 ;9;0;0;0; 20,80 € ;;;;;;;;;;;; 187,20 € ; -   € ; -   € ; -   € ;72;0;0;0
185;;180;114;7;06:45;07:00;Sicina - Casatta;"invernale
lunedì-sabato";8,00;16; 240 ; 1.920,00 ;FERSINA TOUR S.R.L;GA996ER;21;FR820WP;21;;;1135;SICINA                       ;1127;CASATTA di VALFL.            ;12/09/2022;23/06/2023;;;invernale feriale lu-sa;;x;;x;;x;x;x;x;x;x;;;;;;;;;;; 15,20 € ;;;;;; 3.648,00 € ;;;1; 0,80 € ; -   € ; 192,00 € ;;;; 4,80 € ; 1.152 ;17;26;25;25; 20,80 € ;;;;;;;;;;;; 353,60 € ; 540,80 € ; 520,00 € ; 520,00 € ;136;208;200;200
186;;181;114;7;06:50;07:05;Sicina - Casatta;estiva feriale;8,00;16; 67 ; 536,00 ;FERSINA TOUR S.R.L;GA996ER;21;FR820WP;21;;;1135;SICINA                       ;1127;CASATTA di VALFL.            ;01/01/2022;11/09/2022;24/06/2023;31/08/2023;estiva feriale lu-sa;;;x;x;;x;x;x;x;x;x;;;;;;;;;;; 15,20 € ;;;;;; 1.018,40 € ;;;1; 0,80 € ; -   € ; 53,60 € ;;;; 4,80 € ; 322 ;9;0;0;0; 20,80 € ;;;;;;;;;;;; 187,20 € ; -   € ; -   € ; -   € ;72;0;0;0
187;;182;114;10;07:20;07:35;Casatta - Sicina;"invernale
lunedì-sabato";8,00;16; 240 ; 1.920,00 ;FERSINA TOUR S.R.L;GA996ER;21;FR820WP;21;;;1127;CASATTA di VALFL.            ;1135;SICINA                       ;12/09/2022;23/06/2023;;;invernale feriale lu-sa;;x;;x;;x;x;x;x;x;x;;;;;;;;;;; 15,20 € ;;;;;; 3.648,00 € ;;;1; 0,80 € ; -   € ; 192,00 € ;;;;; -   ;17;26;25;25; 16,00 € ;;;;;;;;;;;; 272,00 € ; 416,00 € ; 400,00 € ; 400,00 € ;136;208;200;200
188;;183;114;10;07:31;07:46;Casatta - Sicina;estiva feriale;8,00;16; 67 ; 536,00 ;FERSINA TOUR S.R.L;GA996ER;21;FR820WP;21;;;1127;CASATTA di VALFL.            ;1135;SICINA                       ;01/01/2022;11/09/2022;24/06/2023;31/08/2023;estiva feriale lu-sa;;;x;x;;x;x;x;x;x;x;;;;;;;;;;; 15,20 € ;;;;;; 1.018,40 € ;;;1; 0,80 € ; -   € ; 53,60 € ;;;;; -   ;9;0;0;0; 16,00 € ;;;;;;;;;;;; 144,00 € ; -   € ; -   € ; -   € ;72;0;0;0
189;;184;114;9;07:40;08:10;Sicina - Casatta;"invernale
lunedì-sabato";8,00;16; 240 ; 1.920,00 ;FERSINA TOUR S.R.L;GA996ER;21;FR820WP;21;;;1135;SICINA                       ;1127;CASATTA di VALFL.            ;12/09/2022;23/06/2023;;;invernale feriale lu-sa;;x;;x;;x;x;x;x;x;x;;;;;;;;;;; 15,20 € ;;;;;; 3.648,00 € ;;;1; 0,80 € ; -   € ; 192,00 € ;;;;; -   ;17;26;25;25; 16,00 € ;;;;;;;;;;;; 272,00 € ; 416,00 € ; 400,00 € ; 400,00 € ;136;208;200;200
190;;185;114;9;07:46;08:16;Sicina - Casatta;estiva feriale;8,00;16; 67 ; 536,00 ;FERSINA TOUR S.R.L;GA996ER;21;FR820WP;21;;;1135;SICINA                       ;1127;CASATTA di VALFL.            ;01/01/2022;11/09/2022;24/06/2023;31/08/2023;estiva feriale lu-sa;;;x;x;;x;x;x;x;x;x;;;;;;;;;;; 15,20 € ;;;;;; 1.018,40 € ;;;1; 0,80 € ; -   € ; 53,60 € ;;;;; -   ;9;0;0;0; 16,00 € ;;;;;;;;;;;; 144,00 € ; -   € ; -   € ; -   € ;72;0;0;0
191;;186;114;12;11:40;11:55;Casatta - Sicina;"estiva feriale 
dal lunedì al venerdì";8,00;16; 55 ; 440,00 ;FERSINA TOUR S.R.L;GA996ER;21;FR820WP;21;;;1127;CASATTA di VALFL.            ;1135;SICINA                       ;01/01/2022;11/09/2022;24/06/2023;31/08/2023;estiva feriale lu-ve;;;x;x;;x;x;x;x;x;;;;;;;;;;;; 15,20 € ;;;;;; 836,00 € ;;;1; 0,80 € ; -   € ; 44,00 € ;;;;; -   ;7;0;0;; 16,00 € ;;;;;;;;;;;; 112,00 € ; -   € ; -   € ; -   € ;56;0;0;0
192;;187;114;12;11:45;12:00;Casatta - Sicina;"invernale
lunedì-sabato";8,00;16; 240 ; 1.920,00 ;FERSINA TOUR S.R.L;GA996ER;21;FR820WP;21;;;1127;CASATTA di VALFL.            ;1135;SICINA                       ;12/09/2022;23/06/2023;;;invernale feriale lu-sa;;x;;x;;x;x;x;x;x;x;;;;;;;;;;; 15,20 € ;;;;;; 3.648,00 € ;;;1; 0,80 € ; -   € ; 192,00 € ;;;;; -   ;17;26;25;25; 16,00 € ;;;;;;;;;;;; 272,00 € ; 416,00 € ; 400,00 € ; 400,00 € ;136;208;200;200
193;;188;114;11;12:05;12:30;Sicina - Casatta;"invernale
lunedì-sabato";8,00;16; 240 ; 1.920,00 ;FERSINA TOUR S.R.L;GA996ER;21;FR820WP;21;;;1135;SICINA                       ;1127;CASATTA di VALFL.            ;12/09/2022;23/06/2023;;;invernale feriale lu-sa;;x;;x;;x;x;x;x;x;x;;;;;;;;;;; 15,20 € ;;;;;; 3.648,00 € ;;;1; 0,80 € ; -   € ; 192,00 € ;;;;; -   ;17;26;25;25; 16,00 € ;;;;;;;;;;;; 272,00 € ; 416,00 € ; 400,00 € ; 400,00 € ;136;208;200;200
194;;189;114;11;12:05;12:35;Sicina - Casatta;"estiva feriale 
dal lunedì al venerdì";8,00;16; 55 ; 440,00 ;FERSINA TOUR S.R.L;GA996ER;21;FR820WP;21;;;1135;SICINA                       ;1127;CASATTA di VALFL.            ;01/01/2022;11/09/2022;24/06/2023;31/08/2023;estiva feriale lu-ve;;;x;x;;x;x;x;x;x;;;;;;;;;;;; 15,20 € ;;;;;; 836,00 € ;;;1; 0,80 € ; -   € ; 44,00 € ;;;;; -   ;7;0;0;; 16,00 € ;;;;;;;;;;;; 112,00 € ; -   € ; -   € ; -   € ;56;0;0;0
195;;190;114;14;13:12;13:33;Casatta - Sicina;estiva feriale;8,00;16; 67 ; 536,00 ;FERSINA TOUR S.R.L;GA996ER;21;FR820WP;21;;;1127;CASATTA di VALFL.            ;1135;SICINA                       ;01/01/2022;11/09/2022;24/06/2023;31/08/2023;estiva feriale lu-sa;;;x;x;;x;x;x;x;x;x;;;;;;;;;;; 15,20 € ;;;;;; 1.018,40 € ;;;1; 0,80 € ; -   € ; 53,60 € ;;;;; -   ;9;0;0;0; 16,00 € ;;;;;;;;;;;; 144,00 € ; -   € ; -   € ; -   € ;72;0;0;0
196;;191;114;14;13:12;13:33;Casatta - Sicina;"invernale
lunedì-sabato";8,00;16; 240 ; 1.920,00 ;FERSINA TOUR S.R.L;GA996ER;21;FR820WP;21;;;1127;CASATTA di VALFL.            ;1135;SICINA                       ;12/09/2022;23/06/2023;;;invernale feriale lu-sa;;x;;x;;x;x;x;x;x;x;;;;;;;;;;; 15,20 € ;;;;;; 3.648,00 € ;;;1; 0,80 € ; -   € ; 192,00 € ;;;;; -   ;17;26;25;25; 16,00 € ;;;;;;;;;;;; 272,00 € ; 416,00 € ; 400,00 € ; 400,00 € ;136;208;200;200
197;;192;114;13;13:33;13:45;Sicina - Casatta;estiva feriale ;8,00;16; 67 ; 536,00 ;FERSINA TOUR S.R.L;GA996ER;21;FR820WP;21;;;1135;SICINA                       ;1127;CASATTA di VALFL.            ;01/01/2022;11/09/2022;24/06/2023;31/08/2023;estiva feriale lu-sa;;;x;x;;x;x;x;x;x;x;;;;;;;;;;; 15,20 € ;;;;;; 1.018,40 € ;;;1; 0,80 € ; -   € ; 53,60 € ;;;;; -   ;9;0;0;0; 16,00 € ;;;;;;;;;;;; 144,00 € ; -   € ; -   € ; -   € ;72;0;0;0
198;;193;114;13;13:33;13:48;Sicina - Casatta - Pradel ;"invernale
lunedì-sabato";10,00;16; 240 ; 2.400,00 ;FERSINA TOUR S.R.L;GA996ER;21;FR820WP;21;;;1135;SICINA                       ;1136;Pradel                       ;12/09/2022;23/06/2023;;;invernale feriale lu-sa;;x;;x;;x;x;x;x;x;x;;;;;;;;;;; 19,00 € ;;;;;; 4.560,00 € ;;;1; 1,00 € ; -   € ; 240,00 € ;;;;; -   ;17;26;25;25; 20,00 € ;;;;;;;;;;;; 340,00 € ; 520,00 € ; 500,00 € ; 500,00 € ;170;260;250;250
199;;194;114;16;14:08;14:23;Casatta - Sicina;"scolastica 
da lunedì a venerdì";8,00;16; 174 ; 1.392,00 ;FERSINA TOUR S.R.L;GA996ER;21;FR820WP;21;;;1127;CASATTA di VALFL.            ;1135;SICINA                       ;12/09/2022;09/06/2023;;;scolastica lu-ve;;;;;x;x;x;x;x;x;;;;;;;;;;;; -   € ;;;;;; -   € ;;;1; 16,00 € ; -   € ; 2.784,00 € ;;;;; -   ;15;20;21;15; 16,00 € ;;;;;;;;;;;; 240,00 € ; 320,00 € ; 336,00 € ; 240,00 € ;120;160;168;120
200;;195;114;18;17:27;17:57;Casatta - Sicina;"invernale
lunedì-sabato";8,00;16; 240 ; 1.920,00 ;FERSINA TOUR S.R.L;GA996ER;21;FR820WP;21;;;1127;CASATTA di VALFL.            ;1135;SICINA                       ;12/09/2022;23/06/2023;;;invernale feriale lu-sa;;x;;x;;x;x;x;x;x;x;;;;;;;;;;; 15,20 € ;;;;;; 3.648,00 € ;;;1; 0,80 € ; -   € ; 192,00 € ;;;;; -   ;17;26;25;25; 16,00 € ;;;;;;;;;;;; 272,00 € ; 416,00 € ; 400,00 € ; 400,00 € ;136;208;200;200
201;;196;114;18;17:27;17:57;Casatta - Sicina;estiva feriale;8,00;16; 67 ; 536,00 ;FERSINA TOUR S.R.L;GA996ER;21;FR820WP;21;;;1127;CASATTA di VALFL.            ;1135;SICINA                       ;01/01/2022;11/09/2022;24/06/2023;31/08/2023;estiva feriale lu-sa;;;x;x;;x;x;x;x;x;x;;;;;;;;;;; 15,20 € ;;;;;; 1.018,40 € ;;;1; 0,80 € ; -   € ; 53,60 € ;;;;; -   ;9;0;0;0; 16,00 € ;;;;;;;;;;;; 144,00 € ; -   € ; -   € ; -   € ;72;0;0;0
202;;197;114;17;18:00;18:15;Sicina - Casatta;"invernale
lunedì-sabato";8,00;16; 240 ; 1.920,00 ;FERSINA TOUR S.R.L;GA996ER;21;FR820WP;21;;;1135;SICINA                       ;1127;CASATTA di VALFL.            ;12/09/2022;23/06/2023;;;invernale feriale lu-sa;;x;;x;;x;x;x;x;x;x;;;;;;;;;;; 15,20 € ;;;;;; 3.648,00 € ;;;1; 0,80 € ; -   € ; 192,00 € ;;;;; -   ;17;26;25;25; 16,00 € ;;;;;;;;;;;; 272,00 € ; 416,00 € ; 400,00 € ; 400,00 € ;136;208;200;200
203;;198;114;17;18:00;18:15;Sicina - Casatta;estiva feriale;8,00;16; 67 ; 536,00 ;FERSINA TOUR S.R.L;GA996ER;21;FR820WP;21;;;1135;SICINA                       ;1127;CASATTA di VALFL.            ;01/01/2022;11/09/2022;24/06/2023;31/08/2023;estiva feriale lu-sa;;;x;x;;x;x;x;x;x;x;;;;;;;;;;; 15,20 € ;;;;;; 1.018,40 € ;;;1; 0,80 € ; -   € ; 53,60 € ;;;;; -   ;9;0;0;0; 16,00 € ;;;;;;;;;;;; 144,00 € ; -   € ; -   € ; -   € ;72;0;0;0
204;;199;115;381;06:55;07:25;Fornace - Civezzano 7.11 - Pergine;"scolastica 
da lunedì a sabato";15,00;50; 208 ; 3.120,00 ;AUTONOLEGGI VISINTAINER di VISINTAINER FRANCESCO;FX671LT;30;EX931HC;20;FN583MX;23;1111;FORNACE                      ;  4100CI;PERGINE (C.Intermodale)      ;12/09/2022;09/06/2023;;;scolastica lu-sa;;;;;x;x;x;x;x;x;x;;;;;;;;;;; 104,80 € ;;;;;; 21.798,40 € ;;;2; -   € ; -   € ; -   ;;;; -   € ; -   ;17;25;25;18; 104,80 € ;;;;;;;;;;;; 1.781,60 € ; 2.620,00 € ; 2.620,00 € ; 1.886,40 € ;255;375;375;270
205;;200;115;436;07:05;07:28;Civezzano Ist. De Carneri - 7:12 Civezzano-Pergine V.;"scolastica 
da lunedì a venerdì";7,00;29; 174 ; 1.218,00 ;AUTONOLEGGI VISINTAINER di VISINTAINER FRANCESCO;FF721CS;35;EX931HC;20;FN583MX;23;  1100OX;Civezzano Scuola Media       ;  4100RR;PERGINE V. (P.Gavazzi);12/09/2022;09/06/2023;;;scolastica lu-ve;;;;;x;x;x;x;x;x;;;;;;;;;;;; 57,13 € ;;;;;; 9.940,62 € ;;;1; -   € ; -   € ; -   ;;;;; -   ;15;20;21;15; 57,13 € ;;;;;;;;;;;; 856,95 € ; 1.142,60 € ; 1.199,73 € ; 856,95 € ;105;140;147;105
206;;201;115;434;08:33;08:57;Civezzano Ist. De Carneri - Civezzano-Pergine V.;"invernale
lunedì-sabato";9;19; 240 ; 2.160,00 ;AUTONOLEGGI VISINTAINER di VISINTAINER FRANCESCO;FF721CS;35;EX931HC;20;FN583MX;23;1100OX;Civezzano Scuola Media;4100CI;PERGINE V. Intermodale        ;12/09/2022;23/06/2023;;;invernale feriale lu-sa;;x;;x;;x;x;x;x;x;x;;;;;;;;;;;; 19,80 € ;;;;; -   € ; 4.752,00 € ;;1;;;; -   € ; -   € ; -   ;; -   ;17;26;25;25; 19,80 € ;;;;;;;;;;;; 336,60 € ; 514,80 € ; 495,00 € ; 495,00 € ;153;234;225;225
207;;202;115;431;11:20;12:05;Pergine-Civezzano-Bosco;"invernale
lunedì-sabato";19;19; 240 ; 4.560,00 ;ITALBUS S.N.C. DI CASAGRANDE ARMANDO E CHRISTIAN & C.;EV877GJ;21;EJ873ZA;23;;;  4100CI;PERGINE (C.Intermodale)      ;1106;BOSCO di CIVEZZANO           ;12/09/2022;23/06/2023;;;invernale feriale lu-sa;;x;;x;;x;x;x;x;x;x;;;;;;;;;;;;;;ITALBUS S.N.C. DI CASAGRANDE ARMANDO E CHRISTIAN & C.;;; -   € ;;;1;;;;;;;; -   ;17;26;25;25; -   € ;;;;;;;;;;;; -   € ; -   € ; -   € ; -   € ;323;494;475;475
208;;203;115;489;12:32;12:47;Pergine - Civezzano;"scolastica 
sabato";7,00;50; 34 ; 238,00 ;AUTONOLEGGI VISINTAINER di VISINTAINER FRANCESCO;FX671LT + FR784WP;30 + 21;FF721CS;35;FN583MX;23;  4100CI;PERGINE (C.Intermodale)      ;1100;CIVEZZANO                    ;12/09/2022;09/06/2023;;;scolastica sab;;;;;x;;;;;;x;;;;;;;;;;; 64,01 € ;;;;;; 2.176,34 € ;;;2; -   € ; -   € ; -   ;;;;; -   ;2;5;4;3; 64,01 € ;;;;;;;;;;;; 128,02 € ; 320,05 € ; 256,04 € ; 192,03 € ;14;35;28;21
209;;204;115;435;13:20;13:35;Pergine - Civezzano;"scolastica 
da lunedì a venerdì";7,00;50; 174 ; 1.218,00 ;AUTONOLEGGI VISINTAINER di VISINTAINER FRANCESCO;FX671LT + FR784WP;30 + 21;FF721CS;35;FN583MX;23;  4100CI;PERGINE (C.Intermodale)      ;1100;CIVEZZANO                    ;12/09/2022;09/06/2023;;;scolastica lu-ve;;;;;x;x;x;x;x;x;;;;;;;;;;;; 64,01 € ;;;;;; 11.137,74 € ;;;2; -   € ; -   € ; -   ;;;;; -   ;15;20;21;15; 64,01 € ;;;;;;;;;;;; 960,15 € ; 1.280,20 € ; 1.344,21 € ; 960,15 € ;105;140;147;105
210;;205;116;215;06:49;07:04;S.Agnese-Civezzano;"scolastica 
da lunedì a venerdì";5,00;29; 174 ; 870,00 ;AUTONOLEGGI VISINTAINER di VISINTAINER FRANCESCO;FF721CS;35;EX931HC;20;FN583MX;23;1105;S.AGNESE                     ;  1100SR;Civezzano (Quadrivio )       ;12/09/2022;09/06/2023;;;scolastica lu-ve;;;;;x;x;x;x;x;x;;;;;;;;;;;; 30,00 € ;;;;;; 5.220,00 € ;;;1; -   € ; -   € ; -   ;;;; -   € ; -   ;15;20;21;15; 30,00 € ;;;;;;;;;;;; 450,00 € ; 600,00 € ; 630,00 € ; 450,00 € ;75;100;105;75
211;;206;116;217;09:00;09:50;Penedallo-Bosco-Civezzano-Trento;"estiva feriale 
dal lunedì al venerdì";22;19; 55 ; 1.210,00 ;ITALBUS S.N.C. DI CASAGRANDE ARMANDO E CHRISTIAN & C.;EV877GJ;21;EJ873ZA;23;;;1106;BOSCO di CIVEZZANO           ;1;TRENTO (Autostaz.)         ;01/01/2022;11/09/2022;24/06/2023;31/08/2023;estiva feriale lu-ve;;;x;x;;x;x;x;x;x;;;;;;;;;;;;;;;ITALBUS S.N.C. DI CASAGRANDE ARMANDO E CHRISTIAN & C.;;; -   € ;;;1;;;;;;;; -   ;7;0;0;; -   € ;;;;;;;;;;;; -   € ; -   € ; -   € ; -   € ;154;0;0;0
212;;207;116;240;10:40;11:10;Civezzano-Bosco;"Estiva
lunedì-sabato";11,00;30; 67 ; 737,00 ;AUTONOLEGGI VISINTAINER di VISINTAINER FRANCESCO;FF721CS;35;FN583MX;23;FR784WP;21;1100;CIVEZZANO                    ;1106;BOSCO di CIVEZZANO           ;01/01/2022;11/09/2022;24/06/2023;31/08/2023;estiva feriale lu-sa;;;x;x;;x;x;x;x;x;x;;;;;;;;;;; 24,20 € ;;;;;; 1.621,40 € ;;;1; -   € ; -   € ; -   ;;;;; -   ;9;0;0;0; 24,20 € ;;;;;;;;;;;; 217,80 € ; -   € ; -   € ; -   € ;99;0;0;0
213;;208;116;327;11:15;11:35;Bosco-Civezzano;"Estiva
lunedì-sabato";9,00;30; 67 ; 603,00 ;AUTONOLEGGI VISINTAINER di VISINTAINER FRANCESCO;FF721CS;35;FN583MX;23;FR784WP;21;1106;BOSCO di CIVEZZANO           ;1100;CIVEZZANO                    ;01/01/2022;11/09/2022;24/06/2023;31/08/2023;estiva feriale lu-sa;;;x;x;;x;x;x;x;x;x;;;;;;;;;;; 19,80 € ;;;;;; 1.326,60 € ;;;1; -   € ; -   € ; -   ;;;;; -   ;9;0;0;0; 19,80 € ;;;;;;;;;;;; 178,20 € ; -   € ; -   € ; -   € ;81;0;0;0
214;;209;116;242;11:36;12:05;Civezzano-Bosco;estiva feriale;11;30; 67 ; 737,00 ;AUTONOLEGGI VISINTAINER di VISINTAINER FRANCESCO;FF721CS;35;FN583MX;23;FR784WP;21;1100;CIVEZZANO                    ;1106;BOSCO di CIVEZZANO           ;01/01/2022;11/09/2022;24/06/2023;31/08/2023;estiva feriale lu-sa;;;x;x;;x;x;x;x;x;x;;;;;;;;;;; -   € ;;;;;; -   € ;; -   € ;1; 22,00 € ; -   € ; 1.474 ;;;;; -   ;9;0;0;0; 22,00 € ;;;;;;;;;;;; 198,00 € ; -   € ; -   € ; -   € ;99;0;0;0
215;;210;116;117;16:40;17:00;Bosco-Civezzano;"estiva feriale 
dal lunedì al venerdì";11;19; 55 ; 605,00 ;ITALBUS S.N.C. DI CASAGRANDE ARMANDO E CHRISTIAN & C.;EV877GJ;21;EJ873ZA;23;;;1106;BOSCO di CIVEZZANO           ;1100;CIVEZZANO                    ;01/01/2022;11/09/2022;24/06/2023;31/08/2023;estiva feriale lu-ve;;;x;x;;x;x;x;x;x;;;;;;;;;;;;;;;ITALBUS S.N.C. DI CASAGRANDE ARMANDO E CHRISTIAN & C.;;; -   € ;;;1;;;;;;;; -   ;7;0;0;; -   € ;;;;;;;;;;;; -   € ; -   € ; -   € ; -   € ;77;0;0;0
216;;211;116;246;17:00;17:30;Civezzano-Bosco;"estiva feriale 
dal lunedì al venerdì";11;19; 55 ; 605,00 ;ITALBUS S.N.C. DI CASAGRANDE ARMANDO E CHRISTIAN & C.;EV877GJ;21;EJ873ZA;23;;;1100;CIVEZZANO                    ;1106;BOSCO di CIVEZZANO           ;01/01/2022;11/09/2022;24/06/2023;31/08/2023;estiva feriale lu-ve;;;x;x;;x;x;x;x;x;;;;;;;;;;;;;;;ITALBUS S.N.C. DI CASAGRANDE ARMANDO E CHRISTIAN & C.;;; -   € ;;;1;;;;;;;; -   ;7;0;0;; -   € ;;;;;;;;;;;; -   € ; -   € ; -   € ; -   € ;77;0;0;0
217;;212;116;236;18:01;18:30;Civezzano-Bosco;"feriale 
da lunedì a venerdì";11;19; 252 ; 2.772,00 ;ITALBUS S.N.C. DI CASAGRANDE ARMANDO E CHRISTIAN & C.;EV877GJ;21;EJ873ZA;23;;;1100;CIVEZZANO                    ;1106;BOSCO di CIVEZZANO           ;01/09/2022;31/08/2023;;;annuale feriale lu-ve;;x;x;x;;x;x;x;x;x;;;;;;;;;;;;;;;ITALBUS S.N.C. DI CASAGRANDE ARMANDO E CHRISTIAN & C.;;; -   € ;;;1;;;;;;;; -   ;22;21;21;20; -   € ;;;;;;;;;;;; -   € ; -   € ; -   € ; -   € ;242;231;231;220
218;;213;116;123;18:35;18:54;Bosco-Civezzano;"feriale 
da lunedì a venerdì";11;19; 252 ; 2.772,00 ;ITALBUS S.N.C. DI CASAGRANDE ARMANDO E CHRISTIAN & C.;EV877GJ;21;EJ873ZA;23;;;1106;BOSCO di CIVEZZANO           ;1100;CIVEZZANO                    ;01/09/2022;31/08/2023;;;annuale feriale lu-ve;;x;x;x;;x;x;x;x;x;;;;;;;;;;;;;;;ITALBUS S.N.C. DI CASAGRANDE ARMANDO E CHRISTIAN & C.;;; -   € ;;;1;;;;;;;; -   ;22;21;21;20; -   € ;;;;;;;;;;;; -   € ; -   € ; -   € ; -   € ;242;231;231;220
219;;214;116;248;19:51;20:20;Civezzano-Bosco;feriale;11;19; 304 ; 3.344,00 ;ITALBUS S.N.C. DI CASAGRANDE ARMANDO E CHRISTIAN & C.;EV877GJ;21;EJ873ZA;23;;;1100;CIVEZZANO                    ;1106;BOSCO di CIVEZZANO           ;01/09/2022;31/08/2023;;;annuale feriale lu-sa;;x;x;x;;x;x;x;x;x;x;;;;;;;;;;;;;;ITALBUS S.N.C. DI CASAGRANDE ARMANDO E CHRISTIAN & C.;;; -   € ;;;1;;;;;;;; -   ;26;26;25;25; -   € ;;;;;;;;;;;; -   € ; -   € ; -   € ; -   € ;286;286;275;275
220;;215;121;70;06:00;06:10;Montesover - Sover;"invernale
lunedì-sabato";5,50;22; 240 ; 1.320,00 ;GROFF TOUR DI TATTI CARLA;GE457VX;9;FR981TK;18;;;4070;MONTESOVER                   ;1122;SOVER                        ;12/09/2022;23/06/2023;;;invernale feriale lu-sa;;x;;x;;x;x;x;x;x;x;;;;;;;;;;; 28,38 € ;;;;;; 6.811,20 € ;;;1; -   € ; -   € ; -   ;;;; -   € ; -   ;17;26;25;25; 28,38 € ;;;;;;;;;;;; 482,46 € ; 737,88 € ; 709,50 € ; 709,50 € ;93,5;143;137,5;137,5
221;;216;121;72;06:20;06:30;Montesover - Sover;estiva feriale;5,50;22; 67 ; 368,50 ;GROFF TOUR DI TATTI CARLA;GE457VX;9;FR981TK;18;;;4070;MONTESOVER                   ;1122;SOVER                        ;01/01/2022;11/09/2022;24/06/2023;31/08/2023;estiva feriale lu-sa;;;x;x;;x;x;x;x;x;x;;;;;;;;;;; 28,38 € ;;;;;; 1.901,46 € ;;;1; -   € ; -   € ; -   ;;;; -   € ; -   ;9;0;0;0; 28,38 € ;;;;;;;;;;;; 255,42 € ; -   € ; -   € ; -   € ;49,5;0;0;0
222;;217;121;173;06:27;06:31;Facendi  - Sveseri Bivio;"scolastica 
da lunedì a sabato";1,50;22; 208 ; 312,00 ;GROFF TOUR DI TATTI CARLA;GE457VX;9;FR981TK;18;;;  1123SA;Facendi V.S.Antonio(Capitello);1125;Sveseri  Bivio               ;12/09/2022;09/06/2023;;;scolastica lu-sa;;;;;x;x;x;x;x;x;x;;;;;;;;;;; 2,70 € ;;;;;; 561,60 € ;;;1; 0,30 € ; -   € ; 62,40 € ;;;; 17,30 € ; 3.598 ;17;25;25;18; 20,30 € ;;;;;;;;;;;; 345,10 € ; 507,50 € ; 507,50 € ; 365,40 € ;25,5;37,5;37,5;27
223;;218;121;72;06:40;06:50;Montesover - Sover;"invernale
lunedì-sabato";5,50;22; 240 ; 1.320,00 ;GROFF TOUR DI TATTI CARLA;GE457VX;9;FR981TK;18;;;4070;MONTESOVER                   ;1122;SOVER                        ;12/09/2022;23/06/2023;;;invernale feriale lu-sa;;x;;x;;x;x;x;x;x;x;;;;;;;;;;; 28,38 € ;;;;;; 6.811,20 € ;;;1; -   € ; -   € ; -   ;;;; -   € ; -   ;17;26;25;25; 28,38 € ;;;;;;;;;;;; 482,46 € ; 737,88 € ; 709,50 € ; 709,50 € ;93,5;143;137,5;137,5
224;;219;121;65;07:05;07:15;Sover - Montesover;feriale;5,50;22; 304 ; 1.672,00 ;GROFF TOUR DI TATTI CARLA;GE457VX;9;FR981TK;18;;;1122;SOVER                        ;4070;MONTESOVER                   ;01/09/2022;31/08/2023;;;annuale feriale lu-sa;;x;x;x;;x;x;x;x;x;x;;;;;;;;;;; 28,38 € ;;;;;; 8.627,52 € ;;;1; -   € ; -   € ; -   ;;;;; -   ;26;26;25;25; 28,38 € ;;;;;;;;;;;; 737,88 € ; 737,88 € ; 709,50 € ; 709,50 € ;143;143;137,5;137,5
225;;220;121;74;13:10;13:20;Montesover - Sover;"invernale
lunedì-sabato";5,50;22; 240 ; 1.320,00 ;GROFF TOUR DI TATTI CARLA;FR981TK;18;GE457VX;9;;;4070;MONTESOVER                   ;1122;SOVER                        ;12/09/2022;23/06/2023;;;invernale feriale lu-sa;;x;;x;;x;x;x;x;x;x;;;;;;;;;;; 28,38 € ;;;;;; 6.811,20 € ;;;1; -   € ; -   € ; -   ;;;;; -   ;17;26;25;25; 28,38 € ;;;;;;;;;;;; 482,46 € ; 737,88 € ; 709,50 € ; 709,50 € ;93,5;143;137,5;137,5
226;;221;121;74;13:20;13:30;Montesover - Sover;estiva feriale;5,50;22; 67 ; 368,50 ;GROFF TOUR DI TATTI CARLA;FR981TK;18;GE457VX;9;;;4070;MONTESOVER                   ;1122;SOVER                        ;01/01/2022;11/09/2022;24/06/2023;31/08/2023;estiva feriale lu-sa;;;x;x;;x;x;x;x;x;x;;;;;;;;;;; 28,38 € ;;;;;; 1.901,46 € ;;;1; -   € ; -   € ; -   ;;;;; -   ;9;0;0;0; 28,38 € ;;;;;;;;;;;; 255,42 € ; -   € ; -   € ; -   € ;49,5;0;0;0
227;;222;121;67;13:35;13:45;Sover - Montesover;feriale;5,50;22; 304 ; 1.672,00 ;GROFF TOUR DI TATTI CARLA;FR981TK;18;GE457VX;9;;;1122;SOVER                        ;4070;MONTESOVER                   ;01/09/2022;31/08/2023;;;annuale feriale lu-sa;;x;x;x;;x;x;x;x;x;x;;;;;;;;;;; 28,38 € ;;;;;; 8.627,52 € ;;;1; -   € ; -   € ; -   ;;;;; -   ;26;26;25;25; 28,38 € ;;;;;;;;;;;; 737,88 € ; 737,88 € ; 709,50 € ; 709,50 € ;143;143;137,5;137,5
228;;223;121;67;13:45;13:55;Montesover- Gabard (prolungamento c.sa 67);"scolastica 
solo venerdì ";4,00;22; 36 ; 144,00 ;GROFF TOUR DI TATTI CARLA;FR981TK;18;GE457VX;9;;;4070;MONTESOVER                   ;  4060MG;Brusago (Maso Gabart)        ;12/09/2022;09/06/2023;;;scolastica ve;;;;;x;;;;;x;;;;;;;;;;;; 10,33 € ;;;;;; 371,88 € ;;;1; -   € ; -   € ; -   ;;;;; -   ;3;4;4;3; 10,33 € ;;;;;;;;;;;; 30,99 € ; 41,32 € ; 41,32 € ; 30,99 € ;12;16;16;12
229;;224;121;67;13:55;14:13;Maso Gabard-Rizzolaga-Baselga;scolastica venerdì;12,40;9; 36 ; 446,40 ;GROFF TOUR DI TATTI CARLA;FR981TK;18;GE457VX;9;;;  4060MG;Brusago (Maso Gabart)        ;  4025UP;BASELGA P. (Municipio)       ;12/09/2022;09/06/2023;;;scolastica ve;;;;;x;;;;;x;;;;;;;;;;;; 25,20 € ;;;;;; 907,20 € ;;;1; -   € ; -   € ; -   ;;;;; -   ;3;4;4;3; 25,20 € ;;;;;;;;;;;; 75,60 € ; 100,80 € ; 100,80 € ; 75,60 € ;37,2;49,6;49,6;37,2
230;;225;121;437;14:28;14:35;Sover - Montesover;"scolastica 
da lunedì a sabato";5,50;22; 208 ; 1.144,00 ;GROFF TOUR DI TATTI CARLA;FR981TK;18;GE457VX;9;;;1122;SOVER                        ;4070;MONTESOVER                   ;12/09/2022;09/06/2023;;;scolastica lu-sa;;;;;x;x;x;x;x;x;x;;;;;;;;;;; 14,58 € ;;;;;; 3.032,64 € ;;;1; -   € ; -   € ; -   ;;;;; -   ;17;25;25;18; 14,58 € ;;;;;;;;;;;; 247,86 € ; 364,50 € ; 364,50 € ; 262,44 € ;93,5;137,5;137,5;99
231;;226;121;707;16:20;16:30;Sover-Montesover                                        ;"scolastica 
da lunedì a giovedì";5,50;19; 137 ; 753,50 ;GROFF TOUR DI TATTI CARLA;FR981TK;18;GE457VX;9;;;1122;SOVER                        ;4070;MONTESOVER                   ;12/09/2022;09/06/2023;;;scolastica lu, ma, me, gio;;;;;x;x;x;x;x;;;;;;;;;;;;; 9,90 € ;;;;;; 1.356,30 € ;;;1; 1,10 € ; -   € ; 150,70 € ;;;;; -   ;12;16;17;12; 11,00 € ;;;;;;;;;;;; 132,00 € ; 176,00 € ; 187,00 € ; 132,00 € ;66;88;93,5;66
232;;227;121;69;17:45;17:55;Sover - Montesover;feriale;5,50;22; 304 ; 1.672,00 ;GROFF TOUR DI TATTI CARLA;FR981TK;18;GE457VX;9;;;1122;SOVER                        ;4070;MONTESOVER                   ;01/09/2022;31/08/2023;;;annuale feriale lu-sa;;x;x;x;;x;x;x;x;x;x;;;;;;;;;;; 17,70 € ;;;;;; 5.380,80 € ;;;1; -   € ; -   € ; -   ;;;;; -   ;26;26;25;25; 17,70 € ;;;;;;;;;;;; 460,20 € ; 460,20 € ; 442,50 € ; 442,50 € ;143;143;137,5;137,5
233;;228;121;112;18:21;18:25;Sveseri Bivio - Facendi ;"scolastica 
da lunedì a venerdì";1,50;22; 174 ; 261,00 ;GROFF TOUR DI TATTI CARLA;GE457VX;9;FR981TK;18;;;1125;Sveseri  Bivio               ;  1123SA;Facendi V.S.Antonio(Capitello);12/09/2022;09/06/2023;;;scolastica lu-ve;;;;;x;x;x;x;x;x;;;;;;;;;;;; 10,00 € ;;;;;; 1.740,00 € ;;;1; -   € ; -   € ; -   ;;;;; -   ;15;20;21;15; 10,00 € ;;;;;;;;;;;; 150,00 € ; 200,00 € ; 210,00 € ; 150,00 € ;22,5;30;31,5;22,5
234;;229;122;23;06:50;07:03;Bellamonte - Predazzo;"scolastica 
da lunedì a sabato";6,10;8; 208 ; 1.268,80 ;DOLOMITI RENT A CAR S.N.C. DI ROMOR MARSHA & C.;FT217LV;24;FE926YK;21;FG962XM (Giacomelli);24;  1221HT;Bellamonte (H.Torretta)      ;1220;PREDAZZO (Autostaz.)         ;12/09/2022;09/06/2023;;;scolastica lu-sa;;;;;x;x;x;x;x;x;x;;;;;;;;;;; 12,20 € ;;;;;; 2.537,60 € ;;;1; -   € ; -   € ; -   ;;;; 7,80 € ; 1.622 ;17;25;25;18; 20,00 € ;;;;;;;;;;;; 340,00 € ; 500,00 € ; 500,00 € ; 360,00 € ;103,7;152,5;152,5;109,8
235;;230;122;920;07:20;07:55;Castellir - Bellamonte-Predazzo;"scolastica 
da lunedì a sabato";10,00;20; 208 ; 2.080,00 ;DOLOMITI RENT A CAR S.N.C. DI ROMOR MARSHA & C.;FT217LV;24;FE926YK;21;FG962XM (Giacomelli);24;  1221CS;Castelir di Bellamonte       ;  1220SM;Predazzo - Scuole Medie      ;12/09/2022;09/06/2023;;;scolastica lu-sa;;;;;x;x;x;x;x;x;x;;;;;;;;;;; 45,81 € ;;;;;; 9.528,48 € ;;;1; -   € ; -   € ; -   ;;;;; -   ;17;25;25;18; 45,81 € ;;;;;;;;;;;; 778,77 € ; 1.145,25 € ; 1.145,25 € ; 824,58 € ;170;250;250;180
236;;231;122;924;13:05;13:25;Predazzo-Bellamonte - Castellir;"scolastica 
da lunedì a sabato";10,00;20; 208 ; 2.080,00 ;DOLOMITI RENT A CAR S.N.C. DI ROMOR MARSHA & C.;FT217LV;24;FE926YK;21;FG962XM (Giacomelli);24;  1220SC;Predazzo(C.so Degasperi)     ;  1221CS;Castelir di Bellamonte       ;12/09/2022;09/06/2023;;;scolastica lu-sa;;;;;x;x;x;x;x;x;x;;;;;;;;;;; 45,80 € ;;;;;; 9.526,40 € ;;;1; -   € ; -   € ; -   ;;;;; -   ;17;25;25;18; 45,80 € ;;;;;;;;;;;; 778,60 € ; 1.145,00 € ; 1.145,00 € ; 824,40 € ;170;250;250;180
237;;232;122;926;14:05;14:25;Bellamonte - Predazzo sc.;"scolastica
mar+gio";10,00;19; 68 ; 680,00 ;DOLOMITI RENT A CAR S.N.C. DI ROMOR MARSHA & C.;FT217LV;24;FE926YK;21;FG962XM (Giacomelli);24;  1221CS;Castelir di Bellamonte       ;  1220SC;Predazzo(C.so Degasperi)     ;12/09/2022;09/06/2023;;;scolastica ma, gio;;;;;x;;x;;x;;;;;;;;;;;;; 18,00 € ;;;;;; 1.224,00 € ;;;1; 2,00 € ; -   € ; 136,00 € ;;;;; -   ;6;8;8;6; 20,00 € ;;;;;;;;;;;; 120,00 € ; 160,00 € ; 160,00 € ; 120,00 € ;60;80;80;60
238;;233;122;927;16:35;16:55;Predazzo sc.-Bellamonte;"scolastica
mar+gio";10,00;19; 68 ; 680,00 ;DOLOMITI RENT A CAR S.N.C. DI ROMOR MARSHA & C.;FT217LV;24;FE926YK;21;FG962XM (Giacomelli);24;  1220SC;Predazzo(C.so Degasperi)     ;  1221CS;Castelir di Bellamonte       ;12/09/2022;09/06/2023;;;scolastica ma, gio;;;;;x;;x;;x;;;;;;;;;;;;; 18,00 € ;;;;;; 1.224,00 € ;;;1; 2,00 € ; -   € ; 136,00 € ;;;;; -   ;6;8;8;6; 20,00 € ;;;;;;;;;;;; 120,00 € ; 160,00 € ; 160,00 € ; 120,00 € ;60;80;80;60
239;;234;123;1;07:35;08:10;Falcade - Moena;"feriale invernale 
lun-ven-sab e gg. pre e postfest.
(non si effettua nel periodo di effettuazione 20 dic-fine marzo))";22,00;19; 25 ; 550,00 ;DESILVESTRO TAXI E VIAGGI SRL; GC807JF;20;FY240VT FR993WP;9+7;;;1255;FALCADE                      ;  1250AT;Moena (Albergo Trentino)     ;12/09/2022;16/12/2022;19/03/2023;23/06/2023;invernale feriale lu, ve, sab + prefest + postfest (eccetto intensificazione linea 123);sì;x;;x;;x;;;;x;x;;x;;x;;;;;;; 61,98 € ;;;;;; 1.549,50 € ;;;1; -   € ; -   € ; -   ;;;;; -   ;8;14;13;8; 61,98 € ;;;;;;;;;;;; 495,84 € ; 867,72 € ; 805,74 € ; 495,84 € ;176;308;286;176
240;;235;123;1;07:35;08:10;Falcade - Moena;"invernale feriale 
da lunedì a sabato 
(periodo intensificazione circa 20 dic- fine marzo)";22,00;29; 83 ; 1.826,00 ;DESILVESTRO TAXI E VIAGGI SRL;FZ047KX;23;GC807JF FR993WP;20+7;;;1255;FALCADE                      ;  1250AT;Moena (Albergo Trentino)     ;17/12/2022;18/03/2023;;;invernale feriale lu-sa (in intensificazione linea 123);sì;x;;x;;x;x;x;x;x;x;;;;;;;;;;; 78,87 € ;;;;;; 6.546,21 € ;;;1; -   € ; -   € ; -   ;;;;; -   ;0;0;0;12; 78,87 € ;;;;;;;;;;;; -   € ; -   € ; -   € ; 946,44 € ;0;0;0;264
241;;236;123;6;17:00;17:35;Moena - Falcade;"feriale invernale 
lun-ven-sab e gg. pre e postfest.
(non si effettua nel periodo di effettuazione 20 dic-fine marzo))";22,00;19; 25 ; 550,00 ;DESILVESTRO TAXI E VIAGGI SRL;GC807JF;20;FY240VT FR993WP;9+7;;;  1250AT;Moena (Albergo Trentino)     ;1255;FALCADE                      ;12/09/2022;16/12/2022;19/03/2023;23/06/2023;invernale feriale lu, ve, sab + prefest + postfest (eccetto intensificazione linea 123);sì;x;;x;;x;;;;x;x;;x;;x;;;;;;; 61,98 € ;;;;;; 1.549,50 € ;;;1; -   € ; -   € ; -   ;;;;; -   ;8;14;13;8; 61,98 € ;;;;;;;;;;;; 495,84 € ; 867,72 € ; 805,74 € ; 495,84 € ;176;308;286;176
242;;237;123;6;17:00;17:35;Moena - Falcade;"invernale feriale 
da lunedì a sabato 
(periodo intensificazione circa 20 dic- fine marzo)";22,00;29; 83 ; 1.826,00 ;DESILVESTRO TAXI E VIAGGI SRL;FZ047KX;29;GC807JF FR993WP;20+7;;;  1250AT;Moena (Albergo Trentino)     ;1255;FALCADE                      ;17/12/2022;18/03/2023;;;invernale feriale lu-sa (in intensificazione linea 123);sì;x;;x;;x;x;x;x;x;x;;;;;;;;;;; 78,87 € ;;;;;; 6.546,21 € ;;;1; -   € ; -   € ; -   ;;;;; -   ;0;0;0;12; 78,87 € ;;;;;;;;;;;; -   € ; -   € ; -   € ; 946,44 € ;0;0;0;264
243;;238;124;655;06:05;07:30;Masi di Imer - Pozza di fassa;"scolastica 
solo lunedì e postfest.";65,50;29; 36 ; 2.358,00 ;HOTEL AL BIVIO SRL;FB913BJ;8;FZ987BE;21;GA701ER;8;  5111RR;Masi di Imer;1300;POZZA DI FASSA               ;12/09/2022;09/06/2023;;;scolastica lu + postfest;;;;;x;x;;;;;;;x;;;;;;;;; 205,87 € ;;;;;; 7.411,32 € ;;;1; -   € ; -   € ; -   ;;;; -   € ; -   ;3;4;5;4; 205,87 € ;;;;;;;;;;;; 617,61 € ; 823,48 € ; 1.029,35 € ; 823,48 € ;196,5;262;327,5;262
244;;239;124;654;14:00;15:35;Pozza Fassa-Predazzo-P.so Rolle-Fiera P.-Imer;"Scolastica
venerdì+prefest. infrasett.";65,50;29; 39 ; 2.554,50 ;HOTEL AL BIVIO SRL;GA701ER;8;FZ987BE;21;FB913BJ;8;1300;POZZA DI FASSA               ;5111;Masi di Imer;12/09/2022;09/06/2023;;;scolastica ve + prefest;;;;;x;;;;;x;;;;;x;;;;;;; 196,50 € ;;;;;; 7.663,50 € ;;;1; -   € ; -   € ; -   ;;;;; -   ;3;4;4;5; 196,50 € ;;;;;;;;;;;; 589,50 € ; 786,00 € ; 786,00 € ; 982,50 € ;196,5;262;262;327,5
245;;240;132;642;09:40;10:10;Valcava - Segonzano - Cembra;"feriale 
solo mercoledì";17,00;20; 52 ; 884,00 ;ZAMPEDRI STEFANO ;FE022HG;21;ER812KZ;21;EV877GJ (ditta Italbus);21;1121;VALCAVA                      ;  1078RR;Cembra           ;01/09/2022;31/08/2023;;;annuale feriale me;;x;x;x;;;;x;;;;;;;;;;;;;; 62,32 € ;;;;;; 3.240,64 € ;;;1; -   € ; -   € ; -   ;;;;; -   ;4;4;5;4; 62,32 € ;;;;;;;;;;;; 249,28 € ; 249,28 € ; 311,60 € ; 249,28 € ;68;68;85;68
246;;241;132;647;11:50;12:20;Cembra - Segonzano - Valcava;"feriale 
solo mercoledì";17,00;20; 52 ; 884,00 ;ZAMPEDRI STEFANO ;FE022HG;21;ER812KZ;21;EV877GJ (ditta Italbus);21;  1078RR;CEMBRA;1121;VALCAVA                      ;01/09/2022;31/08/2023;;;annuale feriale me;;x;x;x;;;;x;;;;;;;;;;;;;; 62,32 € ;;;;;; 3.240,64 € ;;;1; -   € ; -   € ; -   ;;;;; -   ;4;4;5;4; 62,32 € ;;;;;;;;;;;; 249,28 € ; 249,28 € ; 311,60 € ; 249,28 € ;68;68;85;68
247;;242;132;643;12:35;13:02;S.Michele - Cembra;"scolastica 
solo giorno di sabato";20,00;41; 34 ; 680,00 ;MONAUNI CARLO S.N.C. DI MONAUNI GERARDO E C. ;EX037JY;46;FE091HG;47;FA981GW (Planchel);45;  0954IA;S.Michele a/A.- Ist. Agrario ;1078;Cembra           ;12/09/2022;09/06/2023;;;scolastica sab;;;;;x;;;;;;x;;;;;;;;;;; 165,99 € ;;;;;; 5.643,66 € ;;;2; -   € ; -   € ; -   ;;;;; -   ;2;5;4;3; 165,99 € ;;;;;;;;;;;; 331,98 € ; 829,95 € ; 663,96 € ; 497,97 € ;40;100;80;60
248;;243;132;643;13:02;13:17;Cembra - Scancio di Segonzano;"scolastica 
sabato";9,00;41; 34 ; 306,00 ;MONAUNI CARLO S.N.C. DI MONAUNI GERARDO E C. ;EX037JY;46;FE091HG;47;;;  1078RR;CEMBRA;1118;SCANCIO SEGONZANO            ;12/09/2022;09/06/2023;;;scolastica sab;;;;;x;;;;;;x;;;;;;;;;;; 16,20 € ;;;;;; 550,80 € ;;;2; -   € ; 10,80 € ;;;;;; -   ;2;5;4;3; 27,00 € ;;;;;;;;;;;; 54,00 € ; 135,00 € ; 108,00 € ; 81,00 € ;18;45;36;27
249;;244;132;643;13:17;13:20;"Scancio di Segonzano-Sevignano
prolungamento  c.sa Cembra-Scancio";"scolastica 
sabato";2,00;41; 34 ; 68,00 ;MONAUNI CARLO S.N.C. DI MONAUNI GERARDO E C. ;EX037JY;46;FE091HG;47;;;1118;SCANCIO SEGONZANO            ;1115;Sevignano                    ;12/09/2022;09/06/2023;;;scolastica sab;;;;;x;;;;;;x;;;;;;;;;;; 6,00 € ;;;;;; 204,00 € ;;;2; -   € ; -   € ; -   ;;;;; -   ;2;5;4;3; 6,00 € ;;;;;;;;;;;; 12,00 € ; 30,00 € ; 24,00 € ; 18,00 € ;4;10;8;6
250;;245;132;641;13:35;14:02;S.Michele - Cembra;"scolastica 
da lunedì a venerdì";20,00;41; 174 ; 3.480,00 ;MONAUNI CARLO S.N.C. DI MONAUNI GERARDO E C. ;EX037JY;46;FE091HG;47;FA981GW (Planchel);45;  0954IA;S.Michele a/A.- Ist. Agrario ;1078;Cembra           ;12/09/2022;09/06/2023;;;scolastica lu-ve;;;;;x;x;x;x;x;x;;;;;;;;;;;; 165,99 € ;;;;;; 28.882,26 € ;;;2; -   € ; -   € ; -   ;;;;; -   ;15;20;21;15; 165,99 € ;;;;;;;;;;;; 2.489,85 € ; 3.319,80 € ; 3.485,79 € ; 2.489,85 € ;300;400;420;300
251;;246;132;641;14:02;14:16;Cembra - Scancio di Segonzano - Sevignano;"scolastica 
da lunedì a venerdì";11,00;41; 174 ; 1.914,00 ;MONAUNI CARLO S.N.C. DI MONAUNI GERARDO E C. ;EX037JY;46;FE091HG;47;FN568MX;9;  1078RR;CEMBRA;1115;Sevignano                    ;12/09/2022;09/06/2023;;;scolastica lu-ve;;;;;x;x;x;x;x;x;;;;;;;;;;;; 19,80 € ;;;;;; 3.445,20 € ;;;2; -   € ; 13,20 € ; 2.297 ;;;;; -   ;15;20;21;15; 33,00 € ;;;;;;;;;;;; 495,00 € ; 660,00 € ; 693,00 € ; 495,00 € ;165;220;231;165
252;;247;135;640;07:05;07:29;"Capriana-Grumese - Valda 
(prolungamento c.sa per S.Michele)";"scolastica 
da lunedì a venerdì";14,50;41; 174 ; 2.523,00 ;MONAUNI CARLO S.N.C. DI MONAUNI GERARDO E C. ;EX037JY;46;FA981GW (Planchel);45;;;1084;CAPRIANA                     ;1080;Valda                        ;12/09/2022;09/06/2023;;;scolastica lu-ve;;;;;x;x;x;x;x;x;;;;;;;;;;;; 26,10 € ;;;;;; 4.541,40 € ;;;2;;;;;;;; -   ;15;20;21;15; 26,10 € ;;;;;;;;;;;; 391,50 € ; 522,00 € ; 548,10 € ; 391,50 € ;217,5;290;304,5;217,5
253;;248;135;640;07:05;07:29;"Capriana-Grumes-Valda
(prolungamento c.sa per S.Michele)";"scolastica
sabato";14,50;19; 34 ; 493,00 ;MONAUNI CARLO S.N.C. DI MONAUNI GERARDO E C. ;EX037JY;46;FA981GW (Planchel);45;;;1084;CAPRIANA                     ;1080;Valda                        ;12/09/2022;09/06/2023;;;scolastica sab;;;;;x;;;;;;x;;;;;;;;;;; 36,60 € ;;;;;; 1.244,40 € ;;;1; -   € ; -   € ; -   ;;;;; -   ;2;5;4;3; 36,60 € ;;;;;;;;;;;; 73,20 € ; 183,00 € ; 146,40 € ; 109,80 € ;29;72,5;58;43,5
254;;249;201;59;06:36;07:22;Ponte Arche - Trento (corsa bis);"scolastica 
solo lunedì e posfest.";31,00;56; 36 ; 1.116,00 ;SARCATOUR s.r.l.;EV936EW;61;FK791WG;55;FA895BD;57;2180;PONTE ARCHE (Autost.)        ;1;TRENTO (Autostaz.)         ;12/09/2022;09/06/2023;;;scolastica lu + postfest;;;;;x;x;;;;;;;x;;;;;;;;; 173,55 € ;;;;;; 6.247,80 € ;;;2; -   € ; -   € ; -   ;;;; -   € ; -   ;3;4;5;4; 173,55 € ;;;;;;;;;;;; 520,65 € ; 694,20 € ; 867,75 € ; 694,20 € ;93;124;155;124
255;;250;201;59;06:36;07:22;Ponte Arche-Trento;"scolastica 
da martedì a venerdì 
(esclusi giorni postfest.)";30,00;50; 141 ; 4.230,00 ;SARCATOUR s.r.l.;EV936EW;61;FK791WG;55;FA895BD;57;2180;PONTE ARCHE (Autost.)        ;1;TRENTO (Autostaz.)         ;12/09/2022;09/06/2023;;;scolastica ma, me, gio, ve (no postfest);;;;;x;;x;x;x;x;;;;x;;;;;;;; 90,00 € ;;;;;; 12.690,00 € ;;;2; -   € ; -   € ; -   ;;;; -   € ; -   ;12;16;16;11; 90,00 € ;;;;;;;;;;;; 1.080,00 € ; 1.440,00 € ; 1.440,00 € ; 990,00 € ;360;480;480;330
256;;251;201;251;07:09;08:17;Tione-Trento;"invernale
lunedì-sabato";44;50; 240 ; 10.560,00 ;TRENTINOBUS SRL;FH993YZ;61;EZ866DM;58;DZ957SD;65;2290;TIONE (Autostazione)         ;1;TRENTO (Autostaz.)         ;12/09/2022;23/06/2023;;;invernale feriale lu-sa;;x;;x;;x;x;x;x;x;x;;;;;;;;;;; 105,60 € ;;;;;; 25.344,00 € ;;;2; -   € ; 26,40 € ; 6.336 ;;;;; -   ;17;26;25;25; 132,00 € ;;;;;;;;;;;; 2.244,00 € ; 3.432,00 € ; 3.300,00 € ; 3.300,00 € ;748;1144;1100;1100
257;NUOVA;252;201;279;07:46;08:04;Tione-P.Arche;"Invernale 
festiva";15;50; 47 ; 705,00 ;AUTONOLEGGI FILIPPI S.R.L. UNIPERSONALE;FN113MX;57;FF887CS;57;GK228BZ (TN Service) GL551LP;57 37;2290;TIONE (Autostazione)         ;2180;PONTE ARCHE (Autost.)        ;12/09/2022;23/06/2023;;;invernale festiva;;x;;;;;;;;;;x;;;;;;;;;;;; 45,00 € ;;;;;; 2.115,00 € ;2;;;;;;;; -   ;2;5;5;6; 45,00 € ;;;;;;;;;;;; 90,00 € ; 225,00 € ; 225,00 € ; 270,00 € ;30;75;75;90
258;NUOVA;253;201;518;08:34;08:52;P.Arche-Tione;"invernale
lunedì-sabato";15;50; 240 ; 3.600,00 ;AUTONOLEGGI FILIPPI S.R.L. UNIPERSONALE;FN113MX;57;FF887CS;57;GK228BZ (TN Service) GL551LP;57 37;2180;PONTE ARCHE (Autost.)        ;2290;TIONE (Autostazione)         ;12/09/2022;23/06/2023;;;invernale feriale lu-sa;;x;;x;;x;x;x;x;x;x;;;;;;;;;;;;; 45,00 € ;;;;;; 10.800,00 € ;2;;;;;;;; -   ;17;26;25;25; 45,00 € ;;;;;;;;;;;; 765,00 € ; 1.170,00 € ; 1.125,00 € ; 1.125,00 € ;255;390;375;375
259;NUOVA;254;201;518;08:34;08:52;P.Arche-Tione;"Invernale 
festiva";15;50; 47 ; 705,00 ;AUTONOLEGGI FILIPPI S.R.L. UNIPERSONALE;FN113MX;57;FF887CS;57;GK228BZ (TN Service) GL551LP;57 37;2180;PONTE ARCHE (Autost.)        ;2290;TIONE (Autostazione)         ;12/09/2022;23/06/2023;;;invernale festiva;;x;;;;;;;;;;x;;;;;;;;;;;; 45,00 € ;;;;;; 2.115,00 € ;2;;;;;;;; -   ;2;5;5;6; 45,00 € ;;;;;;;;;;;; 90,00 € ; 225,00 € ; 225,00 € ; 270,00 € ;30;75;75;90
260;km corretti da capitolato;255;201;230;08:50;09:59;Trento-Tione;"invernale
lunedì-sabato";44;50; 240 ; 10.560,00 ;TRENTINOBUS SRL;FH993YZ;61;EZ866DM;58;DZ957SD;65;1;TRENTO   (Autostaz.)         ;2290;TIONE (Autostazione)         ;12/09/2022;23/06/2023;;;invernale feriale lu-sa;;x;;x;;x;x;x;x;x;x;;;;;;;;;;; 105,60 € ;;;;;; 25.344,00 € ;;;2; -   € ; 26,40 € ; 6.336 ;;;;; -   ;17;26;25;25; 132,00 € ;;;;;;;;;;;; 2.244,00 € ; 3.432,00 € ; 3.300,00 € ; 3.300,00 € ;748;1144;1100;1100
261;NUOVA;256;201;351;09:00;09:18;Tione-P.Arche;"invernale
lunedì-sabato";15;50; 240 ; 3.600,00 ;AUTONOLEGGI FILIPPI S.R.L. UNIPERSONALE;FN113MX;57;FF887CS;57;GK228BZ (TN Service) GL551LP;57 37;2290;TIONE (Autostazione)         ;2180;PONTE ARCHE (Autost.)        ;12/09/2022;23/06/2023;;;invernale feriale lu-sa;;x;;x;;x;x;x;x;x;x;;;;;;;;;;;;; 45,00 € ;;;;;; 10.800,00 € ;2;;;;;;;; -   ;17;26;25;25; 45,00 € ;;;;;;;;;;;; 765,00 € ; 1.170,00 € ; 1.125,00 € ; 1.125,00 € ;255;390;375;375
262;NUOVA;257;201;351;09:00;09:18;Tione-P.Arche;"Invernale 
festiva";15;50; 47 ; 705,00 ;AUTONOLEGGI FILIPPI S.R.L. UNIPERSONALE;FN113MX;57;FF887CS;57;GK228BZ (TN Service) GL551LP;57 37;2290;TIONE (Autostazione)         ;2180;PONTE ARCHE (Autost.)        ;12/09/2022;23/06/2023;;;invernale festiva;;x;;;;;;;;;;x;;;;;;;;;;;; 45,00 € ;;;;;; 2.115,00 € ;2;;;;;;;; -   ;2;5;5;6; 45,00 € ;;;;;;;;;;;; 90,00 € ; 225,00 € ; 225,00 € ; 270,00 € ;30;75;75;90
263;NUOVA;258;201;520;09:34;09:52;P.Arche-Tione;"invernale
lunedì-sabato";15;50; 240 ; 3.600,00 ;AUTONOLEGGI FILIPPI S.R.L. UNIPERSONALE;FN113MX;57;FF887CS;57;GK228BZ (TN Service) GL551LP;57 37;2180;PONTE ARCHE (Autost.)        ;2290;TIONE (Autostazione)         ;12/09/2022;23/06/2023;;;invernale feriale lu-sa;;x;;x;;x;x;x;x;x;x;;;;;;;;;;;;; 45,00 € ;;;;;; 10.800,00 € ;2;;;;;;;; -   ;17;26;25;25; 45,00 € ;;;;;;;;;;;; 765,00 € ; 1.170,00 € ; 1.125,00 € ; 1.125,00 € ;255;390;375;375
264;bacino 2 estate 2021;259;201;65;10:00;10:18;Tione-P.Arche;"festiva 
estiva";16;50; 13 ; 208,00 ;SOLETANA VIAGGI S.R.L.;GH779KX;58;FJ863YE;56;;;2290;TIONE (Autostazione)         ;2180;PONTE ARCHE (Autost.)        ;01/01/2022;11/09/2022;24/06/2023;31/08/2023;estiva festiva;;;x;;;;;;;;;x;;;;;;;;;;;;;;SOLETANA VIAGGI S.R.L. 3;; -   € ;;;2;;;;;;;; -   ;2;0;0;; -   € ; estiva festiva ;2;;0;;0;;0;; 400,00 € ;; 800,00 € ; -   € ; -   € ; -   € ;32;0;0;0
265;NUOVA;260;201;65;10:00;10:18;Tione-P.Arche;"invernale
lunedì-sabato";15;50; 240 ; 3.600,00 ;AUTONOLEGGI FILIPPI S.R.L. UNIPERSONALE;FN113MX;57;FF887CS;57;GK228BZ (TN Service) GL551LP;57 37;2290;TIONE (Autostazione)         ;2180;PONTE ARCHE (Autost.)        ;12/09/2022;23/06/2023;;;invernale feriale lu-sa;;x;;x;;x;x;x;x;x;x;;;;;;;;;;;;; 45,00 € ;;;;;; 10.800,00 € ;2;;;;;;;; -   ;17;26;25;25; 45,00 € ;;;;;;;;;;;; 765,00 € ; 1.170,00 € ; 1.125,00 € ; 1.125,00 € ;255;390;375;375
266;NUOVA;261;201;65;10:00;10:18;Tione-P.Arche;"Invernale 
festiva";15;50; 47 ; 705,00 ;AUTONOLEGGI FILIPPI S.R.L. UNIPERSONALE;FN113MX;57;FF887CS;57;GK228BZ (TN Service) GL551LP;57 37;2290;TIONE (Autostazione)         ;2180;PONTE ARCHE (Autost.)        ;12/09/2022;23/06/2023;;;invernale festiva;;x;;;;;;;;;;x;;;;;;;;;;;; 45,00 € ;;;;;; 2.115,00 € ;2;;;;;;;; -   ;2;5;5;6; 45,00 € ;;;;;;;;;;;; 90,00 € ; 225,00 € ; 225,00 € ; 270,00 € ;30;75;75;90
267;NUOVA;262;201;522;10:34;10:52;P.Arche-Tione;"invernale
lunedì-sabato";15;50; 240 ; 3.600,00 ;AUTONOLEGGI FILIPPI S.R.L. UNIPERSONALE;FN113MX;57;FF887CS;57;GK228BZ (TN Service) GL551LP;57 37;2180;PONTE ARCHE (Autost.)        ;2290;TIONE (Autostazione)         ;12/09/2022;23/06/2023;;;invernale feriale lu-sa;;x;;x;;x;x;x;x;x;x;;;;;;;;;;;;; 45,00 € ;;;;;; 10.800,00 € ;2;;;;;;;; -   ;17;26;25;25; 45,00 € ;;;;;;;;;;;; 765,00 € ; 1.170,00 € ; 1.125,00 € ; 1.125,00 € ;255;390;375;375
268;NUOVA;263;201;522;10:51;11:09;P.Arche-Tione;"Invernale 
festiva";15;50; 47 ; 705,00 ;AUTONOLEGGI FILIPPI S.R.L. UNIPERSONALE;FN113MX;57;FF887CS;57;GK228BZ (TN Service) GL551LP;57 37;2180;PONTE ARCHE (Autost.)        ;2290;TIONE (Autostazione)         ;12/09/2022;23/06/2023;;;invernale festiva;;x;;;;;;;;;;x;;;;;;;;;;;; 45,00 € ;;;;;; 2.115,00 € ;2;;;;;;;; -   ;2;5;5;6; 45,00 € ;;;;;;;;;;;; 90,00 € ; 225,00 € ; 225,00 € ; 270,00 € ;30;75;75;90
269;NUOVA;264;201;353;10:59;12:57;Tione-Ragoli-Trento;"invernale
feriale sabato";44;50; 38 ; 1.672,00 ;TRENTINOBUS SRL;FZ833BE;54;CS792NG;45;FN299MX;37;2290;TIONE (Autostazione)         ;1;TRENTO (Autostaz.)         ;12/09/2022;23/06/2023;;;invernale feriale sab;;x;;x;;;;;;;x;;;;;;;;;;;;; 132,00 € ;;;;;; 5.016,00 € ;2;;;;;;;; -   ;2;5;4;5; 132,00 € ;;;;;;;;;;;; 264,00 € ; 660,00 € ; 528,00 € ; 660,00 € ;88;220;176;220
270;bacino 2 estate 2021;265;201;518;11:34;11:52;P.Arche-Tione;"Estiva
lunedì-venerdì";16;50; 55 ; 880,00 ;MAESTRI AUGUSTO & C. S.N.C. ;FB997BJ;57;GH939KX;57;;;2180;PONTE ARCHE (Autost.)        ;2290;TIONE (Autostazione)         ;01/01/2022;11/09/2022;24/06/2023;31/08/2023;estiva feriale lu-ve;;;x;x;;x;x;x;x;x;;;;;;;;;;;;;;;;MAESTRI AUGUSTO & C. S.N.C. ;; -   € ;;;2;;;;;;;; -   ;7;0;0;; -   € ; estiva feriale lu-sa ;9;;0;;0;;0;; 350,00 € ;; 3.150,00 € ; -   € ; -   € ; -   € ;112;0;0;0
271;NUOVA;266;201;516;11:34;11:52;P.Arche-Tione;"invernale
lunedì-sabato";15;50; 240 ; 3.600,00 ;AUTONOLEGGI FILIPPI S.R.L. UNIPERSONALE;FN113MX;57;FF887CS;57;GK228BZ (TN Service) GL551LP;57 37;2180;PONTE ARCHE (Autost.)        ;2290;TIONE (Autostazione)         ;12/09/2022;23/06/2023;;;invernale feriale lu-sa;;x;;x;;x;x;x;x;x;x;;;;;;;;;;;;; 45,00 € ;;;;;; 10.800,00 € ;2;;;;;;;; -   ;17;26;25;25; 45,00 € ;;;;;;;;;;;; 765,00 € ; 1.170,00 € ; 1.125,00 € ; 1.125,00 € ;255;390;375;375
272;NUOVA;267;201;524;12:06;12:24;P.Arche-Tione;"Invernale 
festiva";15;50; 47 ; 705,00 ;AUTONOLEGGI FILIPPI S.R.L. UNIPERSONALE;FN113MX;57;FF887CS;57;GK228BZ (TN Service) GL551LP;57 37;2180;PONTE ARCHE (Autost.)        ;2290;TIONE (Autostazione)         ;12/09/2022;23/06/2023;;;invernale festiva;;x;;;;;;;;;;x;;;;;;;;;;;; 45,00 € ;;;;;; 2.115,00 € ;2;;;;;;;; -   ;2;5;5;6; 45,00 € ;;;;;;;;;;;; 90,00 € ; 225,00 € ; 225,00 € ; 270,00 € ;30;75;75;90
273;NUOVA;268;201;525;12:32;12:50;Tione-P.Arche;"Invernale 
festiva";15;50; 47 ; 705,00 ;AUTONOLEGGI FILIPPI S.R.L. UNIPERSONALE;FN113MX;57;FF887CS;57;GK228BZ (TN Service) GL551LP;57 37;2290;TIONE (Autostazione)         ;2180;PONTE ARCHE (Autost.)        ;12/09/2022;23/06/2023;;;invernale festiva;;x;;;;;;;;;;x;;;;;;;;;;;; 45,00 € ;;;;;; 2.115,00 € ;2;;;;;;;; -   ;2;5;5;6; 45,00 € ;;;;;;;;;;;; 90,00 € ; 225,00 € ; 225,00 € ; 270,00 € ;30;75;75;90
274;;269;201;335;13:25;13:48;Tione - Ponte Arche (corsa bis);"scolastica 
solo venerdì";15,00;50; 36 ; 540,00 ;SOLETANA VIAGGI S.R.L.;GH779KX;58;FJ863YE;56;;;2290;TIONE (Autostazione)         ;2180;PONTE ARCHE (Autost.)        ;12/09/2022;09/06/2023;;;scolastica ve;;;;;x;;;;;x;;;;;;;;;;;; 27,00 € ;;;;;; 972,00 € ;;;2;;;;;;;; -   ;3;4;4;3; 27,00 € ;;;;;;;;;;;; 81,00 € ; 108,00 € ; 108,00 € ; 81,00 € ;45;60;60;45
275;NUOVA;270;201;529;13:27;13:45;Tione-P.Arche;"Invernale 
festiva";15;50; 47 ; 705,00 ;AUTONOLEGGI FILIPPI S.R.L. UNIPERSONALE;FN113MX;57;FF887CS;57;GK228BZ (TN Service) GL551LP;57 37;2290;TIONE (Autostazione)         ;2180;PONTE ARCHE (Autost.)        ;12/09/2022;23/06/2023;;;invernale festiva;;x;;;;;;;;;;x;;;;;;;;;;;; 45,00 € ;;;;;; 2.115,00 € ;2;;;;;;;; -   ;2;5;5;6; 45,00 € ;;;;;;;;;;;; 90,00 € ; 225,00 € ; 225,00 € ; 270,00 € ;30;75;75;90
276;NUOVA;271;201;526;13:45;14:03;P.Arche-Tione;"Invernale 
festiva";15;50; 47 ; 705,00 ;AUTONOLEGGI FILIPPI S.R.L. UNIPERSONALE;FN113MX;57;FF887CS;57;GK228BZ (TN Service) GL551LP;57 37;2180;PONTE ARCHE (Autost.)        ;2290;TIONE (Autostazione)         ;12/09/2022;23/06/2023;;;invernale festiva;;x;;;;;;;;;;x;;;;;;;;;;;; 45,00 € ;;;;;; 2.115,00 € ;2;;;;;;;; -   ;2;5;5;6; 45,00 € ;;;;;;;;;;;; 90,00 € ; 225,00 € ; 225,00 € ; 270,00 € ;30;75;75;90
277;;272;201;310;14:28;14:44; Ponte Arche - Tione ( corsa bis);"scolastica 
solo venerdì";15,00;55; 36 ; 540,00 ;SOLETANA VIAGGI S.R.L.;GH779KX;58;FJ863YE;56;;;2180;PONTE ARCHE (Autost.)        ;2290;TIONE (Autostazione)         ;12/09/2022;09/06/2023;;;scolastica ve;;;;;x;;;;;x;;;;;;;;;;;; 27,00 € ;;;;;; 972,00 € ;;;2;;;;;;;; -   ;3;4;4;3; 27,00 € ;;;;;;;;;;;; 81,00 € ; 108,00 € ; 108,00 € ; 81,00 € ;45;60;60;45
278;NUOVA;273;201;71;15:00;15:18;Tione-P.Arche;"invernale
lunedì-sabato";15;50; 240 ; 3.600,00 ;AUTONOLEGGI FILIPPI S.R.L. UNIPERSONALE;FN113MX;57;FF887CS;57;GK228BZ (TN Service) GL551LP;57 37;2290;TIONE (Autostazione)         ;2180;PONTE ARCHE (Autost.)        ;12/09/2022;23/06/2023;;;invernale feriale lu-sa;;x;;x;;x;x;x;x;x;x;;;;;;;;;;;;; 45,00 € ;;;;;; 10.800,00 € ;2;;;;;;;; -   ;17;26;25;25; 45,00 € ;;;;;;;;;;;; 765,00 € ; 1.170,00 € ; 1.125,00 € ; 1.125,00 € ;255;390;375;375
279;NUOVA;274;201;71;15:00;15:18;Tione-P.Arche;"Invernale 
festiva";15;50; 47 ; 705,00 ;TRENTINOBUS SRL;FZ833BE;54;CS792NG;45;FN299MX;37;2290;TIONE (Autostazione)         ;2180;PONTE ARCHE (Autost.)        ;12/09/2022;23/06/2023;;;invernale festiva;;x;;;;;;;;;;x;;;;;;;;;;;; 45,00 € ;;;;;; 2.115,00 € ;2;;;;;;;; -   ;2;5;5;6; 45,00 € ;;;;;;;;;;;; 90,00 € ; 225,00 € ; 225,00 € ; 270,00 € ;30;75;75;90
280;bacino 2 estate 2021;275;201;71;15:00;16:08;Tione-Trento;"festiva 
estiva";44;50; 13 ; 572,00 ;SOLETANA VIAGGI S.R.L.;FJ863YE;56;;;;;2290;TIONE (Autostazione)         ;1;TRENTO (Autostaz.)         ;01/01/2022;11/09/2022;24/06/2023;31/08/2023;estiva festiva;;;x;;;;;;;;;x;;;;;;;;;;;;;;SOLETANA VIAGGI S.R.L. 3;; -   € ;;;2;;;;;;;; -   ;2;0;0;; -   € ;;;;;;;;;;;; -   € ; -   € ; -   € ; -   € ;88;0;0;0
281;NUOVA;276;201;530;15:34;15:52;P.Arche-Tione;"invernale
lunedì-sabato";15;50; 240 ; 3.600,00 ;AUTONOLEGGI FILIPPI S.R.L. UNIPERSONALE;FN113MX;57;FF887CS;57;GK228BZ (TN Service) GL551LP;57 37;2180;PONTE ARCHE (Autost.)        ;2290;TIONE (Autostazione)         ;12/09/2022;23/06/2023;;;invernale feriale lu-sa;;x;;x;;x;x;x;x;x;x;;;;;;;;;;;;; 45,00 € ;;;;;; 10.800,00 € ;2;;;;;;;; -   ;17;26;25;25; 45,00 € ;;;;;;;;;;;; 765,00 € ; 1.170,00 € ; 1.125,00 € ; 1.125,00 € ;255;390;375;375
282;NUOVA;277;201;530;15:34;15:52;P.Arche-Tione;"Invernale 
festiva";15;50; 47 ; 705,00 ;TRENTINOBUS SRL;FZ833BE;54;CS792NG;45;FN299MX;37;2180;PONTE ARCHE (Autost.)        ;2290;TIONE (Autostazione)         ;12/09/2022;23/06/2023;;;invernale festiva;;x;;;;;;;;;;x;;;;;;;;;;;; 45,00 € ;;;;;; 2.115,00 € ;2;;;;;;;; -   ;2;5;5;6; 45,00 € ;;;;;;;;;;;; 90,00 € ; 225,00 € ; 225,00 € ; 270,00 € ;30;75;75;90
283;bacino 2 estate 2021;278;201;73;17:00;17:18;Tione-P.Arche;"Estiva
lunedì-sabato";16;50; 67 ; 1.072,00 ;TRENTINOBUS SRL;FZ833BE;54;CS792NG;45;FG405XM;28;2290;TIONE (Autostazione)         ;2180;PONTE ARCHE (Autost.)        ;01/01/2022;11/09/2022;24/06/2023;31/08/2023;estiva feriale lu-sa;;;x;x;;x;x;x;x;x;x;;;;;;;;;;;;;;;TRENTINOBUS SRL;; -   € ;;;2;;;;;;;; -   ;9;0;0;0; -   € ; estiva feriale lu-sa ;9;;0;;0;;0;; 350,00 € ;; 3.150,00 € ; -   € ; -   € ; -   € ;144;0;0;0
284;NUOVA;279;201;73;17:05;17:23;Tione-P.Arche;"invernale
lunedì-sabato";15;50; 240 ; 3.600,00 ;MAESTRI AUGUSTO & C. S.N.C. ;FB997BJ;57;GH939KX;57;GH738AD;38;2290;TIONE (Autostazione)         ;2180;PONTE ARCHE (Autost.)        ;12/09/2022;23/06/2023;;;invernale feriale lu-sa;;x;;x;;x;x;x;x;x;x;;;;;;;;;;;;; 45,00 € ;;;;;; 10.800,00 € ;2;;;;;;;; -   ;17;26;25;25; 45,00 € ;;;;;;;;;;;; 765,00 € ; 1.170,00 € ; 1.125,00 € ; 1.125,00 € ;255;390;375;375
285;NUOVA;280;201;73;17:05;17:23;Tione-P.Arche;"Invernale 
festiva";15;50; 47 ; 705,00 ;TRENTINOBUS SRL;FZ833BE;54;CS792NG;45;FN299MX;37;2290;TIONE (Autostazione)         ;2180;PONTE ARCHE (Autost.)        ;12/09/2022;23/06/2023;;;invernale festiva;;x;;;;;;;;;;x;;;;;;;;;;;; 45,00 € ;;;;;; 2.115,00 € ;2;;;;;;;; -   ;2;5;5;6; 45,00 € ;;;;;;;;;;;; 90,00 € ; 225,00 € ; 225,00 € ; 270,00 € ;30;75;75;90
286;bacino 2 estate 2021;281;201;302;17:46;18:04;P.Arche-Tione;"festiva 
estiva";16;50; 13 ; 208,00 ;SOLETANA VIAGGI S.R.L.;GH779KX;58;FJ863YE;56;;;2180;PONTE ARCHE (Autost.)        ;2290;TIONE (Autostazione)         ;01/01/2022;11/09/2022;24/06/2023;31/08/2023;estiva festiva;;;x;;;;;;;;;x;;;;;;;;;;;;;;SOLETANA VIAGGI S.R.L. 3;; -   € ;;;2;;;;;;;; -   ;2;0;0;; -   € ;;;;;;;;;;;; -   € ; -   € ; -   € ; -   € ;32;0;0;0
287;NUOVA;282;201;302;17:46;18:04;P.Arche-Tione;"Invernale 
festiva";15;50; 47 ; 705,00 ;TRENTINOBUS SRL;FZ833BE;54;CS792NG;45;FN299MX;37;2180;PONTE ARCHE (Autost.)        ;2290;TIONE (Autostazione)         ;12/09/2022;23/06/2023;;;invernale festiva;;x;;;;;;;;;;x;;;;;;;;;;;; 45,00 € ;;;;;; 2.115,00 € ;2;;;;;;;; -   ;2;5;5;6; 45,00 € ;;;;;;;;;;;; 90,00 € ; 225,00 € ; 225,00 € ; 270,00 € ;30;75;75;90
288;NUOVA;283;201;77;17:59;18:17;Tione-P.Arche;"invernale
lunedì-sabato";15;50; 240 ; 3.600,00 ;MAESTRI AUGUSTO & C. S.N.C. ;FB997BJ;57;GH939KX;57;GH738AD;38;2290;TIONE (Autostazione)         ;2180;PONTE ARCHE (Autost.)        ;12/09/2022;23/06/2023;;;invernale feriale lu-sa;;x;;x;;x;x;x;x;x;x;;;;;;;;;;;;; 45,00 € ;;;;;; 10.800,00 € ;2;;;;;;;; -   ;17;26;25;25; 45,00 € ;;;;;;;;;;;; 765,00 € ; 1.170,00 € ; 1.125,00 € ; 1.125,00 € ;255;390;375;375
289;NUOVA;284;201;308;18:39;18:57;P.Arche-Tione;"invernale
lunedì-sabato";15;50; 240 ; 3.600,00 ;MAESTRI AUGUSTO & C. S.N.C. ;FB997BJ;57;GH939KX;57;GH738AD;38;2180;PONTE ARCHE (Autost.)        ;2290;TIONE (Autostazione)         ;12/09/2022;23/06/2023;;;invernale feriale lu-sa;;x;;x;;x;x;x;x;x;x;;;;;;;;;;;;; 45,00 € ;;;;;; 10.800,00 € ;2;;;;;;;; -   ;17;26;25;25; 45,00 € ;;;;;;;;;;;; 765,00 € ; 1.170,00 € ; 1.125,00 € ; 1.125,00 € ;255;390;375;375
290;NUOVA;285;201;527;18:59;19:17;Tione-P.Arche;"invernale
lunedì-sabato";15;50; 240 ; 3.600,00 ;MAESTRI AUGUSTO & C. S.N.C. ;FB997BJ;57;GH939KX;57;GH738AD;38;2290;TIONE (Autostazione)         ;2180;PONTE ARCHE (Autost.)        ;12/09/2022;23/06/2023;;;invernale feriale lu-sa;;x;;x;;x;x;x;x;x;x;;;;;;;;;;;;; 45,00 € ;;;;;; 10.800,00 € ;2;;;;;;;; -   ;17;26;25;25; 45,00 € ;;;;;;;;;;;; 765,00 € ; 1.170,00 € ; 1.125,00 € ; 1.125,00 € ;255;390;375;375
291;NUOVA;286;201;527;18:59;17:17;Tione-P.Arche;"Invernale 
festiva";15;50; 47 ; 705,00 ;TRENTINOBUS SRL;FZ833BE;54;CS792NG;45;FN299MX;37;2290;TIONE (Autostazione)         ;2180;PONTE ARCHE (Autost.)        ;12/09/2022;23/06/2023;;;invernale festiva;;x;;;;;;;;;;x;;;;;;;;;;;; 45,00 € ;;;;;; 2.115,00 € ;2;;;;;;;; -   ;2;5;5;6; 45,00 € ;;;;;;;;;;;; 90,00 € ; 225,00 € ; 225,00 € ; 270,00 € ;30;75;75;90
292;Eliminata dall'inizio;287;201;438;19:55;20:28;Sarche - Ponte Arche - Tione;"invernale
da lunedì a venerdì";27,00;19;; -   ;Sarcatour srl eliminata dall'inizio;;;;;;;;;;;;;;;;;;;;;;;;;;;;;;;;;;;;;;;;;;;;;;;;;;;;;;;;;;;;;;;;;;;;;;;; -   € ; -   € ; -   € ;0;0;0;0
293;;288;202;306;08:30;09:45;Trento-Lagolo;"festiva 
estiva";35;30; 13 ; 455,00 ;PERINI FRANCO ;FV524FA;37;FF182VP;45;GG613WS;21;1;TRENTO   (Autostaz.)         ;2670;LAGOLO                       ;01/01/2022;11/09/2022;24/06/2023;31/08/2023;estiva festiva;;;x;;;;;;;;;x;;;;;;;;;;;;;PERINI FRANCO 3;;; -   € ;;;1;;;;;;;; -   ;2;0;0;; -   € ;;;;;;;;;;;; -   € ; -   € ; -   € ; -   € ;70;0;0;0
294;;289;202;210;08:45;09:00;Lasino-Lagolo;"estiva
lun-mer-gio";10,00;19; 33 ; 330,00 ;PEDERZOLLI DENIS;GH078PC;21;ET415HZ;17;;;2049;Lasino                       ;2670;LAGOLO                       ;01/01/2022;11/09/2022;24/06/2023;31/08/2023;estiva feriale lu, me, gio;;;x;x;;x;;x;x;;;;;;;;;;;;; 30,00 € ;;;;;; 990,00 € ;;;1; -   € ; -   € ; -   ;;;;; -   ;4;0;0;0; 30,00 € ;;;;;;;;;;;; 120,00 € ; -   € ; -   € ; -   € ;40;0;0;0
295;;290;202;211;09:15;09:30;Lagolo-Lasino;"estiva
lun-mer-gio";10,00;19; 33 ; 330,00 ;PEDERZOLLI DENIS;GH078PC;21;ET415HZ;17;;;2670;LAGOLO                       ;2049;Lasino                       ;01/01/2022;11/09/2022;24/06/2023;31/08/2023;estiva feriale lu, me, gio;;;x;x;;x;;x;x;;;;;;;;;;;;; 30,00 € ;;;;;; 990,00 € ;;;1; -   € ; -   € ; -   ;;;;; -   ;4;0;0;0; 30,00 € ;;;;;;;;;;;; 120,00 € ; -   € ; -   € ; -   € ;40;0;0;0
296;;291;202;94;10:15;10:32;Trento - Sardagna;feriale;6,00;20; 304 ; 1.824,00 ;PERINI FRANCO ;EW749GD;23;"GH658ZZ
no mart-ven e sab.";23;;;1;TRENTO   (Autostaz.)         ;  2620RO;Sardagna (Rotatoria)         ;01/09/2022;31/08/2023;;;annuale feriale lu-sa;;x;x;x;;x;x;x;x;x;x;;;;;;;;;;; 20,64 € ;;;;;; 6.274,56 € ;;;1; -   € ; -   € ; -   ;;;;; -   ;26;26;25;25; 20,64 € ;;;;;;;;;;;; 536,64 € ; 536,64 € ; 516,00 € ; 516,00 € ;156;156;150;150
297;;292;202;87;10:35;10:51;Sardagna - Trento;feriale;6,00;20; 304 ; 1.824,00 ;PERINI FRANCO ;EW749GD;23;GH658ZZ no mart e ven;23;;;  2620RO;Sardagna (Rotatoria)         ;1;TRENTO (Autostaz.)         ;01/09/2022;31/08/2023;;;annuale feriale lu-sa;;x;x;x;;x;x;x;x;x;x;;;;;;;;;;; 20,64 € ;;;;;; 6.274,56 € ;;;1; -   € ; -   € ; -   ;;;;; -   ;26;26;25;25; 20,64 € ;;;;;;;;;;;; 536,64 € ; 536,64 € ; 516,00 € ; 516,00 € ;156;156;150;150
298;;293;202;216;11:45;12:00;Lasino-Lagolo;"estiva
lun-mer-gio";10,00;19; 33 ; 330,00 ;PEDERZOLLI DENIS;GH078PC;21;ET415HZ;17;;;2049;Lasino                       ;2670;LAGOLO                       ;01/01/2022;11/09/2022;24/06/2023;31/08/2023;estiva feriale lu, me, gio;;;x;x;;x;;x;x;;;;;;;;;;;;; 30,00 € ;;;;;; 990,00 € ;;;1; -   € ; -   € ; -   ;;;;; -   ;4;0;0;0; 30,00 € ;;;;;;;;;;;; 120,00 € ; -   € ; -   € ; -   € ;40;0;0;0
299;;294;202;100;13:00;13:55;Trento-Sardagna-Vason-Viote;"festiva 
estiva";24,00;40; 13 ; 312,00 ;CLUB DELLAI S.R.L.;FF899CS;42;FA981GW (Planchel);45;FA989GW (Perini);48;1;TRENTO   (Autostaz.)         ;2660;VIOTE                        ;01/01/2022;11/09/2022;24/06/2023;31/08/2023;estiva festiva;;;x;;;;;;;;;x;;;;;;;;;; 72,00 € ;;;;;; 936,00 € ;;;2; -   € ; -   € ; -   ;;;;; -   ;2;0;0;; 72,00 € ;;;;;;;;;;;; 144,00 € ; -   € ; -   € ; -   € ;48;0;0;0
300;;295;202;93;13:15;14:10;Viote-Trento;"festiva 
estiva";24;30; 13 ; 312,00 ;PERINI FRANCO ;FV524FA;37;GH658ZZ;23;EY198WJ;45;2660;VIOTE                        ;1;TRENTO (Autostaz.)         ;01/01/2022;11/09/2022;24/06/2023;31/08/2023;estiva festiva;;;x;;;;;;;;;x;;;;;;;;;;;;;PERINI FRANCO 3;;; -   € ;;;1;;;;;;;; -   ;2;0;0;; -   € ;;;;;;;;;;;; -   € ; -   € ; -   € ; -   € ;48;0;0;0
301;;296;202;548;17:00;18:15;Trento-Lagolo;"festiva 
estiva";35;30; 13 ; 455,00 ;PERINI FRANCO ;FV524FA;37;GH658ZZ;23;EY198WJ;45;1;TRENTO   (Autostaz.)         ;2670;LAGOLO                       ;01/01/2022;11/09/2022;24/06/2023;31/08/2023;estiva festiva;;;x;;;;;;;;;x;;;;;;;;;;;;;PERINI FRANCO 3;;; -   € ;;;1;;;;;;;; -   ;2;0;0;; -   € ;;;;;;;;;;;; -   € ; -   € ; -   € ; -   € ;70;0;0;0
302;;297;202;212;17:15;17:30;Lasino-Lagolo;"estiva
lun-mer-gio";10,00;19; 33 ; 330,00 ;PEDERZOLLI DENIS;GH078PC;21;ET415HZ;17;;;2049;Lasino                       ;2670;LAGOLO                       ;01/01/2022;11/09/2022;24/06/2023;31/08/2023;estiva feriale lu, me, gio;;;x;x;;x;;x;x;;;;;;;;;;;;; 30,00 € ;;;;;; 990,00 € ;;;1; -   € ; -   € ; -   ;;;;; -   ;4;0;0;0; 30,00 € ;;;;;;;;;;;; 120,00 € ; -   € ; -   € ; -   € ;40;0;0;0
303;;298;202;97;17:25;18:20;Viote-Vason-Sardagna-Trento;"festiva 
estiva";24,00;40; 13 ; 312,00 ;CLUB DELLAI S.R.L.;FF899CS;42;FA981GW (Planchel);45;FA989GW (Perini);48;2660;VIOTE                        ;1;TRENTO (Autostaz.)         ;01/01/2022;11/09/2022;24/06/2023;31/08/2023;estiva festiva;;;x;;;;;;;;;x;;;;;;;;;; 72,00 € ;;;;;; 936,00 € ;;;2; -   € ; -   € ; -   ;;;;; -   ;2;0;0;; 72,00 € ;;;;;;;;;;;; 144,00 € ; -   € ; -   € ; -   € ;48;0;0;0
304;;299;202;213;17:50;18:15;Lagolo-Lasino-Vezzano;"estiva
lun-mer-gio";17,50;19; 33 ; 577,50 ;PEDERZOLLI DENIS;GH078PC;21;ET415HZ;17;;;2670;LAGOLO                       ;  2040RR;VEZZANO (Piazza);01/01/2022;11/09/2022;24/06/2023;31/08/2023;estiva feriale lu, me, gio;;;x;x;;x;;x;x;;;;;;;;;;;;; 52,50 € ;;;;;; 1.732,50 € ;;;1; -   € ; -   € ; -   ;;;;; -   ;4;0;0;0; 52,50 € ;;;;;;;;;;;; 210,00 € ; -   € ; -   € ; -   € ;70;0;0;0
305;;300;202;104;18:00;18:55;Trento-Viote;estiva feriale;24;40; 67 ; 1.608,00 ;PERINI FRANCO ;FF182VP;45;FA989GW;48;EY198WJ;45;1;TRENTO   (Autostaz.)         ;2660;VIOTE                        ;01/01/2022;11/09/2022;24/06/2023;31/08/2023;estiva feriale lu-sa;;;x;x;;x;x;x;x;x;x;;;;;;;;;;;;;;PERINI FRANCO 4;;; -   € ;;;2;;;;;;;; -   ;9;0;0;0; -   € ; estiva feriale lu-sa ;9;;0;;0;;0;; 220,00 € ;; 1.980,00 € ; -   € ; -   € ; -   € ;216;0;0;0
306;;301;202;104;18:00;18:55;Trento-Viote;"invernale
lunedì-sabato";24;50; 240 ; 5.760,00 ;PERINI FRANCO ;FF182VP;45;FA989GW;48;EY198WJ;45;1;TRENTO   (Autostaz.)         ;2660;VIOTE                        ;12/09/2022;23/06/2023;;;invernale feriale lu-sa;;x;;x;;x;x;x;x;x;x;;;;;;;;;;;; 62,40 € ;;;;; -   € ; 14.976,00 € ;;2;;;;;;;; -   ;16;26;25;25; 62,40 € ;;;;;;;;;;;; 998,40 € ; 1.622,40 € ; 1.560,00 € ; 1.560,00 € ;384;624;600;600
307;;302;202;247;18:20;19:35;Lagolo-Trento;"festiva 
estiva";35;30; 13 ; 455,00 ;PERINI FRANCO ;FV524FA;37;GH658ZZ;23;EY198WJ;45;2670;LAGOLO                       ;1;TRENTO (Autostaz.)         ;01/01/2022;11/09/2022;24/06/2023;31/08/2023;estiva festiva;;;x;;;;;;;;;x;;;;;;;;;;; 192,50 € ;;;;; -   € ; 2.502,50 € ;;1;;;; -   € ; -   € ; -   ;; -   ;2;0;0;; 192,50 € ;;;;;;;;;;;; 385,00 € ; -   € ; -   € ; -   € ;70;0;0;0
308;;303;202;99;19:00;19:55;Viote-Trento;estiva feriale;24;40; 67 ; 1.608,00 ;PERINI FRANCO ;FF182VP;45;FA989GW;48;EY198WJ;45;2660;VIOTE                        ;1;TRENTO (Autostaz.)         ;01/01/2022;11/09/2022;24/06/2023;31/08/2023;estiva feriale lu-sa;;;x;x;;x;x;x;x;x;x;;;;;;;;;;;;;;PERINI FRANCO 4;;; -   € ;;;2;;;;;;;; -   ;9;0;0;0; -   € ;;;;;;;;;;;; -   € ; -   € ; -   € ; -   € ;216;0;0;0
309;;304;202;99;19:00;19:55;Viote-Trento;"invernale
lunedì-sabato";24;50; 240 ; 5.760,00 ;PERINI FRANCO ;FF182VP;45;FA989GW;48;EY198WJ;45;2660;VIOTE                        ;1;TRENTO (Autostaz.)         ;12/09/2022;23/06/2023;;;invernale feriale lu-sa;;x;;x;;x;x;x;x;x;x;;;;;;;;;;;; 62,40 € ;;;;; -   € ; 14.976,00 € ;;2;;;;;;;; -   ;16;26;25;25; 62,40 € ;;;;;;;;;;;; 998,40 € ; 1.622,40 € ; 1.560,00 € ; 1.560,00 € ;384;624;600;600
310;;305;203;383;06:35;07:13;Margone - Ranzo - Vezzano bivio sud;"invernale
da lunedì a venerdì";15,50;19; 202 ; 3.131,00 ;PERINI FRANCO ;GA007TD;24;GG613WS;21;EW749GD;23;2046;MARGONE                      ;  2040SN;Vezzano Sud                  ;12/09/2022;23/06/2023;;;invernale feriale lu-ve;;x;;x;;x;x;x;x;x;;;;;;;;;;;; 36,05 € ;;;;;; 7.282,10 € ;;;1; -   € ; -   € ; -   ;;;; -   € ; -   ;15;21;21;20; 36,05 € ;;;;;;;;;;;; 540,75 € ; 757,05 € ; 757,05 € ; 721,00 € ;232,5;325,5;325,5;310
311;;306;203;174;13:18;13:41;Vezzano Apt- Margone;"scolastica 
da lunedì a sabato";11,50;36; 208 ; 2.392,00 ;PERINI FRANCO ;FV524FA;37;GH658ZZ;23;EW749GD;23;  2040SD;Vezzano Apt                  ;2046;MARGONE                      ;12/09/2022;09/06/2023;;;scolastica lu-sa;;;;;x;x;x;x;x;x;x;;;;;;;;;;; 52,32 € ;;;;;; 10.882,56 € ;;;2; -   € ; -   € ; -   ;;;;; -   ;17;25;25;18; 52,32 € ;;;;;;;;;;;; 889,44 € ; 1.308,00 € ; 1.308,00 € ; 941,76 € ;195,5;287,5;287,5;207
312;;307;203;176;14:01;14:13;Vezzano Apt - Ciago (bis);"scolastica 
solo martedì e giovedì ";3,50;19; 68 ; 238,00 ;PERINI FRANCO ;GA007TD;24;GG613WS;21;;;  2040SD;Vezzano Apt                  ;2043;Ciago                        ;12/09/2022;09/06/2023;;;scolastica ma, gio;;;;;x;;x;;x;;;;;;;;;;;;; 8,48 € ;;;;;; 576,64 € ;;;1; -   € ; -   € ; -   ;;;;; -   ;6;8;8;6; 8,48 € ;;;;;;;;;;;; 50,88 € ; 67,84 € ; 67,84 € ; 50,88 € ;21;28;28;21
313;;308;203;176;14:01;14:39;Vezzano Apt - Ranzo - Margone;"scolastica 
da lunedì a sabato";15,50;36; 208 ; 3.224,00 ;PERINI FRANCO ;FV524FA;37;GH658ZZ;23;EW749GD;23;  2040SD;Vezzano Apt                  ;2046;MARGONE                      ;12/09/2022;09/06/2023;;;scolastica lu-sa;;;;;x;x;x;x;x;x;x;;;;;;;;;;; 63,62 € ;;;;;; 13.232,96 € ;;;2; -   € ; -   € ; -   ;;;;; -   ;17;25;25;18; 63,62 € ;;;;;;;;;;;; 1.081,54 € ; 1.590,50 € ; 1.590,50 € ; 1.145,16 € ;263,5;387,5;387,5;279
314;;309;203;80;15:02;15:29;Vezzano - Fraveggio - Ciago - Ranzo (settimane pari);"scolastica 
lunedì (settimane pari)";10,50;8; 16 ; 168,00 ;PERINI FRANCO ;ED726MM;9;EX007PS;9;EN858WY;9;2040;VEZZANO (Piazza)             ;2045;RANZO                        ;12/09/2022;09/06/2023;;;scolastica lu sett. Pari;sì;;;;x;x;;;;;;;;;;;;;;;; 18,90 € ;;;;;; 302,40 € ;;;1; 2,10 € ; -   € ; 33,60 € ;;;;; -   ;2;2;2;2; 21,00 € ;;;;;;;;;;;; 42,00 € ; 42,00 € ; 42,00 € ; 42,00 € ;21;21;21;21
315;;310;204;405;06:29;06:39;Drena - Masi di Vigo C. -  Vigo Cavedine ;"scolastica 
da lunedì a sabato";7,50;16; 208 ; 1.560,00 ;PEDERZOLLI DENIS;ET415HZ;17;GH078PC;21;;;2057;DRENA                        ;2054;VIGO CAVEDINE                ;12/09/2022;09/06/2023;;;scolastica lu-sa;;;;;x;x;x;x;x;x;x;;;;;;;;;;; 19,07 € ;;;;;; 3.966,56 € ;;;1; -   € ; -   € ; -   ;;;; 0,93 € ; 193 ;17;25;25;18; 20,00 € ;;;;;;;;;;;; 340,00 € ; 500,00 € ; 500,00 € ; 360,00 € ;127,5;187,5;187,5;135
316;;311;204;226;06:29;06:47;Vigo Cavedine-Dro;"scolastica 
da lunedì a venerdì";10,00;50; 174 ; 1.740,00 ;SARCATOUR s.r.l.;FW821WP;55;FE629SK;54;FA895BD;57;2054;VIGO CAVEDINE                ;2127;DRO                          ;12/09/2022;09/06/2023;;;scolastica lu-ve;;;;;x;x;x;x;x;x;;;;;;;;;;;; 30,00 € ;;;;;; 5.220,00 € ;;;2; -   € ; -   € ; -   ;;;; -   € ; -   ;15;20;21;15; 30,00 € ;;;;;;;;;;;; 450,00 € ; 600,00 € ; 630,00 € ; 450,00 € ;150;200;210;150
317;;312;204;405;06:32;06:39;Drena - Vigo Cavedine ;"feriale
non scolastica";4,00;20; 29 ; 116,00 ;PEDERZOLLI DENIS;ET415HZ;17;GH078PC;21;;;2057;DRENA                        ;2054;VIGO CAVEDINE                ;12/09/2022;23/06/2023;;;invernale feriale no scol lu-sa;;x;;x;;;;;;;;;;;;x;x;x;x;x;x; 25,00 € ;;;;;; 725,00 € ;;;1; -   € ; -   € ; -   ;;;; -   € ; -   ;0;1;0;7; 25,00 € ;;;;;;;;;;;; -   € ; 25,00 € ; -   € ; 175,00 € ;0;4;0;28
318;;313;204;405;06:33;06:39;Drena - Vigo Cavedine ;"feriale
estiva";4,00;20; 67 ; 268,00 ;PEDERZOLLI DENIS;ET415HZ;17;GH078PC;21;;;2057;DRENA                        ;2054;VIGO CAVEDINE                ;01/01/2022;11/09/2022;24/06/2023;31/08/2023;estiva feriale lu-sa;;;x;x;;x;x;x;x;x;x;;;;;;;;;;; 25,00 € ;;;;;; 1.675,00 € ;;;1; -   € ; -   € ; -   ;;;; -   € ; -   ;9;0;0;0; 25,00 € ;;;;;;;;;;;; 225,00 € ; -   € ; -   € ; -   € ;36;0;0;0
319;;314;204;313;07:10;07:57;V.Cavedine-Trento;festiva invernale;27,00;19; 45 ; 1.215,00 ;PERINI FRANCO ;GA007TD;24;EW749GD;23;GH658ZZ;23;2054;VIGO CAVEDINE                ;1;TRENTO (Autostaz.)         ;12/09/2022;23/06/2023;;;invernale festiva;;x;;;;;;;;;;x;;;;;;;;;; 48,60 € ;;;;;; 2.187,00 € ;;;1; 5,40 € ; -   € ; 243,00 € ;;;;; -   ;2;5;5;6; 54,00 € ;;;;;;;;;;;; 108,00 € ; 270,00 € ; 270,00 € ; 324,00 € ;54;135;135;162
320;;315;204;313;07:10;07:57;V.Cavedine-Trento;"festiva 
estiva";27,00;19; 13 ; 351,00 ;PERINI FRANCO ;GA007TD;24;EW749GD;23;GH658ZZ;23;2054;VIGO CAVEDINE                ;1;TRENTO (Autostaz.)         ;01/01/2022;11/09/2022;24/06/2023;31/08/2023;estiva festiva;;;x;;;;;;;;;x;;;;;;;;;; 48,60 € ;;;;;; 631,80 € ;;;1; 5,40 € ; -   € ; 70,20 € ;;;;; -   ;2;0;0;; 54,00 € ;;;;;;;;;;;; 108,00 € ; -   € ; -   € ; -   € ;54;0;0;0
321;Eliminata già compresa;316;204;281;07:18;07:25;Drena-Vigo Cavedine -Vezzano;"Estiva
lunedì-venerdì";16,90;55;; -   ;Nice srl eliminata dall'inizio;;;;;;;;;;;;;;;;;;;;;;;;;;;;;;;;;;;;;;;;;;;;;;;;;;;;;;;;;;;;;;;;;;;;;;;; -   € ; -   € ; -   € ;0;0;0;0
322;;317;204;468;08:40;09:04;Vezzano Apt-V.Cavedine;"invernale
da lunedì a venerdì";14,00;19; 202 ; 2.828,00 ;PERINI FRANCO ;GH658ZZ;23;GG613WS;21;GA007TD;24;  2040SD;Vezzano Apt                  ;2054;VIGO CAVEDINE                ;12/09/2022;23/06/2023;;;invernale feriale lu-ve;;x;;x;;x;x;x;x;x;;;;;;;;;;;; 25,20 € ;;;;;; 5.090,40 € ;;;1; 2,80 € ; -   € ; 565,60 € ;;;;; -   ;15;21;21;20; 28,00 € ;;;;;;;;;;;; 420,00 € ; 588,00 € ; 588,00 € ; 560,00 € ;210;294;294;280
323;;318;204;231;09:25;10:09;Vigo Cavedine - Vezzano -Trento;"invernale
lunedì-sabato";29,00;30; 240 ; 6.960,00 ;PERINI FRANCO ;GH658ZZ;23;;;;;2054;VIGO CAVEDINE                ;1;TRENTO (Autostaz.)         ;12/09/2022;23/06/2023;;;invernale feriale lu-sa;;x;;x;;x;x;x;x;x;x;;;;;;;;;;; 90,20 € ;;;;;; 21.648,00 € ;;;1; -   € ; -   € ; -   ;;;;; -   ;17;26;25;25; 90,20 € ;;;;;;;;;;;; 1.533,40 € ; 2.345,20 € ; 2.255,00 € ; 2.255,00 € ;493;754;725;725
324;;319;204;274;10:12;10:42;Vezzano APT-Vigo Cavedine-Drena;"Estiva
lunedì-venerdì";17,90;30; 55 ; 984,50 ;PERINI FRANCO ;FV524FA;37;FF182VP;45;;;  2040SD;Vezzano Apt                  ;2057;DRENA                        ;01/01/2022;11/09/2022;24/06/2023;31/08/2023;estiva feriale lu-ve;;;x;x;;x;x;x;x;x;;;;;;;;;;;; 53,70 € ;;;;;; 2.953,50 € ;;;1; -   € ; -   € ; -   ;;;;; -   ;7;0;0;; 53,70 € ;;;;;;;;;;;; 375,90 € ; -   € ; -   € ; -   € ;125,3;0;0;0
325;;320;204;274;10:48;11:18;Drena-Vigo Cavedine-Vezzano;"Estiva
lunedì-sabato";19,90;30; 67 ; 1.333,30 ;PERINI FRANCO ;FV524FA;37;FF182VP;45;;;2057;DRENA                        ;  2040SD;Vezzano Apt                  ;01/01/2022;11/09/2022;24/06/2023;31/08/2023;estiva feriale lu-sa;;;x;x;;x;x;x;x;x;x;;;;;;;;;;; 62,90 € ;;;;;; 4.214,30 € ;;;1; -   € ; -   € ; -   ;;;;; -   ;9;0;0;0; 62,90 € ;;;;;;;;;;;; 566,10 € ; -   € ; -   € ; -   € ;179,1;0;0;0
326;;321;204;150;11:55;12:02;Vigo Cavedine - Drena ;"feriale
non scolastica";4,00;20; 29 ; 116,00 ;PEDERZOLLI DENIS;ET415HZ;17;GH078PC;21;;;2054;VIGO CAVEDINE                ;2057;DRENA                        ;12/09/2022;23/06/2023;;;invernale feriale no scol lu-sa;;x;;x;;;;;;;;;;;;x;x;x;x;x;x; 18,00 € ;;;;;; 522,00 € ;;;1; -   € ; -   € ; -   ;;;;; -   ;0;1;0;7; 18,00 € ;;;;;;;;;;;; -   € ; 18,00 € ; -   € ; 126,00 € ;0;4;0;28
327;;322;204;150;11:55;12:02;Vigo Cavedine - Drena ;"scolastica 
da lunedì a sabato";4,00;20; 208 ; 832,00 ;PEDERZOLLI DENIS;ET415HZ;17;GH078PC;21;;;2054;VIGO CAVEDINE                ;2057;DRENA                        ;12/09/2022;09/06/2023;;;scolastica lu-sa;;;;;x;x;x;x;x;x;x;;;;;;;;;;; 18,00 € ;;;;;; 3.744,00 € ;;;1; -   € ; -   € ; -   ;;;;; -   ;17;25;25;18; 18,00 € ;;;;;;;;;;;; 306,00 € ; 450,00 € ; 450,00 € ; 324,00 € ;68;100;100;72
328;;323;204;276;12:07;11:58;Vigo Cavedine - Drena ;"feriale
estiva";4,00;20; 67 ; 268,00 ;PEDERZOLLI DENIS;ET415HZ;17;GH078PC;21;;;2054;VIGO CAVEDINE                ;2057;DRENA                        ;01/01/2022;11/09/2022;24/06/2023;31/08/2023;estiva feriale lu-sa;;;x;x;;x;x;x;x;x;x;;;;;;;;;;; 25,00 € ;;;;;; 1.675,00 € ;;;1; -   € ; -   € ; -   ;;;;; -   ;9;0;0;0; 25,00 € ;;;;;;;;;;;; 225,00 € ; -   € ; -   € ; -   € ;36;0;0;0
329;;324;204;427;14:58;15:30;Drò - Drena - Vigo Cavedine-Calavino;"scolastica 
da lunedì a venerdì";16,00;19; 174 ; 2.784,00 ;SARCATOUR s.r.l.;FL596HC;17;FA895BD;57;;;2127;DRO                          ;2048;CALAVINO                     ;12/09/2022;09/06/2023;;;scolastica lu-ve;;;;;x;x;x;x;x;x;;;;;;;;;;;; 48,00 € ;;;;;; 8.352,00 € ;;;1; -   € ; -   € ; -   ;;;;; -   ;15;20;21;15; 48,00 € ;;;;;;;;;;;; 720,00 € ; 960,00 € ; 1.008,00 € ; 720,00 € ;240;320;336;240
330;;325;204;160;17:15;17:59;Trento-Vezzano-v.Cavedine;"festiva 
estiva";27,00;30; 13 ; 351,00 ;CLUB DELLAI S.R.L.;ES852SX;31;ED494MM;57;;;1;TRENTO   (Autostaz.)         ;2054;VIGO CAVEDINE                ;01/01/2022;11/09/2022;24/06/2023;31/08/2023;estiva festiva;;;x;;;;;;;;;x;;;;;;;;;; 81,00 € ;;;;;; 1.053,00 € ;;;1; -   € ; -   € ; -   ;;;;; -   ;2;0;0;; 81,00 € ;;;;;;;;;;;; 162,00 € ; -   € ; -   € ; -   € ;54;0;0;0
331;;326;204;162;17:40;18:02;Trento-Vezzano-v.Cavedine;"scolastica 
da lunedì a venerdì";27,60;50; 174 ; 4.802,40 ;SARCATOUR s.r.l.;FA895BD;57;FE629SK;54;FK791WG;55;1;TRENTO   (Autostaz.)         ;2054;VIGO CAVEDINE                ;12/09/2022;09/06/2023;;;scolastica lu-ve;;;;;x;x;x;x;x;x;;;;;;;;;;;; 82,80 € ;;;;;; 14.407,20 € ;;;2; -   € ; -   € ; -   ;;;;; -   ;15;20;21;15; 82,80 € ;;;;;;;;;;;; 1.242,00 € ; 1.656,00 € ; 1.738,80 € ; 1.242,00 € ;414;552;579,6;414
332;;327;204;412;18:00;18:07;Vigo Cavedine - Drena ;"feriale
non scolastica";4,00;20; 29 ; 116,00 ;PEDERZOLLI DENIS;ET415HZ;17;GH078PC;21;;;2054;VIGO CAVEDINE                ;2057;DRENA                        ;12/09/2022;23/06/2023;;;invernale feriale no scol lu-sa;;x;;x;;;;;;;;;;;;x;x;x;x;x;x; 25,00 € ;;;;;; 725,00 € ;;;1; -   € ; -   € ; -   ;;;;; -   ;0;1;0;7; 25,00 € ;;;;;;;;;;;; -   € ; 25,00 € ; -   € ; 175,00 € ;0;4;0;28
333;;328;204;412;18:00;18:11;Vigo Cavedine - Masi di Vigio C. - Drena;"scolastica 
da lunedì a sabato";7,50;16; 208 ; 1.560,00 ;PEDERZOLLI DENIS;ET415HZ;17;GH078PC;21;;;2054;VIGO CAVEDINE                ;2057;DRENA                        ;12/09/2022;09/06/2023;;;scolastica lu-sa;;;;;x;x;x;x;x;x;x;;;;;;;;;;; 19,07 € ;;;;;; 3.966,56 € ;;;1; -   € ; -   € ; -   ;;;;; -   ;17;25;25;18; 19,07 € ;;;;;;;;;;;; 324,19 € ; 476,75 € ; 476,75 € ; 343,26 € ;127,5;187,5;187,5;135
334;;329;204;164;18:40;19:31;Trento-Drena;estiva feriale;31;50; 67 ; 2.077,00 ;SARCATOUR s.r.l.;FA895BD;57;FE629SK;54;FK791WG;55;1;TRENTO   (Autostaz.)         ;2057;DRENA                        ;01/01/2022;11/09/2022;24/06/2023;31/08/2023;estiva feriale lu-sa;;;x;x;;x;x;x;x;x;x;;;;;;;;;;;; 220,00 € ;;;;; -   € ; 14.740,00 € ;;2;;;; -   € ; -   € ; -   ;; -   ;9;0;0;0; 220,00 € ;;;;;;;;;;;; 1.980,00 € ; -   € ; -   € ; -   € ;279;0;0;0
335;;330;204;168;19:30;20:14;Trento-Vigo Cavedine;"invernale
lunedì-sabato";27;40; 240 ; 6.480,00 ;SARCATOUR s.r.l.;FA895BD;57;FE629SK;54;FK791WG;55;1;TRENTO   (Autostaz.)         ;2054;VIGO CAVEDINE                ;12/09/2022;23/06/2023;;;invernale feriale lu-sa;;x;;x;;x;x;x;x;x;x;;;;;;;;;;;; 59,40 € ;;;;; -   € ; 14.256,00 € ;;2;;;; -   € ; 21,60 € ; 5.184 ;; -   ;17;26;25;25; 81,00 € ;;;;;;;;;;;; 1.377,00 € ; 2.106,00 € ; 2.025,00 € ; 2.025,00 € ;459;702;675;675
336;;331;204;232;20:40;21:41;Trento-Terlago-M.te Terlago-Ciago-Vezzano-Vigo Cavedine-Drena;"Estiva
lunedì-venerdì";42,90;19; 55 ; 2.359,50 ;PERINI FRANCO ;GG613WS;21;GH658ZZ;23;GA007TD;24;1;TRENTO   (Autostaz.)         ;2057;DRENA                        ;01/01/2022;11/09/2022;24/06/2023;31/08/2023;estiva feriale lu-ve;;;x;x;;x;x;x;x;x;;;;;;;;;;;; 100,50 € ;;;;;; 5.527,50 € ;;;1; -   € ; -   € ; -   ;;;;; -   ;7;0;0;; 100,50 € ;;;;;;;;;;;; 703,50 € ; -   € ; -   € ; -   € ;300,3;0;0;0
337;;332;205;159;06:33;07:24;Ceniga-Dro - Sarche - Trento (corsa bis);"scolastica 
da martedì a venerdì 
(esclusi giorni postfest)";32,50;56; 141 ; 4.582,50 ;SARCATOUR s.r.l.;FR952WP;51;FK791WG;55;FA895BD;57;2128;Ceniga                       ;1;TRENTO (Autostaz.)         ;12/09/2022;09/06/2023;;;scolastica ma, me, gio, ve (no postfest);;;;;x;;x;x;x;x;;;;x;;;;;;;; 147,68 € ;;;;;; 20.822,88 € ;;;2; -   € ; -   € ; -   ;;;; -   € ; -   ;12;16;16;11; 147,68 € ;;;;;;;;;;;; 1.772,16 € ; 2.362,88 € ; 2.362,88 € ; 1.624,48 € ;390;520;520;357,5
338;;333;205;184;07:07;07:37;Dro-Riva del Garda;"scolastica 
da lunedì a venerdì";11,00;19; 174 ; 1.914,00 ;SARCATOUR s.r.l.;FW821WP;55;FE629SK;54;FA895BD;57;2127;DRO                          ;960;RIVA DEL G. (Autostaz.)      ;12/09/2022;09/06/2023;;;scolastica lu-ve;;;;;x;x;x;x;x;x;;;;;;;;;;;; 33,00 € ;;;;;59; 5.742,00 € ;;;1; -   € ; -   € ; -   ;;;;; -   ;15;20;21;15; 33,00 € ;scolastica lu-ve;15;;20;;21;;15;; 87,00 € ;; 1.800,00 € ; 2.400,00 € ; 2.520,00 € ; 1.800,00 € ;165;220;231;165
339;;334;205;409;08:45;09:03;Lago Cavedine Trebi-Sarche;"invernale
lunedì-sabato";9,00;19; 240 ; 2.160,00 ;SARCATOUR s.r.l.;FL596HC;17;FN308MX;37;;;  2058TB;Lago di Cavedine (Trebi)     ;  2120RR;SARCHE (Centro Comm.)        ;12/09/2022;23/06/2023;;;invernale feriale lu-sa;;x;;x;;x;x;x;x;x;x;;;;;;;;;;; 27,00 € ;;;;;; 6.480,00 € ;;;1; -   € ; -   € ; -   ;;;;; -   ;17;26;25;25; 27,00 € ;;;;;;;;;;;; 459,00 € ; 702,00 € ; 675,00 € ; 675,00 € ;153;234;225;225
340;;335;205;409;08:45;09:03;Lago Cavedine Trebi-Sarche;"estiva
feriale ";9,00;19; 67 ; 603,00 ;SARCATOUR s.r.l.;FL596HC;17;FN308MX;37;;;  2058TB;Lago di Cavedine (Trebi)     ;  2120RR;SARCHE (Centro Comm.)        ;01/01/2022;11/09/2022;24/06/2023;31/08/2023;estiva feriale lu-sa;;;x;x;;x;x;x;x;x;x;;;;;;;;;;; 27,00 € ;;;;;; 1.809,00 € ;;;1; -   € ; -   € ; -   ;;;;; -   ;9;0;0;0; 27,00 € ;;;;;;;;;;;; 243,00 € ; -   € ; -   € ; -   € ;81;0;0;0
341;;336;205;404;14:15;14:29;Sarche - Pergolese - Pietramurata;"scolastica 
da lunedì a venerdì";9,00;19; 174 ; 1.566,00 ;NICE srl;FN426MX;20;GC658CS;24;GA984ER;23;2120;SARCHE (Cassa Rurale)        ;  2125FA;Pietramurata ;12/09/2022;09/06/2023;;;scolastica lu-ve;;;;;x;x;x;x;x;x;;;;;;;;;;;; 46,89 € ;;;;;; 8.158,86 € ;;;1; -   € ; -   € ; -   ;;;;; -   ;15;20;21;15; 46,89 € ;;;;;;;;;;;; 703,35 € ; 937,80 € ; 984,69 € ; 703,35 € ;135;180;189;135
342;eliminata dal 02/11/2022;337;205;171;16:00;16:46;Riva-Sarche (c.sa bis);"scolastica 
da lunedì a venerdì";23,00;50; 174 ; 4.002,00 ;Sarcatour srl eliminata ;FA895BD;57;FE629SK;54;FK791WG;55;960;RIVA DEL G. (Autostaz.)      ;  2120RR;SARCHE (Centro Comm.)        ;12/09/2022;31/10/2022;;;scolastica lu-ve;;;;;x;x;x;x;x;x;;;;;;;;;;;; 69,00 € ;;;;;; 12.006,00 € ;;;2; -   € ; -   € ; -   ;;;;; -   ;15;20;0;0; 69,00 € ;;;;;;;;;;;; 1.035,00 € ; 1.380,00 € ; -   € ; -   € ;345;460;0;0
343;;338;205;366;16:50;17:07;Sarche-Lago Cavedine Trebi;"estiva
feriale ";9,00;19; 67 ; 603,00 ;SARCATOUR s.r.l.;FL596HC;17;FN308MX;37;;;2120;SARCHE (Cassa Rurale)        ;  2058TB;Lago di Cavedine (Trebi)     ;01/01/2022;11/09/2022;24/06/2023;31/08/2023;estiva feriale lu-sa;;;x;x;;x;x;x;x;x;x;;;;;;;;;;; 27,00 € ;;;;;; 1.809,00 € ;;;1; -   € ; -   € ; -   ;;;;; -   ;9;0;0;0; 27,00 € ;;;;;;;;;;;; 243,00 € ; -   € ; -   € ; -   € ;81;0;0;0
344;eliminata dal 30/11/2022;339;205;366;16:52;17:09;Sarche-Lago Cavedine Trebi;invernale lunedì-sabato;9,00;19; 240 ; 2.160,00 ;Sarcatour srl eliminata ;FL596HC;17;FN308MX;37;;;2120;SARCHE (Cassa Rurale)        ;  2058TB;Lago di Cavedine (Trebi)     ;12/09/2022;29/11/2022;;;invernale feriale lu-sa;;x;;x;;x;x;x;x;x;x;;;;;;;;;;; 27,00 € ;;;;;; 6.480,00 € ;;;1; -   € ; -   € ; -   ;;;;; -   ;17;26;24;0; 27,00 € ;;;;;;;;;;;; 459,00 € ; 702,00 € ; 648,00 € ; -   € ;153;234;216;0
345;;340;205;402;19:20;19:24;Sarche-Pergolese;"scolastica 
da lunedì a venerdì";3,00;19; 174 ; 522,00 ;PERINI FRANCO ;GJ571MK;23;GH658ZZ;23;GG613WS;21;2120;SARCHE (Cassa Rurale)        ;2122;Pergolese                    ;12/09/2022;09/06/2023;;;scolastica lu-ve;;;;;x;x;x;x;x;x;;;;;;;;;;;; 10,00 € ;;;;;56; 1.740,00 € ;;;1; -   € ; -   € ; -   ;;;;; -   ;15;20;21;15; 10,00 € ;scolastica lu-ve;15;;20;;21;;15;; 30,00 € ;; 600,00 € ; 800,00 € ; 840,00 € ; 600,00 € ;45;60;63;45
346;;341;206;403;06:10;06:32;Monte Terlago - Cadine - Forte Bus del Vela;feriale;12,50;30; 304 ; 3.800,00 ;PERINI FRANCO ;GH658ZZ;23;FV524FA;37;GG613WS;21;  2023AL;M.TERLAGO (H. 2 Laghi)       ;  0001PL;"""Forte Bus de Vela""         ";01/09/2022;31/08/2023;;;annuale feriale lu-sa;;x;x;x;;x;x;x;x;x;x;;;;;;;;;;; 50,66 € ;;;;;; 15.400,64 € ;;;1; -   € ; -   € ; -   ;;;; -   € ; -   ;26;26;25;25; 50,66 € ;;;;;;;;;;;; 1.317,16 € ; 1.317,16 € ; 1.266,50 € ; 1.266,50 € ;325;325;312,5;312,5
347;frequenza corretta da capitolato;342;206;107;07:02;07:20;Monte Terlago - Cadine;"invernale + estiva
lunedì-sabato";11,00;20; 304 ; 3.344,00 ;PERINI FRANCO ;GH658ZZ;23;FV524FA;37;GG613WS;21;  2023AL;M.TERLAGO (H. 2 Laghi)       ;  2010RR;Cadine;01/09/2022;31/08/2023;;;annuale feriale lu-sa;;x;x;x;;x;x;x;x;x;x;;;;;;;;;;; 50,44 € ;;;;;; 15.333,76 € ;;;1; -   € ; -   € ; -   ;;;;; -   ;26;26;25;25; 50,44 € ;;;;;;;;;;;; 1.311,44 € ; 1.311,44 € ; 1.261,00 € ; 1.261,00 € ;286;286;275;275
348;;343;206;109;07:38;08:13;Monte Terlago - Trento;feriale;16,00;36; 304 ; 4.864,00 ;PERINI FRANCO ;FV524FA;37;FA989GW;48;EY198WJ;45;  2023AL;M.TERLAGO (H. 2 Laghi)       ;1;TRENTO (Autostaz.)         ;01/09/2022;31/08/2023;;;annuale feriale lu-sa;;x;x;x;;x;x;x;x;x;x;;;;;;;;;;; 73,35 € ;;;;;; 22.298,40 € ;;;2; -   € ; -   € ; -   ;;;;; -   ;26;26;25;25; 73,35 € ;;;;;;;;;;;; 1.907,10 € ; 1.907,10 € ; 1.833,75 € ; 1.833,75 € ;416;416;400;400
349;;344;206;110;08:28;08:50;Cadine - Terlago - M.terlago;festiva;11,00;19; 58 ; 638,00 ;PERINI FRANCO ;GH658ZZ;23;EW749GD;23;GG613WS;21;2010;Cadine                       ;  2023AL;M.TERLAGO (H. 2 Laghi)       ;01/09/2022;31/08/2023;;;annuale festiva;;x;x;;;;;;;;;x;;;;;;;;;; 43,05 € ;;;;;; 2.496,90 € ;;;1; -   € ; -   € ; -   ;;;;; -   ;4;5;5;6; 43,05 € ;;;;;;;;;;;; 172,20 € ; 215,25 € ; 215,25 € ; 258,30 € ;44;55;55;66
350;;345;206;113;09:00;09:35;Monte Terlago - Trento;festiva;16,00;19; 58 ; 928,00 ;PERINI FRANCO ;GH658ZZ;23;EW749GD;23;GG613WS;21;  2023AL;M.TERLAGO (H. 2 Laghi)       ;1;TRENTO (Autostaz.)         ;01/09/2022;31/08/2023;;;annuale festiva;;x;x;;;;;;;;;x;;;;;;;;;; 62,48 € ;;;;;; 3.623,84 € ;;;1; -   € ; -   € ; -   ;;;;; -   ;4;5;5;6; 62,48 € ;;;;;;;;;;;; 249,92 € ; 312,40 € ; 312,40 € ; 374,88 € ;64;80;80;96
351;;346;206;112;10:10;10:50;Trento - Covelo-Ciago-Monte Terlago;"scolastica 
da lunedì a sabato";18,00;30; 208 ; 3.744,00 ;PERINI FRANCO ;GH658ZZ;23;EW749GD;23;GA007TD;24;1;TRENTO   (Autostaz.)         ;  2023AL;M.TERLAGO (H. 2 Laghi)       ;12/09/2022;09/06/2023;;;scolastica lu-sa;;;;;x;x;x;x;x;x;x;;;;;;;;;;; 31,50 € ;;;;;; 6.552,00 € ;;;1; 4,50 € ; -   € ; 936,00 € ;;;;; -   ;17;25;25;18; 36,00 € ;;;;;;;;;;;; 612,00 € ; 900,00 € ; 900,00 € ; 648,00 € ;306;450;450;324
352;;347;206;116;12:33;12:55;Cadine - Terlago - M.terlago;festiva;11,00;19; 58 ; 638,00 ;PERINI FRANCO ;GH658ZZ;23;GG613WS;21;EW749GD;23;2010;Cadine                       ;  2023AL;M.TERLAGO (H. 2 Laghi)       ;01/09/2022;31/08/2023;;;annuale festiva;;x;x;;;;;;;;;x;;;;;;;;;; 50,66 € ;;;;;; 2.938,28 € ;;;1; -   € ; -   € ; -   ;;;;; -   ;3;5;5;6; 50,66 € ;;;;;;;;;;;; 151,98 € ; 253,30 € ; 253,30 € ; 303,96 € ;33;55;55;66
353;;348;206;116;12:55;12:57;M.te Terlago - Laghi Lamar (prolungamento);"festiva 
estiva";2,00;19; 13 ; 26,00 ;PERINI FRANCO ;GH658ZZ;23;GG613WS;21;EW749GD;23;  2023AL;M.TERLAGO (H. 2 Laghi)       ;2024;Laghi di Lamar               ;01/01/2022;11/09/2022;24/06/2023;31/08/2023;estiva festiva;;;x;;;;;;;;;x;;;;;;;;;; 3,60 € ;;;;;; 46,80 € ;;;1; 0,40 € ; -   € ; 5,20 € ;;;;; -   ;2;0;0;; 4,00 € ;;;;;;;;;;;; 8,00 € ; -   € ; -   € ; -   € ;4;0;0;0
354;;349;206;382;13:10;13:30;Terlago bivio - M.te Terlago;"scolastica 
da lunedì a sabato";11,00;20; 208 ; 2.288,00 ;PERINI FRANCO ;GH658ZZ;23;GG613WS;21;EW749GD;23;2020;Terlago bivio                ;  2023AL;M.TERLAGO (H. 2 Laghi)       ;12/09/2022;09/06/2023;;;scolastica lu-sa;;;;;x;x;x;x;x;x;x;;;;;;;;;;; 38,87 € ;;;;;; 8.084,96 € ;;;1; -   € ; -   € ; -   ;;;;; -   ;17;25;25;18; 38,87 € ;;;;;;;;;;;; 660,79 € ; 971,75 € ; 971,75 € ; 699,66 € ;187;275;275;198
355;;350;206;117;14:03;14:38;Monte Terlago - Trento;festiva;16,00;19; 58 ; 928,00 ;PERINI FRANCO ;GG613WS;21;GH658ZZ;23;EW749GD;23;  2023AL;M.TERLAGO (H. 2 Laghi)       ;1;TRENTO (Autostaz.)         ;01/09/2022;31/08/2023;;;annuale festiva;;x;x;;;;;;;;;x;;;;;;;;;; 62,48 € ;;;;;; 3.623,84 € ;;;1; -   € ; -   € ; -   ;;;;; -   ;3;5;5;6; 62,48 € ;;;;;;;;;;;; 187,44 € ; 312,40 € ; 312,40 € ; 374,88 € ;48;80;80;96
356;;351;206;128;17:00;17:26;Trento - Monte Terlago;festiva;16,00;19; 58 ; 928,00 ;PERINI FRANCO ;GG613WS;21;GH658ZZ;23;EW749GD;23;1;TRENTO   (Autostaz.)         ;2023;MONTE TERLAGO (P.zza)        ;01/09/2022;31/08/2023;;;annuale festiva;;x;x;;;;;;;;;x;;;;;;;;;; 62,48 € ;;;;;; 3.623,84 € ;;;1; -   € ; -   € ; -   ;;;;; -   ;4;5;5;6; 62,48 € ;;;;;;;;;;;; 249,92 € ; 312,40 € ; 312,40 € ; 374,88 € ;64;80;80;96
357;;352;206;580;17:05;17:15;Terlago - Covelo - Maso Ariol - Monte Terlago;"feriale 
da lunedì a venerdì";6,00;19; 252 ; 1.512,00 ;PERINI FRANCO ;GA007TD;24;GG613WS;21;EW749GD;23;2021;TERLAGO                      ;  2023AL;M.TERLAGO (H. 2 Laghi)       ;01/09/2022;31/08/2023;;;annuale feriale lu-ve;;x;x;x;;x;x;x;x;x;;;;;;;;;;;; 10,76 € ;;;;;; 2.711,52 € ;;;1; 1,24 € ; -   € ; 312,48 € ;;;;; -   ;22;21;21;20; 12,00 € ;;;;;;;;;;;; 264,00 € ; 252,00 € ; 252,00 € ; 240,00 € ;132;126;126;120
358;;353;206;372;17:15;17:55;Trento - Terlago - Covelo -Ciago - Monte Terlago;"invernale
lunedì-sabato";18,50;30; 240 ; 4.440,00 ;PERINI FRANCO ;FV524FA;37;FA989GW;48;EY198WJ;45;1;TRENTO   (Autostaz.)         ;  2023AL;M.TERLAGO (H. 2 Laghi)       ;12/09/2022;23/06/2023;;;invernale feriale lu-sa;;x;;x;;x;x;x;x;x;x;;;;;;;;;;; 49,94 € ;;;;;; 11.985,60 € ;;;1; -   € ; -   € ; -   ;;;;; -   ;17;26;25;25; 49,94 € ;;;;;;;;;;;; 848,98 € ; 1.298,44 € ; 1.248,50 € ; 1.248,50 € ;314,5;481;462,5;462,5
359;;354;206;128;17:20;18:01;Monte Terlago-Ciago-Vezzano-V.Cavedine;"invernale 
festiva";15,50;30; 47 ; 728,50 ;PERINI FRANCO ;FV524FA;37;GH658ZZ;23;GA007TD;24;2023;MONTE TERLAGO (P.zza)        ;2054;VIGO CAVEDINE                ;12/09/2022;23/06/2023;;;invernale festiva;;x;;;;;;;;;;x;;;;;;;;;; 62,48 € ;;;;;; 2.936,56 € ;;;1; -   € ; -   € ; -   ;;;;; -   ;2;5;5;6; 62,48 € ;;;;;;;;;;;; 124,96 € ; 312,40 € ; 312,40 € ; 374,88 € ;31;77,5;77,5;93
360;;355;206;121;17:53;17:55;L. Lamar -M.Terlago 17.55  (Prolungamento);"festiva 
estiva";2,00;19; 13 ; 26,00 ;PERINI FRANCO ;GA007TD;24;EW749GD;23;;;2024;Laghi di Lamar               ;  2023AL;M.TERLAGO (H. 2 Laghi)       ;01/01/2022;11/09/2022;24/06/2023;31/08/2023;estiva festiva;;;x;;;;;;;;;x;;;;;;;;;; 3,60 € ;;;;;; 46,80 € ;;;1; 0,40 € ; -   € ; 5,20 € ;;;;; -   ;2;0;0;; 4,00 € ;;;;;;;;;;;; 8,00 € ; -   € ; -   € ; -   € ;4;0;0;0
361;;356;206;121;17:55;18:30;M.Terlago-Covelo-Terlago-TN;"festiva 
estiva";16,00;30; 13 ; 208,00 ;PERINI FRANCO ;GA007TD;24;EW749GD;23;;;  2023AL;M.TERLAGO (H. 2 Laghi)       ;1;TRENTO (Autostaz.)         ;01/01/2022;11/09/2022;24/06/2023;31/08/2023;estiva festiva;;;x;;;;;;;;;x;;;;;;;;;; 62,48 € ;;;;;; 812,24 € ;;;1; -   € ; -   € ; -   ;;;;; -   ;2;0;0;; 62,48 € ;;;;;;;;;;;; 124,96 € ; -   € ; -   € ; -   € ;32;0;0;0
362;;357;206;121;17:55;18:30;Monte Terlago - Covelo - Terlago - TN;"invernale
lunedì-sabato";16,00;20; 240 ; 3.840,00 ;PERINI FRANCO ;GH658ZZ;23;EW749GD;23;GG613WS;21;  2023AL;M.TERLAGO (H. 2 Laghi)       ;1;TRENTO (Autostaz.)         ;12/09/2022;23/06/2023;;;invernale feriale lu-sa;;x;;x;;x;x;x;x;x;x;;;;;;;;;;; 43,11 € ;;;;;; 10.346,40 € ;;;1; -   € ; -   € ; -   ;;;;; -   ;17;26;25;25; 43,11 € ;;;;;;;;;;;; 732,87 € ; 1.120,86 € ; 1.077,75 € ; 1.077,75 € ;272;416;400;400
363;;358;206;130;18:15;18:50;Trento - Monte Terlago;"Estiva
lunedì-venerdì";15,00;19; 55 ; 825,00 ;ATP SRLS;FW970WP;23;GC658CS (ditta Nice srl);24;GA984ER (ditta Nice srl);23;1;TRENTO   (Autostaz.)         ;  2023AL;M.TERLAGO (H. 2 Laghi)       ;01/01/2022;11/09/2022;24/06/2023;31/08/2023;estiva feriale lu-ve;;;x;x;;x;x;x;x;x;;;;;;;;;;;; 37,50 € ;;;;;; 2.062,50 € ;;;1; -   € ; -   € ; -   ;;;;; -   ;7;0;0;; 37,50 € ;;;;;;;;;;;; 262,50 € ; -   € ; -   € ; -   € ;105;0;0;0
364;;359;206;130;18:15;18:50;Trento - Terlago - Monte Terlago;"scolastica 
da lunedì a venerdì";16,00;19; 174 ; 2.784,00 ;ATP SRLS;FW970WP;23;GC658CS (ditta Nice srl);24;GA984ER (ditta Nice srl);23;1;TRENTO   (Autostaz.)         ;  2023AL;M.TERLAGO (H. 2 Laghi)       ;12/09/2022;09/06/2023;;;scolastica lu-ve;;;;;x;x;x;x;x;x;;;;;;;;;;;; 39,46 € ;;;;;; 6.866,04 € ;;;1; -   € ; -   € ; -   ;;;;; -   ;15;20;21;15; 39,46 € ;;;;;;;;;;;; 591,90 € ; 789,20 € ; 828,66 € ; 591,90 € ;240;320;336;240
365;;360;206;132;18:35;19:15;Trento - Monte Terlago (estate ore 18.40);feriale;16,00;20; 304 ; 4.864,00 ;PERINI FRANCO ;GH658ZZ;23;EW749GD;23;FA989GW;48;1;TRENTO   (Autostaz.)         ;  2023AL;M.TERLAGO (H. 2 Laghi)       ;01/09/2022;31/08/2023;;;annuale feriale lu-sa;;x;x;x;;x;x;x;x;x;x;;;;;;;;;;; 47,34 € ;;;;;; 14.391,36 € ;;;1; -   € ; -   € ; -   ;;;;; -   ;26;26;25;25; 47,34 € ;;;;;;;;;;;; 1.230,84 € ; 1.230,84 € ; 1.183,50 € ; 1.183,50 € ;416;416;400;400
366;;361;206;123;18:50;19:25;Monte Terlago - Terlago - Trento;"scolastica 
da lunedì a venerdì";16,00;19; 174 ; 2.784,00 ;ATP SRLS;FW970WP;23;GC658CS (ditta Nice srl);24;GA984ER (ditta Nice srl);23;  2023AL;M.TERLAGO (H. 2 Laghi)       ;1;TRENTO (Autostaz.)         ;12/09/2022;09/06/2023;;;scolastica lu-ve;;;;;x;x;x;x;x;x;;;;;;;;;;;; 39,46 € ;;;;;; 6.866,04 € ;;;1; -   € ; -   € ; -   ;;;;; -   ;15;20;21;15; 39,46 € ;;;;;;;;;;;; 591,90 € ; 789,20 € ; 828,66 € ; 591,90 € ;240;320;336;240
367;;362;206;123;18:50;19:25;Monte Terlago - Trento;"Estiva
lunedì-venerdì";15,00;19; 55 ; 825,00 ;ATP SRLS;FW970WP;23;GC658CS (ditta Nice srl);24;GA984ER (ditta Nice srl);23;  2023AL;M.TERLAGO (H. 2 Laghi)       ;1;TRENTO (Autostaz.)         ;01/01/2022;11/09/2022;24/06/2023;31/08/2023;estiva feriale lu-ve;;;x;x;;x;x;x;x;x;;;;;;;;;;;; 37,50 € ;;;;;; 2.062,50 € ;;;1; -   € ; -   € ; -   ;;;;; -   ;7;0;0;; 37,50 € ;;;;;;;;;;;; 262,50 € ; -   € ; -   € ; -   € ;105;0;0;0
368;;363;206;134;19:30;20:05;Trento - Terlago - Monte Terlago;"scolastica 
da lunedì a venerdì";16,00;19; 174 ; 2.784,00 ;ATP SRLS;FW970WP;23;GC658CS (ditta Nice srl);24;GA984ER (ditta Nice srl);23;1;TRENTO   (Autostaz.)         ;  2023AL;M.TERLAGO (H. 2 Laghi)       ;12/09/2022;09/06/2023;;;scolastica lu-ve;;;;;x;x;x;x;x;x;;;;;;;;;;;; 39,46 € ;;;;;; 6.866,04 € ;;;1; -   € ; -   € ; -   ;;;;; -   ;15;20;21;15; 39,46 € ;;;;;;;;;;;; 591,90 € ; 789,20 € ; 828,66 € ; 591,90 € ;240;320;336;240
369;;364;206;134;19:30;20:05;Trento - Terlago - Monte Terlago;"invernale feriale 
solo sabato";16,00;19; 38 ; 608,00 ;ATP SRLS;FW970WP;23;GC658CS (ditta Nice srl);24;GA984ER (ditta Nice srl);23;1;TRENTO   (Autostaz.)         ;  2023AL;M.TERLAGO (H. 2 Laghi)       ;12/09/2022;23/06/2023;;;invernale feriale sab;;x;;x;;;;;;;x;;;;;;;;;;; 75,33 € ;;;;;; 2.862,54 € ;;;1; -   € ; -   € ; -   ;;;;; -   ;2;5;4;5; 75,33 € ;;;;;;;;;;;; 150,66 € ; 376,65 € ; 301,32 € ; 376,65 € ;32;80;64;80
370;;365;208;551;06:10;06:33;Sclemo - Stenico - Ponte Arche;"scolastica 
da lunedì a venerdì";11,50;22; 174 ; 2.001,00 ;TRENTINOBUS SRL;GG015PN;25;FG405XM;29; FN299MX;37;  2215RR;Sclemo;2180;PONTE ARCHE (Autost.)        ;12/09/2022;09/06/2023;;;scolastica lu-ve;;;;;x;x;x;x;x;x;;;;;;;;;;;; 28,75 € ;;;;;; 5.002,50 € ;;;1; -   € ; -   € ; -   ;;;; -   € ; -   ;15;20;21;15; 28,75 € ;;;;;;;;;;;; 431,25 € ; 575,00 € ; 603,75 € ; 431,25 € ;172,5;230;241,5;172,5
371;frequenza corretta da capitolato;366;208;444;06:25;06:40;S.Lorenzo in Banale - Molveno;"scolastica 
da lunedì a venerdì";10,50;8; 174 ; 1.827,00 ;RIGOTTI FLAVIO;FH845YZ;9;ET848ZJ;9;;;2219;S.LORENZO IN B.              ;956;MOLVENO (Centro)             ;12/09/2022;09/06/2023;;;scolastica lu-ve;;;;;x;x;x;x;x;x;;;;;;;;;;;; 49,61 € ;;;;;; 8.632,14 € ;;;1; -   € ; -   € ; -   ;;;; -   € ; -   ;15;20;21;15; 49,61 € ;;;;;;;;;;;; 744,15 € ; 992,20 € ; 1.041,81 € ; 744,15 € ;157,5;210;220,5;157,5
372;;367;208;449;06:50;07:10;S.Lorenzo in B.- Andogno ;"Feriale 
estiva + no scuola";4,30;8; 96 ; 412,80 ;RIGOTTI FLAVIO;FH845YZ;9;ET848ZJ;9;EZ992DM;24;  2219CH;S.Lorenzo (Chiesa)           ;2217;Andogno                      ;01/01/2022;11/09/2022;24/06/2023;31/08/2023;estiva feriale lu-sa + no scol lu-sa;;;x;x;;x;x;x;x;x;x;;;;;x;x;x;x;x;x; 8,90 € ;;;;;; 854,40 € ;;;1; -   € ; -   € ; -   ;;;; 11,10 € ; 1.066 ;9;1;0;7; 20,00 € ;;;;;;;;;;;; 180,00 € ; 20,00 € ; -   € ; 140,00 € ;38,7;4,3;0;30,1
373;;368;208;449;06:55;07:20;Andogno - S.Lorenzo in B.;"Feriale 
estiva + no scuola";4,40;8; 96 ; 422,40 ;RIGOTTI FLAVIO;FH845YZ;9;ET848ZJ;9;EZ992DM;24;2217;Andogno                      ;  2219CH;S.Lorenzo (Chiesa)           ;01/01/2022;11/09/2022;24/06/2023;31/08/2023;estiva feriale lu-sa + no scol lu-sa;;;x;x;;x;x;x;x;x;x;;;;;x;x;x;x;x;x; 8,90 € ;;;;;; 854,40 € ;;;1; -   € ; -   € ; -   ;;;; 11,10 € ; 1.066 ;9;1;0;7; 20,00 € ;;;;;;;;;;;; 180,00 € ; 20,00 € ; -   € ; 140,00 € ;39,6;4,4;0;30,8
374;;369;208;449;07:05;07:10;S.Lorenzo in B.- Andogno ;"scolastica 
da lunedì a sabato";4,30;8; 208 ; 894,40 ;RIGOTTI FLAVIO;FH845YZ;9;ET848ZJ;9;;;  2219CH;S.Lorenzo (Chiesa)           ;2217;Andogno                      ;12/09/2022;09/06/2023;;;scolastica lu-sa;;;;;x;x;x;x;x;x;x;;;;;;;;;;; 8,90 € ;;;;;; 1.851,20 € ;;;1; -   € ; -   € ; -   ;;;;; -   ;17;25;25;18; 8,90 € ;;;;;;;;;;;; 151,30 € ; 222,50 € ; 222,50 € ; 160,20 € ;73,1;107,5;107,5;77,4
375;;370;208;449;07:10;07:20;Andogno - S.Lorenzo in B.;"scolastica 
da lunedì a sabato";4,40;8; 208 ; 915,20 ;RIGOTTI FLAVIO;FH845YZ;9;ET848ZJ;9;;;2217;Andogno                      ;  2219CH;S.Lorenzo (Chiesa)           ;12/09/2022;09/06/2023;;;scolastica lu-sa;;;;;x;x;x;x;x;x;x;;;;;;;;;;; 8,90 € ;;;;;; 1.851,20 € ;;;1; -   € ; -   € ; -   ;;;;; -   ;17;25;25;18; 8,90 € ;;;;;;;;;;;; 151,30 € ; 222,50 € ; 222,50 € ; 160,20 € ;74,8;110;110;79,2
376;;371;208;552;09:40;10:15;S.Lorenzo in Banale - Ponte Arche;"invernale 
da lunedì a sabato";17,00;8; 240 ; 4.080,00 ;RIGOTTI FLAVIO;FH845YZ;9;ET848ZJ;9;EZ992DM;24;  2219CH;S.Lorenzo (Chiesa)           ;2180;PONTE ARCHE (Autost.)        ;12/09/2022;23/06/2023;;;invernale feriale lu-sa;;x;;x;;x;x;x;x;x;x;;;;;;;;;;; 30,60 € ;;;;;; 7.344,00 € ;;;1; 3,40 € ; -   € ; 816,00 € ;;;;; -   ;17;26;25;25; 34,00 € ;;;;;;;;;;;; 578,00 € ; 884,00 € ; 850,00 € ; 850,00 € ;289;442;425;425
377;;372;208;550;12:10;12:45;Ponte Arche - S.Lorenzo in Banale;"invernale 
da lunedì a sabato";17,00;8; 240 ; 4.080,00 ;RIGOTTI FLAVIO;FH845YZ;9;ET848ZJ;9;EZ992DM;24;2180;PONTE ARCHE (Autost.)        ;  2219CH;S.Lorenzo (Chiesa)           ;12/09/2022;23/06/2023;;;invernale feriale lu-sa;;x;;x;;x;x;x;x;x;x;;;;;;;;;;; 30,60 € ;;;;;; 7.344,00 € ;;;1; 3,40 € ; -   € ; 816,00 € ;;;;; -   ;17;26;25;25; 34,00 € ;;;;;;;;;;;; 578,00 € ; 884,00 € ; 850,00 € ; 850,00 € ;289;442;425;425
378;;373;208;451;13:02;13:10;S.Lorenzo in B.-Tavodo;feriale;4,30;8; 304 ; 1.307,20 ;RIGOTTI FLAVIO;FH845YZ;9;ET848ZJ;9;;;  2219CH;S.Lorenzo (Chiesa)           ;  2216SR;Tavodo (incr.S.P.);01/09/2022;31/08/2023;;;annuale feriale lu-sa;;x;x;x;;x;x;x;x;x;x;;;;;;;;;;; 8,90 € ;;;;;; 2.705,60 € ;;;1; -   € ; -   € ; -   ;;;;; -   ;26;26;25;25; 8,90 € ;;;;;;;;;;;; 231,40 € ; 231,40 € ; 222,50 € ; 222,50 € ;111,8;111,8;107,5;107,5
379;;374;208;451;13:10;13:18;Tavodo-Andogno - S.Lorenzo in B.;feriale;8,70;8; 304 ; 2.644,80 ;RIGOTTI FLAVIO;FH845YZ;9;ET848ZJ;9;EZ992DM;24;  2216SP;Tavodo (SP)                  ;  2219CH;S.Lorenzo (Chiesa)           ;01/09/2022;31/08/2023;;;annuale feriale lu-sa;;x;x;x;;x;x;x;x;x;x;;;;;;;;;;; 8,90 € ;;;;;; 2.705,60 € ;;;1; 8,50 € ; -   € ; 2.584,00 € ;;;;; -   ;26;26;25;25; 17,40 € ;;;;;;;;;;;; 452,40 € ; 452,40 € ; 435,00 € ; 435,00 € ;226,2;226,2;217,5;217,5
380;;375;208;384;13:18;13:36;S.Lorenzo - Molveno;"scolastica 
da lunedì a venerdì";10,50;8; 174 ; 1.827,00 ;RIGOTTI FLAVIO;ET848ZJ;9;FH845YZ;9;;;2219;S.LORENZO IN B.              ;  0956RR;MOLVENO;12/09/2022;09/06/2023;;;scolastica lu-ve;;;;;x;x;x;x;x;x;;;;;;;;;;;; 18,90 € ;;;;;; 3.288,60 € ;;;1; 2,10 € ; -   € ; 365,40 € ;;;;; -   ;15;20;21;15; 21,00 € ;;;;;;;;;;;; 315,00 € ; 420,00 € ; 441,00 € ; 315,00 € ;157,5;210;220,5;157,5
381;;376;208;221;13:21;13:41;S.Lorenzo in Banale - Villa Banale - Ponte Arche ;"scolastica 
solo giorno di sabato";9,00;8; 34 ; 306,00 ;RIGOTTI FLAVIO;ET848ZJ;9;FH845YZ;9;;;  2219CH;S.Lorenzo (Chiesa)           ;2180;PONTE ARCHE (Autost.)        ;12/09/2022;09/06/2023;;;scolastica sab;;;;;x;;;;;;x;;;;;;;;;;; 18,90 € ;;;;;; 642,60 € ;;;1; -   € ; -   € ; -   ;;;;; -   ;2;5;4;3; 18,90 € ;;;;;;;;;;;; 37,80 € ; 94,50 € ; 75,60 € ; 56,70 € ;18;45;36;27
382;;377;208;498;13:49;14:12;Ponte Arche - Stenico - Sclemo;"scolastica 
da lunedì a venerdì";10,50;22; 174 ; 1.827,00 ;TRENTINOBUS SRL;FN299MX;37;FG405XM;29;GC420NL;29;2180;PONTE ARCHE (Autost.)        ;  2215RR;Sclemo;12/09/2022;09/06/2023;;;scolastica lu-ve;;;;;x;x;x;x;x;x;;;;;;;;;;;; 18,90 € ;;;;;; 3.288,60 € ;;;1; 2,10 € ; -   € ; 365,40 € ;;;;; -   ;15;20;21;15; 21,00 € ;;;;;;;;;;;; 315,00 € ; 420,00 € ; 441,00 € ; 315,00 € ;157,5;210;220,5;157,5
383;;378;208;223;14:02;14:26;Molveno-Dorsino;"scolastica 
da lunedì a venerdì";11,60;53; 174 ; 2.018,40 ;FABIO VIAGGI SRL;FZ898BE;55;FZ897BE;57;FZ896BE;37;  0956RR;MOLVENO;2218;Dorsino                      ;12/09/2022;09/06/2023;;;scolastica lu-ve;;;;;x;x;x;x;x;x;;;;;;;;;;;; 34,80 € ;;;;;; 6.055,20 € ;;;2; -   € ; -   € ; -   ;;;;; -   ;15;20;21;15; 34,80 € ;;;;;;;;;;;; 522,00 € ; 696,00 € ; 730,80 € ; 522,00 € ;174;232;243,6;174
384;;379;208;420;16:30;17:19;Ponte Arche - S.Lorenzo - Molveno;"scolastica 
da lunedì a giovedì";27,50;50; 137 ; 3.767,50 ;TRENTINOBUS SRL;CS792NG;45;FG405XM;29;FN299MX;37;2180;PONTE ARCHE (Autost.)        ;  0956RR;MOLVENO;12/09/2022;09/06/2023;;;scolastica lu, ma, me, gio;;;;;x;x;x;x;x;;;;;;;;;;;;; 81,36 € ;;;;;; 11.146,32 € ;;;2; -   € ; 1,14 € ; 156 ;;;;; -   ;12;16;17;12; 82,50 € ;;;;;;;;;;;; 990,00 € ; 1.320,00 € ; 1.402,50 € ; 990,00 € ;330;440;467,5;330
385;;380;208;374;17:23;17:58;Ponte Arche - Sclemo - S.Lorenzo;"scolastica 
da lunedì a venerdì";17,00;44; 174 ; 2.958,00 ;TRENTINOBUS SRL;GC420NL;29;FG405XM;29;GG015PN;25;2180;PONTE ARCHE (Autost.)        ;  2219CH;S.Lorenzo (Chiesa)           ;12/09/2022;09/06/2023;;;scolastica lu-ve;;;;;x;x;x;x;x;x;;;;;;;;;;;; 69,38 € ;;;;;; 12.072,12 € ;;;2; -   € ; -   € ; -   ;;;;; -   ;15;20;21;15; 69,38 € ;;;;;;;;;;;; 1.040,70 € ; 1.387,60 € ; 1.456,98 € ; 1.040,70 € ;255;340;357;255
386;;381;208;54;17:50;18:25;Ponte Arche - S.Lorenzo in Banale;"scolastica 
da lunedì a venerdì";17,00;22; 174 ; 2.958,00 ;AUTONOLEGGI FILIPPI S.R.L. UNIPERSONALE;FN174MX;23;FM492NR;23;FZ556KF;17;2180;PONTE ARCHE (Autost.)        ;  2219CH;S.Lorenzo (Chiesa)           ;12/09/2022;09/06/2023;;;scolastica lu-ve;;;;;x;x;x;x;x;x;;;;;;;;;;;; 42,50 € ;;;;;; 7.395,00 € ;;;1; -   € ; -   € ; -   ;;;;; -   ;15;20;21;15; 42,50 € ;;;;;;;;;;;; 637,50 € ; 850,00 € ; 892,50 € ; 637,50 € ;255;340;357;255
387;bacino 2 estate 2021;382;208;226;19:35;20:10;P.Arche-S. Lorenzo in B.;"Estiva
lunedì-sabato";17;50; 67 ; 1.139,00 ;AUTONOLEGGI FILIPPI S.R.L. UNIPERSONALE;FM492NR;23;FN174MX;23;;;2180;PONTE ARCHE (Autost.)        ;2219;S.LORENZO IN B.              ;01/01/2022;11/09/2022;24/06/2023;31/08/2023;estiva feriale lu-sa;;;x;x;;x;x;x;x;x;x;;;;;;;;;;; 40,80 € ;;;;;; 2.733,60 € ;;;2; -   € ; 10,20 € ; 683,40 ;;;;; -   ;9;0;0;0; 51,00 € ;;;;;;;;;;;; 459,00 € ; -   € ; -   € ; -   € ;153;0;0;0
388;;383;209;9;06:15;06:34;Lundo - Ponte Arche;"scolastica 
da lunedì a sabato";10,30;22; 208 ; 2.142,40 ;AUTONOLEGGI FILIPPI S.R.L. UNIPERSONALE;FN174MX;23;FM492NR;22;FZ556KF;17;2174;LUNDO                        ;2180;PONTE ARCHE (Autost.)        ;12/09/2022;09/06/2023;;;scolastica lu-sa;;;;;x;x;x;x;x;x;x;;;;;;;;;;; 25,71 € ;;;;;; 5.347,68 € ;;;1; -   € ; -   € ; -   ;;;; -   € ; -   ;17;25;25;18; 25,71 € ;;;;;;;;;;;; 437,07 € ; 642,75 € ; 642,75 € ; 462,78 € ;175,1;257,5;257,5;185,4
389;;384;209;11;06:55;07:15;Lundo - Ponte Arche;"scolastica 
da lunedì a sabato";10,00;22; 208 ; 2.080,00 ;AUTONOLEGGI FILIPPI S.R.L. UNIPERSONALE;FN174MX;23;FM492NR;23;FZ556KF;17;2174;LUNDO                        ;2180;PONTE ARCHE (Autost.)        ;12/09/2022;09/06/2023;;;scolastica lu-sa;;;;;x;x;x;x;x;x;x;;;;;;;;;;; 26,33 € ;;;;;; 5.476,64 € ;;;1; -   € ; -   € ; -   ;;;; -   € ; -   ;17;25;25;18; 26,33 € ;;;;;;;;;;;; 447,61 € ; 658,25 € ; 658,25 € ; 473,94 € ;170;250;250;180
390;bacino 2 estate 2021;385;209;11;07:10;07:30;Lundo-P.Arche;"Estiva
lunedì-venerdì";9;50; 55 ; 495,00 ;TRENTINOBUS SRL;FZ833BE;54;CS792NG;45;FG405XM;28;2174;LUNDO                        ;2180;PONTE ARCHE (Autost.)        ;01/01/2022;11/09/2022;24/06/2023;31/08/2023;estiva feriale lu-ve;;;x;x;;x;x;x;x;x;;;;;;;;;;;;;;;;TRENTINOBUS SRL;; -   € ;;;2;;;;;;;; -   ;7;0;0;; -   € ;;;;;;;;;;;; -   € ; -   € ; -   € ; -   € ;63;0;0;0
391;;386;209;22;14:28;14:48;Ponte Arche - Lundo;"scolastica 
da lunedì a venerdì";10,00;22; 174 ; 1.740,00 ;AUTONOLEGGI FILIPPI S.R.L. UNIPERSONALE;FN174MX;23;FM492NR;23;FZ556KF;17;2180;PONTE ARCHE (Autost.)        ;2174;LUNDO                        ;12/09/2022;09/06/2023;;;scolastica lu-ve;;;;;x;x;x;x;x;x;;;;;;;;;;;; 27,51 € ;;;;;; 4.786,74 € ;;;1; -   € ; -   € ; -   ;;;;; -   ;15;20;21;15; 27,51 € ;;;;;;;;;;;; 412,65 € ; 550,20 € ; 577,71 € ; 412,65 € ;150;200;210;150
392;bacino 2 estate 2021;387;209;14;18:40;19:00;P.Arche-Lundo;"Estiva
lunedì-sabato";9;22; 67 ; 603,00 ;AUTONOLEGGI FILIPPI S.R.L. UNIPERSONALE;FM492NR;23;FN174MX;23;;;2180;PONTE ARCHE (Autost.)        ;2174;LUNDO                        ;01/01/2022;11/09/2022;24/06/2023;31/08/2023;estiva feriale lu-sa;;;x;x;;x;x;x;x;x;x;;;;;;;;;;; 21,60 € ;;;;;; 1.447,20 € ;;;1; -   € ; -   € ; -   ;;;;; -   ;9;0;0;0; 21,60 € ;;;;;;;;;;;; 194,40 € ; -   € ; -   € ; -   € ;81;0;0;0
393;bacino 2 estate 2021;388;210;55;06:58;07:29;Bivedo-P.Arche;"estiva
sabato ";11;50; 12 ; 132,00 ;TRENTINOBUS SRL;FZ833BE;54;CS792NG;45;FG405XM;28;2208;BIVEDO                       ;2180;PONTE ARCHE (Autost.)        ;01/01/2022;11/09/2022;24/06/2023;31/08/2023;estiva feriale sab;;;x;x;;;;;;;x;;;;;;;;;;;;;;;TRENTINOBUS SRL;; -   € ;;;2;;;;;;;; -   ;2;0;0;; -   € ;;;;;;;;;;;; -   € ; -   € ; -   € ; -   € ;22;0;0;0
394;;389;210;55;07:19;07:50;Villa-Sesto bivio - Ponte Arche - Tione (corsa bis);"scolastica 
da lunedì a venerdì";19,00;50; 174 ; 3.306,00 ;AUTONOLEGGI FILIPPI S.R.L. UNIPERSONALE;FN113MX;57;FF887CS ;58;GL551LP;37;2197;Villa di Bleggio             ;2290;TIONE (Autostazione)         ;12/09/2022;09/06/2023;;;scolastica lu-ve;;;;;x;x;x;x;x;x;;;;;;;;;;;; 162,84 € ;;;;;; 28.334,16 € ;;;2; -   € ; -   € ; -   ;;;;; -   ;15;20;21;15; 162,84 € ;;;;;;;;;;;; 2.442,60 € ; 3.256,80 € ; 3.419,64 € ; 2.442,60 € ;285;380;399;285
395;;390;210;245;07:25;07:36;S.Croce - Ponte Arche;"scolastica 
da lunedì a venerdì";5,00;22; 174 ; 870,00 ;AUTONOLEGGI FILIPPI S.R.L. UNIPERSONALE;FN174MX;23;FM492NR;22;FZ556KF;17;2198;SANTA CROCE                  ;2180;PONTE ARCHE (Autost.)        ;12/09/2022;09/06/2023;;;scolastica lu-ve;;;;;x;x;x;x;x;x;;;;;;;;;;;; 35,48 € ;;;;;; 6.173,52 € ;;;1; -   € ; -   € ; -   ;;;;; -   ;15;20;21;15; 35,48 € ;;;;;;;;;;;; 532,20 € ; 709,60 € ; 745,08 € ; 532,20 € ;75;100;105;75
396;;391;210;66;15:15;15:22;Ponte Arche - Cares - Sesto bivio;"scolastica 
da lunedì a venerdì";5;20; 174 ; 870,00 ;FRUNER VIAGGI IN EUROPA DI FRUNER TATIANA E SIMONE FRUNER SAS;FW755WP;25;FW720WP;23;;;2180;PONTE ARCHE (Autost.)        ;2225;Sesto bivio                  ;12/09/2022;09/06/2023;;;scolastica lu-ve;;;;;x;x;x;x;x;x;;;;;;;;;;;; 15,00 € ;;;;;; 2.610,00 € ;;;1; -   € ; -   € ; -   ;;;;; -   ;15;20;21;15; 15,00 € ;;;;;;;;;;;; 225,00 € ; 300,00 € ; 315,00 € ; 225,00 € ;75;100;105;75
397;;392;210;430;15:35;15:46;Ponte Arche - S.Croce Bleggio;"scolastica 
lun+merc+ven ";5,00;22; 105 ; 525,00 ;AUTONOLEGGI FILIPPI S.R.L. UNIPERSONALE;FZ556KF;17;FN174MX;23;FM492NR;22;2180;PONTE ARCHE (Autost.)        ;2198;SANTA CROCE                  ;12/09/2022;09/06/2023;;;scolastica lu, me, ve;;;;;x;x;;x;;x;;;;;;;;;;;; 35,48 € ;;;;;; 3.725,40 € ;;;1; -   € ; -   € ; -   ;;;;; -   ;9;12;13;9; 35,48 € ;;;;;;;;;;;; 319,32 € ; 425,76 € ; 461,24 € ; 319,32 € ;45;60;65;45
398;;393;210;458;16:30;16:59;Ponte Arche - Cavrasto - Bivedo;"scolastica 
solo  lun-mar-gio ";11,00;44; 101 ; 1.111,00 ;TRENTINOBUS SRL;GC420NL;29;FG405XM;29;GG015PN;25;2180;PONTE ARCHE (Autost.)        ;2208;BIVEDO                       ;12/09/2022;09/06/2023;;;scolastica lu, ma, gio;;;;;x;x;x;;x;;;;;;;;;;;;; 64,67 € ;;;;;; 6.531,67 € ;;;2; -   € ; -   € ; -   ;;;;; -   ;12;16;17;12; 64,67 € ;;;;;;;;;;;; 776,04 € ; 1.034,72 € ; 1.099,39 € ; 776,04 € ;132;176;187;132
399;bacino 2 estate 2021;394;211;16;06:16;06:33;Fiavè-P.Arche;"Estiva
lunedì-sabato";7,5;50; 67 ; 502,50 ;TRENTINOBUS SRL;FZ833BE;54;CS792NG;45;FG405XM;28;  2185BR;Fiave' (Bar Aurora);2180;PONTE ARCHE (Autost.)        ;01/01/2022;11/09/2022;24/06/2023;31/08/2023;estiva feriale lu-sa;;;x;x;;x;x;x;x;x;x;;;;;;;;;;;;;;;TRENTINOBUS SRL;; -   € ;;;2;;;;;;;; -   ;9;0;0;0; -   € ;;;;;;;;;;;; -   € ; -   € ; -   € ; -   € ;67,5;0;0;0
400;;395;211;8;06:16;06:41;Favrio - Dasindo - Fiavè loc. Curè - Cornelle - Fiavè;"scolastica 
da lunedì a venerdì";7,7;20; 174 ; 1.339,80 ;FRUNER VIAGGI IN EUROPA DI FRUNER TATIANA E SIMONE FRUNER SAS;FW720WP;23;FW184AM;9;;;2186;Favrio  ;  2185CA;Fiave' (Caseificio)           ;12/09/2022;09/06/2023;;;scolastica lu-ve;;;;;x;x;x;x;x;x;;;;;;;;;;;; 20,00 € ;;;;;; 3.480,00 € ;;;1; -   € ; -   € ; -   ;;;; -   € ; -   ;15;20;21;15; 20,00 € ;;;;;;;;;;;; 300,00 € ; 400,00 € ; 420,00 € ; 300,00 € ;115,5;154;161,7;115,5
401;;396;211;373;07:04;07:09;Calvola - Ville del Monte;"scolastica 
solo giorno di sabato";1,50;8; 34 ; 51,00 ;AUTOSERVIZI MATTUZZI CLAUDIO & C. S.N.C. ;FN589MX;9;FL778HC;23;FN339MX;7;2221;Calvola                      ;2210;Ville del Monte              ;12/09/2022;09/06/2023;;;scolastica sab;;;;;x;;;;;;x;;;;;;;;;;; 34,69 € ;;;;;; 1.179,46 € ;;;1; -   € ; -   € ; -   ;;;;; -   ;2;5;4;3; 34,69 € ;;;;;;;;;;;; 69,38 € ; 173,45 € ; 138,76 € ; 104,07 € ;3;7,5;6;4,5
402;NUOVA;397;211;;08:40;09:39;Ponte Arche - Riva del Garda;"Estiva
lunedì-sabato";29,00;50; 67 ; 1.943,00 ;AUTONOLEGGI FILIPPI S.R.L. UNIPERSONALE;FN113MX;57;FF887CS;57;;;2180;PONTE ARCHE (Autost.)        ;960;RIVA DEL G. (Autostaz.)      ;01/01/2022;11/09/2022;24/06/2023;31/08/2023;estiva feriale lu-sa;;;x;x;;x;x;x;x;x;x;;;;;;;;;;;;; 87,00 € ;;;;;; 5.829,00 € ;2;;;;;;;; -   ;9;0;0;0; 87,00 € ;;;;;;;;;;;; 783,00 € ; -   € ; -   € ; -   € ;261;0;0;0
403;NUOVA;398;211;;09:45;10:43;Riva d.G-Ponte Arche;"Estiva
lunedì-sabato";29,00;50; 67 ; 1.943,00 ;AUTONOLEGGI FILIPPI S.R.L. UNIPERSONALE;FN113MX;57;FF887CS;57;;;960;RIVA DEL G. (Autostaz.)      ;2180;PONTE ARCHE (Autost.)        ;01/01/2022;11/09/2022;24/06/2023;31/08/2023;estiva feriale lu-sa;;;x;x;;x;x;x;x;x;x;;;;;;;;;;;;; 87,00 € ;;;;;; 5.829,00 € ;2;;;;;;;; -   ;9;0;0;0; 87,00 € ;;;;;;;;;;;; 783,00 € ; -   € ; -   € ; -   € ;261;0;0;0
404;;399;211;376;13:07;13:12;Ville del Monte - Calvola;"scolastica 
da lunedì a sabato";1,50;22; 208 ; 312,00 ;AUTONOLEGGI FILIPPI S.R.L. UNIPERSONALE;FN174MX;23;FM492NR;23;FZ556KF;17;2210;Ville del Monte              ;2221;Calvola                      ;12/09/2022;09/06/2023;;;scolastica lu-sa;;;;;x;x;x;x;x;x;x;;;;;;;;;;; 4,50 € ;;;;;; 936,00 € ;;;1; -   € ; -   € ; -   ;;;;; -   ;17;25;25;18; 4,50 € ;;;;;;;;;;;; 76,50 € ; 112,50 € ; 112,50 € ; 81,00 € ;25,5;37,5;37,5;27
405;;400;211;492;13:32;13:37;Ville del Monte - Calvola;"scolastica 
lun+mar+mer+ven ";1,50;22; 140 ; 210,00 ;AUTONOLEGGI FILIPPI S.R.L. UNIPERSONALE;FN174MX;23;FM492NR;23;FZ556KF;17;2210;Ville del Monte              ;2221;Calvola                      ;12/09/2022;09/06/2023;;;scolastica lu, ma, me, ve;;;;;x;x;x;x;;x;;;;;;;;;;;; 3,96 € ;;;;;; 554,40 € ;;;1; -   € ; -   € ; -   ;;;;; -   ;12;16;17;12; 3,96 € ;;;;;;;;;;;; 47,52 € ; 63,36 € ; 67,32 € ; 47,52 € ;18;24;25,5;18
406;;401;211;22;14:02;14:25;Ville del Monte - Ponte Arche ;"scolastica 
da lunedì a sabato";18,00;22; 208 ; 3.744,00 ;AUTONOLEGGI FILIPPI S.R.L. UNIPERSONALE;FN174MX;23;FM492NR;23;FZ556KF;17;2210;Ville del Monte              ;2180;PONTE ARCHE (Autost.)        ;12/09/2022;09/06/2023;;;scolastica lu-sa;;;;;x;x;x;x;x;x;x;;;;;;;;;;; 47,52 € ;;;;;; 9.884,16 € ;;;1; -   € ; -   € ; -   ;;;;; -   ;17;25;25;18; 47,52 € ;;;;;;;;;;;; 807,84 € ; 1.188,00 € ; 1.188,00 € ; 855,36 € ;306;450;450;324
407;NUOVA;402;211;;14:40;15:39;Ponte Arche - Riva del Garda;"Estiva
lunedì-sabato";29,00;50; 67 ; 1.943,00 ;AUTOSERVIZI MATTUZZI CLAUDIO & C. S.N.C. ;FC208RJ;57;FE584HG;56;FB808BJ;45;2180;PONTE ARCHE (Autost.)        ;960;RIVA DEL G. (Autostaz.)      ;01/01/2022;11/09/2022;24/06/2023;31/08/2023;estiva feriale lu-sa;;;x;x;;x;x;x;x;x;x;;;;;;;;;;;;; 87,00 € ;;;;;; 5.829,00 € ;2;;;;;;;; -   ;9;0;0;0; 87,00 € ;;;;;;;;;;;; 783,00 € ; -   € ; -   € ; -   € ;261;0;0;0
408;;403;211;86;14:42;15:14;Ville d.Monte S.Antonio-Fiavè-Ponte Arche;"scolastica 
da lunedì a venerdì";17,4;20; 174 ; 3.027,60 ;FRUNER VIAGGI IN EUROPA DI FRUNER TATIANA E SIMONE FRUNER SAS;FW755WP;25;FW720WP;23;;;  2221SA;Villa S.Antonio              ;2180;PONTE ARCHE (Autost.)        ;12/09/2022;09/06/2023;;;scolastica lu-ve;;;;;x;x;x;x;x;x;;;;;;;;;;;; 52,20 € ;;;;;; 9.082,80 € ;;;1; -   € ; -   € ; -   ;;;;; -   ;15;20;21;15; 52,20 € ;;;;;;;;;;;; 783,00 € ; 1.044,00 € ; 1.096,20 € ; 783,00 € ;261;348;365,4;261
409;;404;211;574;16:30;16:45;Ponte Arche - Fiavè - Lundo - Comano;"scolastica 
solo lunedì martedì e giovedì ";21,00;19; 101 ; 2.121,00 ;TRENTINOBUS SRL;GC420NL;29;FG405XM;29;GG015PN;25;2180;PONTE ARCHE (Autost.)        ;2170RR;Comano Terme;12/09/2022;09/06/2023;;;scolastica lu, ma, gio;;;;;x;x;x;;x;;;;;;;;;;;;; 66,69 € ;;;;;; 6.735,68 € ;;;1; -   € ; -   € ; -   ;;;;; -   ;12;16;17;12; 66,69 € ;;;;;;;;;;;; 800,28 € ; 1.067,04 € ; 1.133,73 € ; 800,28 € ;252;336;357;252
410;NUOVA;405;211;8;16:45;17:43;Riva del Garda - Ponte Arche;"Estiva
lunedì-sabato";29;50; 67 ; 1.943,00 ;AUTOSERVIZI MATTUZZI CLAUDIO & C. S.N.C. ;FC208RJ;57;FE584HG;56;FB808BJ;45;960;RIVA DEL G. (Autostaz.)      ;2180;PONTE ARCHE (Autost.)        ;01/01/2022;11/09/2022;24/06/2023;31/08/2023;estiva feriale lu-sa;;;x;x;;x;x;x;x;x;x;;;;;;;;;;;;; 87,00 € ;;;;;; 5.829,00 € ;2;;;;;;;; -   ;9;0;0;0; 87,00 € ;;;;;;;;;;;; 783,00 € ; -   € ; -   € ; -   € ;261;0;0;0
411;;406;211;584;16:35;17:19;Riva del Garda - Tenno - Fiavè ;"scolastica 
da lunedì a venerdì";23,00;16; 174 ; 4.002,00 ;AUTOSERVIZI MATTUZZI CLAUDIO & C. S.N.C. ;GF141FZ;29;FL778HC;23;;;960;RIVA DEL G. (Autostaz.)      ;  2185RR;FIAVE';12/09/2022;09/06/2023;;;scolastica lu-ve;;;;;x;x;x;x;x;x;;;;;;;;;;;; 53,21 € ;;;;;; 9.258,54 € ;;;1; -   € ; -   € ; -   ;;;;; -   ;15;20;21;15; 53,21 € ;;;;;;;;;;;; 798,15 € ; 1.064,20 € ; 1.117,41 € ; 798,15 € ;345;460;483;345
412;;407;211;584;17:19;17:34;"Fiavè-V.Lomaso-P.Arche
prolungamento 16.35 Riva-Fiavè";"scolastica 
da lunedì a giovedì ";7,00;20; 137 ; 959,00 ;AUTOSERVIZI MATTUZZI CLAUDIO & C. S.N.C. ;FL778HC;23; GF141FZ;29;;;  2185RR;FIAVE';2180;PONTE ARCHE (Autost.)        ;12/09/2022;09/06/2023;;;scolastica lu, ma, me, gio;;;;;x;x;x;x;x;;;;;;;;;;;;; 17,50 € ;;;;;; 2.397,50 € ;;;1; -   € ; -   € ; -   ;;;;; -   ;12;16;17;12; 17,50 € ;;;;;;;;;;;; 210,00 € ; 280,00 € ; 297,50 € ; 210,00 € ;84;112;119;84
413;NUOVA;408;211;7;17:55;18:54;Ponte Arche - Riva d.G;"Estiva
lunedì-sabato";29;50; 67 ; 1.943,00 ;AUTOSERVIZI MATTUZZI CLAUDIO & C. S.N.C. ;FC208RJ;57;FE584HG;56;FB808BJ;45;2180;PONTE ARCHE (Autost.)        ;960;RIVA DEL G. (Autostaz.)      ;01/01/2022;11/09/2022;24/06/2023;31/08/2023;estiva feriale lu-sa;;;x;x;;x;x;x;x;x;x;;;;;;;;;;;;; 87,00 € ;;;;;; 5.829,00 € ;2;;;;;;;; -   ;9;0;0;0; 87,00 € ;;;;;;;;;;;; 783,00 € ; -   € ; -   € ; -   € ;261;0;0;0
414;;409;212;318;12:56;13:11;"Forti Lardaro-Praso-Daone
";"scolastica 
da lunedì a venerdì";4,00;20; 174 ; 696,00 ;MAESTRI AUGUSTO & C. S.N.C. ;FR892WP;21;EC412AD;29;GH738AD;38;  2301RR;Forti di Lardaro;2300;DAONE                        ;12/09/2022;09/06/2023;;;scolastica lu-ve;;;;;x;x;x;x;x;x;;;;;;;;;;;; 55,00 € ;;;;;; 9.570,00 € ;;;1; -   € ; -   € ; -   ;;;;; -   ;15;20;21;15; 55,00 € ;;;;;;;;;;;; 825,00 € ; 1.100,00 € ; 1.155,00 € ; 825,00 € ;60;80;84;60
415;;410;212;308;16:30;16:42;"Forti Lardaro-Praso-Daone
";"scolastica 
da lunedì a venerdì";4,00;20; 174 ; 696,00 ;MAESTRI AUGUSTO & C. S.N.C. ;FR892WP;21;EK946GV;9;FW907WP;9;  2301RR;Forti di Lardaro;2300;DAONE                        ;12/09/2022;09/06/2023;;;scolastica lu-ve;;;;;x;x;x;x;x;x;;;;;;;;;;;; 20,00 € ;;;;;; 3.480,00 € ;;;1; -   € ; -   € ; -   ;;;;; -   ;15;20;21;15; 20,00 € ;;;;;;;;;;;; 300,00 € ; 400,00 € ; 420,00 € ; 300,00 € ;60;80;84;60
416;;411;213;413;07:00;07:05;Por - Pieve di Bono (loc. Strada);"scolastica 
da lunedì a sabato";3,20;8; 208 ; 665,60 ;MAESTRI AUGUSTO & C. S.N.C. ;EK946GV;9;FW907WP;9;;;2308;Por                          ;  2304RR;Strada;12/09/2022;09/06/2023;;;scolastica lu-sa;;;;;x;x;x;x;x;x;x;;;;;;;;;;; 13,79 € ;;;;;; 2.868,32 € ;;;1; -   € ; -   € ; -   ;;;;; -   ;17;25;25;18; 13,79 € ;;;;;;;;;;;; 234,43 € ; 344,75 € ; 344,75 € ; 248,22 € ;54,4;80;80;57,6
417;;412;213;968;13:15;13:25;Cimego-Castel Condino ;"scolastica 
sabato";4,60;29; 34 ; 156,40 ;MAESTRI AUGUSTO & C. S.N.C. ;FW907WP;9;EK946GV;9;;;2326;Ponte Cimego                 ;2324;CASTEL CONDINO               ;12/09/2022;09/06/2023;;;scolastica sab;;;;;x;;;;;;x;;;;;;;;;;; 13,80 € ;;;;;; 469,20 € ;;;1; -   € ; -   € ; -   ;;;;; -   ;2;5;4;3; 13,80 € ;;;;;;;;;;;; 27,60 € ; 69,00 € ; 55,20 € ; 41,40 € ;9,2;23;18,4;13,8
418;;413;213;6;14:15;14:30;P.di Bono Borel - Castel Condino;"scolastica 
da lunedì a venerdì";7,00;9; 174 ; 1.218,00 ;MAESTRI AUGUSTO & C. S.N.C. ;EK946GV;9;FW907WP;9;FR892WP;21;  2305BO;Pieve di Bono (Tratt.Borel)  ;2324;CASTEL CONDINO               ;12/09/2022;09/06/2023;;;scolastica lu-ve;;;;;x;x;x;x;x;x;;;;;;;;;;;; 21,58 € ;;;;;; 3.754,20 € ;;;1; -   € ; -   € ; -   ;;;;; -   ;15;20;21;15; 21,58 € ;;;;;;;;;;;; 323,64 € ; 431,52 € ; 453,09 € ; 323,64 € ;105;140;147;105
419;;414;214;27;05:55;07:21;Baitoni-Riva;estiva feriale;54;50; 67 ; 3.618,00 ;SOLETANA VIAGGI S.R.L.;GH779KX;58;;;;;2323;BAITONI                      ;960;RIVA DEL G. (Autostaz.)      ;01/01/2022;11/09/2022;24/06/2023;31/08/2023;estiva feriale lu-sa;;;x;x;;x;x;x;x;x;x;;;;;;;;;;;; 220,00 € ;;;;; -   € ; 14.740,00 € ;;2;;;; -   € ; -   € ; -   ; -   € ; -   ;9;0;0;0; 220,00 € ;;;;;;;;;;;; 1.980,00 € ; -   € ; -   € ; -   € ;486;0;0;0
420;;415;214;27;06:05;07:38;Baitoni-Riva;invernale non scolastica feriale;54;50; 29 ; 1.566,00 ;SOLETANA VIAGGI S.R.L.;GH779KX;58;FJ863YE;56;;;2323;BAITONI                      ;960;RIVA DEL G. (Autostaz.)      ;12/09/2022;23/06/2023;;;invernale feriale no scol lu-sa;;x;;x;;;;;;;;;;;;x;x;x;x;x;x;;;;SOLETANA VIAGGI S.R.L. 2;;; -   € ;;;2;;;;;;;; -   ;0;1;0;7; -   € ; invernale feriale lu-sa ;17;;26;;25;;25;; 220,00 € ;; 3.740,00 € ; 5.720,00 € ; 5.500,00 € ; 5.500,00 € ;0;54;0;378
421;;416;214;582;06:12;07:38;Pieve di Bono-Storo-Riva;"scolastica 
da lunedì a sabato";61;55; 208 ; 12.688,00 ;SOLETANA VIAGGI S.R.L.;GH779KX;58;FJ863YE;56;;;2305;PIEVE DI BONO                ;960;RIVA DEL G. (Autostaz.)      ;12/09/2022;09/06/2023;;;scolastica lu-sa;;;;;x;x;x;x;x;x;x;;;;;;;;;;;;;;SOLETANA VIAGGI S.R.L. 2;;44; -   € ;;;2;;;;;;;; -   ;17;25;25;18; -   € ; scolastica lu-sa ;17;;25;;25;;18;; 18,20 € ;; 309,40 € ; 455,00 € ; 455,00 € ; 327,60 € ;1037;1525;1525;1098
422;eliminata dal 14/11/2022;417;214;582;06:50;07:38;Tiarno Off.Mariani-Bezzecca-Riva del Garda;"Scolastica
solo lunedì";24,00;50; 33 ; 792,00 ;Sarcatour srl eliminata ;FR952WP;51;FK791WG;55;FE629SK;54;2156MR;Tiarno di Sopra-Mariani;960;RIVA DEL G. (Autostaz.)      ;12/09/2022;13/11/2022;;;scolastica lu;;;;;x;x;;;;;;;;;;;;;;;; 165,00 € ;;;;;; 5.445,00 € ;;;2; -   € ; -   € ; -   ;;;; -   € ; -   ;3;4;2;0; 165,00 € ;;;;;;;;;;;; 495,00 € ; 660,00 € ; 330,00 € ; -   € ;72;96;48;0
423;;418;214;450;08:10;08:30;Riva del Garda - Pregasina ;"feriale 
solo mercoledì";11,50;8; 52 ; 598,00 ;AUTOSERVIZI MATTUZZI CLAUDIO & C. S.N.C. ;FL778HC;23;FN589MX;9;;;960;RIVA DEL G. (Autostaz.)      ;2160;PREGASINA                    ;01/09/2022;31/08/2023;;;annuale feriale me;;x;x;x;;;;x;;;;;;;;;;;;;; 26,39 € ;;;;;; 1.372,28 € ;;;1; -   € ; -   € ; -   ;;;;; -   ;4;4;5;4; 26,39 € ;;;;;;;;;;;; 105,56 € ; 105,56 € ; 131,95 € ; 105,56 € ;46;46;57,5;46
424;;419;214;29;08:30;08:51;Pregasina - Riva del Garda;"feriale 
solo mercoledì";11,50;8; 52 ; 598,00 ;AUTOSERVIZI MATTUZZI CLAUDIO & C. S.N.C. ;FL778HC;23;FN589MX;9;;;2160;PREGASINA                    ;960;RIVA DEL G. (Autostaz.)      ;01/09/2022;31/08/2023;;;annuale feriale me;;x;x;x;;;;x;;;;;;;;;;;;;; 26,39 € ;;;;;; 1.372,28 € ;;;1; -   € ; -   € ; -   ;;;;; -   ;4;4;5;4; 26,39 € ;;;;;;;;;;;; 105,56 € ; 105,56 € ; 131,95 € ; 105,56 € ;46;46;57,5;46
425;;420;214;615;10:00;10:18;Storo-Tremalzo bv.-Tiarno;"Estiva
lunedì-sabato a mesi alterni";12,50;19; 34 ; 425,00 ;SOLETANA VIAGGI S.R.L.;FC188RJ;20;FR954WP;27;;;2314;STORO                        ;  2156RR;TIARNO DI SOPRA;01/01/2022;11/09/2022;01/07/2023;31/07/2023;estiva feriale lu-sa luglio/settembre;sì;;x;x;;x;x;x;x;x;x;;;;;;;;;;; 37,50 € ;;;;;; 1.275,00 € ;;;1; -   € ; -   € ; -   ;;;;; -   ;9;0;0;0; 37,50 € ;;;;;;;;;;;; 337,50 € ; -   € ; -   € ; -   € ;112,5;0;0;0
426;;420 bis;214;615;10:00;10:18;Storo-Tremalzo bv.-Tiarno;"Estiva
lunedì-sabato a mesi alterni";12,50;19; 33 ; 412,50 ;TN SERVICE LORENZI A CAPITALE RIDOTTO S.R.L. DI TAVELLI ANDREA;EZ943DM;18;ET984ZJ;17;;;2314;STORO                        ;  2156RR;TIARNO DI SOPRA;24/06/2023;30/06/2023;01/08/2023;31/08/2023;estiva feriale lu-sa giugno/agosto;sì;;x;x;;x;x;x;x;x;x;;;;;;;;;;; 37,50 € ;;;;;; 1.237,50 € ;;;1; -   € ; -   € ; -   ;;;;; -   ;0;0;0;0; 37,50 € ;;;;;;;;;;;; -   € ; -   € ; -   € ; -   € ;0;0;0;0
427;;421;214;18;10:10;11:11;Riva-Bezzecca-Concei-Tiarno;"festiva 
estiva";28,00;50; 13 ; 364,00 ;AUTOSERVIZI MATTUZZI CLAUDIO & C. S.N.C. ;FC208RJ;57;FE584HG;56;;;960;RIVA DEL G. (Autostaz.)      ;2156;TIARNO DI SOPRA;01/01/2022;11/09/2022;24/06/2023;31/08/2023;estiva festiva;;;x;;;;;;;;;x;;;;;;;;;; 84,00 € ;;;;;; 1.092,00 € ;;;2; -   € ; -   € ; -   ;;;;; -   ;2;0;0;; 84,00 € ;;;;;;;;;;;; 168,00 € ; -   € ; -   € ; -   € ;56;0;0;0
428;;422;214;639;11:00;11:18;Storo-Tremalzo bv.-Tiarno;"festiva 
estiva";12,50;19; 13 ; 162,50 ;SOLETANA VIAGGI S.R.L.;FC188RJ;20;FR954WP;27;;;2314;STORO                        ;  2156RR;TIARNO DI SOPRA;01/01/2022;11/09/2022;24/06/2023;31/08/2023;estiva festiva;;;x;;;;;;;;;x;;;;;;;;;; 37,50 € ;;;;;; 487,50 € ;;;1; -   € ; -   € ; -   ;;;;; -   ;2;0;0;; 37,50 € ;;;;;;;;;;;; 75,00 € ; -   € ; -   € ; -   € ;25;0;0;0
429;;423;214;36;11:12;11:30;"Tiarno-Tremalzo bv.-Storo
";"Estiva
lunedì-sabato a mesi alterni";12,50;19; 34 ; 425,00 ;SOLETANA VIAGGI S.R.L.;FC188RJ;20;FR954WP;27;;;  2156RR;TIARNO DI SOPRA;2314;STORO                        ;01/01/2022;11/09/2022;01/07/2023;31/07/2023;estiva feriale lu-sa luglio/settembre;sì;;x;x;;x;x;x;x;x;x;;;;;;;;;;; 37,50 € ;;;;;; 1.275,00 € ;;;1; -   € ; -   € ; -   ;;;;; -   ;9;0;0;0; 37,50 € ;;;;;;;;;;;; 337,50 € ; -   € ; -   € ; -   € ;112,5;0;0;0
430;;423 bis;214;36;11:12;11:30;"Tiarno-Tremalzo bv.-Storo
";"Estiva
lunedì-sabato a mesi alterni";12,50;19; 33 ; 412,50 ;TN SERVICE LORENZI A CAPITALE RIDOTTO S.R.L. DI TAVELLI ANDREA;EZ943DM;18;ET984ZJ;17;;;  2156RR;TIARNO DI SOPRA;2314;STORO                        ;24/06/2023;30/06/2023;01/08/2023;31/08/2023;estiva feriale lu-sa giugno/agosto;sì;;x;x;;x;x;x;x;x;x;;;;;;;;;;; 37,50 € ;;;;;; 1.237,50 € ;;;1; -   € ; -   € ; -   ;;;;; -   ;0;0;0;0; 37,50 € ;;;;;;;;;;;; -   € ; -   € ; -   € ; -   € ;0;0;0;0
431;;424;214;741;11:20;12:22;Tiarno-Concei-Bezzecca-Riva;"festiva 
estiva";28,00;50; 13 ; 364,00 ;AUTOSERVIZI MATTUZZI CLAUDIO & C. S.N.C. ;FC208RJ;57;FE584HG;56;;;2156;TIARNO DI SOPRA;960;RIVA DEL G. (Autostaz.)      ;01/01/2022;11/09/2022;24/06/2023;31/08/2023;estiva festiva;;;x;;;;;;;;;x;;;;;;;;;; 84,00 € ;;;;;; 1.092,00 € ;;;2; -   € ; -   € ; -   ;;;;; -   ;2;0;0;; 84,00 € ;;;;;;;;;;;; 168,00 € ; -   € ; -   € ; -   € ;56;0;0;0
432;;425;214;36;11:20;11:38;Tiarno-Tremalzo bv.-Storo;"festiva 
estiva";12,50;19; 13 ; 162,50 ;SOLETANA VIAGGI S.R.L.;FC188RJ;20;FR954WP;27;;;  2156RR;TIARNO DI SOPRA;2314;STORO                        ;01/01/2022;11/09/2022;24/06/2023;31/08/2023;estiva festiva;;;x;;;;;;;;;x;;;;;;;;;; 37,50 € ;;;;;; 487,50 € ;;;1; -   € ; -   € ; -   ;;;;; -   ;2;0;0;; 37,50 € ;;;;;;;;;;;; 75,00 € ; -   € ; -   € ; -   € ;25;0;0;0
433;;426;214;38;13:46;14:02;Tiarno Sopra - Storo;"Scolastica
lun+mar+gio+ven";13,00;15; 138 ; 1.794,00 ;TN SERVICE LORENZI A CAPITALE RIDOTTO S.R.L. DI TAVELLI ANDREA;EZ943DM;18;EZ827RB;17;FY833HP;24;2156;TIARNO DI SOPRA;  2314RR;STORO                        ;12/09/2022;09/06/2023;;;scolastica lu, ma, gio, ve;;;;;x;x;x;;x;x;;;;;;;;;;;; 40,79 € ;;;;;; 5.629,02 € ;;;1; -   € ; -   € ; -   ;;;;; -   ;12;16;16;12; 40,79 € ;;;;;;;;;;;; 489,48 € ; 652,64 € ; 652,64 € ; 489,48 € ;156;208;208;156
434;;427;214;66;14:10;15:11;Riva-Bezzecca-Concei-Tiarno;"festiva 
estiva";28,00;30; 13 ; 364,00 ;AUTOSERVIZI MATTUZZI CLAUDIO & C. S.N.C. ;FC208RJ;57;FE584HG;56;;;960;RIVA DEL G. (Autostaz.)      ;2156;TIARNO DI SOPRA;01/01/2022;11/09/2022;24/06/2023;31/08/2023;estiva festiva;;;x;;;;;;;;;x;;;;;;;;;; 84,00 € ;;;;;; 1.092,00 € ;;;1; -   € ; -   € ; -   ;;;;; -   ;2;0;0;; 84,00 € ;;;;;;;;;;;; 168,00 € ; -   € ; -   € ; -   € ;56;0;0;0
435;;428;214;641;15:00;15:18;Storo-Tremalzo bv.-Tiarno;"festiva 
estiva";12,50;19; 13 ; 162,50 ;SOLETANA VIAGGI S.R.L.;FC188RJ;20;FR954WP;27;;;2314;STORO                        ;  2156RR;TIARNO DI SOPRA;01/01/2022;11/09/2022;24/06/2023;31/08/2023;estiva festiva;;;x;;;;;;;;;x;;;;;;;;;; 37,50 € ;;;;;; 487,50 € ;;;1; -   € ; -   € ; -   ;;;;; -   ;2;0;0;; 37,50 € ;;;;;;;;;;;; 75,00 € ; -   € ; -   € ; -   € ;25;0;0;0
436;;429;214;42;15:02;15:53;Tiarno - Storo-Baitoni-Darzo-P.di Bono;"scolastica 
da lunedì a venerdì";36,00;22; 174 ; 6.264,00 ;TN SERVICE LORENZI A CAPITALE RIDOTTO S.R.L. DI TAVELLI ANDREA;EZ943DM;18;EZ827RB;17;FY833HP;24;2156;TIARNO DI SOPRA;2305;PIEVE DI BONO                ;12/09/2022;09/06/2023;;;scolastica lu-ve;;;;;x;x;x;x;x;x;;;;;;;;;;;; 106,88 € ;;;;;; 18.597,24 € ;;;1; -   € ; -   € ; -   ;;;;; -   ;15;20;21;15; 106,88 € ;;;;;;;;;;;; 1.603,21 € ; 2.137,61 € ; 2.244,49 € ; 1.603,21 € ;540;720;756;540
437;;430;214;42;15:14;16:05;Tiarno - Storo - Condino - Pieve di Bono ;"scolastica 
solo giorno di sabato";36,00;8; 34 ; 1.224,00 ;SARCATOUR s.r.l.;FL596HC;17;FM433JT;9;;;2156;TIARNO DI SOPRA;2305;PIEVE DI BONO                ;12/09/2022;09/06/2023;;;scolastica sab;;;;;x;;;;;;x;;;;;;;;;;; 106,44 € ;;;;;; 3.618,96 € ;;;1; -   € ; -   € ; -   ;;;;; -   ;2;5;4;3; 106,44 € ;;;;;;;;;;;; 212,88 € ; 532,20 € ; 425,76 € ; 319,32 € ;72;180;144;108
438;;431;214;745;15:20;16:22;Tiarno-Concei-Bezzecca-Riva;"festiva 
estiva";28,00;50; 13 ; 364,00 ;AUTOSERVIZI MATTUZZI CLAUDIO & C. S.N.C. ;FC208RJ;57;FE584HG;56;;;2156;TIARNO DI SOPRA;960;RIVA DEL G. (Autostaz.)      ;01/01/2022;11/09/2022;24/06/2023;31/08/2023;estiva festiva;;;x;;;;;;;;;x;;;;;;;;;; 84,00 € ;;;;;; 1.092,00 € ;;;2; -   € ; -   € ; -   ;;;;; -   ;2;0;0;; 84,00 € ;;;;;;;;;;;; 168,00 € ; -   € ; -   € ; -   € ;56;0;0;0
439;;432;214;457;16:00;16:18;Storo-Tremalzo bv.-Tiarno;"Estiva
lunedì-sabato a mesi alterni";12,50;19; 34 ; 425,00 ;SOLETANA VIAGGI S.R.L.;FC188RJ;20;FR954WP;27;;;2314;STORO                        ;  2156RR;TIARNO DI SOPRA;01/01/2022;11/09/2022;01/07/2023;31/07/2023;estiva feriale lu-sa luglio/settembre;sì;;x;x;;x;x;x;x;x;x;;;;;;;;;;; 37,50 € ;;;;;; 1.275,00 € ;;;1; -   € ; -   € ; -   ;;;;; -   ;9;0;0;0; 37,50 € ;;;;;;;;;;;; 337,50 € ; -   € ; -   € ; -   € ;112,5;0;0;0
440;;432 bis;214;457;16:00;16:18;Storo-Tremalzo bv.-Tiarno;"Estiva
lunedì-sabato a mesi alterni";12,50;19; 33 ; 412,50 ;TN SERVICE LORENZI A CAPITALE RIDOTTO S.R.L. DI TAVELLI ANDREA;EZ943DM;18;ET984ZJ;17;;;2314;STORO                        ;  2156RR;TIARNO DI SOPRA;24/06/2023;30/06/2023;01/08/2023;31/08/2023;estiva feriale lu-sa giugno/agosto;sì;;x;x;;x;x;x;x;x;x;;;;;;;;;;; 37,50 € ;;;;;; 1.237,50 € ;;;1; -   € ; -   € ; -   ;;;;; -   ;0;0;0;0; 37,50 € ;;;;;;;;;;;; -   € ; -   € ; -   € ; -   € ;0;0;0;0
441;;433;214;334;16:30;17:31;Riva-Bezzecca-Concei-Tiarno;"festiva 
estiva";28,00;50; 13 ; 364,00 ;AUTOSERVIZI MATTUZZI CLAUDIO & C. S.N.C. ;FC208RJ;57;FE584HG;56;;;960;RIVA DEL G. (Autostaz.)      ;2156;TIARNO DI SOPRA;01/01/2022;11/09/2022;24/06/2023;31/08/2023;estiva festiva;;;x;;;;;;;;;x;;;;;;;;;; 84,00 € ;;;;;; 1.092,00 € ;;;2; -   € ; -   € ; -   ;;;;; -   ;2;0;0;; 84,00 € ;;;;;;;;;;;; 168,00 € ; -   € ; -   € ; -   € ;56;0;0;0
442;;434;214;570;16:30;17:31;Riva-Bezzecca-Concei-Tiarno;"Invernale no scuola
lun-ven";28,00;22; 26 ; 728,00 ;AUTOSERVIZI MATTUZZI CLAUDIO & C. S.N.C. ; GF141FZ;29;FL778HC;23;;;960;RIVA DEL G. (Autostaz.)      ;2156;TIARNO DI SOPRA;12/09/2022;23/06/2023;;;invernale feriale no scol lu-ve;;x;;x;;;;;;;;;;;;x;x;x;x;x;; 84,00 € ;;;;;; 2.184,00 € ;;;1; -   € ; -   € ; -   ;;;;; -   ;0;1;0;5; 84,00 € ;;;;;;;;;;;; -   € ; 84,00 € ; -   € ; 420,00 € ;0;28;0;140
443;;435;214;74;17:17;17:35;Tiarno-Tremalzo bv.-Storo;"Estiva
lunedì-sabato a mesi alterni";12,50;19; 34 ; 425,00 ;SOLETANA VIAGGI S.R.L.;FC188RJ;20;FR954WP;27;;;  2156RR;TIARNO DI SOPRA;2314;STORO                        ;01/01/2022;11/09/2022;01/07/2023;31/07/2023;estiva feriale lu-sa luglio/settembre;sì;;x;x;;x;x;x;x;x;x;;;;;;;;;;; 37,50 € ;;;;;; 1.275,00 € ;;;1; -   € ; -   € ; -   ;;;;; -   ;9;0;0;0; 37,50 € ;;;;;;;;;;;; 337,50 € ; -   € ; -   € ; -   € ;112,5;0;0;0
444;;435 bis;214;74;17:17;17:35;Tiarno-Tremalzo bv.-Storo;"Estiva
lunedì-sabato a mesi alterni";12,50;19; 33 ; 412,50 ;TN SERVICE LORENZI A CAPITALE RIDOTTO S.R.L. DI TAVELLI ANDREA;EZ943DM;18;ET984ZJ;17;;;  2156RR;TIARNO DI SOPRA;2314;STORO                        ;24/06/2023;30/06/2023;01/08/2023;31/08/2023;estiva feriale lu-sa giugno/agosto;sì;;x;x;;x;x;x;x;x;x;;;;;;;;;;; 37,50 € ;;;;;; 1.237,50 € ;;;1; -   € ; -   € ; -   ;;;;; -   ;0;0;0;0; 37,50 € ;;;;;;;;;;;; -   € ; -   € ; -   € ; -   € ;0;0;0;0
445;;436;214;574;17:32;17:50;Tiarno-Tremalzo bv.-Storo;"festiva 
estiva";12,50;19; 13 ; 162,50 ;SOLETANA VIAGGI S.R.L.;FC188RJ;20;FR954WP;27;;;  2156RR;TIARNO DI SOPRA;2314;STORO                        ;01/01/2022;11/09/2022;24/06/2023;31/08/2023;estiva festiva;;;x;;;;;;;;;x;;;;;;;;;; 37,50 € ;;;;;; 487,50 € ;;;1; -   € ; -   € ; -   ;;;;; -   ;2;0;0;; 37,50 € ;;;;;;;;;;;; 75,00 € ; -   € ; -   € ; -   € ;25;0;0;0
446;;437;214;41;17:35;18:37;Tiarno-Concei-Bezzecca-Riva;"festiva 
estiva";28,00;50; 13 ; 364,00 ;AUTOSERVIZI MATTUZZI CLAUDIO & C. S.N.C. ;FC208RJ;57;FE584HG;56;;;2156;TIARNO DI SOPRA;960;RIVA DEL G. (Autostaz.)      ;01/01/2022;11/09/2022;24/06/2023;31/08/2023;estiva festiva;;;x;;;;;;;;;x;;;;;;;;;; 84,00 € ;;;;;; 1.092,00 € ;;;2; -   € ; -   € ; -   ;;;;; -   ;2;0;0;; 84,00 € ;;;;;;;;;;;; 168,00 € ; -   € ; -   € ; -   € ;56;0;0;0
447;;438;214;46;18:45;20:19;Riva-Baitoni;"invernale
lunedì-sabato";50;50; 240 ; 12.000,00 ;SOLETANA VIAGGI S.R.L.;GH779KX;58;FJ863YE;56;;;960;RIVA DEL G. (Autostaz.)      ;2323;BAITONI                      ;12/09/2022;23/06/2023;;;invernale feriale lu-sa;;x;;x;;x;x;x;x;x;x;;;;;;;;;;;; 130,00 € ;;;;; -   € ; 31.200,00 € ;;2;;;;;;;; -   ;17;26;25;25; 130,00 € ;;;;;;;;;;;; 2.210,00 € ; 3.380,00 € ; 3.250,00 € ; 3.250,00 € ;850;1300;1250;1250
448;;439;214;385;18:40;19:29;Tiarno-Concei-Bezzecca-Riva;"Invernale no scuola
lun-ven";28,00;22; 26 ; 728,00 ;AUTOSERVIZI MATTUZZI CLAUDIO & C. S.N.C. ;FL778HC;23; GF141FZ;29;;;2156;TIARNO DI SOPRA;960;RIVA DEL G. (Autostaz.)      ;12/09/2022;23/06/2023;;;invernale feriale no scol lu-ve;;x;;x;;;;;;;;;;;;x;x;x;x;x;; 75,00 € ;;;;;; 1.950,00 € ;;;1; -   € ; -   € ; -   ;;;;; -   ;0;1;0;5; 75,00 € ;;;;;;;;;;;; -   € ; 75,00 € ; -   € ; 375,00 € ;0;28;0;140
449;;440;214;46;18:45;19:45;Riva-Bezzecca-Concei-Tiarno;"festiva 
estiva";28,00;50; 13 ; 364,00 ;AUTOSERVIZI MATTUZZI CLAUDIO & C. S.N.C. ;FC208RJ;57;FE584HG;56;;;960;RIVA DEL G. (Autostaz.)      ;2156;TIARNO DI SOPRA;01/01/2022;11/09/2022;24/06/2023;31/08/2023;estiva festiva;;;x;;;;;;;;;x;;;;;;;;;; 84,00 € ;;;;;; 1.092,00 € ;;;2; -   € ; -   € ; -   ;;;;; -   ;2;0;0;; 84,00 € ;;;;;;;;;;;; 168,00 € ; -   € ; -   € ; -   € ;56;0;0;0
450;;441;214;46;19:00;20:34;Riva-Baitoni;"Estiva
lunedì-sabato";50;50; 67 ; 3.350,00 ;SOLETANA VIAGGI S.R.L.;GH779KX;58;FJ863YE;56;;;960;RIVA DEL G. (Autostaz.)      ;2323;BAITONI                      ;01/01/2022;11/09/2022;24/06/2023;31/08/2023;estiva feriale lu-sa;;;x;x;;x;x;x;x;x;x;;;;;;;;;;;; 130,00 € ;;;;; -   € ; 8.710,00 € ;;2;;;;;;;; -   ;9;0;0;0; 130,00 € ;;;;;;;;;;;; 1.170,00 € ; -   € ; -   € ; -   € ;450;0;0;0
451;;442;215;135;06:08;07:06;Baitoni-Tione;"invernale
lunedì-sabato";37;50; 240 ; 8.880,00 ;MAESTRI AUGUSTO & C. S.N.C. ;FB997BJ;57;GH939KX;57;GH738AD;38;2323;BAITONI                      ;2290;TIONE (Autostazione)         ;12/09/2022;23/06/2023;;;invernale feriale lu-sa;;x;;x;;x;x;x;x;x;x;;;;;;;;;;; 88,80 € ;;;;;; 21.312,00 € ;;;2;;;;;;; -   € ; -   ;17;26;25;25; 88,80 € ;;;;;;;;;;;; 1.509,60 € ; 2.308,80 € ; 2.220,00 € ; 2.220,00 € ;629;962;925;925
452;;443;215;585;06:35;06:43;Bondone - Baitoni;"scolastica 
da lunedì a sabato";5,20;19; 208 ; 1.081,60 ;TN SERVICE LORENZI A CAPITALE RIDOTTO S.R.L. DI TAVELLI ANDREA;ET984ZJ;17;EZ827RB;17;EZ779XL;9;2327;Bondone                      ;2323;BAITONI                      ;12/09/2022;09/06/2023;;;scolastica lu-sa;;;;;x;x;x;x;x;x;x;;;;;;;;;;; 16,85 € ;;;;;; 3.504,80 € ;;;1; -   € ; -   € ; -   ;;;; 3,15 € ; 655 ;17;25;25;18; 20,00 € ;;;;;;;;;;;; 340,00 € ; 500,00 € ; 500,00 € ; 360,00 € ;88,4;130;130;93,6
453;NUOVA;444;215;;06:35;06:45;Loc. Ruc Riccomassimo-Lodrone;"scolastica 
da lunedì a sabato";6,00;5; 208 ; 1.248,00 ;SOLETANA VIAGGI S.R.L.;EX946HC;8;DV944RG;9;;;  2314RU;Storo Al Ruch                 ;  2321RR;Lodrone;12/09/2022;09/06/2023;;;scolastica lu-sa;;;;;x;x;x;x;x;x;x;;;;;;;;;;;;; 18,00 € ;;;;;; 3.744,00 € ;1;;;;;;; 2,00 € ; 416 ;17;25;25;18; 20,00 € ;;;;;;;;;;;; 340,00 € ; 500,00 € ; 500,00 € ; 360,00 € ;102;150;150;108
454;bacino 2 estate 2021;445;215;127;06:45;07:43;Baitoni-Tione;Estiva lunedì-venerdì;37;50; 55 ; 2.035,00 ;SOLETANA VIAGGI S.R.L.;FJ863YE;56;;;;;2323;BAITONI                      ;2290;TIONE (Autostazione)         ;01/01/2022;11/09/2022;24/06/2023;31/08/2023;estiva feriale lu-ve;;;x;x;;x;x;x;x;x;;;;;;;;;;;;;;;;SOLETANA VIAGGI S.R.L. 4;; -   € ;;;2;;;;;;;; -   ;7;0;0;; -   € ; estiva feriale lu-ve ;7;;0;;0;;0;; 300,00 € ;; 2.100,00 € ; -   € ; -   € ; -   € ;259;0;0;0
455;bacino 2 estate 2021;445 bis;215;127;06:45;07:43;Baitoni-Tione;Estiva sabato;37;50; 12 ; 444,00 ;MAESTRI AUGUSTO & C. S.N.C.;FB997BJ;57;GH939KX;57;;;2323;BAITONI                      ;2290;TIONE (Autostazione)         ;01/01/2022;11/09/2022;24/06/2023;31/08/2023;estiva feriale sab;;;x;x;;;;;;;x;;;;;;;;;;;;;;;MAESTRI AUGUSTO & C. S.N.C.  Forfait;; -   € ;;;2;;;;;;;; -   ;2;0;0;; -   € ;;;;;;;;;;;; -   € ; -   € ; -   € ; -   € ;74;0;0;0
456;;446;225;447;06:49;07:04;Brione - Condino;"scolastica 
da lunedì a sabato";6,00;22; 208 ; 1.248,00 ;TN SERVICE LORENZI A CAPITALE RIDOTTO S.R.L. DI TAVELLI ANDREA;EZ943DM;18;EZ779XL;9;;;2312;Brione di Condino            ;2311;CONDINO                      ;12/09/2022;09/06/2023;;;scolastica lu-sa;;;;;x;x;x;x;x;x;x;;;;;;;;;;; 31,30 € ;;;;;; 6.510,40 € ;;;1; -   € ; -   € ; -   ;;;; -   € ; -   ;17;25;25;18; 31,30 € ;;;;;;;;;;;; 532,10 € ; 782,50 € ; 782,50 € ; 563,40 € ;102;150;150;108
457;;447;215;595;07:00;07:15;Bondone - Ponte Caffaro bivio;"scolastica 
da lunedì a sabato";8,50;19; 208 ; 1.768,00 ;TN SERVICE LORENZI A CAPITALE RIDOTTO S.R.L. DI TAVELLI ANDREA;FY833HP;24;EZ827RB;17;EZ779XL;9;2327;Bondone                      ;2322;Ponte Caffaro Bivio          ;12/09/2022;09/06/2023;;;scolastica lu-sa;;;;;x;x;x;x;x;x;x;;;;;;;;;;; 29,12 € ;;;;;; 6.056,96 € ;;;1; -   € ; -   € ; -   ;;;;; -   ;17;25;25;18; 29,12 € ;;;;;;;;;;;; 495,04 € ; 728,00 € ; 728,00 € ; 524,16 € ;144,5;212,5;212,5;153
458;;448;215;;07:00;14:00;Servizio a chiamata Elastibus del Chiese fino Tione 2^ navetta Elastibus Bondone);"feriale 
da lunedì a venerdì";;9; 252 ; 43.200,00 ;TN SERVICE LORENZI A CAPITALE RIDOTTO S.R.L. DI TAVELLI ANDREA;GJ553MK;9;FA919GW;9;EZ943DM (solo orario invernale);18;2327;Bondone                      ;2290;TIONE (Autostazione)         ;01/09/2022;31/08/2023;;;annuale feriale lu-ve elastibus;sì;x;x;x;;x;x;x;x;x;;;;;;;;;;;; 216,74 € ;;;;;; 54.617,40 € ;;;1;;;;;;;; -   ;22;21;21;20; 122,45 € ;;; 3.492,00 ;; 4.195,80 ;; 3.509,00 ;; 3.397,30 ;;; 4.614,50 € ; 4.879,14 € ; 4.501,40 € ; 4.317,52 € ; 3.492,00 ; 4.195,80 ; 3.509,00 ; 3.397,30 
459;variazione da capitolato;449;215;127;07:00;07:46;Ca' Rossa-Fontanedo-Tione-Istituto;"scolastica 
da lunedì a venerdì";26,5;50; 174 ; 4.611,00 ;AUTONOLEGGI FILIPPI S.R.L. UNIPERSONALE;FF887CS;57;FT942AZ (Tn Service);60;GK228BZ (TN Service);57;  2313RR;Ca' Rossa;  2290IS;Tione - Istituto             ;12/09/2022;09/06/2023;;;scolastica lu-ve;;;;;x;x;x;x;x;x;;;;;;;;;;;; 246,20 € ;;;;;; 42.838,80 € ;;;2; -   € ; -   € ; -   ;;;;; -   ;15;20;21;15; 246,20 € ;;;;;;;;;;;; 3.693,00 € ; 4.924,00 € ; 5.170,20 € ; 3.693,00 € ;397,5;530;556,5;397,5
460;;450;215;467;07:10;07:15;Prezzo - Pieve di Bono;"scolastica 
da lunedì a sabato";3,00;8; 208 ; 624,00 ;MAESTRI AUGUSTO & C. S.N.C. ;EK946GV;9;FW907WP;9;;;2307;Prezzo                       ;2305;PIEVE DI BONO                ;12/09/2022;09/06/2023;;;scolastica lu-sa;;;;;x;x;x;x;x;x;x;;;;;;;;;;; 12,38 € ;;;;;; 2.575,04 € ;;;1; -   € ; -   € ; -   ;;;;; -   ;17;25;25;18; 12,38 € ;;;;;;;;;;;; 210,46 € ; 309,50 € ; 309,50 € ; 222,84 € ;51;75;75;54
461;NUOVA;451;215;593;07:58;08:58;Baitoni-Tione;"Invernale
sabato";37,00;50; 38 ; 1.406,00 ;TN SERVICE LORENZI A CAPITALE RIDOTTO S.R.L. DI TAVELLI ANDREA;FT942AZ;60;FF887CS (Aut. Filippi);57;;;2323;BAITONI       ;2290;TIONE Autostazione            ;12/09/2022;23/06/2023;;;invernale feriale sab;;x;;x;;;;;;;x;;;;;;;;;;;;; 111,00 € ;;;58;;; 4.218,00 € ;2;;;;;;;; -   ;2;5;4;5; 111,00 € ; invernale feriale sab ;2;;5;;4;;5;; 180,00 € ;; 582,00 € ; 1.455,00 € ; 1.164,00 € ; 1.455,00 € ;74;185;148;185
462;bacino 2 estate 2021;452;215;602;07:59;08:59;Tione-Baitoni;"estiva
sabato ";37;50; 12 ; 444,00 ;MAESTRI AUGUSTO & C. S.N.C. ;FB997BJ;57;GH939KX;57;EC412AD;29;2290;TIONE (Autostazione)         ;2323;BAITONI                      ;01/01/2022;11/09/2022;24/06/2023;31/08/2023;estiva feriale sab;;;x;x;;;;;;;x;;;;;;;;;;;;;;;MAESTRI AUGUSTO & C. S.N.C. ;; -   € ;;;2;;;;;;;; -   ;2;0;0;; -   € ;;;;;;;;;;;; -   € ; -   € ; -   € ; -   € ;74;0;0;0
463;NUOVA;453;215;603;08:58;09:56;Baitoni-Tione;"invernale
lunedì-sabato";37;50; 240 ; 8.880,00 ;TN SERVICE LORENZI A CAPITALE RIDOTTO S.R.L. DI TAVELLI ANDREA;GK228BZ;57;FT942AZ (lu-ve);60;FF887CS (Aut. Filippi);57;2323;BAITONI                      ;2290;TIONE (Autostazione)         ;12/09/2022;23/06/2023;;;invernale feriale lu-sa;;x;;x;;x;x;x;x;x;x;;;;;;;;;;;;; 111,00 € ;;;;;; 26.640,00 € ;2;;;;;;;; -   ;17;26;25;25; 111,00 € ;;;;;;;;;;;; 1.887,00 € ; 2.886,00 € ; 2.775,00 € ; 2.775,00 € ;629;962;925;925
464;bacino 2 estate 2021;454;215;136;09:00;10:00;Tione-Baitoni;Estiva lunedì-venerdì;37;50; 55 ; 2.035,00 ;SOLETANA VIAGGI S.R.L.;FJ863YE;56;;;;;2290;TIONE (Autostazione)         ;2323;BAITONI                      ;01/01/2022;11/09/2022;24/06/2023;31/08/2023;estiva feriale lu-ve;;;x;x;;x;x;x;x;x;;;;;;;;;;;;;;;;SOLETANA VIAGGI S.R.L. 4;; -   € ;;;2;;;;;;;; -   ;7;0;0;; -   € ;;;;;;;;;;;; -   € ; -   € ; -   € ; -   € ;259;0;0;0
465;bacino 2 estate 2021;454 bis;215;136;09:00;10:00;Tione-Baitoni;Estiva sabato;37;50; 12 ; 444,00 ;TRENTINOBUS SRL;FZ833BE;54;CS792NG;45;FG405XM;28;2290;TIONE (Autostazione)         ;2323;BAITONI                      ;01/01/2022;11/09/2022;24/06/2023;31/08/2023;estiva feriale sab;;;x;x;;;;;;;x;;;;;;;;;;;;;;;TRENTINOBUS SRL forfait;; -   € ;;;2;;;;;;;; -   ;2;0;0;; -   € ;;;;;;;;;;;; -   € ; -   € ; -   € ; -   € ;74;0;0;0
466;;455;215; ;09:15;18:30;Servizio a chiamata Elastibus del Chiese fino Tione 1^ navetta Elastibus Pieve Bono);"feriale 
da lunedì a venerdì";;22; 252 ; 59.300,00 ;TN SERVICE LORENZI A CAPITALE RIDOTTO S.R.L. DI TAVELLI ANDREA;GD933VT;7;EZ827RB;17;EZ779XL;9;2305;PIEVE DI BONO                ;2290;TIONE (Autostazione)         ;01/09/2022;31/08/2023;;;annuale feriale lu-ve elastibus;sì;x;x;x;;x;x;x;x;x;;;;;;;;;;;; 251,87 € ;;;;;; 63.472,40 € ;;;1;;;;;;;; -   ;22;21;21;20; 122,45 € ;;; 4.368,00 ;; 3.109,55 ;; 3.033,00 ;; 3.042,90 ;;; 5.096,30 € ; 4.281,70 € ; 4.239,60 € ; 4.122,60 € ; 4.368,00 ; 3.109,55 ; 3.033,00 ; 3.042,90 
467;;456;215;138;10:00;11:00;Tione-Baitoni;"invernale
lunedì-sabato";44;50; 240 ; 10.560,00 ;MAESTRI AUGUSTO & C. S.N.C. ;FB997BJ;57;GH939KX;57;GH738AD;38;2290;TIONE (Autostazione)         ;2323;BAITONI                      ;12/09/2022;23/06/2023;;;invernale feriale lu-sa;;x;;x;;x;x;x;x;x;x;;;;;;;;;;; 88,80 € ;;;;;; 21.312,00 € ;;;2;;;;;;;; -   ;17;26;25;25; 88,80 € ;;;;;;;;;;;; 1.509,60 € ; 2.308,80 € ; 2.220,00 € ; 2.220,00 € ;748;1144;1100;1100
468;bacino 2 estate 2021;457;215;595;11:30;12:59;Baitoni-Tione;"Estiva
lunedì-sabato";37;50; 67 ; 2.479,00 ;TN SERVICE LORENZI A CAPITALE RIDOTTO S.R.L. DI TAVELLI ANDREA;GK228BZ;57;FT942AZ;60;FF887CS (Aut. Filippi);57;2323;BAITONI                      ;2290;TIONE (Autostazione)         ;01/01/2022;11/09/2022;24/06/2023;31/08/2023;estiva feriale lu-sa;;;x;x;;x;x;x;x;x;x;;;;;;;;;;;;;;;TN SERVICE LORENZI A CAPITALE RIDOTTO S.R.L. DI TAVELLI ANDREA;; -   € ;;;2;;;;;;;; -   ;9;0;0;0; -   € ; estiva feriale lu-sa ;9;;0;;0;;0;; 350,00 € ;; 3.150,00 € ; -   € ; -   € ; -   € ;333;0;0;0
469;bacino 2 estate 2021;458;215;606;11:59;12:59;Tione-Baitoni;"Estiva
lunedì-sabato";37;50; 67 ; 2.479,00 ;MAESTRI AUGUSTO & C. S.N.C. ;FB997BJ;57;GH939KX;57;EC412AD solo al sabato;29;2290;TIONE (Autostazione)         ;2323;BAITONI                      ;01/01/2022;11/09/2022;24/06/2023;31/08/2023;estiva feriale lu-sa;;;x;x;;x;x;x;x;x;x;;;;;;;;;;;;;;;MAESTRI AUGUSTO & C. S.N.C. ;; -   € ;;;2;;;;;;;; -   ;9;0;0;0; -   € ;;;;;;;;;;;; -   € ; -   € ; -   € ; -   € ;333;0;0;0
470;NUOVA;459;215;606;11:59;12:59;Tione-Baitoni;"invernale
lunedì-sabato";37;50; 240 ; 8.880,00 ;TN SERVICE LORENZI A CAPITALE RIDOTTO S.R.L. DI TAVELLI ANDREA;FT942AZ;60;FF887CS (Aut. Filippi);57;GK228BZ (sabato);57;2290;TIONE (Autostazione)         ;2323;BAITONI                      ;12/09/2022;23/06/2023;;;invernale feriale lu-sa;;x;;x;;x;x;x;x;x;x;;;;;;;;;;;;; 111,00 € ;;;;;; 26.640,00 € ;2;;;;;;;; -   ;17;26;25;25; 111,00 € ;;;;;;;;;;;; 1.887,00 € ; 2.886,00 € ; 2.775,00 € ; 2.775,00 € ;629;962;925;925
471;bacino 2 estate 2021;460;215;129;12:20;13:18;Baitoni-Tione;"Estiva
lunedì-venerdì";37;50; 55 ; 2.035,00 ;SOLETANA VIAGGI S.R.L.;GH779KX;58;FJ863YE;56;;;2323;BAITONI                      ;2290;TIONE (Autostazione)         ;01/01/2022;11/09/2022;24/06/2023;31/08/2023;estiva feriale lu-ve;;;x;x;;x;x;x;x;x;;;;;;;;;;;;;;;;SOLETANA VIAGGI S.R.L. 4;; -   € ;;;2;;;;;;;; -   ;7;0;0;; -   € ;;;;;;;;;;;; -   € ; -   € ; -   € ; -   € ;259;0;0;0
472;bacino 2 estate 2021;461;215;140;12:32;13:32;Tione-Baitoni;"Estiva
lunedì-sabato";37;50; 67 ; 2.479,00 ;TN SERVICE LORENZI A CAPITALE RIDOTTO S.R.L. DI TAVELLI ANDREA;GK228BZ;57;FT942AZ;60;FF887CS (Aut. Filippi);57;2290;TIONE (Autostazione)         ;2323;BAITONI                      ;01/01/2022;11/09/2022;24/06/2023;31/08/2023;estiva feriale lu-sa;;;x;x;;x;x;x;x;x;x;;;;;;;;;;;;;;;TN SERVICE LORENZI A CAPITALE RIDOTTO S.R.L. DI TAVELLI ANDREA;; -   € ;;;2;;;;;;;; -   ;9;0;0;0; -   € ;;;;;;;;;;;; -   € ; -   € ; -   € ; -   € ;333;0;0;0
473;;462;215;140;12:32;13:32;Tione - Baitoni;"Invernale 
festiva";37,00;55; 47 ; 1.739,00 ;TRENTINOBUS SRL;FN299MX;37;FG405XM;29;CS792NG;45;2290;TIONE (Autostazione)         ;2323;BAITONI                      ;12/09/2022;23/06/2023;;;invernale festiva;;x;;;;;;;;;;x;;;;;;;;;; 89,00 € ;;;;;; 4.183,00 € ;;;2; -   € ; 22,00 € ; 1.034 ;;;;; -   ;2;5;5;6; 111,00 € ;;;;;;;;;;;; 222,00 € ; 555,00 € ; 555,00 € ; 666,00 € ;74;185;185;222
474;;463;215;140;12:35;13:46;Tione-Baitoni;"scolastica 
da lunedì a venerdì";37,00;55; 174 ; 6.438,00 ;TN SERVICE LORENZI A CAPITALE RIDOTTO S.R.L. DI TAVELLI ANDREA;GK228BZ;57;FF887CS (Aut. Filippi);57;;;  2290IS;Tione - Istituto             ;2323;BAITONI                      ;12/09/2022;09/06/2023;;;scolastica lu-ve;;;;;x;x;x;x;x;x;;;;;;;;;;;; 111,00 € ;;;;;; 19.314,00 € ;;;2; -   € ; -   € ; -   ;;;;; -   ;15;20;21;15; 111,00 € ;;;;;;;;;;;; 1.665,00 € ; 2.220,00 € ; 2.331,00 € ; 1.665,00 € ;555;740;777;555
475;;464;215;349;12:55;13:09;Ponte Caffaro - Bondone ;"scolastica 
sabato";8,70;9; 34 ; 295,80 ;TN SERVICE LORENZI A CAPITALE RIDOTTO S.R.L. DI TAVELLI ANDREA;GJ553MK;9;EZ827RB;17;FA919GW;9;  2322BP;Ponte Caffaro Bar Ponte      ;2327;Bondone                      ;12/09/2022;09/06/2023;;;scolastica sab;;;;;x;;;;;;x;;;;;;;;;;; 26,10 € ;;;;;; 887,40 € ;;;1; -   € ; -   € ; -   ;;;;; -   ;2;5;4;3; 26,10 € ;;;;;;;;;;;; 52,20 € ; 130,50 € ; 104,40 € ; 78,30 € ;17,4;43,5;34,8;26,1
476;;465;215;363;13:00;13:19;Ponte Caffaro-Storo-Baitoni;"scolastica 
da lunedì a sabato";13;40; 208 ; 2.704,00 ;SOLETANA VIAGGI S.R.L.;FJ863YE;56;;;;;2322;Ponte Caffaro bivio          ;2323;BAITONI                      ;12/09/2022;09/06/2023;;;scolastica lu-sa;;;;;x;x;x;x;x;x;x;;;;;;;;;;;;;;SOLETANA VIAGGI S.R.L. 2;;; -   € ;;;2;;;;;;;; -   ;17;25;25;18; -   € ;;;;;;;;;;;; -   € ; -   € ; -   € ; -   € ;221;325;325;234
477;bacino 2 estate 2021;466;215;611;13:05;14:03;Baitoni-Tione;"Estiva
lunedì-sabato";37;50; 67 ; 2.479,00 ;MAESTRI AUGUSTO & C. S.N.C. ;FB997BJ;57;GH939KX;57;EC412AD solo al sabato;29;2323;BAITONI                      ;2290;TIONE (Autostazione)         ;01/01/2022;11/09/2022;24/06/2023;31/08/2023;estiva feriale lu-sa;;;x;x;;x;x;x;x;x;x;;;;;;;;;;;;;;;MAESTRI AUGUSTO & C. S.N.C. ;; -   € ;;;2;;;;;;;; -   ;9;0;0;0; -   € ;;;;;;;;;;;; -   € ; -   € ; -   € ; -   € ;333;0;0;0
478;NUOVA;467;215;611;13:05;14:03;Baitoni-Tione;"invernale
lunedì-sabato";37;50; 240 ; 8.880,00 ;TN SERVICE LORENZI A CAPITALE RIDOTTO S.R.L. DI TAVELLI ANDREA;FT942AZ;60;FF887CS (Aut. Filippi);57;GK228BZ (sabato);57;2323;BAITONI                      ;2290;TIONE (Autostazione)         ;12/09/2022;23/06/2023;;;invernale feriale lu-sa;;x;;x;;x;x;x;x;x;x;;;;;;;;;;;;; 111,00 € ;;;;;; 26.640,00 € ;2;;;;;;;; -   ;17;26;25;25; 111,00 € ;;;;;;;;;;;; 1.887,00 € ; 2.886,00 € ; 2.775,00 € ; 2.775,00 € ;629;962;925;925
479;;468;225;448;13:14;13:28;Condino - Brione ;"scolastica 
solo venerdì e sabato";6,00;22; 70 ; 420,00 ;TN SERVICE LORENZI A CAPITALE RIDOTTO S.R.L. DI TAVELLI ANDREA;ET984ZJ;17;EZ827RB;17;FY833HP;24;2311;CONDINO                      ;2312;Brione di Condino            ;12/09/2022;09/06/2023;;;scolastica ve, sa;;;;;x;;;;;x;x;;;;;;;;;;; 31,30 € ;;;;;; 2.191,00 € ;;;1; -   € ; -   € ; -   ;;;;; -   ;5;9;8;6; 31,30 € ;;;;;;;;;;;; 156,50 € ; 281,70 € ; 250,40 € ; 187,80 € ;30;54;48;36
480;;469;215;602;13:35;13:43;Baitoni-Bondone;"scolastica 
solo mar-gio-ven";5,30;9; 104 ; 551,20 ;TN SERVICE LORENZI A CAPITALE RIDOTTO S.R.L. DI TAVELLI ANDREA;EZ779XL;9;EZ827RB;17;FA919GW;9;2323;BAITONI                      ;2327;Bondone                      ;12/09/2022;09/06/2023;;;scolastica ma, gio, ve;;;;;x;;x;;x;x;;;;;;;;;;;; 15,90 € ;;;;;; 1.653,60 € ;;;1; -   € ; -   € ; -   ;;;;; -   ;9;12;12;9; 15,90 € ;;;;;;;;;;;; 143,10 € ; 190,80 € ; 190,80 € ; 143,10 € ;47,7;63,6;63,6;47,7
481;;470;215;588;13:50;13:58;Baitoni-Bondone;"scolastica 
solo sabato ";5,30;9; 34 ; 180,20 ;TN SERVICE LORENZI A CAPITALE RIDOTTO S.R.L. DI TAVELLI ANDREA;EZ779XL;9;EZ827RB;17;FA919GW;9;2323;BAITONI                      ;2327;Bondone                      ;12/09/2022;09/06/2023;;;scolastica sab;;;;;x;;;;;;x;;;;;;;;;;; 15,90 € ;;;;;; 540,60 € ;;;1; -   € ; -   € ; -   ;;;;; -   ;2;5;4;3; 15,90 € ;;;;;;;;;;;; 31,80 € ; 79,50 € ; 63,60 € ; 47,70 € ;10,6;26,5;21,2;15,9
482;frequenza corretta da capitolato;471;215;131;13:58;14:48;Baitoni-Tione;festiva invernale;37;40; 45 ; 1.665,00 ;TRENTINOBUS SRL;FN299MX;37;FG405XM;29;CS792NG;45;2323;BAITONI                      ;2290;TIONE (Autostazione)         ;12/09/2022;23/06/2023;;;invernale festiva;;x;;;;;;;;;;x;;;;;;;;;; 89,00 € ;;;;;; 4.005,00 € ;;;2; -   € ; 22,00 € ; 990 ;;;;; -   ;2;5;5;6; 111,00 € ;;;;;;;;;;;; 222,00 € ; 555,00 € ; 555,00 € ; 666,00 € ;74;185;185;222
483;;472;215;349;13:55;14:09;Ponte Caffaro - Bondone ;"scolastica 
gio+ven";8,70;9; 70 ; 609,00 ;TN SERVICE LORENZI A CAPITALE RIDOTTO S.R.L. DI TAVELLI ANDREA;GJ553MK;9;EZ827RB;17;FA919GW;9;  2322BP;Ponte Caffaro Bar Ponte      ;2327;Bondone                      ;12/09/2022;09/06/2023;;;scolastica gio, ve;;;;;x;;;;x;x;;;;;;;;;;;; 26,10 € ;;;;;; 1.827,00 € ;;;1; -   € ; -   € ; -   ;;;;; -   ;6;8;8;6; 26,10 € ;;;;;;;;;;;; 156,60 € ; 208,80 € ; 208,80 € ; 156,60 € ;52,2;69,6;69,6;52,2
484;;473;215;38;14:02;14:08;Storo-Baitoni;"Scolastica
lun+mar+gio+ven";6,00;15; 138 ; 828,00 ;TN SERVICE LORENZI A CAPITALE RIDOTTO S.R.L. DI TAVELLI ANDREA;EZ943DM;18;EZ827RB;17;FY833HP;24;  2314RR;STORO                        ;2323;BAITONI                      ;12/09/2022;09/06/2023;;;scolastica lu, ma, gio, ve;;;;;x;x;x;;x;x;;;;;;;;;;;; 18,00 € ;;;;;; 2.484,00 € ;;;1; -   € ; -   € ; -   ;;;;; -   ;12;16;16;12; 18,00 € ;;;;;;;;;;;; 216,00 € ; 288,00 € ; 288,00 € ; 216,00 € ;72;96;96;72
485;;474;215;478;14:04;14:08;Pieve di Bono (loc. Creto) - Prezzo ;"scolastica 
da lunedì a venerdì";2,50;8; 174 ; 435,00 ;MAESTRI AUGUSTO & C. S.N.C. ;EK946GV;9;FW907WP;9;FR892WP;21;2305;PIEVE DI BONO                ;2307;Prezzo                       ;12/09/2022;09/06/2023;;;scolastica lu-ve;;;;;x;x;x;x;x;x;;;;;;;;;;;; 4,50 € ;;;;;; 783,00 € ;;;1; 0,50 € ; -   € ; 87,00 € ;;;;; -   ;15;20;21;15; 5,00 € ;;;;;;;;;;;; 75,00 € ; 100,00 € ; 105,00 € ; 75,00 € ;37,5;50;52,5;37,5
486;;475;225;441;14:10;14:25;Condino - Brione ;"scolastica 
da lunedì a venerdì";6,00;22; 174 ; 1.044,00 ;TN SERVICE LORENZI A CAPITALE RIDOTTO S.R.L. DI TAVELLI ANDREA;ET984ZJ;17;FA919GW;9;FY833HP;24;2311;CONDINO                      ;2312;Brione di Condino            ;12/09/2022;09/06/2023;;;scolastica lu-ve;;;;;x;x;x;x;x;x;;;;;;;;;;;; 31,30 € ;;;;;; 5.446,20 € ;;;1; -   € ; -   € ; -   ;;;;; -   ;15;20;21;15; 31,30 € ;;;;;;;;;;;; 469,50 € ; 626,00 € ; 657,30 € ; 469,50 € ;90;120;126;90
487;Eliminata dall'inizio;476;215;142;14:23;15:23;Tione-Baitoni;"invernale 
solo sabato non scol.";38;40; 3 ; 114,00 ;Soletana Viaggi srl eliminata dall'inizio;;;;;;;;;;;;;;;;;;;;;;;;;;;;;;;;;;;;;;;;;;;;;;;;;;;;;;;;;;;;;;;;;;;;;;;;; -   € ; -   € ;0;0;0;0
488;;477;215;604;14:30;14:38;Baitoni-Bondone;"scolastica 
solo lun+mer";5,30;9; 69 ; 365,70 ;TN SERVICE LORENZI A CAPITALE RIDOTTO S.R.L. DI TAVELLI ANDREA;EZ827RB;17;EZ779XL;9;FA919GW;9;2323;BAITONI                      ;2327;Bondone                      ;12/09/2022;09/06/2023;;;scolastica lu, me;;;;;x;x;;x;;;;;;;;;;;;;; 15,90 € ;;;;;; 1.097,10 € ;;;1; -   € ; -   € ; -   ;;;;; -   ;6;8;9;6; 15,90 € ;;;;;;;;;;;; 95,40 € ; 127,20 € ; 143,10 € ; 95,40 € ;31,8;42,4;47,7;31,8
489;;478;215;610;14:32;14:47;Storo - Lodrone - Baitoni;"scolastica 
da lunedì a venerdì";9,00;16; 174 ; 1.566,00 ;TN SERVICE LORENZI A CAPITALE RIDOTTO S.R.L. DI TAVELLI ANDREA;ET984ZJ;17;EZ827RB;17;FA919GW;9;  2314RR;STORO                        ;2323;BAITONI                      ;12/09/2022;09/06/2023;;;scolastica lu-ve;;;;;x;x;x;x;x;x;;;;;;;;;;;; 16,20 € ;;;;;; 2.818,80 € ;;;1; 1,80 € ; -   € ; 313,20 € ;;;;; -   ;15;20;21;15; 18,00 € ;;;;;;;;;;;; 270,00 € ; 360,00 € ; 378,00 € ; 270,00 € ;135;180;189;135
490;;479;215;40;14:41;14:53;Condino-Pieve di Bono - Strada ;"scolastica 
da lunedì a giovedì";7,50;19; 137 ; 1.027,50 ;MAESTRI AUGUSTO & C. S.N.C. ;FR892WP;21;EK946GV;9;FW907WP;9;2311;CONDINO                      ;2304;Strada;12/09/2022;09/06/2023;;;scolastica lu, ma, me, gio;;;;;x;x;x;x;x;;;;;;;;;;;;; 13,50 € ;;;;;; 1.849,50 € ;;;1; 1,50 € ; -   € ; 205,50 € ;;;;; -   ;12;16;17;12; 15,00 € ;;;;;;;;;;;; 180,00 € ; 240,00 € ; 255,00 € ; 180,00 € ;90;120;127,5;90
491;;480;215;349;14:55;15:09;Ponte Caffaro - Bondone ;"scolastica 
lun+mar+mer";8,70;9; 103 ; 896,10 ;TN SERVICE LORENZI A CAPITALE RIDOTTO S.R.L. DI TAVELLI ANDREA;GJ553MK;9;EZ827RB;17;FA919GW;9;  2322BP;Ponte Caffaro Bar Ponte      ;2327;Bondone                      ;12/09/2022;09/06/2023;;;scolastica lu, ma, me;;;;;x;x;x;x;;;;;;;;;;;;;; 26,10 € ;;;;;; 2.688,30 € ;;;1; -   € ; -   € ; -   ;;;;; -   ;9;12;13;9; 26,10 € ;;;;;;;;;;;; 234,90 € ; 313,20 € ; 339,30 € ; 234,90 € ;78,3;104,4;113,1;78,3
492;bacino 2 estate 2021;481;215;142;15:00;16:00;Tione-Baitoni;"Estiva
lunedì-sabato";37;50; 67 ; 2.479,00 ;MAESTRI AUGUSTO & C. S.N.C. ;FB997BJ;57;GH939KX;57;EC412AD solo al sabato;29;2290;TIONE (Autostazione)         ;2323;BAITONI                      ;01/01/2022;11/09/2022;24/06/2023;31/08/2023;estiva feriale lu-sa;;;x;x;;x;x;x;x;x;x;;;;;;;;;;;;;;;MAESTRI AUGUSTO & C. S.N.C. ;; -   € ;;;2;;;;;;;; -   ;9;0;0;0; -   € ;;;;;;;;;;;; -   € ; -   € ; -   € ; -   € ;333;0;0;0
493;bacino 2 estate 2021;482;215;133;15:58;16:56;Baitoni-Tione;"Estiva
lunedì-sabato";37;50; 67 ; 2.479,00 ;TRENTINOBUS SRL;FZ833BE;54;CS792NG;45;FG405XM;28;2323;BAITONI                      ;2290;TIONE (Autostazione)         ;01/01/2022;11/09/2022;24/06/2023;31/08/2023;estiva feriale lu-sa;;;x;x;;x;x;x;x;x;x;;;;;;;;;;;;;;;TRENTINOBUS SRL;; -   € ;;;2;;;;;;;; -   ;9;0;0;0; -   € ;;;;;;;;;;;; -   € ; -   € ; -   € ; -   € ;333;0;0;0
494;NUOVA;483;215;133;15:58;16:56;Baitoni-Tione;"invernale
lunedì-sabato";37;50; 240 ; 8.880,00 ;MAESTRI AUGUSTO & C. S.N.C. ;FB997BJ;57;GH939KX;57;GH738AD;38;2323;BAITONI                      ;2290;TIONE (Autostazione)         ;12/09/2022;23/06/2023;;;invernale feriale lu-sa;;x;;x;;x;x;x;x;x;x;;;;;;;;;;;;; 111,00 € ;;;;;; 26.640,00 € ;2;;;;;;;; -   ;17;26;25;25; 111,00 € ;;;;;;;;;;;; 1.887,00 € ; 2.886,00 € ; 2.775,00 € ; 2.775,00 € ;629;962;925;925
495;;484;225;452;17:00;17:15;Condino - Brione ;"scolastica 
da lunedì a giovedì";6,00;22; 137 ; 822,00 ;TN SERVICE LORENZI A CAPITALE RIDOTTO S.R.L. DI TAVELLI ANDREA;FY833HP;24;EZ827RB;17;ET984ZJ;17;2311;CONDINO                      ;2312;Brione di Condino            ;12/09/2022;09/06/2023;;;scolastica lu, ma, me, gio;;;;;x;x;x;x;x;;;;;;;;;;;;; 31,30 € ;;;;;; 4.288,10 € ;;;1; -   € ; -   € ; -   ;;;;; -   ;12;16;17;12; 31,30 € ;;;;;;;;;;;; 375,60 € ; 500,80 € ; 532,10 € ; 375,60 € ;72;96;102;72
496;bacino 2 estate 2021;485;215;146;18:11;19:11;Tione-Baitoni;"Estiva
lunedì-sabato";37;50; 67 ; 2.479,00 ;TRENTINOBUS SRL;FZ833BE;54;CS792NG;45;FG405XM;28;2290;TIONE (Autostazione)         ;2323;BAITONI                      ;01/01/2022;11/09/2022;24/06/2023;31/08/2023;estiva feriale lu-sa;;;x;x;;x;x;x;x;x;x;;;;;;;;;;;;;;;TRENTINOBUS SRL;; -   € ;;;2;;;;;;;; -   ;9;0;0;0; -   € ;;;;;;;;;;;; -   € ; -   € ; -   € ; -   € ;333;0;0;0
497;eliminata nuova;486;215;146;18:11;19:11;Tione-Baitoni;"Invernale
sabato";37;50;; -   ;eliminata dall'inizio;;;;;;;;;;;;;;;;;;;;;;;;;;;;;;;;;;;;;;;;;;;;;;;;;;;;;;;;;;;;;;;;;;;;;;;; -   € ; -   € ; -   € ;0;0;0;0
498;bacino 2 estate 2021;487;215;633;18:58;19:56;Baitoni-Tione;"Estiva
lunedì-sabato";37;50; 67 ; 2.479,00 ;TN SERVICE LORENZI A CAPITALE RIDOTTO S.R.L. DI TAVELLI ANDREA;GK228BZ;57;FT942AZ;60;FF887CS (Aut. Filippi);57;2323;BAITONI                      ;2290;TIONE (Autostazione)         ;01/01/2022;11/09/2022;24/06/2023;31/08/2023;estiva feriale lu-sa;;;x;x;;x;x;x;x;x;x;;;;;;;;;;;;;;;TN SERVICE LORENZI A CAPITALE RIDOTTO S.R.L. DI TAVELLI ANDREA;; -   € ;;;2;;;;;;;; -   ;9;0;0;0; -   € ;;;;;;;;;;;; -   € ; -   € ; -   € ; -   € ;333;0;0;0
499;frequenza corretta da capitolato;488;215;424;18:59;19:59;Tione-Baitoni;"invernale
lunedì-sabato";37;50; 240 ; 8.880,00 ;TRENTINOBUS SRL;FG405XM;29;FN299MX;37;GC420NL;29;2290;TIONE (Autostazione)         ;2323;BAITONI                      ;12/09/2022;23/06/2023;;;invernale feriale lu-sa;;x;;x;;x;x;x;x;x;x;;;;;;;;;;; 91,64 € ;;;;;; 21.993,60 € ;;;2; -   € ; 19,36 € ; 4.646 ;;;;; -   ;17;26;25;25; 111,00 € ;;;;;;;;;;;; 1.887,00 € ; 2.886,00 € ; 2.775,00 € ; 2.775,00 € ;629;962;925;925
500;bacino 2 estate 2021;489;215;426;19:59;20:59;Tione-Baitoni;"Estiva
lunedì-sabato";37;50; 67 ; 2.479,00 ;TN SERVICE LORENZI A CAPITALE RIDOTTO S.R.L. DI TAVELLI ANDREA;GK228BZ;57;FT942AZ;60;FF887CS (Aut. Filippi);57;2290;TIONE (Autostazione)         ;2323;BAITONI                      ;01/01/2022;11/09/2022;24/06/2023;31/08/2023;estiva feriale lu-sa;;;x;x;;x;x;x;x;x;x;;;;;;;;;;;;;;;TN SERVICE LORENZI A CAPITALE RIDOTTO S.R.L. DI TAVELLI ANDREA;; -   € ;;;2;;;;;;;; -   ;9;0;0;0; -   € ;;;;;;;;;;;; -   € ; -   € ; -   € ; -   € ;333;0;0;0
501;variazione km capitolato;490;215;593;20:30;21:54;Vestone - Tione;"invernale feriale 
solo venerdì";54,00;22; 41 ; 2.214,00 ;SOLETANA VIAGGI S.R.L.;FC188RJ;20;FR954WP;27;;;2330;VESTONE                      ;2290;TIONE Autostazione            ;12/09/2022;23/06/2023;;;invernale feriale ven;;x;;x;;;;;;x;;;;;;;;;;;; 124,50 € ;;;;;; 5.104,50 € ;;;1; -   € ; -   € ; -   € ;;;;; -   ;3;4;4;5; 124,50 € ;;;;;;;;;;;; 373,50 € ; 498,00 € ; 498,00 € ; 622,50 € ;162;216;216;270
502;;491;216;48;13:09;13:23;Preore-Montagne;"scolastica 
da lunedì a venerdì";5,50;19; 174 ; 957,00 ;TRENTINOBUS SRL;FG405XM;29;GC420NL;29;GG015PN;25;2251;Preore                       ;2280;MONTAGNE (Binio)             ;12/09/2022;09/06/2023;;;scolastica lu-ve;;;;;x;x;x;x;x;x;;;;;;;;;;;; 9,90 € ;;;;;; 1.722,60 € ;;;1; 1,10 € ; -   € ; 191,40 € ;;;;; -   ;15;20;21;15; 11,00 € ;;;;;;;;;;;; 165,00 € ; 220,00 € ; 231,00 € ; 165,00 € ;82,5;110;115,5;82,5
503;;492;216;45;13:25;14:10;Montagne-Tione;"scolastica 
da lunedì a venerdì";20,00;19; 174 ; 3.480,00 ;TRENTINOBUS SRL;FG405XM;29;GC420NL;29;GG015PN;25;2280;MONTAGNE (Binio)             ;2290;TIONE (Autostazione)         ;12/09/2022;09/06/2023;;;scolastica lu-ve;;;;;x;x;x;x;x;x;;;;;;;;;;;; 36,00 € ;;;;;; 6.264,00 € ;;;1; 4,00 € ; -   € ; 696,00 € ;;;;; -   ;15;20;21;15; 40,00 € ;;;;;;;;;;;; 600,00 € ; 800,00 € ; 840,00 € ; 600,00 € ;300;400;420;300
504;;493;216;398;16:07;16:55;Tione - Montagne;"scolastica 
da lunedì a giovedì";19,00;22; 137 ; 2.603,00 ;AUTONOLEGGI FILIPPI S.R.L. UNIPERSONALE;FE856YK;21;FM492NR;22;FN174MX;23;  2290IS;Tione - Istituto             ;2280;MONTAGNE (Binio)             ;12/09/2022;09/06/2023;;;scolastica lu, ma, me, gio;;;;;x;x;x;x;x;;;;;;;;;;;;; 47,50 € ;;;;;; 6.507,50 € ;;;1; -   € ; -   € ; -   ;;;;; -   ;12;16;17;12; 47,50 € ;;;;;;;;;;;; 570,00 € ; 760,00 € ; 807,50 € ; 570,00 € ;228;304;323;228
505;Eliminata dall'inizio;494;217;;14:05;14:15;Tione-Tione-Ospedale-Tione;"invernale
da lunedì a venerdì";4;50;; -   ;Soletana Viaggi srl eliminata dall'inizio;;;;;;;;;;;;;;;;;;;;;;;;;;;;;;;;;;;;;;;;;;;;;;;;;;;;;;;;;;;;;;;;;;;;;;;;; -   € ; -   € ;0;0;0;0
506;;495;218;407;13:45;13:49;Masi di Vigo - Vigo Cavedine;"scolastica 
da lunedì a sabato";4,00;16; 208 ; 832,00 ;PEDERZOLLI DENIS;ET415HZ;17;GH078PC;21;;;  2055ST;Masi di Sotto  civ. 6        ;2054;VIGO CAVEDINE                ;12/09/2022;09/06/2023;;;scolastica lu-sa;;;;;x;x;x;x;x;x;x;;;;;;;;;;; 12,77 € ;;;;;; 2.656,16 € ;;;1; -   € ; -   € ; -   ;;;;; -   ;17;25;25;18; 12,77 € ;;;;;;;;;;;; 217,09 € ; 319,25 € ; 319,25 € ; 229,86 € ;68;100;100;72
507;;496;218;408;13:50;13:55;Vigo Cavedine - Masi di Vigo;"scolastica 
da lunedì a sabato";4,00;16; 208 ; 832,00 ;PEDERZOLLI DENIS;ET415HZ;17;GH078PC;21;;;2054;VIGO CAVEDINE                ;  2055ST;Masi di Sotto  civ. 6        ;12/09/2022;09/06/2023;;;scolastica lu-sa;;;;;x;x;x;x;x;x;x;;;;;;;;;;; 12,77 € ;;;;;; 2.656,16 € ;;;1; -   € ; -   € ; -   ;;;;; -   ;17;25;25;18; 12,77 € ;;;;;;;;;;;; 217,09 € ; 319,25 € ; 319,25 € ; 229,86 € ;68;100;100;72
508;;497;218;410;14:25;14:36;Vigo Cavedine - Masi di Vigo - Drena;"scolastica 
da lunedì a sabato";7,50;16; 208 ; 1.560,00 ;PEDERZOLLI DENIS;ET415HZ;17;GH078PC;21;;;2054;VIGO CAVEDINE                ;2057;DRENA                        ;12/09/2022;09/06/2023;;;scolastica lu-sa;;;;;x;x;x;x;x;x;x;;;;;;;;;;; 19,07 € ;;;;;; 3.966,56 € ;;;1; -   € ; -   € ; -   ;;;;; -   ;17;25;25;18; 19,07 € ;;;;;;;;;;;; 324,19 € ; 476,75 € ; 476,75 € ; 343,26 € ;127,5;187,5;187,5;135
509;;498;224;149;06:35;06:49;Lagolo-Lasino;"scolastica 
da lunedì a sabato";10,00;16; 208 ; 2.080,00 ;PEDERZOLLI DENIS;FA893GW;9; FW805WP;7;;;2670;LAGOLO                       ;2049;Lasino                       ;12/09/2022;09/06/2023;;;scolastica lu-sa;;;;;x;x;x;x;x;x;x;;;;;;;;;;; 30,00 € ;;;;;; 6.240,00 € ;;;1; -   € ; -   € ; -   ;;;; -   € ; -   ;17;25;25;18; 30,00 € ;;;;;;;;;;;; 510,00 € ; 750,00 € ; 750,00 € ; 540,00 € ;170;250;250;180
510;;499;231;62;06:42;07:45;Tione - M. di Campiglio C.Carlo Magno;invernale giornaliera;33,00;50; 287 ; 9.471,00 ;TRENTINOBUS SRL;FZ833BE;54;CS792NG;45;FN299MX;37;2290;TIONE (Autostazione)         ;958;CAMPO CARLOMAGNO             ;12/09/2022;23/06/2023;;;invernale giornaliera;;x;;x;;x;x;x;x;x;x;x;;;;;;;;;; 118,06 € ;;;;;; 33.883,22 € ;;;2; -   € ; -   € ; -   ;;;; -   € ; -   ;19;31;30;31; 118,06 € ;;;;;;;;;;;; 2.243,14 € ; 3.659,86 € ; 3.541,80 € ; 3.659,86 € ;627;1023;990;1023
511;;500;231;63;07:10;07:15;Massimeno - Giustino;"scolastica 
da lunedì a venerdì";2,00;8; 174 ; 348,00 ;TN SERVICE LORENZI A CAPITALE RIDOTTO S.R.L. DI TAVELLI ANDREA;ET984ZJ;17;EZ827RB;17;;;2439;Massimeno                    ;2440;Giustino                     ;12/09/2022;09/06/2023;;;scolastica lu-ve;;;;;x;x;x;x;x;x;;;;;;;;;;;; 10,00 € ;;;;;; 1.740,00 € ;;;1; -   € ; -   € ; -   ;;;;; -   ;15;20;21;15; 10,00 € ;;;;;;;;;;;; 150,00 € ; 200,00 € ; 210,00 € ; 150,00 € ;30;40;42;30
512;NUOVA;501;231;253;07:52;08:58;C.C.Magno-Tione;"invernale
lunedì-sabato";33;50; 240 ; 7.920,00 ;TRENTINOBUS SRL;FZ833BE;54;CS792NG;45;FN299MX;37;958;CAMPO CARLOMAGNO             ;2290;TIONE (Autostazione)         ;12/09/2022;23/06/2023;;;invernale feriale lu-sa;;x;;x;;x;x;x;x;x;x;;;;;;;;;;;;; 99,00 € ;;;;;; 23.760,00 € ;2;;;;;;;; -   ;17;26;25;25; 99,00 € ;;;;;;;;;;;; 1.683,00 € ; 2.574,00 € ; 2.475,00 € ; 2.475,00 € ;561;858;825;825
513;bacino 2 estate 2021;502;231;932;11:16;12:19;Tione-C.C.Magno;"festiva 
estiva";33;50; 13 ; 429,00 ;SOLETANA VIAGGI S.R.L.;FJ863YE;56;;;;;2290;TIONE (Autostazione)         ;958;CAMPO CARLOMAGNO             ;01/01/2022;11/09/2022;24/06/2023;31/08/2023;estiva festiva;;;x;;;;;;;;;x;;;;;;;;;;;;;;SOLETANA VIAGGI S.R.L. 3;; -   € ;;;2;;;;;;;; -   ;2;0;0;; -   € ;;;;;;;;;;;; -   € ; -   € ; -   € ; -   € ;66;0;0;0
514;bacino 2 estate 2021;503;231;971;13:53;14:58;C.C.Magno-Tione;"festiva 
estiva";33;50; 13 ; 429,00 ;SOLETANA VIAGGI S.R.L.;FJ863YE;56;;;;;958;CAMPO CARLOMAGNO             ;2290;TIONE (Autostazione)         ;01/01/2022;11/09/2022;24/06/2023;31/08/2023;estiva festiva;;;x;;;;;;;;;x;;;;;;;;;;;;;;SOLETANA VIAGGI S.R.L. 3;; -   € ;;;2;;;;;;;; -   ;2;0;0;; -   € ;;;;;;;;;;;; -   € ; -   € ; -   € ; -   € ;66;0;0;0
515;NUOVA;504;231;978;16:05;17:08;Tione-C.C.Magno;"invernale
da lunedì a venerdì";33;50; 202 ; 6.666,00 ;TRENTINOBUS SRL;FZ833BE;54;FN299MX;37;CS792NG (il venerdì);45;2290;TIONE (Autostazione)         ;958;CAMPO CARLOMAGNO             ;12/09/2022;23/06/2023;;;invernale feriale lu-ve;;x;;x;;x;x;x;x;x;;;;;;;;;;;;;; 99,00 € ;;;;;; 19.998,00 € ;2;;;;;;;; -   ;15;21;21;20; 99,00 € ;;;;;;;;;;;; 1.485,00 € ; 2.079,00 € ; 2.079,00 € ; 1.980,00 € ;495;693;693;660
516;NUOVA;505;231;938;18:59;20:03;Tione-C.C.Magno;"invernale
lunedì-sabato";33;50; 240 ; 7.920,00 ;TRENTINOBUS SRL;FZ833BE;54;FN299MX;37;CS792NG;45;2290;  TIONE Autostazione            ;958;CAMPO CARLOMAGNO              ;12/09/2022;23/06/2023;;;invernale feriale lu-sa;;x;;x;;x;x;x;x;x;x;;;;;;;;;;;;; 99,00 € ;;;;;; 23.760,00 € ;2;;;;;;;; -   ;17;26;25;25; 99,00 € ;;;;;;;;;;;; 1.683,00 € ; 2.574,00 € ; 2.475,00 € ; 2.475,00 € ;561;858;825;825
517;NUOVA;506;231;261;17:52;18:56;C.C.Magno-Tione;"invernale
da lunedì a venerdì";33;50; 202 ; 6.666,00 ;TRENTINOBUS SRL;FZ833BE;54;FN299MX;37;CS792NG (il venerdì);45;958;CAMPO CARLOMAGNO             ;2290;TIONE (Autostazione)         ;12/09/2022;23/06/2023;;;invernale feriale lu-ve;;x;;x;;x;x;x;x;x;;;;;;;;;;;;;; 99,00 € ;;;;;; 19.998,00 € ;2;;;;;;;; -   ;15;21;21;20; 99,00 € ;;;;;;;;;;;; 1.485,00 € ; 2.079,00 € ; 2.079,00 € ; 1.980,00 € ;495;693;693;660
518;frequenza corretta da capitolato;507;231;293;19:52;20:56;C.C.Magno-Tione;Festiva invernale;33;50; 45 ; 1.485,00 ;TRENTINOBUS SRL;FN299MX;37;FZ833BE;54;CS792NG;45;958;CAMPO CARLOMAGNO             ;2290;TIONE (Autostazione)         ;12/09/2022;23/06/2023;;;invernale festiva;;x;;;;;;;;;;x;;;;;;;;;; 158,53 € ;;;;;; 7.133,85 € ;;;2; -   € ; -   € ; -   ;;;;; -   ;2;5;5;6; 158,53 € ;;;;;;;;;;;; 317,06 € ; 792,65 € ; 792,65 € ; 951,18 € ;66;165;165;198
519;;508;236;471;09:15;09:27;Terlago - Sopramonte;"feriale 
da lunedì a venerdì";8,20;19; 252 ; 2.066,40 ;PERINI FRANCO ;GG613WS;21;GA007TD;24;EW749GD;23;2021;TERLAGO                      ;  2621SD;Sopramonte     ;01/09/2022;31/08/2023;;;annuale feriale lu-ve;;x;x;x;;x;x;x;x;x;;;;;;;;;;;; 11,87 € ;;;;;; 2.991,24 € ;;;1; 4,53 € ; -   € ; 1.141,56 € ;;;;; -   ;22;21;21;20; 16,40 € ;;;;;;;;;;;; 360,80 € ; 344,40 € ; 344,40 € ; 328,00 € ;180,4;172,2;172,2;164
520;;509;236;470;09:50;10:19;Sopramonte - Monte Terlago;"feriale 
da lunedì a venerdì";16,00;19; 252 ; 4.032,00 ;PERINI FRANCO ;GG613WS;21;GA007TD;24;;;  2621SD;Sopramonte                 ;  2023AL;M.TERLAGO (H. 2 Laghi)       ;01/09/2022;31/08/2023;;;annuale feriale lu-ve;;x;x;x;;x;x;x;x;x;;;;;;;;;;;; 24,27 € ;;;;;; 6.116,04 € ;;;1; 7,73 € ; -   € ; 1.947,96 € ;;;;; -   ;22;21;21;20; 32,00 € ;;;;;;;;;;;; 704,00 € ; 672,00 € ; 672,00 € ; 640,00 € ;352;336;336;320
521;;510;236;473;10:25;10:51;Monte Terlago - Sopramonte;"feriale 
da lunedì a venerdì";16,00;19; 252 ; 4.032,00 ;PERINI FRANCO ;GG613WS;21;FV524FA;37;;;  2023AL;M.TERLAGO (H. 2 Laghi)       ;  2621SD;Sopramonte     ;01/09/2022;31/08/2023;;;annuale feriale lu-ve;;x;x;x;;x;x;x;x;x;;;;;;;;;;;; 20,85 € ;;;;;; 5.254,20 € ;;;1; 11,15 € ; -   € ; 2.809,80 € ;;;;; -   ;22;21;21;20; 32,00 € ;;;;;;;;;;;; 704,00 € ; 672,00 € ; 672,00 € ; 640,00 € ;352;336;336;320
522;;511;236;472;11:11;11:40;Sopramonte - Monte Terlago;"feriale 
da lunedì a venerdì";16,00;19; 252 ; 4.032,00 ;PERINI FRANCO ;GG613WS;21;FV524FA;37;"GH658ZZ
no mart-ven ";23;  2621SD;Sopramonte                 ;  2023AL;M.TERLAGO (H. 2 Laghi)       ;01/09/2022;31/08/2023;;;annuale feriale lu-ve;;x;x;x;;x;x;x;x;x;;;;;;;;;;;; 24,27 € ;;;;;; 6.116,04 € ;;;1; 7,73 € ; -   € ; 1.947,96 € ;;;;; -   ;22;21;21;20; 32,00 € ;;;;;;;;;;;; 704,00 € ; 672,00 € ; 672,00 € ; 640,00 € ;352;336;336;320
523;;512;236;475;11:46;12:12;Monte Terlago - Sopramonte;"feriale 
da lunedì a venerdì";16,00;19; 252 ; 4.032,00 ;PERINI FRANCO ;GG613WS;21;EW749GD;23;GA007TD;24;  2023AL;M.TERLAGO (H. 2 Laghi)       ;  2621SD;Sopramonte     ;01/09/2022;31/08/2023;;;annuale feriale lu-ve;;x;x;x;;x;x;x;x;x;;;;;;;;;;;; 24,27 € ;;;;;; 6.116,04 € ;;;1; 7,73 € ; -   € ; 1.947,96 € ;;;;; -   ;22;21;21;20; 32,00 € ;;;;;;;;;;;; 704,00 € ; 672,00 € ; 672,00 € ; 640,00 € ;352;336;336;320
524;;513;236;477;14:46;15:12;Monte Terlago - Sopramonte;"feriale 
da lunedì a venerdì";16,00;19; 252 ; 4.032,00 ;PERINI FRANCO ;GA007TD;24;GG613WS;21;EW749GD;23;  2023AL;M.TERLAGO (H. 2 Laghi)       ;  2621SD;Sopramonte     ;01/09/2022;31/08/2023;;;annuale feriale lu-ve;;x;x;x;;x;x;x;x;x;;;;;;;;;;;; 24,27 € ;;;;;; 6.116,04 € ;;;1; 7,73 € ; -   € ; 1.947,96 € ;;;;; -   ;22;21;21;20; 32,00 € ;;;;;;;;;;;; 704,00 € ; 672,00 € ; 672,00 € ; 640,00 € ;352;336;336;320
525;;514;236;474;15:35;16:04;Sopramonte - Monte Terlago;"feriale 
da lunedì a venerdì";16,00;20; 252 ; 4.032,00 ;PERINI FRANCO ;GG613WS;21;GA007TD;24;GH658ZZ;23;  2621SD;Sopramonte                 ;  2023AL;M.TERLAGO (H. 2 Laghi)       ;01/09/2022;31/08/2023;;;annuale feriale lu-ve;;x;x;x;;x;x;x;x;x;;;;;;;;;;;; 24,27 € ;;;;;; 6.116,04 € ;;;1; 7,73 € ; -   € ; 1.947,96 € ;;;;; -   ;22;21;21;20; 32,00 € ;;;;;;;;;;;; 704,00 € ; 672,00 € ; 672,00 € ; 640,00 € ;352;336;336;320
526;;515;236;479;17:15;17:41;Monte Terlago - Sopramonte;"feriale 
da lunedì a venerdì";16,00;19; 252 ; 4.032,00 ;PERINI FRANCO ;GA007TD;24;GG613WS;21;EW749GD;23;  2023AL;M.TERLAGO (H. 2 Laghi)       ;  2621SD;Sopramonte     ;01/09/2022;31/08/2023;;;annuale feriale lu-ve;;x;x;x;;x;x;x;x;x;;;;;;;;;;;; 20,85 € ;;;;;; 5.254,20 € ;;;1; 11,15 € ; -   € ; 2.809,80 € ;;;;; -   ;22;21;21;20; 32,00 € ;;;;;;;;;;;; 704,00 € ; 672,00 € ; 672,00 € ; 640,00 € ;352;336;336;320
527;;516;236;476;18:02;18:31;Sopramomnte - Monte Terlago;"feriale 
da lunedì a venerdì";16,00;19; 252 ; 4.032,00 ;PERINI FRANCO ;GA007TD;24;GG613WS;21;EW749GD;23;  2621SD;Sopramonte                 ;  2023AL;M.TERLAGO (H. 2 Laghi)       ;01/09/2022;31/08/2023;;;annuale feriale lu-ve;;x;x;x;;x;x;x;x;x;;;;;;;;;;;; 24,27 € ;;;;;; 6.116,04 € ;;;1; 7,73 € ; -   € ; 1.947,96 € ;;;;; -   ;22;21;21;20; 32,00 € ;;;;;;;;;;;; 704,00 € ; 672,00 € ; 672,00 € ; 640,00 € ;352;336;336;320
528;;517;301;169;05:07;05:53;Rovereto-Trento;"scolastica 
da lunedì a venerdì";28;30; 174 ; 4.872,00 ;BUS MANIA srl;GE316VX;31;FN191MX (Pedrinolla Gr.);29;;;  3100FR;ROVERETO (Staz.F.S.);1;TRENTO (Autostaz.)         ;12/09/2022;09/06/2023;;;scolastica lu-ve;;;;;x;x;x;x;x;x;;;;;;;;;;;;; 82,50 € ;;;;; -   € ; 14.355,00 € ;;1;;;; -   € ; -   € ; -   ; -   € ; -   ;15;20;21;15; 82,50 € ;;;;;;;;;;;; 1.237,50 € ; 1.650,00 € ; 1.732,50 € ; 1.237,50 € ;420;560;588;420
529;;518;301;354;05:57;06:43;Trento-Rovereto;"scolastica 
da lunedì a venerdì";28;30; 174 ; 4.872,00 ;BUS MANIA srl;GE316VX;31;FN191MX (Pedrinolla Gr.);29;;;1;TRENTO   (Autostaz.)         ;  3100FS;ROVERETO (Staz.F.S.);12/09/2022;09/06/2023;;;scolastica lu-ve;;;;;x;x;x;x;x;x;;;;;;;;;;;;; 82,50 € ;;;;; -   € ; 14.355,00 € ;;1;;;; -   € ; -   € ; -   ; -   € ; -   ;15;20;21;15; 82,50 € ;;;;;;;;;;;; 1.237,50 € ; 1.650,00 € ; 1.732,50 € ; 1.237,50 € ;420;560;588;420
530;NUOVA frequenza corretta da capitolato;519;301;815;19:29;20:19;Rovereto-Trento;invernale lunedì-venerdì;27;50; 202 ; 5.454,00 ;SRT S.R.L.;;;;;ER923KZ (Aut. Andreolli);55;  3100FR;ROVERETO (Staz.F.S.);1;TRENTO (Autostaz.)         ;12/09/2022;23/06/2023;;;invernale feriale lu-ve;;x;;x;;x;x;x;x;x;;;;;;;;;;;;;; 81,00 € ;;;;;; 16.362,00 € ;2;;;;;;;; -   ;15;21;21;20; 81,00 € ;;;;;;;;;;; 69,00 € ; 2.250,00 € ; 3.150,00 € ; 3.150,00 € ; 3.000,00 € ;405;567;567;540
531;;520;302;473;06:23;06:32;Vigile - Cimone bivio Pietra;"scolastica 
da lunedì a sabato";3,00;19; 208 ; 624,00 ;MDL s.r.l.;EH342PM;20;FE271HG;17;FC144RJ;24;3677;Vigile                       ;  3670PI;Cimone - Bivio Pietra        ;12/09/2022;09/06/2023;;;scolastica lu-sa;;;;;x;x;x;x;x;x;x;;;;;;;;;;; 10,00 € ;;;;;; 2.080,00 € ;;;1; -   € ; -   € ; -   ;;;; 10,00 € ; 2.080 ;17;25;25;18; 20,00 € ;;;;;;;;;;;; 340,00 € ; 500,00 € ; 500,00 € ; 360,00 € ;51;75;75;54
532;;521;302;463;06:47;06:54;Vigile - Cimone bivio Pietra;"scolastica 
da lunedì a sabato";3,00;19; 208 ; 624,00 ;MDL s.r.l.;EH342PM;20;FE271HG;17;FC144RJ;24;3677;Vigile                       ;  3670PI;Cimone - Bivio Pietra        ;12/09/2022;09/06/2023;;;scolastica lu-sa;;;;;x;x;x;x;x;x;x;;;;;;;;;;; 19,41 € ;;;;;; 4.037,28 € ;;;1; -   € ; -   € ; -   ;;;; 0,59 € ; 123 ;17;25;25;18; 20,00 € ;;;;;;;;;;;; 340,00 € ; 500,00 € ; 500,00 € ; 360,00 € ;51;75;75;54
533;;522;302;463;06:47;06:54;Vigile - Cimone bivio Pietra;"non scolastica 
da lunedì a sabato";3,00;19; 29 ; 87,00 ;MDL s.r.l.;EH342PM;20;FE271HG;17;FC144RJ;24;3677;Vigile                       ;  3670PI;Cimone - Bivio Pietra        ;12/09/2022;23/06/2023;;;invernale feriale no scol lu-sa;;x;;x;;;;;;;;;;;;x;x;x;x;x;x; 19,41 € ;;;;;; 562,89 € ;;;1; -   € ; -   € ; -   ;;;; 0,59 € ; 17 ;0;1;0;7; 20,00 € ;;;;;;;;;;;; -   € ; 20,00 € ; -   € ; 140,00 € ;0;3;0;21
534;;523;302;463;06:50;06:57;Vigile - Cimone bivio Pietra;"Estiva
lunedì-venerdì";3,00;19; 55 ; 165,00 ;MDL s.r.l.;EH342PM;20;FE271HG;17;FC144RJ;24;3677;Vigile                       ;  3670PI;Cimone - Bivio Pietra        ;01/01/2022;11/09/2022;24/06/2023;31/08/2023;estiva feriale lu-ve;;;x;x;;x;x;x;x;x;;;;;;;;;;;; 10,00 € ;;;;;; 550,00 € ;;;1; -   € ; -   € ; -   ;;;; 10,00 € ; 550 ;7;0;0;; 20,00 € ;;;;;;;;;;;; 140,00 € ; -   € ; -   € ; -   € ;21;0;0;0
535;;524;302;465;07:25;07:32;Vigile - Cimone bivio Pietra;"scolastica 
da lunedì a sabato";3,00;19; 208 ; 624,00 ;MDL s.r.l.;EH342PM;20;FE271HG;17;FC144RJ;24;3677;Vigile                       ;  3670PI;Cimone - Bivio Pietra        ;12/09/2022;09/06/2023;;;scolastica lu-sa;;;;;x;x;x;x;x;x;x;;;;;;;;;;; 19,41 € ;;;;;; 4.037,28 € ;;;1; -   € ; -   € ; -   ;;;;; -   ;17;25;25;18; 19,41 € ;;;;;;;;;;;; 329,97 € ; 485,25 € ; 485,25 € ; 349,38 € ;51;75;75;54
536;;525;302;465;07:30;07:37;Vigile - Cimone bivio Pietra;"estiva feriale 
solo giorno di giovedì";3,00;19; 11 ; 33,00 ;MDL s.r.l.;EH342PM;20;FE271HG;17;FC144RJ;24;3677;Vigile                       ;  3670PI;Cimone - Bivio Pietra        ;01/01/2022;11/09/2022;24/06/2023;31/08/2023;estiva feriale gio;;;x;x;;;;;x;;;;;;;;;;;;; 18,00 € ;;;;;; 198,00 € ;;;1; -   € ; -   € ; -   ;;;;; -   ;2;0;0;0; 18,00 € ;;;;;;;;;;;; 36,00 € ; -   € ; -   € ; -   € ;6;0;0;0
537;;526;302;149;08:27;09:15;Garniga V.-Garniga-Aldeno-Ravina-Trento;"Invernale
festiva";25,00;19; 47 ; 1.175,00 ;ATP SRLS;FW970WP;23;GC658CS (ditta Nice srl);24;GA984ER (ditta Nice srl);23;3695;GARNIGA VECCHIA              ;1;TRENTO (Autostaz.)         ;12/09/2022;23/06/2023;;;invernale festiva;;x;;;;;;;;;;x;;;;;;;;;; 75,00 € ;;;;;; 3.525,00 € ;;;1; -   € ; -   € ; -   ;;;;; -   ;2;5;5;6; 75,00 € ;;;;;;;;;;;; 150,00 € ; 375,00 € ; 375,00 € ; 450,00 € ;50;125;125;150
538;;527;302;149;08:27;09:15;Garniga Vecchia- Garniga T. - Aldeno - Trento;"festiva 
estiva";25,00;24; 13 ; 325,00 ;ATP SRLS;FW970WP;23;GC658CS (ditta Nice srl);24;GA984ER (ditta Nice srl);23;3695;GARNIGA VECCHIA              ;1;TRENTO (Autostaz.)         ;01/01/2022;11/09/2022;24/06/2023;31/08/2023;estiva festiva;;;x;;;;;;;;;x;;;;;;;;;; 75,00 € ;;;;;; 975,00 € ;;;1; -   € ; -   € ; -   ;;;;; -   ;2;0;0;; 75,00 € ;;;;;;;;;;;; 150,00 € ; -   € ; -   € ; -   € ;50;0;0;0
539;;528;302;154;11:51;12:14;Aldeno - Garniga - Ganiga Vecchia;"invernale
lunedì-sabato";12,00;24; 240 ; 2.880,00 ;ATP SRLS;FW970WP;23;GC658CS (ditta Nice srl);24;GA984ER (ditta Nice srl) FN426MX (ditta Nice srl);23  20;3640;ALDENO                       ;3695;GARNIGA VECCHIA              ;12/09/2022;23/06/2023;;;invernale feriale lu-sa;;x;;x;;x;x;x;x;x;x;;;;;;;;;;; 46,16 € ;;;;;; 11.078,40 € ;;;1; -   € ; -   € ; -   ;;;;; -   ;17;26;25;25; 46,16 € ;;;;;;;;;;;; 784,72 € ; 1.200,16 € ; 1.154,00 € ; 1.154,00 € ;204;312;300;300
540;;529;302;537;12:15;13:03;Garniga Vecchia - Garniga - Aldeno - Trento;"invernale
lunedì-sabato";25,00;24; 240 ; 6.000,00 ;ATP SRLS;FW970WP;23;GC658CS (ditta Nice srl);24;GA984ER (ditta Nice srl) FN426MX (ditta Nice srl);23  20;3695;GARNIGA VECCHIA              ;1;TRENTO (Autostaz.)         ;12/09/2022;23/06/2023;;;invernale feriale lu-sa;;x;;x;;x;x;x;x;x;x;;;;;;;;;;; 46,16 € ;;;;;; 11.078,40 € ;;;1; 3,84 € ; -   € ; 921,60 € ;;;;; -   ;17;26;25;25; 50,00 € ;;;;;;;;;;;; 850,00 € ; 1.300,00 € ; 1.250,00 € ; 1.250,00 € ;425;650;625;625
541;;530;302;156;12:20;13:22;Trento - Aldeno - Garniga - Garniga Vecchia;"festiva 
estiva";25,00;24; 13 ; 325,00 ;ATP SRLS;FW970WP;23;GC658CS (ditta Nice srl);24;GA984ER (ditta Nice srl);23;1;TRENTO   (Autostaz.)         ;3695;GARNIGA VECCHIA              ;01/01/2022;11/09/2022;24/06/2023;31/08/2023;estiva festiva;;;x;;;;;;;;;x;;;;;;;;;; 71,24 € ;;;;;; 926,12 € ;;;1; -   € ; -   € ; -   ;;;;; -   ;2;0;0;; 71,24 € ;;;;;;;;;;;; 142,48 € ; -   € ; -   € ; -   € ;50;0;0;0
542;;531;302;156;12:20;13:08;Trento - Aldeno - Garniga - Garniga Vecchia;"Invernale 
festiva";25,00;24; 47 ; 1.175,00 ;ATP SRLS;FW970WP;23;GC658CS (ditta Nice srl);24;GA984ER (ditta Nice srl);23;1;TRENTO   (Autostaz.)         ;3695;GARNIGA VECCHIA              ;12/09/2022;23/06/2023;;;invernale festiva;;x;;;;;;;;;;x;;;;;;;;;; 71,24 € ;;;;;; 3.348,28 € ;;;1; -   € ; -   € ; -   ;;;;; -   ;2;5;5;6; 71,24 € ;;;;;;;;;;;; 142,48 € ; 356,20 € ; 356,20 € ; 427,44 € ;50;125;125;150
543;;532;302;462;12:53;13:00;Cimone bivio Pietra - Vigile;"estiva feriale 
solo giorno di giovedì";3,00;19; 11 ; 33,00 ;MDL s.r.l.;EH342PM;20;FE271HG;17;FC144RJ;24;  3670PI;Cimone - Bivio Pietra        ;3677;Vigile                       ;01/01/2022;11/09/2022;24/06/2023;31/08/2023;estiva feriale gio;;;x;x;;;;;x;;;;;;;;;;;;; 18,00 € ;;;;;; 198,00 € ;;;1; -   € ; -   € ; -   ;;;;; -   ;2;0;0;0; 18,00 € ;;;;;;;;;;;; 36,00 € ; -   € ; -   € ; -   € ;6;0;0;0
544;;533;302;462;13:03;13:10;Cimone bivio Pietra - Vigile;"scolastica 
da lunedì a sabato";3,00;19; 208 ; 624,00 ;MDL s.r.l.;EH342PM;20;FE271HG;17;FC144RJ;24;  3670PI;Cimone - Bivio Pietra        ;3677;Vigile                       ;12/09/2022;09/06/2023;;;scolastica lu-sa;;;;;x;x;x;x;x;x;x;;;;;;;;;;; 19,41 € ;;;;;; 4.037,28 € ;;;1; -   € ; -   € ; -   ;;;;; -   ;17;25;25;18; 19,41 € ;;;;;;;;;;;; 329,97 € ; 485,25 € ; 485,25 € ; 349,38 € ;51;75;75;54
545;;534;302;421;13:35;14:32;Garniga Vecchia - Garniga - Aldeno - Trento;"festiva 
estiva";25,00;24; 13 ; 325,00 ;ATP SRLS;FW970WP;23;GC658CS (ditta Nice srl);24;GA984ER (ditta Nice srl);23;3695;GARNIGA VECCHIA              ;1;TRENTO (Autostaz.)         ;01/01/2022;11/09/2022;24/06/2023;31/08/2023;estiva festiva;;;x;;;;;;;;;x;;;;;;;;;; 71,24 € ;;;;;; 926,12 € ;;;1; -   € ; -   € ; -   ;;;;; -   ;2;0;0;; 71,24 € ;;;;;;;;;;;; 142,48 € ; -   € ; -   € ; -   € ;50;0;0;0
546;;535;302;421;13:35;14:32;Garniga Vecchia - Garniga - Aldeno - Trento;"Invernale 
festiva";25,00;24; 47 ; 1.175,00 ;ATP SRLS;FW970WP;23;GC658CS (ditta Nice srl);24;GA984ER (ditta Nice srl);23;3695;GARNIGA VECCHIA              ;1;TRENTO (Autostaz.)         ;12/09/2022;23/06/2023;;;invernale festiva;;x;;;;;;;;;;x;;;;;;;;;; 71,24 € ;;;;;; 3.348,28 € ;;;1; -   € ; -   € ; -   ;;;;; -   ;2;5;5;6; 71,24 € ;;;;;;;;;;;; 142,48 € ; 356,20 € ; 356,20 € ; 427,44 € ;50;125;125;150
547;;536;302;464;14:09;14:16;Cimone bivio Pietra - Vigile;"scolastica 
da lunedì a sabato";3,00;19; 208 ; 624,00 ;MDL s.r.l.;EH342PM;20;FE271HG;17;FC144RJ;24;  3670PI;Cimone - Bivio Pietra        ;3677;Vigile                       ;12/09/2022;09/06/2023;;;scolastica lu-sa;;;;;x;x;x;x;x;x;x;;;;;;;;;;; 19,41 € ;;;;;; 4.037,28 € ;;;1; -   € ; -   € ; -   ;;;;; -   ;17;25;25;18; 19,41 € ;;;;;;;;;;;; 329,97 € ; 485,25 € ; 485,25 € ; 349,38 € ;51;75;75;54
548;;537;302;440;17:20;18:14;Trento - Aldeno - Garniga - garniga Vecchia;"festiva 
estiva";25,00;24; 13 ; 325,00 ;ATP SRLS;FW970WP;23;GC658CS (ditta Nice srl);24;GA984ER (ditta Nice srl);23;1;TRENTO   (Autostaz.)         ;3695;GARNIGA VECCHIA              ;01/01/2022;11/09/2022;24/06/2023;31/08/2023;estiva festiva;;;x;;;;;;;;;x;;;;;;;;;; 71,24 € ;;;;;; 926,12 € ;;;1; -   € ; -   € ; -   ;;;;; -   ;2;0;0;; 71,24 € ;;;;;;;;;;;; 142,48 € ; -   € ; -   € ; -   € ;50;0;0;0
549;;538;302;440;17:20;18:14;Trento - Aldeno - Garniga - garniga Vecchia;"Invernale 
festiva";25,00;24; 47 ; 1.175,00 ;ATP SRLS;FW970WP;23;GC658CS (ditta Nice srl);24;GA984ER (ditta Nice srl);23;1;TRENTO   (Autostaz.)         ;3695;GARNIGA VECCHIA              ;12/09/2022;23/06/2023;;;invernale festiva;;x;;;;;;;;;;x;;;;;;;;;; 71,24 € ;;;;;; 3.348,28 € ;;;1; -   € ; -   € ; -   ;;;;; -   ;2;5;5;6; 71,24 € ;;;;;;;;;;;; 142,48 € ; 356,20 € ; 356,20 € ; 427,44 € ;50;125;125;150
550;;539;302;474;17:30;17:37;Cimone bivio Pietra - Vigile;"scolastica 
da lunedì a venerdì";3,00;19; 174 ; 522,00 ;MDL s.r.l.;EH342PM;20;FE271HG;17;FC144RJ;24;  3670PI;Cimone - Bivio Pietra        ;3677;Vigile                       ;12/09/2022;09/06/2023;;;scolastica lu-ve;;;;;x;x;x;x;x;x;;;;;;;;;;;; 10,00 € ;;;;;; 1.740,00 € ;;;1; -   € ; -   € ; -   ;;;;; -   ;15;20;21;15; 10,00 € ;;;;;;;;;;;; 150,00 € ; 200,00 € ; 210,00 € ; 150,00 € ;45;60;63;45
551;;540;302;466;17:59;18:06;Cimone bivio Pietra - Vigile;"scolastica 
da lunedì a venerdì";3,00;19; 174 ; 522,00 ;MDL s.r.l.;EH342PM;20;FE271HG;17;FC144RJ;24;  3670PI;Cimone - Bivio Pietra        ;3677;Vigile                       ;12/09/2022;09/06/2023;;;scolastica lu-ve;;;;;x;x;x;x;x;x;;;;;;;;;;;; 18,76 € ;;;;;; 3.264,24 € ;;;1; -   € ; -   € ; -   ;;;;; -   ;15;20;21;15; 18,76 € ;;;;;;;;;;;; 281,40 € ; 375,20 € ; 393,96 € ; 281,40 € ;45;60;63;45
552;;541;302;466;17:59;18:06;Cimone bivio Pietra - Vigile;"non scolastica 
da lunedì a venerdì";3,00;19; 26 ; 78,00 ;MDL s.r.l.;EH342PM;20;FE271HG;17;FC144RJ;24;  3670PI;Cimone - Bivio Pietra        ;3677;Vigile                       ;12/09/2022;23/06/2023;;;invernale feriale no scol lu-ve;;x;;x;;;;;;;;;;;;x;x;x;x;x;; 18,76 € ;;;;;; 487,76 € ;;;1; -   € ; -   € ; -   ;;;;; -   ;0;1;0;5; 18,76 € ;;;;;;;;;;;; -   € ; 18,76 € ; -   € ; 93,80 € ;0;3;0;15
553;;542;302;466;17:59;18:06;Cimone bivio Pietra - Vigile;"estiva 
da lunedì a giovedì";3,00;19; 44 ; 132,00 ;MDL s.r.l.;EH342PM;20;FE271HG;17;FC144RJ;24;  3670PI;Cimone - Bivio Pietra        ;3677;Vigile                       ;01/01/2022;11/09/2022;24/06/2023;31/08/2023;estiva feriale lu-gio;;;x;x;;x;x;x;x;;;;;;;;;;;;; 10,00 € ;;;;;; 440,00 € ;;;1; -   € ; -   € ; -   ;;;;; -   ;5;0;0;0; 10,00 € ;;;;;;;;;;;; 50,00 € ; -   € ; -   € ; -   € ;15;0;0;0
554;;543;302;167;18:25;19:13;Garniga Vecchia - Garniga - Aldeno - Trento;"festiva 
estiva";25,00;24; 13 ; 325,00 ;ATP SRLS;FW970WP;23;GC658CS (ditta Nice srl);24;GA984ER (ditta Nice srl);23;3695;GARNIGA VECCHIA              ;1;TRENTO (Autostaz.)         ;01/01/2022;11/09/2022;24/06/2023;31/08/2023;estiva festiva;;;x;;;;;;;;;x;;;;;;;;;; 71,24 € ;;;;;; 926,12 € ;;;1; -   € ; -   € ; -   ;;;;; -   ;2;0;0;; 71,24 € ;;;;;;;;;;;; 142,48 € ; -   € ; -   € ; -   € ;50;0;0;0
555;;544;302;167;18:25;19:13;Garniga Vecchia - Garniga - Aldeno - Trento;"Invernale 
festiva";25,00;24; 47 ; 1.175,00 ;ATP SRLS;FW970WP;23;GC658CS (ditta Nice srl);24;GA984ER (ditta Nice srl);23;3695;GARNIGA VECCHIA              ;1;TRENTO (Autostaz.)         ;12/09/2022;23/06/2023;;;invernale festiva;;x;;;;;;;;;;x;;;;;;;;;; 71,24 € ;;;;;; 3.348,28 € ;;;1; -   € ; -   € ; -   ;;;;; -   ;2;5;5;6; 71,24 € ;;;;;;;;;;;; 142,48 € ; 356,20 € ; 356,20 € ; 427,44 € ;50;125;125;150
556;;545;302;238;20:30;21:05;Trento - Aldeno - Garniga;"Estiva
lunedì-venerdì";22,00;19; 55 ; 1.210,00 ;ATP SRLS;FW970WP;23;GC658CS (ditta Nice srl);24;GA984ER (ditta Nice srl);23;1;TRENTO   (Autostaz.)         ;3690;GARNIGA TERME                ;01/01/2022;11/09/2022;24/06/2023;31/08/2023;estiva feriale lu-ve;;;x;x;;x;x;x;x;x;;;;;;;;;;;; 126,10 € ;;;;;; 6.935,50 € ;;;1; -   € ; -   € ; -   ;;;;; -   ;7;0;0;; 126,10 € ;;;;;;;;;;;; 882,70 € ; -   € ; -   € ; -   € ;154;0;0;0
557;;546;302;238;20:30;21:05;Trento - Aldeno - Garniga;"invernale
da lunedì a venerdì";22,00;19; 202 ; 4.444,00 ;ATP SRLS;FW970WP;23;FN426MX (ditta Nice srl);20;GA984ER (ditta Nice srl);;1;TRENTO   (Autostaz.)         ;3690;GARNIGA TERME                ;12/09/2022;23/06/2023;;;invernale feriale lu-ve;;x;;x;;x;x;x;x;x;;;;;;;;;;;; 126,10 € ;;;;;; 25.472,20 € ;;;1; -   € ; -   € ; -   ;;;;; -   ;15;21;21;20; 126,10 € ;;;;;;;;;;;; 1.891,50 € ; 2.648,10 € ; 2.648,10 € ; 2.522,00 € ;330;462;462;440
558;;547;302;238;22:00;22:35;Trento - Aldeno - Garniga;"estiva
sabato ";22,00;19; 12 ; 264,00 ;ATP SRLS;FW970WP;23;GC658CS (ditta Nice srl);24;GA984ER (ditta Nice srl);23;1;TRENTO   (Autostaz.)         ;3690;GARNIGA TERME                ;01/01/2022;11/09/2022;24/06/2023;31/08/2023;estiva feriale sab;;;x;x;;;;;;;x;;;;;;;;;;; 126,10 € ;;;;;; 1.513,20 € ;;;1; -   € ; -   € ; -   ;;;;; -   ;2;0;0;; 126,10 € ;;;;;;;;;;;; 252,20 € ; -   € ; -   € ; -   € ;44;0;0;0
559;;548;302;238;22:00;22:35;Trento - Aldeno - Garniga;"invernale feriale 
solo sabato";22,00;19; 38 ; 836,00 ;ATP SRLS;FW970WP;23;FN426MX (ditta Nice srl);20;GA984ER (ditta Nice srl);;1;TRENTO   (Autostaz.)         ;3690;GARNIGA TERME                ;12/09/2022;23/06/2023;;;invernale feriale sab;;x;;x;;;;;;;x;;;;;;;;;;; 126,10 € ;;;;;; 4.791,80 € ;;;1; -   € ; -   € ; -   ;;;;; -   ;2;5;4;5; 126,10 € ;;;;;;;;;;;; 252,20 € ; 630,50 € ; 504,40 € ; 630,50 € ;44;110;88;110
560;km corretti da capitolato;549;303;545;06:30;07:05;Luserna - Caldonazzo - Pergine;"scolastica 
da lunedì a sabato";28,00;14; 208 ; 5.824,00 ;AUTOFFICINA LUNELLI DI LUNELLI STEFANO & C. S.N.C.;FW770WP;15;GE387VX;9;ES314MS;9;3895;LUSERNA                      ;  4270PT;Caldonazzo;12/09/2022;09/06/2023;;;scolastica lu-sa;;;;;x;x;x;x;x;x;x;;;;;;;;;;; 100,20 € ;;;;;; 20.841,60 € ;;;1; -   € ; -   € ; -   ;;;; -   € ; -   ;17;25;25;18; 100,20 € ;;;;;;;;;;;; 1.703,40 € ; 2.505,00 € ; 2.505,00 € ; 1.803,60 € ;476;700;700;504
561;;550;303;545;06:30;07:05;Luserna-Caldonazzo-Pergine;"feriale estiva
da lunedì a venerdì";28,00;14; 55 ; 1.540,00 ;AUTOFFICINA LUNELLI DI LUNELLI STEFANO & C. S.N.C.;FW770WP;15;GE387VX;9;ES314MS;9;3895;LUSERNA                      ;  4100CI;PERGINE (C.Intermodale)      ;01/01/2022;11/09/2022;24/06/2023;31/08/2023;estiva feriale lu-ve;;;x;x;;x;x;x;x;x;;;;;;;;;;;; 84,00 € ;;;;;; 4.620,00 € ;;;1; -   € ; -   € ; -   ;;;; -   € ; -   ;7;0;0;; 84,00 € ;;;;;;;;;;;; 588,00 € ; -   € ; -   € ; -   € ;196;0;0;0
562;;551;303;501;06:44;07:41;Carbonare - Vigolo Vattaro - Trento (corsa bis);"scolastica a mesi alterni
da lunedì a venerdì";28,00;55; 87 ; 2.436,00 ;STENGHELE SRL;ER716KZ;58;GJ655MK;55;;;3820;CARBONARE                    ;1;TRENTO (Autostaz.)         ;12/09/2022;09/06/2023;;;scolastica lu-ve ott-dic-febb-apr-giu;sì;;;;x;x;x;x;x;x;;;;;;;;;;;; 215,22 € ;;;;;; 18.724,14 € ;;;2; -   € ; -   € ; -   ;;;; -   € ; -   ;0;20;0;15; 215,22 € ;;;;;;;;;;;; -   € ; 4.304,40 € ; -   € ; 3.228,30 € ;0;560;0;420
563;;551 bis;303;501;06:44;07:41;Carbonare - Vigolo Vattaro - Trento (corsa bis);"scolastica a mesi alterni
da lunedì a venerdì";28,00;55; 87 ; 2.436,00 ;TOLLER S.N.C. DI TOLLER CALLISTO E C. ;GJ549MK;57;FZ734BE;58;;;3820;CARBONARE                    ;1;TRENTO (Autostaz.)         ;12/09/2022;09/06/2023;;;scolastica lu-ve sett-nov-genn-mar-magg;sì;;;;x;x;x;x;x;x;;;;;;;;;;;; 215,22 € ;;;;;; 18.724,14 € ;;;2; -   € ; -   € ; -   ;;;; -   € ; -   ;15;0;21;0; 215,22 € ;;;;;;;;;;;; 3.228,30 € ; -   € ; 4.519,62 € ; -   € ;420;0;588;0
564;Eliminata già compresa - corsa nuova;552;303;545;06:53;07:05;Caldonazzo-Pergine;"scolastica 
da lunedì a sabato";9,00;14;; -   ;eliminata dall'inizio;;;;;;;;;;;;;;;;;;;;;;;;;;;;;;;;;;;;;;;;;;;;;;;;;;;;;;;;;;;;;;;;;;;;;;;; -   € ; -   € ;;0;0;0;
565;;553;303;427;06:55;07:16;Centa - Calceranica;"scolastica 
da lunedì a sabato";10,50;22; 208 ; 2.184,00 ;CLUB DELLAI S.R.L.;FN483MX;23;GC523CS;23;ER857KZ;23;3790;CENTA                        ;  4260RR;Calceranica al Lago;12/09/2022;09/06/2023;;;scolastica lu-sa;;;;;x;x;x;x;x;x;x;;;;;;;;;;; 66,73 € ;;;;;; 13.879,84 € ;;;1; -   € ; -   € ; -   ;;;; -   € ; -   ;17;25;25;18; 66,73 € ;;;;;;;;;;;; 1.134,41 € ; 1.668,25 € ; 1.668,25 € ; 1.201,14 € ;178,5;262,5;262,5;189
566;;554;303;501;07:00;07:41;Pian dei Pradi - Trento (corsa bis);"scolastica 
da lunedì a venerdì";19,00;55; 174 ; 3.306,00 ;CLUB DELLAI S.R.L.; ED494MM;57; ED909MM;56;FE585HG  FF601CS (Martina);62  61;3770;Pian Dei Pradi;1;TRENTO (Autostaz.)         ;12/09/2022;09/06/2023;;;scolastica lu-ve;;;;;x;x;x;x;x;x;;;;;;;;;;;; 224,74 € ;;;;;; 39.104,76 € ;;;2; -   € ; -   € ; -   ;;;;; -   ;15;20;21;15; 224,74 € ;;;;;;;;;;;; 3.371,10 € ; 4.494,80 € ; 4.719,54 € ; 3.371,10 € ;285;380;399;285
567;;555;303;253;07:27;07:32;Vattaro - Vigolo Vattaro (corsa bis);"scolastica 
da lunedì a venerdì";3,00;22; 174 ; 522,00 ;CLUB DELLAI S.R.L.;FN483MX;23;GC523CS;23;ER857KZ;23;3760;VATTARO                      ;3740;VIGOLO VATTARO               ;12/09/2022;09/06/2023;;;scolastica lu-ve;;;;;x;x;x;x;x;x;;;;;;;;;;;; 10,00 € ;;;;;; 1.740,00 € ;;;1; -   € ; -   € ; -   ;;;;; -   ;15;20;21;15; 10,00 € ;;;;;;;;;;;; 150,00 € ; 200,00 € ; 210,00 € ; 150,00 € ;45;60;63;45
568;;556;303;253;07:35;07:40;Bosentino - Vigolo Vattaro (corsa bis);"scolastica 
da lunedì a venerdì";3,00;22; 174 ; 522,00 ;CLUB DELLAI S.R.L.;FN483MX;23;GC523CS;23;ER857KZ;23;3750;Bosentino                    ;3740;VIGOLO VATTARO               ;12/09/2022;09/06/2023;;;scolastica lu-ve;;;;;x;x;x;x;x;x;;;;;;;;;;;; 23,73 € ;;;;;; 4.129,02 € ;;;1;;;;;;;; -   ;15;20;21;15; 23,73 € ;;;;;;;;;;;; 355,95 € ; 474,60 € ; 498,33 € ; 355,95 € ;45;60;63;45
569;;557;330;437;07:45;08:11;Vigolo Vattaro - Levico;"scolastica 
da lunedì a venerdì";11,00;22; 174 ; 1.914,00 ;CLUB DELLAI S.R.L.;FN483MX;23;GC523CS;23;ER857KZ;23;3740;VIGOLO VATTARO               ;  4300SP;Levico T.-Via Roma, 61       ;12/09/2022;09/06/2023;;;scolastica lu-ve;;;;;x;x;x;x;x;x;;;;;;;;;;;; 19,80 € ;;;;;; 3.445,20 € ;;;1;;;;;;;; -   ;15;20;21;15; 19,80 € ;;;;;;;;;;;; 297,00 € ; 396,00 € ; 415,80 € ; 297,00 € ;165;220;231;165
570;;558;303;550;07:50;08:13;Caldonazzo-Luserna;"feriale estiva
da lunedì a venerdì";19,00;14; 55 ; 1.045,00 ;AUTOFFICINA LUNELLI DI LUNELLI STEFANO & C. S.N.C.;FW770WP;15;GE387VX;9;ES314MS;9;  4270FS;Caldonazzo - Staz. FS        ;3895;LUSERNA                      ;01/01/2022;11/09/2022;24/06/2023;31/08/2023;estiva feriale lu-ve;;;x;x;;x;x;x;x;x;;;;;;;;;;;; 57,00 € ;;;;;; 3.135,00 € ;;;1; -   € ; -   € ; -   ;;;;; -   ;7;0;0;; 57,00 € ;;;;;;;;;;;; 399,00 € ; -   € ; -   € ; -   € ;133;0;0;0
571;;559;303;473;07:58;08:48;Lavarone - V.Vattaro;"Estiva
lunedì-venerdì";21,50;50; 55 ; 1.182,50 ;STENGHELE SRL  ;ER716KZ;58;GJ655MK;55;;;3870;LAVARONE CAPPELLA            ;3740;VIGOLO VATTARO               ;01/01/2022;11/09/2022;24/06/2023;31/08/2023;estiva feriale lu-ve;;;x;x;;x;x;x;x;x;;;;;;;;;;;; 104,24 € ;;;;;; 5.733,20 € ;;;2; -   € ; -   € ; -   ;;;;; -   ;7;0;0;; 104,24 € ;;;;;;;;;;;; 729,68 € ; -   € ; -   € ; -   € ;150,5;0;0;0
572;;560;303;549;08:15;08:38;Luserna - Caldonazzo;"Invernale feriale
solo giovedì";19,00;14; 39 ; 741,00 ;AUTOFFICINA LUNELLI DI LUNELLI STEFANO & C. S.N.C.;FW770WP;15;GE387VX;9;ES314MS;9;3895;LUSERNA                      ;  4270PT;Caldonazzo;12/09/2022;23/06/2023;;;invernale feriale gio;;x;;x;;;;;x;;;;;;;;;;;;; 57,00 € ;;;;;; 2.223,00 € ;;;1; -   € ; -   € ; -   ;;;;; -   ;3;4;4;4; 57,00 € ;;;;;;;;;;;; 171,00 € ; 228,00 € ; 228,00 € ; 228,00 € ;57;76;76;76
573;;561;303;703;08:25;09:20;Centa-Bosentino-V.Vattaro-Trento;"festiva 
estiva";23,00;30; 13 ; 299,00 ;CLUB DELLAI S.R.L.;ES852SX;31;ED494MM;57;FF899CS;42;3790;CENTA                        ;1;TRENTO (Autostaz.)         ;01/01/2022;11/09/2022;24/06/2023;31/08/2023;estiva festiva;;;x;;;;;;;;;x;;;;;;;;;; 69,00 € ;;;;;; 897,00 € ;;;1; -   € ; -   € ; -   ;;;;; -   ;2;0;0;; 69,00 € ;;;;;;;;;;;; 138,00 € ; -   € ; -   € ; -   € ;46;0;0;0
574;;562;303;703;08:25;09:20;Centa-Bosentino-V.Vattaro-Trento;"Invernale 
festiva";23,00;30; 47 ; 1.081,00 ;CLUB DELLAI S.R.L.;ES852SX;31;ED494MM;57;FF899CS;42;3790;CENTA                        ;1;TRENTO (Autostaz.)         ;12/09/2022;23/06/2023;;;invernale festiva;;x;;;;;;;;;;x;;;;;;;;;; 69,00 € ;;;;;; 3.243,00 € ;;;1; -   € ; -   € ; -   ;;;;; -   ;2;5;5;6; 69,00 € ;;;;;;;;;;;; 138,00 € ; 345,00 € ; 345,00 € ; 414,00 € ;46;115;115;138
575;;563;303;541;08:35;09:15;Centa - Pergine;"feriale non scolastica
da lunedì a sabato";20,00;22; 29 ; 580,00 ;CLUB DELLAI S.R.L.;FN117MX;21;FN483MX;23;ER857KZ;23;3790;CENTA                        ;  4100CI;PERGINE (C.Intermodale)      ;12/09/2022;23/06/2023;;;invernale feriale no scol lu-sa;;x;;x;;;;;;;;;;;;x;x;x;x;x;x; 77,63 € ;;;;;; 2.251,27 € ;;;1; -   € ; -   € ; -   ;;;;; -   ;0;1;0;7; 77,63 € ;;;;;;;;;;;; -   € ; 77,63 € ; -   € ; 543,41 € ;0;20;0;140
576;;564;303;551;08:45;09:11;Luserna-Caldonazzo;"estiva
feriale ";19,00;9; 67 ; 1.273,00 ;AUTOFFICINA LUNELLI DI LUNELLI STEFANO & C. S.N.C.;FW770WP;15;GE387VX;9;ES314MS;9;3895;LUSERNA                      ;  4270FS;Caldonazzo - Staz. FS        ;01/01/2022;11/09/2022;24/06/2023;31/08/2023;estiva feriale lu-sa;;;x;x;;x;x;x;x;x;x;;;;;;;;;;; 57,00 € ;;;;;; 3.819,00 € ;;;1; -   € ; -   € ; -   ;;;;; -   ;9;0;0;0; 57,00 € ;;;;;;;;;;;; 513,00 € ; -   € ; -   € ; -   € ;171;0;0;0
577;;565;303;530;08:55;10:13;Trento-Lavarone;"festiva 
estiva";39;30; 13 ; 507,00 ;STENGHELE SRL  ;FT534CV ;33;GJ655MK;55;;;1;TRENTO   (Autostaz.)          ;3870;LAVARONE CAPPELLA             ;01/01/2022;11/09/2022;24/06/2023;31/08/2023;estiva festiva;;;x;;;;;;;;;x;;;;;;;;;;;;;STENGHELE SRL  ;;; -   € ;;;1;;;;;;;; -   ;2;0;0;; -   € ; estiva festiva ;2;;0;;0;;0;; 350,00 € ;; 700,00 € ; -   € ; -   € ; -   € ;78;0;0;0
578;;566;303;552;09:35;10:01;Caldonazzo-Luserna;"estiva
feriale ";19,00;9; 67 ; 1.273,00 ;AUTOFFICINA LUNELLI DI LUNELLI STEFANO & C. S.N.C.;FW770WP;15;GE387VX;9;ES314MS;9;  4270FS;Caldonazzo - Staz. FS        ;3895;LUSERNA                      ;01/01/2022;11/09/2022;24/06/2023;31/08/2023;estiva feriale lu-sa;;;x;x;;x;x;x;x;x;x;;;;;;;;;;; 57,00 € ;;;;;; 3.819,00 € ;;;1; -   € ; -   € ; -   ;;;;; -   ;9;0;0;0; 57,00 € ;;;;;;;;;;;; 513,00 € ; -   € ; -   € ; -   € ;171;0;0;0
579;;567;303;474;11:17;11:56;Pian dei Pradi - Lavarone;"Estiva
lunedì-venerdì";16,00;50; 55 ; 880,00 ;STENGHELE SRL  ;ER716KZ;58;GJ655MK;55;;;3770;Pian Dei Pradi;3870;LAVARONE CAPPELLA            ;01/01/2022;11/09/2022;24/06/2023;31/08/2023;estiva feriale lu-ve;;;x;x;;x;x;x;x;x;;;;;;;;;;;; 77,58 € ;;;;;; 4.266,90 € ;;;2; -   € ; -   € ; -   ;;;;; -   ;7;0;0;; 77,58 € ;;;;;;;;;;;; 543,06 € ; -   € ; -   € ; -   € ;112;0;0;0
580;;568;303;246;12:30;13:20;Trento-V.Vattaro-Bosentino-Centa;"Invernale 
festiva";23,00;30; 47 ; 1.081,00 ;CLUB DELLAI S.R.L.;ES852SX;31;ED494MM;57;FF899CS;42;1;TRENTO   (Autostaz.)         ;3790;CENTA                        ;12/09/2022;23/06/2023;;;invernale festiva;;x;;;;;;;;;;x;;;;;;;;;; 69,00 € ;;;;;; 3.243,00 € ;;;1; -   € ; -   € ; -   ;;;;; -   ;2;5;5;6; 69,00 € ;;;;;;;;;;;; 138,00 € ; 345,00 € ; 345,00 € ; 414,00 € ;46;115;115;138
581;;569;303;248;12:30;13:37;Trento-V.Vattaro-Bosentino-Centa-Carbonare;"festiva 
estiva";32,50;30; 13 ; 422,50 ;CLUB DELLAI S.R.L.;ES852SX;31;ED494MM;57;;;1;TRENTO   (Autostaz.)         ;3820;CARBONARE                    ;01/01/2022;11/09/2022;24/06/2023;31/08/2023;estiva festiva;;;x;;;;;;;;;x;;;;;;;;;; 97,50 € ;;;;;; 1.267,50 € ;;;1; -   € ; -   € ; -   ;;;;; -   ;2;0;0;; 97,50 € ;;;;;;;;;;;; 195,00 € ; -   € ; -   € ; -   € ;65;0;0;0
582;;570;303;296;12:42;13:07;Pergine - Bosentino-V.Vattaro;"scolastica 
sabato";14,50;22; 34 ; 493,00 ;CLUB DELLAI S.R.L.;FN483MX;23;GC523CS;23;ER857KZ;23;  4100CI;PERGINE (C.Intermodale)      ;3740;VIGOLO VATTARO               ;12/09/2022;09/06/2023;;;scolastica sab;;;;;x;;;;;;x;;;;;;;;;;; 73,93 € ;;;;;; 2.513,62 € ;;;1; -   € ; -   € ; -   ;;;;; -   ;2;5;4;3; 73,93 € ;;;;;;;;;;;; 147,86 € ; 369,65 € ; 295,72 € ; 221,79 € ;29;72,5;58;43,5
583;;571;303;550;12:52;13:17;Caldonazzo-Luserna;"Invernale feriale
solo giovedì";19,00;14; 39 ; 741,00 ;TOMA SPEED DI TOMASELLI PIERGIORGIO;EJ940ZA;9;FF724CS;9;;;  4270FS;Caldonazzo - Staz. FS        ;3895;LUSERNA                      ;12/09/2022;23/06/2023;;;invernale feriale gio;;x;;x;;;;;x;;;;;;;;;;;;; 57,00 € ;;;;;; 2.223,00 € ;;;1; -   € ; -   € ; -   ;;;;; -   ;3;4;4;4; 57,00 € ;;;;;;;;;;;; 171,00 € ; 228,00 € ; 228,00 € ; 228,00 € ;57;76;76;76
584;;572;329;296;13:23;13:48;Pergine - Bosentino-V.Vattaro;"scolastica 
lun+mar+mer";14,50;22; 103 ; 1.493,50 ;CLUB DELLAI S.R.L.;FN483MX;23;GC523CS;23;ER857KZ;23;  4100CI;PERGINE (C.Intermodale)      ;3740;VIGOLO VATTARO               ;12/09/2022;09/06/2023;;;scolastica lu, ma, me;;;;;x;x;x;x;;;;;;;;;;;;;; 73,93 € ;;;;;; 7.614,79 € ;;;1; -   € ; -   € ; -   ;;;;; -   ;9;12;13;9; 73,93 € ;;;;;;;;;;;; 665,37 € ; 887,16 € ; 961,09 € ; 665,37 € ;130,5;174;188,5;130,5
585;;573;330;296;13:23;14:29;Pergine - Levico - Centa ;"scolastica 
gio+ven";30,00;22; 70 ; 2.100,00 ;CLUB DELLAI S.R.L.;FN483MX;23;GC523CS;23;ER857KZ;23;  4100CI;PERGINE (C.Intermodale)      ;3790;CENTA                        ;12/09/2022;09/06/2023;;;scolastica gio, ve;;;;;x;;;;x;x;;;;;;;;;;;; 121,20 € ;;;;;; 8.483,86 € ;;;1; -   € ; -   € ; -   ;;;;; -   ;6;8;8;6; 121,20 € ;;;;;;;;;;;; 727,19 € ; 969,58 € ; 969,58 € ; 727,19 € ;180;240;240;180
586;;574;303;705;13:30;14:25;Centa-Bosentino-V.Vattaro-Trento;"Invernale 
festiva";23,00;30; 47 ; 1.081,00 ;CLUB DELLAI S.R.L.;ES852SX;31;ED494MM;57;FF899CS;42;3790;CENTA                        ;1;TRENTO (Autostaz.)         ;12/09/2022;23/06/2023;;;invernale festiva;;x;;;;;;;;;;x;;;;;;;;;; 69,00 € ;;;;;; 3.243,00 € ;;;1; -   € ; -   € ; -   ;;;;; -   ;2;5;5;6; 69,00 € ;;;;;;;;;;;; 138,00 € ; 345,00 € ; 345,00 € ; 414,00 € ;46;115;115;138
587;;575;303;544;13:47;14:26;Pergine - Caldonazzo-Luserna;"scolastica 
da lunedì a sabato";28,00;14; 208 ; 5.824,00 ;AUTOFFICINA LUNELLI DI LUNELLI STEFANO & C. S.N.C.;FW770WP;15;GE387VX;9;ES314MS;9;  4100CI;PERGINE (C.Intermodale)      ;3895;LUSERNA                      ;12/09/2022;09/06/2023;;;scolastica lu-sa;;;;;x;x;x;x;x;x;x;;;;;;;;;;; 93,90 € ;;;;;; 19.531,20 € ;;;1; -   € ; -   € ; -   ;;;;; -   ;17;25;25;18; 93,90 € ;;;;;;;;;;;; 1.596,30 € ; 2.347,50 € ; 2.347,50 € ; 1.690,20 € ;476;700;700;504
588;;576;303;551;14:15;14:38;Luserna - Caldonazzo;"Invernale feriale
solo giovedì";19,00;14; 39 ; 741,00 ;TOMA SPEED DI TOMASELLI PIERGIORGIO;EJ940ZA;9;FF724CS;9;;;3895;LUSERNA                      ;  4270PT;Caldonazzo;12/09/2022;23/06/2023;;;invernale feriale gio;;x;;x;;;;;x;;;;;;;;;;;;; 57,00 € ;;;;;; 2.223,00 € ;;;1; -   € ; -   € ; -   ;;;;; -   ;3;4;4;4; 57,00 € ;;;;;;;;;;;; 171,00 € ; 228,00 € ; 228,00 € ; 228,00 € ;57;76;76;76
589;;577;303;705;14:25;15:40;Carbonare-Centa-Bosentino-V.Vattaro-Trento;"festiva 
estiva";32,50;30; 13 ; 422,50 ;CLUB DELLAI S.R.L.;ES852SX;31;ED494MM;57;;;3820;CARBONARE                    ;1;TRENTO (Autostaz.)         ;01/01/2022;11/09/2022;24/06/2023;31/08/2023;estiva festiva;;;x;;;;;;;;;x;;;;;;;;;; 97,50 € ;;;;;; 1.267,50 € ;;;1; -   € ; -   € ; -   ;;;;; -   ;2;0;0;; 97,50 € ;;;;;;;;;;;; 195,00 € ; -   € ; -   € ; -   € ;65;0;0;0
590;;578;303;531;14:50;15:40;Centa - Trento;"invernale
lunedì-sabato";26,00;22; 240 ; 6.240,00 ;CLUB DELLAI S.R.L.;FN483MX;23;ED909MM /solo al sabato GC523CS (23);56;ED494MM;57;3790;CENTA                        ;1;TRENTO (Autostaz.)         ;12/09/2022;23/06/2023;;;invernale feriale lu-sa;;x;;x;;x;x;x;x;x;x;;;;;;;;;;; 94,02 € ;;;;;; 22.563,84 € ;;;1; -   € ; -   € ; -   ;;;;; -   ;17;26;25;26; 94,02 € ;;;;;;;;;;;; 1.598,27 € ; 2.444,42 € ; 2.350,40 € ; 2.444,42 € ;442;676;650;676
591;;579;303;250;16:40;17:25;Trento - Vigolo Vattaro -Centa;"scolastica 
da lunedì a venerdì";21,00;50; 174 ; 3.654,00 ;CLUB DELLAI S.R.L.; ED494MM;57; ED909MM;56;FE585HG;62;1;TRENTO   (Autostaz.)         ;3790;CENTA                        ;12/09/2022;09/06/2023;;;scolastica lu-ve;;;;;x;x;x;x;x;x;;;;;;;;;;;; 112,00 € ;;;;;; 19.488,00 € ;;;2; -   € ; -   € ; -   ;;;;; -   ;15;20;21;15; 112,00 € ;;;;;;;;;;;; 1.680,00 € ; 2.240,00 € ; 2.352,00 € ; 1.680,00 € ;315;420;441;315
592;;580;303;543;16:45;17:02;Levico -Vigolo vattaro;"scolastica 
da lunedì a venerdì";12,00;22; 174 ; 2.088,00 ;CLUB DELLAI S.R.L.;ER857KZ;23;GC523CS;23;FN483MX;23;  4300IC;Levico T.-Istituto Comprensivo;3740;VIGOLO VATTARO               ;12/09/2022;09/06/2023;;;scolastica lu-ve;;;;;x;x;x;x;x;x;;;;;;;;;;;; 62,67 € ;;;;;; 10.904,88 € ;;;1; -   € ; -   € ; -   ;;;;; -   ;15;20;21;15; 62,67 € ;;;;;;;;;;;; 940,08 € ; 1.253,43 € ; 1.316,11 € ; 940,08 € ;180;240;252;180
593;;581;303;537;17:10;18:26;Lavarone-Trento;"festiva 
estiva";39;30; 13 ; 507,00 ;STENGHELE SRL  ;FT534CV ;33;GJ655MK;55;;;3870;LAVARONE CAPPELLA             ;1;TRENTO   (Autostaz.)          ;01/01/2022;11/09/2022;24/06/2023;31/08/2023;estiva festiva;;;x;;;;;;;;;x;;;;;;;;;;;;;STENGHELE SRL  ;;; -   € ;;;1;;;;;;;; -   ;2;0;0;; -   € ;;;;;;;;;;;; -   € ; -   € ; -   € ; -   € ;78;0;0;0
594;;582;303;553;17:15;17:41;Luserna-Caldonazzo;"estiva
feriale ";19,00;9; 67 ; 1.273,00 ;STENGHELE SRL  ;GH569KX;9;FG963XM;9;;;3895;LUSERNA                      ;  4270FS;Caldonazzo - Staz. FS        ;01/01/2022;11/09/2022;24/06/2023;31/08/2023;estiva feriale lu-sa;;;x;x;;x;x;x;x;x;x;;;;;;;;;;; 57,00 € ;;;;;; 3.819,00 € ;;;1; -   € ; -   € ; -   ;;;;; -   ;9;0;0;0; 57,00 € ;;;;;;;;;;;; 513,00 € ; -   € ; -   € ; -   € ;171;0;0;0
595;;583;303;252;17:30;18:20;Trento-V.Vattaro-Bosentino-Centa;"Invernale 
festiva";23,00;30; 47 ; 1.081,00 ;CLUB DELLAI S.R.L.;ES852SX;31;ED494MM;57;;;1;TRENTO   (Autostaz.)         ;3790;CENTA                        ;12/09/2022;23/06/2023;;;invernale festiva;;x;;;;;;;;;;x;;;;;;;;;; 69,00 € ;;;;;; 3.243,00 € ;;;1; -   € ; -   € ; -   ;;;;; -   ;2;5;5;6; 69,00 € ;;;;;;;;;;;; 138,00 € ; 345,00 € ; 345,00 € ; 414,00 € ;46;115;115;138
596;;584;303;546;17:52;18:17;Caldonazzo  FS-Luserna;"scolastica 
da lunedì a venerdì";19,00;14; 174 ; 3.306,00 ;AUTOFFICINA LUNELLI DI LUNELLI STEFANO & C. S.N.C.;FW770WP;15;GE387VX;9;ES314MS;9;  4270FS;Caldonazzo - Staz. FS        ;3895;LUSERNA                      ;12/09/2022;09/06/2023;;;scolastica lu-ve;;;;;x;x;x;x;x;x;;;;;;;;;;;; 57,00 € ;;;;;; 9.918,00 € ;;;1; -   € ; -   € ; -   ;;;;; -   ;15;20;21;15; 57,00 € ;;;;;;;;;;;; 855,00 € ; 1.140,00 € ; 1.197,00 € ; 855,00 € ;285;380;399;285
597;;585;303;554;17:52;18:18;Caldonazzo-Luserna;"estiva
feriale ";19,00;9; 67 ; 1.273,00 ;STENGHELE SRL  ;GH569KX;9;FG963XM;9;;;  4270FS;Caldonazzo - Staz. FS        ;3895;LUSERNA                      ;01/01/2022;11/09/2022;24/06/2023;31/08/2023;estiva feriale lu-sa;;;x;x;;x;x;x;x;x;x;;;;;;;;;;; 57,00 € ;;;;;; 3.819,00 € ;;;1; -   € ; -   € ; -   ;;;;; -   ;9;0;0;0; 57,00 € ;;;;;;;;;;;; 513,00 € ; -   € ; -   € ; -   € ;171;0;0;0
598;;586;303;256;19:15;20:05;Trento-Centa;"invernale
da lunedì a venerdì";23;30; 202 ; 4.646,00 ;AUTONOLEGGI PEGORARO S.N.C. di PEGORARO LUCIANO & C.;FV847NS;57;FE301HG;58;FS483LF;44;1;TRENTO   (Autostaz.)         ;3790;CENTA                        ;12/09/2022;23/06/2023;;;invernale feriale lu-ve;;x;;x;;x;x;x;x;x;;;;;;;;;;;;; 73,60 € ;;;;; -   € ; 14.867,20 € ;;1;;;; -   € ; -   € ; -   ;; -   ;15;21;21;20; 73,60 € ;;;;;;;;;;;; 1.104,00 € ; 1.545,60 € ; 1.545,60 € ; 1.472,00 € ;345;483;483;460
599;;587;305;306;06:15;06:26;S.Giacomo - Brentonico ;"scolastica 
da lunedì a sabato";9,00;4; 208 ; 1.872,00 ;ANDREOLLI FRANCO;FT016JR;7;EM088EK;5;;;3409;Passo S.Valentino            ;3407;BRENTONICO                   ;12/09/2022;09/06/2023;;;scolastica lu-sa;;;;;x;x;x;x;x;x;x;;;;;;;;;;; 26,33 € ;;;;;; 5.476,64 € ;;;1; -   € ; -   € ; -   ;;;; -   € ; -   ;17;25;25;18; 26,33 € ;;;;;;;;;;;; 447,61 € ; 658,25 € ; 658,25 € ; 473,94 € ;153;225;225;162
600;;588;305;508;13:55;14:17;Mori - Besagno - Brentonico;"scolastica 
sabato";11,00;19; 34 ; 374,00 ;AUTOSERVIZI ANDREOLLI SNC DI ANDREOLLI PAOLO & C.;FG831XD;21;FV848NS;29;;;  3542UR;Mori di fronte Mc Donald's   ;3407;BRENTONICO                   ;12/09/2022;09/06/2023;;;scolastica sab;;;;;x;;;;;;x;;;;;;;;;;; 34,58 € ;;;;;; 1.175,72 € ;;;1;;;;;;;; -   ;2;5;4;3; 34,58 € ;;;;;;;;;;;; 69,16 € ; 172,90 € ; 138,32 € ; 103,74 € ;22;55;44;33
601;;589;305;510;14:05;14:11;Mori FS - Mori Bar Centrale;"scolastica 
da lunedì a venerdì";2,50;19; 174 ; 435,00 ;AUTOSERVIZI ANDREOLLI SNC DI ANDREOLLI PAOLO & C.;FG831XD;21;FV848NS;29;;;3542;Mori (Stazione F.S.)         ;3310;MORI (Bar Centrale)          ;12/09/2022;09/06/2023;;;scolastica lu-ve;;;;;x;x;x;x;x;x;;;;;;;;;;;; 4,50 € ;;;;;; 783,00 € ;;;1;;;;;;;; -   ;15;20;21;15; 4,50 € ;;;;;;;;;;;; 67,50 € ; 90,00 € ; 94,50 € ; 67,50 € ;37,5;50;52,5;37,5
602;;590;305;508;14:18;14:40;Mori - Besagno - Brentonico;"scolastica 
da lunedì a venerdì";11,00;19; 174 ; 1.914,00 ;AUTOSERVIZI ANDREOLLI SNC DI ANDREOLLI PAOLO & C.;FG831XD;21;FV848NS;29;;;  3542UR;Mori di fronte Mc Donald's   ;3407;BRENTONICO                   ;12/09/2022;09/06/2023;;;scolastica lu-ve;;;;;x;x;x;x;x;x;;;;;;;;;;;; 34,58 € ;;;;;; 6.016,92 € ;;;1; -   € ; -   € ; -   ;;;;; -   ;15;20;21;15; 34,58 € ;;;;;;;;;;;; 518,70 € ; 691,60 € ; 726,18 € ; 518,70 € ;165;220;231;165
603;;591;306;467;06:55;07:10;Guardia di Folgaria - Mezzomonte;"scolastica 
da lunedì a sabato";5,00;19; 208 ; 1.040,00 ;VALDUGA FRANCESCO;FL716HC;23;FT534CV (Stenghele);33;;;3051;Guardia di Folgaria          ;3042;Mezzomonte                   ;12/09/2022;09/06/2023;;;scolastica lu-sa;;;;;x;x;x;x;x;x;x;;;;;;;;;;; 75,43 € ;;;;;; 15.689,44 € ;;;1; -   € ; -   € ; -   ;;;; -   € ; -   ;17;25;25;18; 75,43 € ;;;;;;;;;;;; 1.282,31 € ; 1.885,75 € ; 1.885,75 € ; 1.357,74 € ;85;125;125;90
604;;592;306;51;07:02;07:39;Folgaria - Rovereto F.S.  (corsa bis);"scolastica 
da lunedì a venerdì";24,00;50; 174 ; 4.176,00 ;PEDRINOLLA GRAZIANO s.r.l.; EP148JJ ;55;FL648HC;55;;;  3045SP;FOLGARIA (Palasport)         ;  3100FS;ROVERETO (Staz.F.S.);12/09/2022;09/06/2023;;;scolastica lu-ve;;;;;x;x;x;x;x;x;;;;;;;;;;;; 220,00 € ;;;;;; 38.280,00 € ;;;2; -   € ; -   € ; -   ;;;;; -   ;15;20;21;15; 220,00 € ;;;;;;;;;;;; 3.300,00 € ; 4.400,00 € ; 4.620,00 € ; 3.300,00 € ;360;480;504;360
605;;593;306;469;07:40;08:18;Guardia di Folgaria - Mezzomonte - Folgaria;"estiva feriale 
solo giorno di martedì";10,00;19; 11 ; 110,00 ;VALDUGA FRANCESCO;FL716HC;23;ED930MM;20;FT534CV (Stenghele);33;3051;Guardia di Folgaria          ;  3045NU;Folgaria - P.le N.Unite      ;01/01/2022;11/09/2022;24/06/2023;31/08/2023;estiva feriale ma;;;x;x;;;x;;;;;;;;;;;;;;; 70,51 € ;;;;;; 775,61 € ;;;1; -   € ; -   € ; -   ;;;;; -   ;1;0;0;; 70,51 € ;;;;;;;;;;;; 70,51 € ; -   € ; -   € ; -   € ;10;0;0;0
606;;594;306;469;07:50;08:28;Guardia di Folgaria - Mezzomonte - Folgaria;"invernale feriale 
solo martedì";12,00;19; 41 ; 492,00 ;VALDUGA FRANCESCO;FL716HC;23;ED930MM;20;FT534CV (Stenghele);33;3051;Guardia di Folgaria          ;  3045NU;Folgaria - P.le N.Unite      ;12/09/2022;23/06/2023;;;invernale feriale ma;;x;;x;;;x;;;;;;;;;;;;;;; 74,11 € ;;;;;; 3.038,51 € ;;;1; -   € ; -   € ; -   ;;;;; -   ;3;4;4;4; 74,11 € ;;;;;;;;;;;; 222,33 € ; 296,44 € ; 296,44 € ; 296,44 € ;36;48;48;48
607;;595;306;36;08:00;08:49;Rovereto - Folgaria;"scolastica 
da lunedì a venerdì";24,00;50; 174 ; 4.176,00 ;TOLLER S.N.C. DI TOLLER CALLISTO E C. ;FN025MX;37;FZ734BE;58;GJ549MK;57;  3100FR;ROVERETO (Staz.F.S.);  3045NU;Folgaria - P.le N.Unite      ;12/09/2022;09/06/2023;;;scolastica lu-ve;;;;;x;x;x;x;x;x;;;;;;;;;;;; 150,00 € ;;;;;55; 26.100,00 € ;;;2; -   € ; -   € ; -   ;;;;; -   ;15;20;21;15; 150,00 € ;scolastica lu-ve;15;;20;;21;;15;; 70,00 € ;; 3.300,00 € ; 4.400,00 € ; 4.620,00 € ; 3.300,00 € ;360;480;504;360
608;;596;306;471;10:55;11:31;Folgaria - Mezzomonte - Guardia di Fogaria;"feriale 
solo martedì";18,00;19; 52 ; 936,00 ;VALDUGA FRANCESCO;FL716HC;23;ED930MM;20;FT534CV (Stenghele);33;  3045NU;Folgaria - P.le N.Unite      ;3051;Guardia di Folgaria          ;01/09/2022;31/08/2023;;;annuale feriale ma;;x;x;x;;;x;;;;;;;;;;;;;;; 74,11 € ;;;;;; 3.853,72 € ;;;1; -   € ; -   € ; -   ;;;;; -   ;4;4;4;4; 74,11 € ;;;;;;;;;;;; 296,44 € ; 296,44 € ; 296,44 € ; 296,44 € ;72;72;72;72
609;;597;306;57;12:05;12:54;Folgaria - Rovereto ;"Estiva
lunedì-venerdì";24,00;19; 55 ; 1.320,00 ;NICE srl;FN426MX;20;GC658CS;24;GA984ER;23;  3045SP;FOLGARIA (Palasport)         ;  3100FS;ROVERETO (Staz.F.S.);01/01/2022;11/09/2022;24/06/2023;31/08/2023;estiva feriale lu-ve;;;x;x;;x;x;x;x;x;;;;;;;;;;;; 72,00 € ;;;;;; 3.960,00 € ;;;1; -   € ; -   € ; -   ;;;;; -   ;7;0;0;; 72,00 € ;;;;;;;;;;;; 504,00 € ; -   € ; -   € ; -   € ;168;0;0;0
610;;598;306;509;12:50;14:42;Luserna-Lavarone-Carbonare-Folgaria-Calliano-Rovereto (ore 16:20 dal 26/12/22 al 19/03/23);"invernale 
festiva";52,00;30; 47 ; 2.444,00 ;STENGHELE SRL  ;FT534CV ;33;GJ655MK;55;;;3895;LUSERNA                      ;  3100FS;ROVERETO (Staz.F.S.);12/09/2022;23/06/2023;;;invernale festiva;;x;;;;;;;;;;x;;;;;;;;;; 156,00 € ;;;;;; 7.332,00 € ;;;1; -   € ; -   € ; -   ;;;;; -   ;2;5;5;6; 156,00 € ;;;;;;;;;;;; 312,00 € ; 780,00 € ; 780,00 € ; 936,00 € ;104;260;260;312
611;;599;306;470;13:05;13:20;Mezzomonte-Guardia di Folgaria;"feriale 
solo martedì";5,00;19; 52 ; 260,00 ;VALDUGA FRANCESCO;FL716HC;23;ED930MM;20;FT534CV (Stenghele);33;3042;Mezzomonte                   ;3051;Guardia di Folgaria          ;01/09/2022;31/08/2023;;;annuale feriale ma;;x;x;x;;;x;;;;;;;;;;;;;;; 70,51 € ;;;;;; 3.666,52 € ;;;1; -   € ; -   € ; -   ;;;;; -   ;4;4;4;4; 70,51 € ;;;;;;;;;;;; 282,04 € ; 282,04 € ; 282,04 € ; 282,04 € ;20;20;20;20
612;;600;306;468;14:04;14:19;Mezzomonte - Guardia di Folgaria;"scolastica 
da lunedì a sabato";5,00;19; 208 ; 1.040,00 ;VALDUGA FRANCESCO;FL716HC;23;FT534CV (Stenghele);33;;;3042;Mezzomonte                   ;3051;Guardia di Folgaria          ;12/09/2022;09/06/2023;;;scolastica lu-sa;;;;;x;x;x;x;x;x;x;;;;;;;;;;; 75,43 € ;;;;;; 15.689,44 € ;;;1; -   € ; -   € ; -   ;;;;; -   ;17;25;25;18; 75,43 € ;;;;;;;;;;;; 1.282,31 € ; 1.885,75 € ; 1.885,75 € ; 1.357,74 € ;85;125;125;90
613;;601;306;509;14:20;16:12;Luserna-Lavarone-Carbonare-Folgaria-Calliano-Rovereto,;"festiva 
estiva";52,00;30; 13 ; 676,00 ;STENGHELE SRL  ;FT534CV ;33;GJ655MK;55;;;3895;LUSERNA                      ;  3100FS;ROVERETO (Staz.F.S.);01/01/2022;11/09/2022;24/06/2023;31/08/2023;estiva festiva;;;x;;;;;;;;;x;;;;;;;;;; 156,00 € ;;;;;; 2.028,00 € ;;;1; -   € ; -   € ; -   ;;;;; -   ;2;0;0;; 156,00 € ;;;;;;;;;;;; 312,00 € ; -   € ; -   € ; -   € ;104;0;0;0
614;;602;306;514;16:50;18:41;Rovereto-Calliano-Folgaria-Carbonare-Lavarone-Luserna (ore 18:15 dal 26/12/22 al 19/03/23);"invernale + estiva
festiva";52,00;30; 58 ; 3.016,00 ;STENGHELE SRL  ;FT534CV ;33;GJ655MK;55;;;  3100FR;ROVERETO (Staz.F.S.);3895;LUSERNA                      ;01/09/2022;31/08/2023;;;annuale festiva;;x;x;;;;;;;;;x;;;;;;;;;; 156,00 € ;;;;;; 9.048,00 € ;;;1; -   € ; -   € ; -   ;;;;; -   ;4;5;5;6; 156,00 € ;;;;;;;;;;;; 624,00 € ; 780,00 € ; 780,00 € ; 936,00 € ;208;260;260;312
615;;603;310;93;06:55;07:34;Valle S.Felice - Rovereto (c.sa bis);"scolastica 
da lunedì a venerdì";18,00;50; 174 ; 3.132,00 ;NICE srl;GE452VX;36;GG008PL;50;;;3381;VALLE S.FELICE               ;  3100PC;Rovereto - Ist. don Milani   ;12/09/2022;09/06/2023;;;scolastica lu-ve;;;;;x;x;x;x;x;x;;;;;;;;;;;; 54,00 € ;;;;;; 9.396,00 € ;;;2; -   € ; -   € ; -   ;;;; -   € ; -   ;15;20;21;15; 54,00 € ;;;;;;;;;;;; 810,00 € ; 1.080,00 € ; 1.134,00 € ; 810,00 € ;270;360;378;270
616;frequenza corretta da capitolato;604;310;183;08:40;09:34;Ronzo-V.S.Felice.Mori-Rovereto;"feriale invernale
da lunedì a venerdì";30,00;30; 202 ; 6.060,00 ;NICE srl;GE452VX;36;GG008PL;50;GE453VX;57;3389;RONZO CHIENIS                ;3100;ROVERETO (Via Manzoni)       ;12/09/2022;23/06/2023;;;invernale feriale lu-ve;;x;;x;;x;x;x;x;x;;;;;;;;;;;; 90,00 € ;;;;;; 18.180,00 € ;;;1; -   € ; -   € ; -   ;;;;; -   ;15;21;21;20; 90,00 € ;;;;;;;;;;;; 1.350,00 € ; 1.890,00 € ; 1.890,00 € ; 1.800,00 € ;450;630;630;600
617;;605;311;797;17:20;17:38;Aldeno - Pomarolo;"scolastica 
da lunedì a venerdì";12,00;16; 174 ; 2.088,00 ;NICE srl;FR792WP;16;GA984ER;23;GG008PL;50;3640;ALDENO                       ;3103;Pomarolo                     ;12/09/2022;09/06/2023;;;scolastica lu-ve;;;;;x;x;x;x;x;x;;;;;;;;;;;; 30,00 € ;;;;;; 5.220,00 € ;;;1; -   € ; -   € ; -   ;;;;; -   ;15;20;21;15; 30,00 € ;;;;;;;;;;;; 450,00 € ; 600,00 € ; 630,00 € ; 450,00 € ;180;240;252;180
618;;606;312;365;06:20;06:47;Pian delle Fugazze - Raossi;"scolastica 
da lunedì a sabato";15,50;20,00; 208 ; 3.224,00 ;FERSINA TOUR S.R.L;EY732LP;17;;;;;3169;PIAN DELLE FUGAZZE           ;3164;RAOSSI                       ;12/09/2022;09/06/2023;;;scolastica lu-sa;;;;;x;x;x;x;x;x;x;;;;;;;;;;; 56,61 € ;;;;;; 11.774,88 € ;;;1; -   € ; -   € ; -   ;;;; -   € ; -   ;17;25;25;18; 56,61 € ;;;;;;;;;;;; 962,37 € ; 1.415,25 € ; 1.415,25 € ; 1.018,98 € ;263,5;387,5;387,5;279
619;;607;312;601;08:40;08:50;Raossi - Valmorbia;"feriale 
solo lunedì e giovedì";6,00;19; 98 ; 588,00 ;FERSINA TOUR S.R.L;EY732LP;17;;;;;3164;RAOSSI                       ;3159;Valmorbia                    ;01/09/2022;31/08/2023;;;annuale feriale lu, gio;;x;x;x;;x;;;x;;;;;;;;;;;;; 13,04 € ;;;;;; 1.277,92 € ;;;1; -   € ; -   € ; -   ;;;;; -   ;9;9;8;7; 13,04 € ;;;;;;;;;;;; 117,36 € ; 117,36 € ; 104,32 € ; 91,28 € ;54;54;48;42
620;;608;312;600;08:50;09:00;Valmorbia - Raossi;"feriale 
solo lunedì e giovedì";6,50;19; 98 ; 637,00 ;FERSINA TOUR S.R.L;EY732LP;17;;;;;3159;Valmorbia                    ;3164;RAOSSI                       ;01/09/2022;31/08/2023;;;annuale feriale lu, gio;;x;x;x;;x;;;x;;;;;;;;;;;;; 14,12 € ;;;;;; 1.383,76 € ;;;1; -   € ; -   € ; -   ;;;;; -   ;9;9;8;7; 14,12 € ;;;;;;;;;;;; 127,08 € ; 127,08 € ; 112,96 € ; 98,84 € ;58,5;58,5;52;45,5
621;;609;312;604;09:10;09:34;Raossi - Piano Vallarsa -P. Fugazze - Camposilvano;"feriale 
solo lunedì e giovedì";14,00;19; 98 ; 1.372,00 ;FERSINA TOUR S.R.L;EY732LP;17;;;;;3164;RAOSSI                       ;3166;  CAMPOSILVANO                 ;01/09/2022;31/08/2023;;;annuale feriale lu, gio;;x;x;x;;x;;;x;;;;;;;;;;;;; 30,42 € ;;;;;; 2.981,16 € ;;;1; -   € ; -   € ; -   ;;;;; -   ;9;9;8;7; 30,42 € ;;;;;;;;;;;; 273,78 € ; 273,78 € ; 243,36 € ; 212,94 € ;126;126;112;98
622;;610;312;605;09:34;09:55;Camposilvano - Speccheri  - Raossi ;"feriale 
solo lunedì e giovedì";12,50;19; 98 ; 1.225,00 ;FERSINA TOUR S.R.L;EY732LP;17;;;;;3166;  CAMPOSILVANO                 ;3164;RAOSSI                       ;01/09/2022;31/08/2023;;;annuale feriale lu, gio;;x;x;x;;x;;;x;;;;;;;;;;;;; 27,16 € ;;;;;; 2.661,68 € ;;;1; -   € ; -   € ; -   ;;;;; -   ;9;9;8;7; 27,16 € ;;;;;;;;;;;; 244,44 € ; 244,44 € ; 217,28 € ; 190,12 € ;112,5;112,5;100;87,5
623;;611;312;603;10:30;10:56;Raossi - Vanza (in estate ore 10.35);"feriale 
solo lunedì e giovedì";12,00;19; 98 ; 1.176,00 ;FERSINA TOUR S.R.L;EY732LP;17;;;;;3164;RAOSSI                       ;  3155SP;Vanza paese incr. SP50       ;01/09/2022;31/08/2023;;;annuale feriale lu, gio;;x;x;x;;x;;;x;;;;;;;;;;;;; 26,07 € ;;;;;; 2.554,86 € ;;;1; -   € ; -   € ; -   ;;;;; -   ;9;9;8;7; 26,07 € ;;;;;;;;;;;; 234,63 € ; 234,63 € ; 208,56 € ; 182,49 € ;108;108;96;84
624;;612;312;602;10:51;11:17;Vanza - Anghebeni-S.Anna.-Anghebeni-Raossi ;"feriale 
solo lunedì e giovedì";12,00;19; 98 ; 1.176,00 ;FERSINA TOUR S.R.L;EY732LP;17;;;;;  3155SP;Vanza SP50                   ;3164;RAOSSI                       ;01/09/2022;31/08/2023;;;annuale feriale lu, gio;;x;x;x;;x;;;x;;;;;;;;;;;;; 38,07 € ;;;;;; 3.730,86 € ;;;1; -   € ; -   € ; -   ;;;;; -   ;9;9;8;7; 38,07 € ;;;;;;;;;;;; 342,63 € ; 342,63 € ; 304,56 € ; 266,49 € ;108;108;96;84
625;;613;312;606;11:30;12:00;Raossi - Pian delle Fugazze;"feriale 
solo lunedì e giovedì";17,50;19; 98 ; 1.715,00 ;FERSINA TOUR S.R.L;EY732LP;17;;;;;3164;RAOSSI                       ;3169;PIAN DELLE FUGAZZE           ;01/09/2022;31/08/2023;;;annuale feriale lu, gio;;x;x;x;;x;;;x;;;;;;;;;;;;; 38,02 € ;;;;;; 3.725,96 € ;;;1; -   € ; -   € ; -   ;;;;; -   ;9;9;8;7; 38,02 € ;;;;;;;;;;;; 342,18 € ; 342,18 € ; 304,16 € ; 266,14 € ;157,5;157,5;140;122,5
626;;614;312;607;12:00;12:14;Pian delle Fugazze - Camposilvano- Speccheri- Raossi;"feriale 
solo lunedì e giovedì";14,00;19; 98 ; 1.372,00 ;FERSINA TOUR S.R.L;EY732LP;17;;;;;3169;PIAN DELLE FUGAZZE           ;3164;RAOSSI                       ;01/09/2022;31/08/2023;;;annuale feriale lu, gio;;x;x;x;;x;;;x;;;;;;;;;;;;; 30,42 € ;;;;;; 2.981,16 € ;;;1; -   € ; -   € ; -   ;;;;; -   ;9;9;8;7; 30,42 € ;;;;;;;;;;;; 273,78 € ; 273,78 € ; 243,36 € ; 212,94 € ;126;126;112;98
627;NUOVA;615;312;;16:15;17:00;Rovereto - Pozzacchio;"scolastica 
da lunedì a venerdì";17,20;19; 174 ; 2.992,80 ;TODESCHI AUTONOLEGGI SRL;GA901ZZ;16;FG707GA;21;CJ625MG;15;  3100SV;ROVERETO (Via Savioli)       ;3253;POZZACCHIO                   ;12/09/2022;09/06/2023;;;scolastica lu-ve;;;;;x;x;x;x;x;x;;;;;;;;;;;;;; 51,60 € ;;;;;; 8.978,40 € ;1;;;;;;;; -   ;15;20;21;15; 51,60 € ;;;;;;;;;;;; 774,00 € ; 1.032,00 € ; 1.083,60 € ; 774,00 € ;258;344;361,2;258
628;;616;312;110;17:27;18:44;Rovereto-Camposilvano;"feriale 
da lunedì a venerdì";36;19; 252 ; 9.072,00 ;NICE srl;GA984ER;23;FN426MX;20;;;  3100SV;ROVERETO (Via Savioli)       ;3166;  CAMPOSILVANO                 ;01/09/2022;31/08/2023;;;annuale feriale lu-ve;;x;x;x;;x;x;x;x;x;;;;;;;;;;;;; 68,40 € ;;;;; -   € ; 17.236,80 € ;;1;;;; 3,60 € ; -   € ; 907 ;; -   ;22;21;21;20; 72,00 € ;;;;;;;;;;;; 1.584,00 € ; 1.512,00 € ; 1.512,00 € ; 1.440,00 € ;792;756;756;720
629;;617;312;128;18:20;19:05;Rovereto-Pozzacchio;"scolastica 
da lunedì a sabato";17;19; 208 ; 3.536,00 ;NICE srl;GC658CS;24;FN426MX;20;;;  3100SV;ROVERETO (Via Savioli)       ;3253;POZZACCHIO                   ;12/09/2022;09/06/2023;;;scolastica lu-sa;;;;;x;x;x;x;x;x;x;;;;;;;;;;;; 32,30 € ;;;;; -   € ; 6.718,40 € ;;1;;;; 1,70 € ; -   € ; 354 ;; -   ;17;25;25;18; 34,00 € ;;;;;;;;;;;; 578,00 € ; 850,00 € ; 850,00 € ; 612,00 € ;289;425;425;306
630;;618;312;130;19:30;20:15;Rovereto-Pozzacchio;"feriale 
da lunedì a venerdì";17;19; 252 ; 4.284,00 ;NICE srl;GA984ER;23;FN426MX;20;GC658CS;24;  3100SV;ROVERETO (Via Savioli)       ;3253;POZZACCHIO                   ;01/09/2022;31/08/2023;;;annuale feriale lu-ve;;x;x;x;;x;x;x;x;x;;;;;;;;;;;;; 32,30 € ;;;;; -   € ; 8.139,60 € ;;1;;;; 1,70 € ; -   € ; 428 ;; -   ;22;21;21;20; 34,00 € ;;;;;;;;;;;; 748,00 € ; 714,00 € ; 714,00 € ; 680,00 € ;374;357;357;340
631;;619;314;115;06:30;07:25;Ometto - Rovereto;"feriale non scolastica
da lunedì a sabato";27,00;20,00; 29 ; 783,00 ;FERSINA TOUR S.R.L;EY732LP;17;;;;;3240;OMETTO                       ;  3100VP;ROVERETO (Aut.-V.Paoli)      ;12/09/2022;23/06/2023;;;invernale feriale no scol lu-sa;;x;;x;;;;;;;;;;;;x;x;x;x;x;x; 65,43 € ;;;;;; 1.897,47 € ;;;1; -   € ; -   € ; -   ;;;; -   € ; -   ;0;1;0;7; 65,43 € ;;;;;;;;;;;; -   € ; 65,43 € ; -   € ; 458,01 € ;0;27;0;189
632;;620;314;114;07:25;08:10;Rovereto - Raossi;"feriale non scolastica 
da lunedì a venerdì";25,00;20,00; 26 ; 650,00 ;FERSINA TOUR S.R.L;EY732LP;17;;;;;3100;ROVERETO  (Autostaz.)        ;3164;RAOSSI                       ;12/09/2022;23/06/2023;;;invernale feriale no scol lu-ve;;x;;x;;;;;;;;;;;;x;x;x;x;x;; 44,29 € ;;;;;; 1.151,54 € ;;;1; 5,71 € ; -   € ; 148,46 € ;;;;; -   ;0;1;0;5; 50,00 € ;;;;;;;;;;;; -   € ; 50,00 € ; -   € ; 250,00 € ;0;25;0;125
633;;621;314;608;08:40;09:02;Raossi -Ometto;"feriale 
solo martedì mercoledì e venerdì";12,00;19; 156 ; 1.872,00 ;FERSINA TOUR S.R.L;EY732LP;17;;;;;3164;RAOSSI                       ;3240;OMETTO                       ;01/09/2022;31/08/2023;;;annuale feriale ma, me, ve;;x;x;x;;;x;x;;x;;;;;;;;;;;; 28,00 € ;;;;;; 4.368,00 € ;;;1; -   € ; -   € ; -   ;;;;; -   ;13;12;13;13; 28,00 € ;;;;;;;;;;;; 364,00 € ; 336,00 € ; 364,00 € ; 364,00 € ;156;144;156;156
634;;622;314;609;09:02;09:23;Ometto - Raossi;"feriale 
solo martedì mercoledì e venerdì";12,00;19; 156 ; 1.872,00 ;FERSINA TOUR S.R.L;EY732LP;17;;;;;3240;OMETTO                       ;3164;RAOSSI                       ;01/09/2022;31/08/2023;;;annuale feriale ma, me, ve;;x;x;x;;;x;x;;x;;;;;;;;;;;; 28,00 € ;;;;;; 4.368,00 € ;;;1; -   € ; -   € ; -   ;;;;; -   ;13;12;13;13; 28,00 € ;;;;;;;;;;;; 364,00 € ; 336,00 € ; 364,00 € ; 364,00 € ;156;144;156;156
635;;623;314;613;09:25;09:49;Raossi - Albaredo;"feriale 
solo martedì mercoledì e venerdì";15,00;19; 156 ; 2.340,00 ;FERSINA TOUR S.R.L;EY732LP;17;;;;;3164;RAOSSI                       ;3231;Albaredo                     ;01/09/2022;31/08/2023;;;annuale feriale ma, me, ve;;x;x;x;;;x;x;;x;;;;;;;;;;;; 35,00 € ;;;;;; 5.460,00 € ;;;1; -   € ; -   € ; -   ;;;;; -   ;13;12;13;13; 35,00 € ;;;;;;;;;;;; 455,00 € ; 420,00 € ; 455,00 € ; 455,00 € ;195;180;195;195
636;;624;314;612;09:49;10:13;Albaredo - Raossi;"feriale 
solo martedì mercoledì e venerdì";15,00;19; 156 ; 2.340,00 ;FERSINA TOUR S.R.L;EY732LP;17;;;;;3231;Albaredo                     ;3164;RAOSSI                       ;01/09/2022;31/08/2023;;;annuale feriale ma, me, ve;;x;x;x;;;x;x;;x;;;;;;;;;;;; 35,00 € ;;;;;; 5.460,00 € ;;;1; -   € ; -   € ; -   ;;;;; -   ;13;12;13;13; 35,00 € ;;;;;;;;;;;; 455,00 € ; 420,00 € ; 455,00 € ; 455,00 € ;195;180;195;195
637;;625;314;610;10:30;10:52;Raossi - Ometto;"feriale 
solo martedì mercoledì e venerdì";12,00;19; 156 ; 1.872,00 ;FERSINA TOUR S.R.L;EY732LP;17;;;;;3164;RAOSSI                       ;3240;OMETTO                       ;01/09/2022;31/08/2023;;;annuale feriale ma, me, ve;;x;x;x;;;x;x;;x;;;;;;;;;;;; 28,00 € ;;;;;; 4.368,00 € ;;;1; -   € ; -   € ; -   ;;;;; -   ;13;12;13;13; 28,00 € ;;;;;;;;;;;; 364,00 € ; 336,00 € ; 364,00 € ; 364,00 € ;156;144;156;156
638;;626;314;611;10:52;11:13;Ometto - Raossi;"feriale 
solo martedì mercoledì e venerdì";12,00;19; 156 ; 1.872,00 ;FERSINA TOUR S.R.L;EY732LP;17;;;;;3240;OMETTO                       ;3164;RAOSSI                       ;01/09/2022;31/08/2023;;;annuale feriale ma, me, ve;;x;x;x;;;x;x;;x;;;;;;;;;;;; 28,00 € ;;;;;; 4.368,00 € ;;;1; -   € ; -   € ; -   ;;;;; -   ;13;12;13;13; 28,00 € ;;;;;;;;;;;; 364,00 € ; 336,00 € ; 364,00 € ; 364,00 € ;156;144;156;156
639;;627;314;615;11:30;11:54;Raossi - Albaredo;"feriale 
solo martedì mercoledì e venerdì";15,00;19; 156 ; 2.340,00 ;FERSINA TOUR S.R.L;EY732LP;17;;;;;3164;RAOSSI                       ;3231;Albaredo                     ;01/09/2022;31/08/2023;;;annuale feriale ma, me, ve;;x;x;x;;;x;x;;x;;;;;;;;;;;; 35,00 € ;;;;;; 5.460,00 € ;;;1; -   € ; -   € ; -   ;;;;; -   ;13;12;13;13; 35,00 € ;;;;;;;;;;;; 455,00 € ; 420,00 € ; 455,00 € ; 455,00 € ;195;180;195;195
640;;628;314;614;11:54;12:18;Albaredo - Raossi;"feriale 
solo martedì mercoledì e venerdì";15,00;19; 156 ; 2.340,00 ;FERSINA TOUR S.R.L;EY732LP;17;;;;;3231;Albaredo                     ;3164;RAOSSI                       ;01/09/2022;31/08/2023;;;annuale feriale ma, me, ve;;x;x;x;;;x;x;;x;;;;;;;;;;;; 35,00 € ;;;;;; 5.460,00 € ;;;1; -   € ; -   € ; -   ;;;;; -   ;13;12;13;13; 35,00 € ;;;;;;;;;;;; 455,00 € ; 420,00 € ; 455,00 € ; 455,00 € ;195;180;195;195
641;;629;315;99;06:35;07:18;Serrada - Terragnolo - Rovereto F.S.;"festiva 
estiva";20,00;19; 13 ; 260,00 ;VALDUGA FRANCESCO;ED930MM;20;FL716HC;23;FT534CV (Stenghele);33;  3047RR;SERRADA;  3100FS;ROVERETO (Staz.F.S.);01/01/2022;11/09/2022;24/06/2023;31/08/2023;estiva festiva;;;x;;;;;;;;;x;;;;;;;;;; 63,39 € ;;;;;; 824,07 € ;;;1; -   € ; -   € ; -   ;;;; -   € ; -   ;2;0;0;; 63,39 € ;;;;;;;;;;;; 126,78 € ; -   € ; -   € ; -   € ;40;0;0;0
642;;630;315;333;06:53;07:03;Geroli - Piazza di Terragnolo - Zencheri           (ore 6.50 prolungamento per Valle e Costa);"scolastica 
da lunedì a sabato";13,00;17; 208 ; 2.704,00 ;VALDUGA FRANCESCO;ED930MM;20;GE316VX (Busmania);31;FN191MX (Pedrinolla Gr.);29;3213;Geroli                       ;3209;PIAZZA DI TERRAGNOLO         ;12/09/2022;09/06/2023;;;scolastica lu-sa;;;;;x;x;x;x;x;x;x;;;;;;;;;;; 61,25 € ;;;;;; 12.740,00 € ;;;1; -   € ; -   € ; -   ;;;; -   € ; -   ;17;25;25;18; 61,25 € ;;;;;;;;;;;; 1.041,25 € ; 1.531,25 € ; 1.531,25 € ; 1.102,50 € ;221;325;325;234
643;;631;315;951;09:00;09:38;Zoreri-Piazza Terragnolo-Rovereto;"feriale invernale 
martedì e giovedì";20,00;19; 80 ; 1.600,00 ;BUS MANIA SRL ;EX673MT;21;GE316VX;31;FN191MX (Pedrinolla Gr.);29;3210;Zoreri-Soldati               ;  3100FS;ROVERETO (Staz.F.S.);12/09/2022;23/06/2023;;;invernale feriale ma, gio;;x;;x;;;x;;x;;;;;;;;;;;;; 36,00 € ;;;;;; 2.880,00 € ;;;1; 4,00 € ; -   € ; 320,00 € ;;;;; -   ;6;8;8;8; 40,00 € ;;;;;;;;;;;; 240,00 € ; 320,00 € ; 320,00 € ; 320,00 € ;120;160;160;160
644;;632;315;951;09:00;09:38;Zoreri-Piazza Terragnolo-Rovereto;"estiva 
martedì feriale";20,00;29; 11 ; 220,00 ;BUS MANIA SRL ;EX673MT;21;GE316VX;31;FN191MX (Pedrinolla Gr.);29;3210;Zoreri-Soldati               ;  3100FS;ROVERETO (Staz.F.S.);01/01/2022;11/09/2022;24/06/2023;31/08/2023;estiva feriale ma;;;x;x;;;x;;;;;;;;;;;;;;; 60,00 € ;;;;;; 660,00 € ;;;1; -   € ; -   € ; -   ;;;;; -   ;1;0;0;; 60,00 € ;;;;;;;;;;;; 60,00 € ; -   € ; -   € ; -   € ;20;0;0;0
645;;633;315;94;10:10;11:05;Rovereto-Terragnolo - Serrada - Folgaria;"festiva 
estiva";25,00;19; 13 ; 325,00 ;VALDUGA FRANCESCO;ED930MM;20;FL716HC;23;;;  3100FR;ROVERETO (Staz.F.S.);  3045PG;Folgaria (Via Battisti)      ;01/01/2022;11/09/2022;24/06/2023;31/08/2023;estiva festiva;;;x;;;;;;;;;x;;;;;;;;;; 63,39 € ;;;;;; 824,07 € ;;;1; -   € ; -   € ; -   ;;;;; -   ;2;0;0;; 63,39 € ;;;;;;;;;;;; 126,78 € ; -   € ; -   € ; -   € ;50;0;0;0
646;;634;315;952;11:30;12:08;Rovereto-Piazza Terragnolo - Zoreri;"feriale invernale 
martedì e giovedì";20,00;19; 80 ; 1.600,00 ;BUS MANIA SRL ;EX673MT;21;GE316VX;31;FN191MX (Pedrinolla Gr.);29;  3100FR;ROVERETO (Staz.F.S.);3210;Zoreri-Soldati               ;12/09/2022;23/06/2023;;;invernale feriale ma, gio;;x;;x;;;x;;x;;;;;;;;;;;;; 36,00 € ;;;;;; 2.880,00 € ;;;1; 4,00 € ; -   € ; 320,00 € ;;;;; -   ;6;8;8;8; 40,00 € ;;;;;;;;;;;; 240,00 € ; 320,00 € ; 320,00 € ; 320,00 € ;120;160;160;160
647;;635;315;952;11:30;12:08;Rovereto-Piazza Terragnolo - Zoreri;"estiva 
martedì feriale";20,00;29; 11 ; 220,00 ;BUS MANIA SRL ;EX673MT;21;GE316VX;31;FN191MX (Pedrinolla Gr.);29;  3100FR;ROVERETO (Staz.F.S.);3210;Zoreri-Soldati               ;01/01/2022;11/09/2022;24/06/2023;31/08/2023;estiva feriale ma;;;x;x;;;x;;;;;;;;;;;;;;; 60,00 € ;;;;;; 660,00 € ;;;1; -   € ; -   € ; -   ;;;;; -   ;1;0;0;; 60,00 € ;;;;;;;;;;;; 60,00 € ; -   € ; -   € ; -   € ;20;0;0;0
648;;636;315;335;14:00;14:32;Piazza di Terragnolo -Zoreri - Geroli;"scolastica 
da lunedì a sabato";7,00;17; 208 ; 1.456,00 ;VALDUGA FRANCESCO;ED930MM;20;GE316VX (Busmania);31;FN191MX (Pedrinolla Gr.);29;3209;PIAZZA DI TERRAGNOLO         ;3213;Geroli                       ;12/09/2022;09/06/2023;;;scolastica lu-sa;;;;;x;x;x;x;x;x;x;;;;;;;;;;; 42,43 € ;;;;;; 8.825,44 € ;;;1; -   € ; -   € ; -   ;;;;; -   ;17;25;25;18; 42,43 € ;;;;;;;;;;;; 721,31 € ; 1.060,75 € ; 1.060,75 € ; 763,74 € ;119;175;175;126
649;;637;315;953;15:45;16:23;Zoreri-Piazza Terragnolo-Rovereto;"invernale
da lunedì a venerdì";20,00;19; 202 ; 4.040,00 ;BUS MANIA SRL ;EX673MT;21;GE316VX;31;FN191MX (Pedrinolla Gr.);29;3210;Zoreri-Soldati               ;  3100FS;ROVERETO (Staz.F.S.);12/09/2022;23/06/2023;;;invernale feriale lu-ve;;x;;x;;x;x;x;x;x;;;;;;;;;;;; 36,00 € ;;;;;; 7.272,00 € ;;;1; 4,00 € ; -   € ; 808,00 € ;;;;; -   ;15;21;21;20; 40,00 € ;;;;;;;;;;;; 600,00 € ; 840,00 € ; 840,00 € ; 800,00 € ;300;420;420;400
650;;638;315;954;16:35;17:13;Rovereto-Piazza Terragnolo - Zoreri;"invernale
da lunedì a venerdì";20,00;19; 202 ; 4.040,00 ;BUS MANIA SRL ;EX673MT;21;GE316VX;31;FN191MX (Pedrinolla Gr.);29;  3100FR;ROVERETO (Staz.F.S.);3210;Zoreri-Soldati               ;12/09/2022;23/06/2023;;;invernale feriale lu-ve;;x;;x;;x;x;x;x;x;;;;;;;;;;;; 36,00 € ;;;;;; 7.272,00 € ;;;1; 4,00 € ; -   € ; 808,00 € ;;;;; -   ;15;21;21;20; 40,00 € ;;;;;;;;;;;; 600,00 € ; 840,00 € ; 840,00 € ; 800,00 € ;300;420;420;400
651;;639;334;539;08:17;08:26;Vò Sinistro - Ala Fs;"scolastica 
da lunedì a sabato";4;19; 208 ; 832,00 ;PEDRINOLLA GRAZIANO s.r.l.;FV978FS;22;FN191MX;29;FH120DD;21;  3358PL;Vo' Sinistro (Pass.Livello)  ;  3346FS;ALA (Staz. FS)               ;12/09/2022;09/06/2023;;;scolastica lu-sa;;;;;x;x;x;x;x;x;x;;;;;;;;;;;;;;PEDRINOLLA GRAZIANO s.r.l. 2;;; -   € ;;;1;;;;;;;; -   ;17;25;25;18; -   € ; mensile ;1;;1;;1;;1;; 2.500,00 € ;; 2.500,00 € ; 2.500,00 € ; 2.500,00 € ; 2.500,00 € ;68;100;100;72
652;km corretti da capitolato;640;334;276;09:39;09:53;Ala Fs - Avio;"scolastica 
da lunedì a sabato";16;19; 208 ; 3.328,00 ;PEDRINOLLA GRAZIANO s.r.l.;FV978FS;22;FN191MX;29;FH120DD;21;  3346FS;ALA (Staz. FS)               ;  3350VB;AVIO (Via M.Baldo)           ;12/09/2022;09/06/2023;;;scolastica lu-sa;;;;;x;x;x;x;x;x;x;;;;;;;;;;;;;;PEDRINOLLA GRAZIANO s.r.l. 2;;32; -   € ;;;1;;;;;;;; -   ;17;25;25;18; -   € ;scolastica lu-sa;17;;25;;25;;18;; 69,00 € ;; 1.173,00 € ; 1.725,00 € ; 1.725,00 € ; 1.242,00 € ;272;400;400;288
653;;641;334;405;09:59;10:29;Avio - Ala Fs;"scolastica 
da lunedì a sabato";19,3;19; 208 ; 4.014,40 ;PEDRINOLLA GRAZIANO s.r.l.;FV978FS;22;FN191MX;29;FH120DD;21;  3350CC;Avio (carabinieri)           ;  3346FS;ALA (Staz. FS)               ;12/09/2022;09/06/2023;;;scolastica lu-sa;;;;;x;x;x;x;x;x;x;;;;;;;;;;;;;;PEDRINOLLA GRAZIANO s.r.l. 2;;33; -   € ;;;1;;;;;;;; -   ;17;25;25;18; -   € ;;;;;;;;;;;; -   € ; -   € ; -   € ; -   € ;328,1;482,5;482,5;347,4
654;;642;334;87;11:05;11:28;Ala Fs-Serravalle-Chizzola-Pilcante;"scolastica 
da lunedì a venerdì";14;19; 174 ; 2.436,00 ;PEDRINOLLA GRAZIANO s.r.l.;FV978FS;22;FN191MX;29;FH120DD;21;  3346FS;ALA (Staz. FS)               ;3367;Pilcante                     ;12/09/2022;09/06/2023;;;scolastica lu-ve;;;;;x;x;x;x;x;x;;;;;;;;;;;;;;;PEDRINOLLA GRAZIANO s.r.l. 1;;; -   € ;;;1;;;;;;;; -   ;15;20;21;15; -   € ; mensile ;1;;1;;1;;1;; 2.500,00 € ;; 2.500,00 € ; 2.500,00 € ; 2.500,00 € ; 2.500,00 € ;210;280;294;210
655;;643;334;197;13:56;14:04;Vò Sinistro - Ala Fs;"scolastica 
da lunedì a sabato";4;19; 208 ; 832,00 ;PEDRINOLLA GRAZIANO s.r.l.;FV978FS;22;FN191MX;29;FH120DD;21;  3358PL;Vo' Sinistro (Pass.Livello)  ;  3346FS;ALA (Staz. FS)               ;12/09/2022;09/06/2023;;;scolastica lu-sa;;;;;x;x;x;x;x;x;x;;;;;;;;;;;;;;PEDRINOLLA GRAZIANO s.r.l. 1;;; -   € ;;;1;;;;;;;; -   ;17;25;25;18; -   € ;;;;;;;;;;;; -   € ; -   € ; -   € ; -   € ;68;100;100;72
656;;644;334;201;14:31;15:02;Avio CC - Ala FS;"scolastica 
da lunedì a venerdì";19,3;19; 174 ; 3.358,20 ;PEDRINOLLA GRAZIANO s.r.l.;FV978FS;22;FN191MX;29;FH120DD;21;  3350CC;Avio (carabinieri)           ;  3346FS;ALA (Staz. FS)               ;12/09/2022;09/06/2023;;;scolastica lu-ve;;;;;x;x;x;x;x;x;;;;;;;;;;;;;;;PEDRINOLLA GRAZIANO s.r.l. 2;;34; -   € ;;;1;;;;;;;; -   ;15;20;21;15; -   € ;;;;;;;;;;;; -   € ; -   € ; -   € ; -   € ;289,5;386;405,3;289,5
657;sostituisce corsa 401 linea 334 da Avio;645;334;401;16:37;16:46;Vò Sinistro - Ala Fs;"scolastica 
 sabato";10;19; 34 ; 340,00 ;sostituita Pedrinolla Graziano srl;FV978FS;22;FN191MX;29;FH120DD;21;  3350VB;AVIO (Via M.Baldo)           ;  3346FS;ALA (Staz. FS)               ;12/09/2022;04/11/2022;;;scolastica sab;;;;;x;;;;;;x;;;;;;;;;;;;;;PEDRINOLLA GRAZIANO s.r.l. 2;;35; -   € ;;;1;;;;;;;; -   ;2;5;;; -   € ;;;;;;;;;;;; -   € ; -   € ; -   € ; -   € ;20;50;0;0
658;;646;334;278;17:54;18:09;Avio - Masi d'Avio;"scolastica 
da lunedì a venerdì";10,3;19; 174 ; 1.792,20 ;PEDRINOLLA GRAZIANO s.r.l.;FV978FS;22;FN191MX;29;FH120DD;21;  3350VB;AVIO (Via M.Baldo)           ;3354;MASI D'AVIO                  ;12/09/2022;09/06/2023;;;scolastica lu-ve;;;;;x;x;x;x;x;x;;;;;;;;;;;;;;;PEDRINOLLA GRAZIANO s.r.l. 2;;36; -   € ;;;1;;;;;;;; -   ;15;20;21;15; -   € ;;;;;;;;;;;; -   € ; -   € ; -   € ; -   € ;154,5;206;216,3;154,5
659;;647;334;211;18:10;18:23;Masi d'Avio - Ala Fs;"scolastica 
da lunedì a venerdì";8;19; 174 ; 1.392,00 ;PEDRINOLLA GRAZIANO s.r.l.;FV978FS;22;FN191MX;29;FH120DD;21;3354;MASI D'AVIO                  ;  3346FS;ALA (Staz. FS)               ;12/09/2022;09/06/2023;;;scolastica lu-ve;;;;;x;x;x;x;x;x;;;;;;;;;;;;;;;PEDRINOLLA GRAZIANO s.r.l. 2;;37; -   € ;;;1;;;;;;;; -   ;15;20;21;15; -   € ;;;;;;;;;;;; -   € ; -   € ; -   € ; -   € ;120;160;168;120
660;;648;334;402;18:29;18:44;Avio - Masi d'Avio;"scolastica 
da lunedì a sabato";10,3;19; 208 ; 2.142,40 ;PEDRINOLLA GRAZIANO s.r.l.;FV978FS;22;FN191MX;29;FH120DD;21;  3350VB;AVIO (Via M.Baldo)           ;3354;MASI D'AVIO                  ;12/09/2022;09/06/2023;;;scolastica lu-sa;;;;;x;x;x;x;x;x;x;;;;;;;;;;;;;;PEDRINOLLA GRAZIANO s.r.l. 2;;38; -   € ;;;1;;;;;;;; -   ;17;25;25;18; -   € ;;;;;;;;;;;; -   € ; -   € ; -   € ; -   € ;175,1;257,5;257,5;185,4
661;;649;307;282;09:40;10:12;Ala-Serravalle-Chizzola-Ala;"scolastica 
da lunedì a venerdì";17;19; 174 ; 2.958,00 ;PEDRINOLLA GRAZIANO s.r.l.;FV978FS;22;FN191MX;29;FH120DD;21;  3346OR;ALA (Ospedale bivio);  3346OR;ALA (Ospedale bivio).        ;12/09/2022;09/06/2023;;;scolastica lu-ve;;;;;x;x;x;x;x;x;;;;;;;;;;;;;;;PEDRINOLLA GRAZIANO s.r.l. 1;;; -   € ;;;1;;;;;;;; -   ;15;20;21;15; -   € ;;;;;;;;;;;; -   € ; -   € ; -   € ; -   € ;255;340;357;255
662;;650;335;182;10:46;10:55;Ala Fs - Vò Sinistro;"scolastica 
da lunedì a sabato";4;19; 208 ; 832,00 ;PEDRINOLLA GRAZIANO s.r.l.;FV978FS;22;FN191MX;29;FH120DD;21;  3346FS;ALA (Staz. FS)               ;  3358PL;Vo' Sinistro (Pass.Livello)  ;12/09/2022;09/06/2023;;;scolastica lu-sa;;;;;x;x;x;x;x;x;x;;;;;;;;;;;;;;PEDRINOLLA GRAZIANO s.r.l. 1;;39; -   € ;;;1;;;;;;;; -   ;17;25;25;18; -   € ;;;;;;;;;;;; -   € ; -   € ; -   € ; -   € ;68;100;100;72
663;;651;335;198;15:45;15:54;Ala Fs - Vò Sinistro;"scolastica 
da lunedì a sabato";4;19; 208 ; 832,00 ;PEDRINOLLA GRAZIANO s.r.l.;FV978FS;22;FN191MX;29;FH120DD;21;  3346FS;ALA (Staz. FS)               ;  3358PL;Vo' Sinistro (Pass.Livello)  ;12/09/2022;09/06/2023;;;scolastica lu-sa;;;;;x;x;x;x;x;x;x;;;;;;;;;;;;;;PEDRINOLLA GRAZIANO s.r.l. 1;;40; -   € ;;;1;;;;;;;; -   ;17;25;25;18; -   € ;;;;;;;;;;;; -   € ; -   € ; -   € ; -   € ;68;100;100;72
664;;652;335;208;19:05;19:42;Ala Fs-Avio;"scolastica 
da lunedì a sabato";19,3;19; 208 ; 4.014,40 ;PEDRINOLLA GRAZIANO s.r.l.;FV978FS;22;FN191MX;29;FH120DD;21;  3346FS;ALA (Staz. FS)               ;  3350VB;AVIO (Via M.Baldo)           ;12/09/2022;09/06/2023;;;scolastica lu-sa;;;;;x;x;x;x;x;x;x;;;;;;;;;;;;;;PEDRINOLLA GRAZIANO s.r.l. 2;;41; -   € ;;;1;;;;;;;; -   ;17;25;25;18; -   € ;;;;;;;;;;;; -   € ; -   € ; -   € ; -   € ;328,1;482,5;482,5;347,4
665;km corretti da capitolato;653;335;208;19:42;19:54;Avio-Ala Fs;"scolastica 
da lunedì a sabato";19,3;19; 208 ; 4.014,40 ;PEDRINOLLA GRAZIANO s.r.l.;FV978FS;22;FN191MX;29;FH120DD;21;  3350VB;AVIO (Via M.Baldo)           ;  3346FS;ALA (Staz. FS)               ;12/09/2022;09/06/2023;;;scolastica lu-sa;;;;;x;x;x;x;x;x;x;;;;;;;;;;;;;;PEDRINOLLA GRAZIANO s.r.l. 2;;42; -   € ;;;1;;;;;;;; -   ;17;25;25;18; -   € ;;;;;;;;;;;; -   € ; -   € ; -   € ; -   € ;328,1;482,5;482,5;347,4
666;;654;335;210;19:58;20:27;Ala Fs-Avio;"scolastica 
da lunedì a sabato";19,3;19; 208 ; 4.014,40 ;PEDRINOLLA GRAZIANO s.r.l.;FV978FS;22;FN191MX;29;FH120DD;21;  3346FS;ALA (Staz. FS)               ;  3350CC;Avio (carabinieri)           ;12/09/2022;09/06/2023;;;scolastica lu-sa;;;;;x;x;x;x;x;x;x;;;;;;;;;;;;;;PEDRINOLLA GRAZIANO s.r.l. 2;;43; -   € ;;;1;;;;;;;; -   ;17;25;25;18; -   € ;;;;;;;;;;;; -   € ; -   € ; -   € ; -   € ;328,1;482,5;482,5;347,4
667;;655;336;791;06:33;06:49;Ronchi di Ala (Ponzolotti) - Ala F.S.;"scolastica 
da lunedì a sabato";9,50;8; 208 ; 1.976,00 ;PEDRINOLLA FABRIZIO;FT944AZ;9;GA991ZZ;9;FW865WP;9;  3337PO;Ponzolotti                   ;  3346FS;ALA (Staz. FS)               ;12/09/2022;09/06/2023;;;scolastica lu-sa;;;;;x;x;x;x;x;x;x;;;;;;;;;;; 30,37 € ;;;;;; 6.316,96 € ;;;1; -   € ; -   € ; -   ;;;; -   € ; -   ;17;25;25;18; 30,37 € ;;;;;;;;;;;; 516,29 € ; 759,25 € ; 759,25 € ; 546,66 € ;161,5;237,5;237,5;171
668;;656;336;786;07:05;07:19;Ala F.S.- Ronchi di Ala;"invernale
lunedì-sabato";6,70;29; 240 ; 1.608,00 ;PEDRINOLLA GRAZIANO s.r.l.;FV978FS;22;FN191MX;29;FH120DD;21;  3346FS;ALA (Staz. FS)               ;3337;Ronchi di Ala                ;12/09/2022;23/06/2023;;;invernale feriale lu-sa;;x;;x;;x;x;x;x;x;x;;;;;;;;;;; 21,77 € ;;;;;; 5.224,80 € ;;;1; -   € ; -   € ; -   ;;;;; -   ;17;26;25;25; 21,77 € ;;;;;;;;;;;; 370,09 € ; 566,02 € ; 544,25 € ; 544,25 € ;113,9;174,2;167,5;167,5
669;;657;336;787;07:25;07:45;Ronchi di Ala (Ponzolotti) - Ala F.S.;feriale;7,00;29; 304 ; 2.128,00 ;PEDRINOLLA GRAZIANO s.r.l.;FV978FS;22;FN191MX;29;FH120DD;21;  3337PO;Ponzolotti                   ;  3346FS;ALA (Staz. FS)               ;01/09/2022;31/08/2023;;;annuale feriale lu-sa;;x;x;x;;x;x;x;x;x;x;;;;;;;;;;; 29,41 € ;;;;;; 8.940,64 € ;;;1; -   € ; -   € ; -   ;;;;; -   ;26;26;25;25; 29,41 € ;;;;;;;;;;;; 764,66 € ; 764,66 € ; 735,25 € ; 735,25 € ;182;182;175;175
670;;658;336;788;13:13;13:32;Ala - Ronchi di Ala -Ponzolotti;feriale;7,70;29; 304 ; 2.340,80 ;PEDRINOLLA GRAZIANO s.r.l.;FV978FS;22;FN191MX;29;FH120DD;21;  3346FS;ALA (Staz. FS)               ;  3337PO;Ponzolotti                   ;01/09/2022;31/08/2023;;;annuale feriale lu-sa;;x;x;x;;x;x;x;x;x;x;;;;;;;;;;; 29,41 € ;;;;;; 8.940,64 € ;;;1; -   € ; -   € ; -   ;;;;; -   ;26;26;25;25; 29,41 € ;;;;;;;;;;;; 764,66 € ; 764,66 € ; 735,25 € ; 735,25 € ;200,2;200,2;192,5;192,5
671;;659;336;789;13:32;13:47;Ponzolotti - Ronchi di Ala -  Ala F.S.;feriale;7,70;29; 304 ; 2.340,80 ;PEDRINOLLA GRAZIANO s.r.l.;FV978FS;22;FN191MX;29;FH120DD;21;  3337PO;Ponzolotti                   ;  3346FS;ALA (Staz. FS)               ;01/09/2022;31/08/2023;;;annuale feriale lu-sa;;x;x;x;;x;x;x;x;x;x;;;;;;;;;;; 18,05 € ;;;;;; 5.487,20 € ;;;1; -   € ; -   € ; -   ;;;;; -   ;26;26;25;25; 18,05 € ;;;;;;;;;;;; 469,30 € ; 469,30 € ; 451,25 € ; 451,25 € ;200,2;200,2;192,5;192,5
672;;660;336;794;14:10;14:30;Ala F.S. - Ronchi di Ala + (Ponzolotti);"scolastica 
da lunedì a sabato";7,70;8; 208 ; 1.601,60 ;PEDRINOLLA FABRIZIO;FT944AZ;9;GA991ZZ;9;FW865WP;9;  3346FS;ALA (Staz. FS)               ;  3337PO;Ponzolotti                   ;12/09/2022;09/06/2023;;;scolastica lu-sa;;;;;x;x;x;x;x;x;x;;;;;;;;;;; 13,86 € ;;;;;; 2.882,88 € ;;;1; 1,54 € ; -   € ; 320,32 € ;;;;; -   ;17;25;25;18; 15,40 € ;;;;;;;;;;;; 261,80 € ; 385,00 € ; 385,00 € ; 277,20 € ;130,9;192,5;192,5;138,6
673;;661;336;803;14:30;14:45;(Ponzolotti) + Ronchi di Ala - Ala F.S.;"scolastica 
da lunedì a sabato";7,70;8; 208 ; 1.601,60 ;PEDRINOLLA FABRIZIO;FT944AZ;9;GA991ZZ;9;FW865WP;9;  3337PO;Ponzolotti                   ;  3346FS;ALA (Staz. FS)               ;12/09/2022;09/06/2023;;;scolastica lu-sa;;;;;x;x;x;x;x;x;x;;;;;;;;;;; 13,86 € ;;;;;; 2.882,88 € ;;;1; 1,54 € ; -   € ; 320,32 € ;;;;; -   ;17;25;25;18; 15,40 € ;;;;;;;;;;;; 261,80 € ; 385,00 € ; 385,00 € ; 277,20 € ;130,9;192,5;192,5;138,6
674;;662;336;790;17:10;17:27;Ala F.S. - Ronchi di Ala ( Ponzolotti);"scolastica 
da lunedì a venerdì; 
non scolastici 
solo lun-merc-ven  ";7,70;8; 188 ; 1.447,60 ;PEDRINOLLA GRAZIANO s.r.l.;FV978FS;22;FN191MX;29;FH120DD  FY870HP;21                                    9;  3346FS;ALA (Staz. FS)               ;  3337PO;Ponzolotti                   ;12/09/2022;09/06/2023;;;scolastica lu-ve + non scol lu, me, ve;;;;;x;x;x;x;x;x;;;;;;x;;x;;x;; 24,00 € ;;;;;; 4.512,00 € ;;;1; -   € ; -   € ; -   ;;;;; -   ;15;21;21;18; 24,00 € ;;;;;;;;;;;; 360,00 € ; 504,00 € ; 504,00 € ; 432,00 € ;115,5;161,7;161,7;138,6
675;;663;336;805;17:27;17:42;(Ponzolotti)+Ronchi di Ala - Ala F.S.;"scolastica 
da lunedì a venerdì; 
non scolastici 
solo lun-merc-ven  ";7,70;8; 188 ; 1.447,60 ;PEDRINOLLA GRAZIANO s.r.l.;FV978FS;22;FN191MX;29;FH120DD  FY870HP;21                                    9;3337;Ronchi di Ala                ;  3346FS;ALA (Staz. FS)               ;12/09/2022;09/06/2023;;;scolastica lu-ve + non scol lu, me, ve;;;;;x;x;x;x;x;x;;;;;;x;;x;;x;; 15,40 € ;;;;;; 2.895,20 € ;;;1; -   € ; -   € ; -   ;;;;; -   ;15;21;21;18; 15,40 € ;;;;;;;;;;;; 231,00 € ; 323,40 € ; 323,40 € ; 277,20 € ;115,5;161,7;161,7;138,6
676;;664;401;122;06:50;07:19;Levico T. - Borgo V.;scolastica solo sabato;17;19; 34 ; 578,00 ;MARTINA MATTEO;EK645JA;33;EJ855RC (Fersina Tour);34;;;4300;LEVICO T.  (Autostaz.)       ;  4400VA;BORGO VALS. (Valli)          ;12/09/2022;09/06/2023;;;scolastica sab;;;;;x;;;;;;x;;;;;;;;;;;;;;MARTINA MATTEO 4;;; -   € ;;;1;;;;;;;; -   ;2;5;4;3; -   € ; scolastica sab ;2;;5;;4;;3;; 385,00 € ;; 770,00 € ; 1.925,00 € ; 1.540,00 € ; 1.155,00 € ;34;85;68;51
677;;665;401;122;06:50;07:19;Levico T. - Borgo V.;invernale non scolastico lunedì-venerdì;17;19; 26 ; 442,00 ;MARTINA MATTEO;EK645JA;33;EJ855RC (Fersina Tour);34;;;4300;LEVICO T.  (Autostaz.)       ;  4400VA;BORGO VALS. (Valli)          ;12/09/2022;23/06/2023;;;invernale feriale no scol lu-ve;;x;;x;;;;;;;;;;;;x;x;x;x;x;;;;;MARTINA MATTEO 3;;; -   € ;;;1;;;;;;;; -   ;0;1;0;5; -   € ; invernale feriale no scol lu-sa ;0;;1;;0;;7;; 165,00 € ;; -   € ; 165,00 € ; -   € ; 1.155,00 € ;0;17;0;85
678;;666;401;507;07:55;08:50;Borgo-Levico-Caldonazzo-Trento;"invernale
da lunedì a venerdì";49,00;50; 202 ; 9.898,00 ;MARTINA MATTEO ;FF601CS;61;FR576WM;62;;;4400;BORGO V.(C.Intermodale)      ;1;TRENTO (Autostaz.)         ;12/09/2022;23/06/2023;;;invernale feriale lu-ve;;x;;x;;x;x;x;x;x;;;;;;;;;;;; 88,20 € ;;;;;; 17.816,40 € ;;;2;;;;;;;; -   ;15;21;21;20; 88,20 € ;;;;;;;;;;;; 1.323,00 € ; 1.852,20 € ; 1.852,20 € ; 1.764,00 € ;735;1029;1029;980
679;;667;401;134;10:15;11:21;Trento-Pergine-gallerie-Levico-Borgo;"festiva 
estiva";37,00;40; 13 ; 481,00 ;CLUB DELLAI S.R.L.;FF899CS;42;FA981GW (Planchel);45;FA989GW (Perini);48;1;TRENTO   (Autostaz.)         ;4400;BORGO V.(C.Intermodale)      ;01/01/2022;11/09/2022;24/06/2023;31/08/2023;estiva festiva;;;x;;;;;;;;;x;;;;;;;;;; 111,00 € ;;;;;; 1.443,00 € ;;;2; -   € ; -   € ; -   ;;;;; -   ;2;0;0;; 111,00 € ;;;;;;;;;;;; 222,00 € ; -   € ; -   € ; -   € ;74;0;0;0
680;;668;401;147;11:30;12:43;Borgo-Levico-Caldonazzo-Trento;"festiva 
estiva";41,00;40; 13 ; 533,00 ;CLUB DELLAI S.R.L.;FF899CS;42;FA981GW (Planchel);45;FA989GW (Perini);48;4400;BORGO V.(C.Intermodale)      ;1;TRENTO (Autostaz.)         ;01/01/2022;11/09/2022;24/06/2023;31/08/2023;estiva festiva;;;x;;;;;;;;;x;;;;;;;;;; 123,00 € ;;;;;; 1.599,00 € ;;;2; -   € ; -   € ; -   ;;;;; -   ;2;0;0;; 123,00 € ;;;;;;;;;;;; 246,00 € ; -   € ; -   € ; -   € ;82;0;0;0
681;;669;401;507;13:10;14:20;Borgo-Levico-Caldonazzo-Trento;"feriale estiva
da lunedì a venerdì";49,00;50; 55 ; 2.695,00 ;MARTINA MATTEO ;FF601CS;61;FR576WM;62;;;  4400VA;BORGO VALS. (Valli)          ;1;TRENTO (Autostaz.)         ;01/01/2022;11/09/2022;24/06/2023;31/08/2023;estiva feriale lu-ve;;;x;x;;x;x;x;x;x;;;;;;;;;;;; 88,20 € ;;;;;; 4.851,00 € ;;;2;;;;;;;; -   ;7;0;0;; 88,20 € ;;;;;;;;;;;; 617,40 € ; -   € ; -   € ; -   € ;343;0;0;0
682;;670;401;266;16:50;17:15;Levico - Borgo Valsugana;"estiva feriale 
dal lunedì al venerdì";17,50;8; 55 ; 962,50 ;MARGON DIEGO;EP445NZ;9;EX952HC;9;;;4300;LEVICO T.  (Autostaz.)       ;4400;BORGO V.(C.Intermodale)      ;01/01/2022;11/09/2022;24/06/2023;31/08/2023;estiva feriale lu-ve;;;x;x;;x;x;x;x;x;;;;;;;;;;;; 35,00 € ;;;;;; 1.925,00 € ;;;1; -   € ; -   € ; -   ;;;;; -   ;7;0;0;; 35,00 € ;;;;;;;;;;;; 245,00 € ; -   € ; -   € ; -   € ;122,5;0;0;0
683;;671;401;410;18:35;18:57;Trento - Pergine;"Estiva
lunedì-venerdì";11,50;50; 55 ; 632,50 ;FERSINA TOUR S.R.L;FR777WP;57+18 in piedi;FE205HG;57;FY999HP;56;1;TRENTO   (Autostaz.)         ;  4100CI;PERGINE (C.Intermodale)      ;01/01/2022;11/09/2022;24/06/2023;31/08/2023;estiva feriale lu-ve;;;x;x;;x;x;x;x;x;;;;;;;;;;;; 34,50 € ;;;;;; 1.897,50 € ;;;2; -   € ; -   € ; -   ;;;;; -   ;7;0;0;; 34,50 € ;;;;;;;;;;;; 241,50 € ; -   € ; -   € ; -   € ;80,5;0;0;0
684;;672;401;172;19:15;20:22;Trento-Borgo V.;"feriale 
da lunedì a venerdì";41;50; 252 ; 10.332,00 ;MARTINA MATTEO;FF601CS;61;FR576WM;62;;;1;TRENTO   (Autostaz.)         ;  4400VA;BORGO VALS. (Valli)          ;01/09/2022;31/08/2023;;;annuale feriale lu-ve;;x;x;x;;x;x;x;x;x;;;;;;;;;;;;;;;MARTINA MATTEO 1;;; -   € ;;;2;;;;;;;; -   ;22;21;21;20; -   € ; annuale feriale lu-ve ;22;;21;;21;;20;; 220,00 € ;; 4.840,00 € ; 4.620,00 € ; 4.620,00 € ; 4.400,00 € ;902;861;861;820
685;;673;401;172;19:15;20:22;Trento-Pergine-Levico-Borgo;"invernale feriale 
solo sabato";41,00;50; 38 ; 1.558,00 ;AUTONOLEGGI PEGORARO S.N.C. di PEGORARO LUCIANO & C.;FV847NS;57;FN678GD;57;;;1;TRENTO   (Autostaz.)         ;  4400VA;BORGO VALS. (Valli)          ;12/09/2022;23/06/2023;;;invernale feriale sab;;x;;x;;;;;;;x;;;;;;;;;;; 123,00 € ;;;;;; 4.674,00 € ;;;2; -   € ; -   € ; -   ;;;;; -   ;2;5;4;5; 123,00 € ;;;;;;;;;;;; 246,00 € ; 615,00 € ; 492,00 € ; 615,00 € ;82;205;164;205
686;;674;402;254;06:17;06:43;Baselga P.-Rizzolaga (prolungamento c.sa x Sover);"scolastica 
da lunedì a venerdì";2,40;22; 174 ; 417,60 ;GROFF  ALFREDO;GH502KX;17;FR981TK (Groff Tour);18;DZ900LD;23;  4025UP;BASELGA P. (Municipio)       ;4043;Rizzolaga                    ;12/09/2022;09/06/2023;;;scolastica lu-ve;;;;;x;x;x;x;x;x;;;;;;;;;;;; 10,00 € ;;;;;4; 1.740,00 € ;;;1; -   € ; -   € ; -   ;;;; 10,00 € ; 1.740 ;15;20;21;15; 20,00 € ;;;;;;;;;;;; 300,00 € ; 400,00 € ; 420,00 € ; 300,00 € ;36;48;50,4;36
687;;675;402;254;06:22;06:50;Rizzolaga-Sover;"scolastica 
da lunedì a venerdì";15,50;22; 174 ; 2.697,00 ;GROFF  ALFREDO;GH502KX;17;FR981TK (Groff Tour);18;DZ900LD;23;4043;Rizzolaga                    ;1122;SOVER                        ;12/09/2022;09/06/2023;;;scolastica lu-ve;;;;;x;x;x;x;x;x;;;;;;;;;;;; 38,75 € ;;;;;5; 6.742,50 € ;;;1; -   € ; -   € ; -   ;;;; -   € ; -   ;15;20;21;15; 38,75 € ;;;;;;;;;;;; 581,25 € ; 775,00 € ; 813,75 € ; 581,25 € ;232,5;310;325,5;232,5
688;;676;402;108;12:20;12:58;Trento-Baselga;"festiva 
estiva";18;30; 13 ; 234,00 ;GROFF  ALFREDO;EZ997DM;30;FN554MX (MDL);36;;;1;TRENTO   (Autostaz.)         ;  4025UP;BASELGA P. (Municipio)       ;01/01/2022;11/09/2022;24/06/2023;31/08/2023;estiva festiva;;;x;;;;;;;;;x;;;;;;;;;;;;;GROFF  ALFREDO;;; -   € ;;;1;;;;;;;; -   ;2;0;0;; -   € ;estiva festiva;2;;0;;0;;0;; 350,00 € ;; 700,00 € ; -   € ; -   € ; -   € ;36;0;0;0
689;;677;402;113;13:40;14:18;Baselga-Trento;"festiva 
estiva";18;30; 13 ; 234,00 ;GROFF  ALFREDO;EZ997DM;30;FN554MX (MDL);36;;;  4025UP;BASELGA P. (Municipio)       ;1;TRENTO (Autostaz.)         ;01/01/2022;11/09/2022;24/06/2023;31/08/2023;estiva festiva;;;x;;;;;;;;;x;;;;;;;;;;;;;GROFF  ALFREDO;;; -   € ;;;1;;;;;;;; -   ;2;0;0;; -   € ;;;;;;;;;;;; -   € ; -   € ; -   € ; -   € ;36;0;0;0
690;;678;402;639;15:35;16:53;Trento- Giro Città-Nogarè-Baselga-Montesover;"scolastica 
da lunedì a venerdì";38,5;50; 174 ; 6.699,00 ;AUTONOLEGGI PEGORARO S.N.C. di PEGORARO LUCIANO & C.;FV847NS;57;FN678GD;57;FS483LF;44;1;TRENTO   (Autostaz.)         ;4070;MONTESOVER                   ;12/09/2022;09/06/2023;;;scolastica lu-ve;;;;;x;x;x;x;x;x;;;;;;;;;;;; 10,50 € ; 66,50 € ;;;;; 1.827,00 € ; 11.571,00 € ;;2;;;; -   € ; 38,50 € ; 6.699 ;; -   ;15;20;21;15; 115,50 € ;;;;;;;;;;;; 1.732,50 € ; 2.310,00 € ; 2.425,50 € ; 1.732,50 € ;577,5;770;808,5;577,5
691;;679;403;517;17:55;18:46;Baselga-Trento;"festiva 
estiva";25;30; 13 ; 325,00 ;GROFF  ALFREDO;EZ997DM;30;FN554MX (MDL);36;;;  4025UP;BASELGA P. (Municipio)       ;1;TRENTO (Autostaz.)         ;01/01/2022;11/09/2022;24/06/2023;31/08/2023;estiva festiva;;;x;;;;;;;;;x;;;;;;;;;;;;;GROFF  ALFREDO;;; -   € ;;;1;;;;;;;; -   ;2;0;0;; -   € ;;;;;;;;;;;; -   € ; -   € ; -   € ; -   € ;50;0;0;0
692;;680;403;410;18:35;19:28;Trento-Pergine-Baselga Pinè;"festiva 
estiva";25,00;40; 13 ; 325,00 ;CLUB DELLAI S.R.L.;FF899CS;42;FA981GW (Planchel);45;FA989GW (Perini);48;1;TRENTO   (Autostaz.)         ;  4025UP;BASELGA P. (Municipio)       ;01/01/2022;11/09/2022;24/06/2023;31/08/2023;estiva festiva;;;x;;;;;;;;;x;;;;;;;;;; 75,00 € ;;;;;; 975,00 € ;;;2; -   € ; -   € ; -   ;;;;; -   ;2;0;0;; 75,00 € ;;;;;;;;;;;; 150,00 € ; -   € ; -   € ; -   € ;50;0;0;0
693;;681;404;633;06:45;06:56;Fiorè - Baselga di Pinè;"scolastica 
da lunedì a sabato";3,50;6; 208 ; 728,00 ;GROFF  ALFREDO;GC624CS;9; EM401DR (Groff Tour);5;FY975HP;9;4037;Fiore'                       ;  4025UP;BASELGA P. (Municipio)       ;12/09/2022;09/06/2023;;;scolastica lu-sa;;;;;x;x;x;x;x;x;x;;;;;;;;;;; 10,00 € ;;;;;6; 2.080,00 € ;;;1; -   € ; -   € ; -   ;;;; 10,00 € ; 2.080 ;17;25;25;18; 20,00 € ;;;;;;;;;;;; 340,00 € ; 500,00 € ; 500,00 € ; 360,00 € ;59,5;87,5;87,5;63
694;;682;404;638;13:10;13:21;Baselga di Pinè - Fiorè;"scolastica 
solo sabato";3,50;8; 34 ; 119,00 ;GROFF  ALFREDO;GC624CS;9;FY975HP;9; EM401DR (Groff Tour);5;  4025UP;BASELGA P. (Municipio)       ;4037;Fiore'                       ;12/09/2022;09/06/2023;;;scolastica sab;;;;;x;;;;;;x;;;;;;;;;;; 6,30 € ;;;;;7; 214,20 € ;;;1;;;;;;;; -   ;2;5;4;3; 6,30 € ;;;;;;;;;;;; 12,60 € ; 31,50 € ; 25,20 € ; 18,90 € ;7;17,5;14;10,5
695;;683;404;635;13:26;13:37;Fiorè - Baselga di Pinè;"scolastica 
solo sabato";4,50;8; 34 ; 153,00 ;GROFF  ALFREDO;GC624CS;9;FY975HP;9; EM401DR (Groff Tour);5;4037;Fiore'                       ;  4025UP;BASELGA P. (Municipio)       ;12/09/2022;09/06/2023;;;scolastica sab;;;;;x;;;;;;x;;;;;;;;;;; 6,30 € ;;;;;8; 214,20 € ;;;1;;;;;;;; -   ;2;5;4;3; 6,30 € ;;;;;;;;;;;; 12,60 € ; 31,50 € ; 25,20 € ; 18,90 € ;9;22,5;18;13,5
696;;684;404;640;14:05;14:16;Baselga di Pinè - Fiorè;"scolastica 
da lunedì a venerdì";3,50;8; 174 ; 609,00 ;GROFF  ALFREDO;GC624CS;9;FY975HP;9; EM401DR (Groff Tour);5;  4025UP;BASELGA P. (Municipio)       ;4037;Fiore'                       ;12/09/2022;09/06/2023;;;scolastica lu-ve;;;;;x;x;x;x;x;x;;;;;;;;;;;; 6,30 € ;;;;;9; 1.096,20 € ;;;1;;;;;;;; -   ;15;20;21;15; 6,30 € ;;;;;;;;;;;; 94,50 € ; 126,00 € ; 132,30 € ; 94,50 € ;52,5;70;73,5;52,5
697;;685;404;637;14:16;14:27;Fiorè - Baselga di Pinè;"scolastica 
da lunedì a venerdì";3,50;8; 174 ; 609,00 ;GROFF  ALFREDO;GC624CS;9;FY975HP;9; EM401DR (Groff Tour);5;4037;Fiore'                       ;  4025UP;BASELGA P. (Municipio)       ;12/09/2022;09/06/2023;;;scolastica lu-ve;;;;;x;x;x;x;x;x;;;;;;;;;;;; 6,30 € ;;;;;10; 1.096,20 € ;;;1;;;;;;;; -   ;15;20;21;15; 6,30 € ;;;;;;;;;;;; 94,50 € ; 126,00 € ; 132,30 € ; 94,50 € ;52,5;70;73,5;52,5
698;;686;406;27;07:00;07:45;Samone-Borgo;"estiva
sabato ";19;19; 12 ; 228,00 ;MARTINA MATTEO;EK645JA;33;EJ855RC (Fersina Tour);34;;;4497;SAMONE                       ;4400;BORGO V.(C.Intermodale)      ;01/01/2022;11/09/2022;24/06/2023;31/08/2023;estiva feriale sab;;;x;x;;;;;;;x;;;;;;;;;;;;;;MARTINA MATTEO 2;;; -   € ;;;1;;;;;;;; -   ;2;0;0;; -   € ; estiva feriale lu-sa ;9;;0;;0;;0;; 165,00 € ;; 1.485,00 € ; -   € ; -   € ; -   € ;38;0;0;0
699;;687;407;74;17:20;17:45;Borgo-Torcegno;"Estiva
lunedì-venerdì";8;30; 55 ; 440,00 ;MARTINA MATTEO;EK645JA;33;EJ855RC (Fersina Tour);34;;;4400;BORGO V.(C.Intermodale)      ;4464;TORCEGNO                     ;01/01/2022;11/09/2022;24/06/2023;31/08/2023;estiva feriale lu-ve;;;x;x;;x;x;x;x;x;;;;;;;;;;;;;;;MARTINA MATTEO 2;;; -   € ;;;1;;;;;;;; -   ;7;0;0;; -   € ;;;;;;;;;;;; -   € ; -   € ; -   € ; -   € ;56;0;0;0
700;;688;407;75;17:50;18:10;Torcegno-Borgo;"Estiva
lunedì-venerdì";8;30; 55 ; 440,00 ;MARTINA MATTEO;EK645JA;33;EJ855RC (Fersina Tour);34;;;4464;TORCEGNO                     ;4400;BORGO V.(C.Intermodale)      ;01/01/2022;11/09/2022;24/06/2023;31/08/2023;estiva feriale lu-ve;;;x;x;;x;x;x;x;x;;;;;;;;;;;;;;;MARTINA MATTEO 2;;; -   € ;;;1;;;;;;;; -   ;7;0;0;; -   € ;;;;;;;;;;;; -   € ; -   € ; -   € ; -   € ;56;0;0;0
701;;689;407;79;19:05;19:25;Borgo -Torcegno;"invernale
da lunedì a venerdì";8;19; 202 ; 1.616,00 ;ANGELI CAMILLO;FZ904BE;21;FR820WP (Fersina Tour);21;;;4400;BORGO V.(C.Intermodale)      ;4464;TORCEGNO                     ;12/09/2022;23/06/2023;;;invernale feriale lu-ve;;x;;x;;x;x;x;x;x;;;;;;;;;;;;; 15,20 € ;;;;; -   € ; 3.070,40 € ;;1;;;; 0,80 € ; -   € ; 161,60 ;; -   ;15;21;21;20; 16,00 € ;;;;;;;;;;;; 240,00 € ; 336,00 € ; 336,00 € ; 320,00 € ;120;168;168;160
702;;690;408;36;07:25;07:31;Borgo-Olle;"scolastica 
da lunedì a sabato";3;40; 208 ; 624,00 ;MARTINA MATTEO ;FF601CS;61;FR576WM;62;EK645JA;33;4400;BORGO V.(C.Intermodale)      ;4410;OLLE                         ;12/09/2022;09/06/2023;;;scolastica lu-sa;;;;;x;x;x;x;x;x;x;;;;;;;;;;;;;;MARTINA MATTEO 1;;; -   € ;;;2;;;;;;;; -   ;17;25;25;18; -   € ;;;;;;;;;;;; -   € ; -   € ; -   € ; -   € ;51;75;75;54
703;;691;408;36;07:25;07:31;Borgo-Olle;invernale non scolastica feriale;3;19; 29 ; 87,00 ;MARTINA MATTEO ;FF601CS;61;FR576WM;62;EK645JA;33;4400;BORGO V.(C.Intermodale)      ;4410;OLLE                         ;12/09/2022;23/06/2023;;;invernale feriale no scol lu-sa;;x;;x;;;;;;;;;;;;x;x;x;x;x;x;;;;MARTINA MATTEO 3;;; -   € ;;;1;;;;;;;; -   ;0;1;0;7; -   € ;;;;;;;;;;;; -   € ; -   € ; -   € ; -   € ;0;3;0;21
704;;692;408;41;07:32;07:38;Olle-Borgo;"scolastica 
da lunedì a sabato";3;40; 208 ; 624,00 ;MARTINA MATTEO ;FF601CS;61;FR576WM;62;EK645JA;33;4410;OLLE                         ;4400;BORGO V.(C.Intermodale)      ;12/09/2022;09/06/2023;;;scolastica lu-sa;;;;;x;x;x;x;x;x;x;;;;;;;;;;;;;;MARTINA MATTEO 1;;; -   € ;;;2;;;;;;;; -   ;17;25;25;18; -   € ;;;;;;;;;;;; -   € ; -   € ; -   € ; -   € ;51;75;75;54
705;;693;408;41;07:32;07:38;Olle-Borgo;invernale non scolastica feriale;3;19; 29 ; 87,00 ;MARTINA MATTEO ;FF601CS;61;FR576WM;62;EK645JA;33;4410;OLLE                         ;4400;BORGO V.(C.Intermodale)      ;12/09/2022;23/06/2023;;;invernale feriale no scol lu-sa;;x;;x;;;;;;;;;;;;x;x;x;x;x;x;;;;MARTINA MATTEO 3;;; -   € ;;;1;;;;;;;; -   ;0;1;0;7; -   € ;;;;;;;;;;;; -   € ; -   € ; -   € ; -   € ;0;3;0;21
706;;694;409;613;09:20;10:00;Ronchi Valsugana  giro masi - Borgo vals.;"feriale 
solo mercoledì";20,00;16; 52 ; 1.040,00 ;CLUB DELLAI S.R.L.;FF723CS;17;FN117MX;21;;;4442;Ronchi (Zurli)               ;  4400VA;BORGO VALS. (Valli)          ;01/09/2022;31/08/2023;;;annuale feriale me;;x;x;x;;;;x;;;;;;;;;;;;;; 69,95 € ;;;;;; 3.637,40 € ;;;1; -   € ; -   € ; -   ;;;;; -   ;4;4;5;4; 69,95 € ;;;;;;;;;;;; 279,80 € ; 279,80 € ; 349,75 € ; 279,80 € ;80;80;100;80
707;;695;409;612;11:15;11:55; Borgo vals. - Ronchi Valsugana  giro masi;"feriale 
solo mercoledì";20,00;16; 52 ; 1.040,00 ;CLUB DELLAI S.R.L.;FF723CS;17;FN117MX;21;;;  4400VA;BORGO VALS. (Valli)          ;4442;Ronchi (Zurli)               ;01/09/2022;31/08/2023;;;annuale feriale me;;x;x;x;;;;x;;;;;;;;;;;;;; 69,95 € ;;;;;; 3.637,40 € ;;;1; -   € ; -   € ; -   ;;;;; -   ;4;4;5;4; 69,95 € ;;;;;;;;;;;; 279,80 € ; 279,80 € ; 349,75 € ; 279,80 € ;80;80;100;80
708;;696;409;56;18:16;18:36;Borgo-Ronchi;"invernale
da lunedì a venerdì";10;19; 202 ; 2.020,00 ;ANGELI CAMILLO;FZ904BE;21;FR820WP (Fersina Tour);21;;;4400;BORGO V.(C.Intermodale)      ;4440;RONCHI VALSUGANA             ;12/09/2022;23/06/2023;;;invernale feriale lu-ve;;x;;x;;x;x;x;x;x;;;;;;;;;;;;; 19,00 € ;;;;; -   € ; 3.838,00 € ;;1;;;; 1,00 € ; -   € ; 202 ;; -   ;15;21;21;20; 20,00 € ;;;;;;;;;;;; 300,00 € ; 420,00 € ; 420,00 € ; 400,00 € ;150;210;210;200
709;;697;409;56;18:20;18:41;Borgo V. - Ronchi;"estiva
sabato ";10,00;19; 12 ; 120,00 ;ANGELI CAMILLO;FZ904BE;21;FR820WP (Fersina Tour);21;;;4400;BORGO V.(C.Intermodale)      ;4440;RONCHI VALSUGANA             ;01/01/2022;11/09/2022;24/06/2023;31/08/2023;estiva feriale sab;;;x;x;;;;;;;x;;;;;;;;;;; 30,00 € ;;;;;; 360,00 € ;;;1; -   € ; -   € ; -   ;;;;; -   ;2;0;0;; 30,00 € ;;;;;;;;;;;; 60,00 € ; -   € ; -   € ; -   € ;20;0;0;0
710;;698;409;55;18:40;19:00;Ronchi Borgo;"invernale
da lunedì a venerdì";10;19; 202 ; 2.020,00 ;ANGELI CAMILLO;FZ904BE;21;FR820WP (Fersina Tour);21;;;4440;RONCHI VALSUGANA             ;4400;BORGO V.(C.Intermodale)      ;12/09/2022;23/06/2023;;;invernale feriale lu-ve;;x;;x;;x;x;x;x;x;;;;;;;;;;;;; 19,00 € ;;;;; -   € ; 3.838,00 € ;;1;;;; 1,00 € ; -   € ; 202 ;; -   ;15;21;21;20; 20,00 € ;;;;;;;;;;;; 300,00 € ; 420,00 € ; 420,00 € ; 400,00 € ;150;210;210;200
711;;699;409;55;18:44;19:04;Ronchi - Borgo V.;"estiva
sabato ";10,00;19; 12 ; 120,00 ;ANGELI CAMILLO;FZ904BE;21;FR820WP (Fersina Tour);21;;;4440;RONCHI VALSUGANA             ;4400;BORGO V.(C.Intermodale)      ;01/01/2022;11/09/2022;24/06/2023;31/08/2023;estiva feriale sab;;;x;x;;;;;;;x;;;;;;;;;;; 30,00 € ;;;;;; 360,00 € ;;;1; -   € ; -   € ; -   ;;;;; -   ;2;0;0;; 30,00 € ;;;;;;;;;;;; 60,00 € ; -   € ; -   € ; -   € ;20;0;0;0
712;;700;417;225;07:16;07:39;S. Orsola Mantovani- Mala - Viarago - Pergine (corsa bis);"scolastica 
da lunedì a venerdì";10,50;41; 174 ; 1.827,00 ;FERSINA TOUR S.R.L;FR777WP;57+18 in piedi;FS143ZG;50;;;  4123RR;S.ORSOLA;  4100SA;Pergine V. Scuole Andreatta  ;12/09/2022;09/06/2023;;;scolastica lu-ve;;;;;x;x;x;x;x;x;;;;;;;;;;;; 217,02 € ;;;;;; 37.761,48 € ;;;2; -   € ; -   € ; -   ;;;;; -   ;15;20;21;15; 217,02 € ;;;;;;;;;;;; 3.255,30 € ; 4.340,40 € ; 4.557,42 € ; 3.255,30 € ;157,5;210;220,5;157,5
713;;701;417;225;07:36;07:47;"Serso-Pergine V. 
C.sa bis L.417";"scolastica 
da lunedì a venerdì";5,50;19; 174 ; 957,00 ;FONTANARI SERGIO;FC109RJ;21;FY964HP;31;FN676GD;38;4120;Serso                        ;  4100CI;PERGINE (C.Intermodale)      ;12/09/2022;09/06/2023;;;scolastica lu-ve;;;;;x;x;x;x;x;x;;;;;;;;;;;; 9,90 € ;;;;;; 1.722,60 € ;;;1; 1,10 € ; -   € ; 191,40 € ;;;;; -   ;15;20;21;15; 11,00 € ;;;;;;;;;;;; 165,00 € ; 220,00 € ; 231,00 € ; 165,00 € ;82,5;110;115,5;82,5
714;;702;417;307;15:20;15:57;Palù del Fersina - Viarago - Pergine ;"scolastica 
da lunedì a venerdì";14,50;22; 174 ; 2.523,00 ;VALBUS S.R.L.;FP560ED;23;FL786HC;24;ER857KZ (Club dellai);23;4126;PALU' del F.                 ;  4100CI;PERGINE (C.Intermodale)      ;12/09/2022;09/06/2023;;;scolastica lu-ve;;;;;x;x;x;x;x;x;;;;;;;;;;;; 26,10 € ;;;;;; 4.541,40 € ;;;1; 2,90 € ; -   € ; 504,60 € ;;;;; -   ;15;20;21;15; 29,00 € ;;;;;;;;;;;; 435,00 € ; 580,00 € ; 609,00 € ; 435,00 € ;217,5;290;304,5;217,5
715;;703;417;256;16:07;16:49;Pergine-Palù del Fersina;"scolastica 
da lunedì a venerdì";17,50;30; 174 ; 3.045,00 ;FONTANARI SERGIO;FY964HP;31;FC109RJ;21;FN676GD;38;  4100CI;PERGINE (C.Intermodale)      ;4126BA;Battisti;12/09/2022;09/06/2023;;;scolastica lu-ve;;;;;x;x;x;x;x;x;;;;;;;;;;;; 52,50 € ;;;;;; 9.135,00 € ;;;1; -   € ; -   € ; -   ;;;;; -   ;15;20;21;15; 52,50 € ;;;;;;;;;;;; 787,50 € ; 1.050,00 € ; 1.102,50 € ; 787,50 € ;262,5;350;367,5;262,5
716;frequenza corretta da capitolato;704;418;89;06:07;06:12;Maso Tingherla-Kamauz (prolungamento c.sa x Roveda bv);"invernale scolastico
lunedì-sabato";3,00;9; 208 ; 624,00 ;PERGBUS DI FUCHS MARIO E C. S.N.C.;FE293HG;9;FN143MX;9;;;4116;Maso Tingherla               ;4115;KAMAUZ                       ;12/09/2022;09/06/2023;;;scolastica lu-sa;;;;;x;x;x;x;x;x;x;;;;;;;;;;; 10,00 € ;;;;;; 2.080,00 € ;;;1; -   € ; -   € ; -   ;;;; 10,00 € ; 2.080 ;17;25;25;18; 20,00 € ;;;;;;;;;;;; 340,00 € ; 500,00 € ; 500,00 € ; 360,00 € ;51;75;75;54
717;;705;418;169;06:10;06:45;Hacleri-Canezza Bar al Sole-Pergine;"scolastica 
da lunedì a sabato";15,7;30; 208 ; 3.265,60 ;FONTANARI SERGIO;FY964HP;31;FC109RJ;21;FN676GD;38;4143;Hacleri                      ;  4100CI;PERGINE (C.Intermodale)      ;12/09/2022;09/06/2023;;;scolastica lu-sa;;;;;x;x;x;x;x;x;x;;;;;;;;;;;; 34,54 € ;;;;; -   € ; 7.184,32 € ;;1;;;; -   € ; -   € ; -   ; -   € ; -   ;17;25;25;18; 34,54 € ;;;;;;;;;;;; 587,18 € ; 863,50 € ; 863,50 € ; 621,72 € ;266,9;392,5;392,5;282,6
718;;706;418;169;06:10;06:45;Hacleri-Pergine;invernale non scolastica feriale;14;19; 29 ; 406,00 ;FONTANARI SERGIO;FC109RJ;21;FY964HP;31;FN676GD;38;4143;Hacleri                      ;  4100CI;PERGINE (C.Intermodale)      ;12/09/2022;23/06/2023;;;invernale feriale no scol lu-sa;;x;;x;;;;;;;;;;;;x;x;x;x;x;x;; 26,60 € ;;;;; -   € ; 771,40 € ;;1;;;; 1,40 € ; -   € ; 41 ; -   € ; -   ;0;1;0;7; 28,00 € ;;;;;;;;;;;; -   € ; 28,00 € ; -   € ; 196,00 € ;0;14;0;98
719;;707;418;169;06:10;06:45;Hacleri-pergine;estiva feriale;14;19; 67 ; 938,00 ;FONTANARI SERGIO;FC109RJ;21;FY964HP;31;FN676GD;38;4143;Hacleri                      ;  4100CI;PERGINE (C.Intermodale)      ;01/01/2022;11/09/2022;24/06/2023;31/08/2023;estiva feriale lu-sa;;;x;x;;x;x;x;x;x;x;;;;;;;;;;;; 26,60 € ;;;;; -   € ; 1.782,20 € ;;1;;;; 1,40 € ; -   € ; 94 ; -   € ; -   ;9;0;0;0; 28,00 € ;;;;;;;;;;;; 252,00 € ; -   € ; -   € ; -   € ;126;0;0;0
720;;708;418;89;06:12;06:25;Kamauz - Roveda Bivio;feriale;6,00;19; 304 ; 1.824,00 ;PERGBUS DI FUCHS MARIO E C. S.N.C.;FE293HG;9;FN143MX;9;;;4115;KAMAUZ                       ;4113;Roveda bivio                 ;01/09/2022;31/08/2023;;;annuale feriale lu-sa;;x;x;x;;x;x;x;x;x;x;;;;;;;;;;; 14,27 € ;;;;;; 4.338,08 € ;;;1; -   € ; -   € ; -   ;;;; 5,73 € ; 1.742 ;26;26;25;25; 20,00 € ;;;;;;;;;;;; 520,00 € ; 520,00 € ; 500,00 € ; 500,00 € ;156;156;150;150
721;NUOVA;709;418;;06:58;07:05;Maso S. Lorenzo - S. Felice  Fierozzo;"scolastica 
da lunedì a venerdì";2,50;5; 174 ; 435,00 ;FONTANARI SERGIO;FB779BJ;8;FC109RJ;21;FN217MX (Corn Adolfo);9;  4142SL;S.Felice Fierozzo Maso Lorenzo;4142;S. Felice Fierozzo;12/09/2022;09/06/2023;;;scolastica lu-ve;;;;;x;x;x;x;x;x;;;;;;;;;;;;;; 7,50 € ;;;;;; 1.305,00 € ;1;;;;;;; 12,50 € ; 2.175 ;15;20;21;15; 20,00 € ;;;;;;;;;;;; 300,00 € ; 400,00 € ; 420,00 € ; 300,00 € ;37,5;50;52,5;37,5
722;;710;418;95;07:02;07:20;Maso Tingherla-Kamauz - Roveda Bivio;"scolastica 
da lunedì a sabato";9,00;19; 208 ; 1.872,00 ;PERGBUS DI FUCHS MARIO E C. S.N.C.;FE293HG;9;FN143MX;9;;;4116;Maso Tingherla               ;4113;Roveda bivio                 ;12/09/2022;09/06/2023;;;scolastica lu-sa;;;;;x;x;x;x;x;x;x;;;;;;;;;;; 27,00 € ;;;;;; 5.616,00 € ;;;1; -   € ; -   € ; -   ;;;;; -   ;17;25;25;18; 27,00 € ;;;;;;;;;;;; 459,00 € ; 675,00 € ; 675,00 € ; 486,00 € ;153;225;225;162
723;;711;418;91;07:17;07:52;"Kamauz - Canezza - Pergine
+1,8km prolungamento bar sole";feriale;15,30;25; 304 ; 4.651,20 ;PERGBUS DI FUCHS MARIO E C. S.N.C.;FR781WP;31;EJ941ZA;20;;;4115;KAMAUZ                       ;  4100CI;PERGINE (C.Intermodale)      ;01/09/2022;31/08/2023;;;annuale feriale lu-sa;;x;x;x;;x;x;x;x;x;x;;;;;;;;;;; 35,35 € ;;;;;; 10.746,40 € ;;;1; -   € ; -   € ; -   ;;;;; -   ;26;26;25;25; 35,35 € ;;;;;;;;;;;; 919,10 € ; 919,10 € ; 883,75 € ; 883,75 € ;397,8;397,8;382,5;382,5
724;;712;418;274/275;08:50;10:07;Pergine-Fierozzo-Palu' F.-S.Orsola-Pergine;Festiva;32,50;30; 58 ; 1.885,00 ;PLANCHEL RENATO;GG487PS;33;FL606HC;55;;;  4100CI;PERGINE (C.Intermodale)      ;  4100CI;PERGINE (C.Intermodale)      ;01/09/2022;31/08/2023;;;annuale festiva;;x;x;;;;;;;;;x;;;;;;;;;; 97,50 € ;;;;;; 5.655,00 € ;;;1; -   € ; -   € ; -   ;;;;; -   ;4;5;5;6; 97,50 € ;;;;;;;;;;;; 390,00 € ; 487,50 € ; 487,50 € ; 585,00 € ;130;162,5;162,5;195
725;;713;418;92;12:40;13:17;Pergine - Canezza - Kamauz;estiva feriale;13,50;25; 67 ; 904,50 ;PERGBUS DI FUCHS MARIO E C. S.N.C.;FR781WP;31;EJ941ZA;20;;;  4100CI;PERGINE (C.Intermodale)      ;4115;KAMAUZ                       ;01/01/2022;11/09/2022;24/06/2023;31/08/2023;estiva feriale lu-sa;;;x;x;;x;x;x;x;x;x;;;;;;;;;;; 32,11 € ;;;;;; 2.151,37 € ;;;1; -   € ; -   € ; -   ;;;;; -   ;9;0;0;0; 32,11 € ;;;;;;;;;;;; 288,99 € ; -   € ; -   € ; -   € ;121,5;0;0;0
726;;714;418;92;12:45;13:20;Pergine - Canezza - Kamauz;"invernale
lunedì-sabato";13,50;25; 240 ; 3.240,00 ;PERGBUS DI FUCHS MARIO E C. S.N.C.;FR781WP;31;EJ941ZA;20;;;  4100CI;PERGINE (C.Intermodale)      ;4115;KAMAUZ                       ;12/09/2022;23/06/2023;;;invernale feriale lu-sa;;x;;x;;x;x;x;x;x;x;;;;;;;;;;; 32,11 € ;;;;;; 7.706,40 € ;;;1; -   € ; -   € ; -   ;;;;; -   ;17;26;25;25; 32,11 € ;;;;;;;;;;;; 545,87 € ; 834,86 € ; 802,75 € ; 802,75 € ;229,5;351;337,5;337,5
727;;715;418;180;12:55;13:30;Pergine - Frassilongo - Fierozzo - Hacleri;"scolastica 
da lunedì a sabato";12,00;22; 208 ; 2.496,00 ;FERSINA TOUR S.R.L;GG078PN;21;EY732LP;17;;;  4100CI;PERGINE (C.Intermodale)      ;4143;Hacleri                      ;12/09/2022;09/06/2023;;;scolastica lu-sa;;;;;x;x;x;x;x;x;x;;;;;;;;;;; 37,74 € ;;;;;; 7.849,92 € ;;;1; -   € ; -   € ; -   ;;;;; -   ;17;25;25;18; 37,74 € ;;;;;;;;;;;; 641,58 € ; 943,50 € ; 943,50 € ; 679,32 € ;204;300;300;216
728;;716;418;276/277;13:10;14:27;Pergine-Fierozzo-Palu' F.-S.Orsola-Pergine (estate ore 12.45);Festiva;32,50;30; 58 ; 1.885,00 ;PLANCHEL RENATO;GG487PS;33;FL606HC;55;;;  4100CI;PERGINE (C.Intermodale)      ;  4100CI;PERGINE (C.Intermodale)      ;01/09/2022;31/08/2023;;;annuale festiva;;x;x;;;;;;;;;x;;;;;;;;;; 97,50 € ;;;;;; 5.655,00 € ;;;1; -   € ; -   € ; -   ;;;;; -   ;4;5;5;6; 97,50 € ;;;;;;;;;;;; 390,00 € ; 487,50 € ; 487,50 € ; 585,00 € ;130;162,5;162,5;195
729;;717;418;456;13:35;13:48;Roveda bivio - Kamauz;"scolastica 
da lunedì a sabato";6,00;19; 208 ; 1.248,00 ;PERGBUS DI FUCHS MARIO E C. S.N.C.;EJ941ZA;20;FN143MX;9;;;4113;Roveda bivio                 ;4115;KAMAUZ                       ;12/09/2022;09/06/2023;;;scolastica lu-sa;;;;;x;x;x;x;x;x;x;;;;;;;;;;; 10,80 € ;;;;;; 2.246,40 € ;;;1; 1,20 € ; -   € ; 249,60 € ;;;;; -   ;17;25;25;18; 12,00 € ;;;;;;;;;;;; 204,00 € ; 300,00 € ; 300,00 € ; 216,00 € ;102;150;150;108
730;;718;418;93;13:59;14:12;Kamuz - Roveda Bivio;feriale;6,00;20; 304 ; 1.824,00 ;PERGBUS DI FUCHS MARIO E C. S.N.C.;FE293HG;9;FN143MX;9;;;4115;KAMAUZ                       ;4113;Roveda bivio                 ;01/09/2022;31/08/2023;;;annuale feriale lu-sa;;x;x;x;;x;x;x;x;x;x;;;;;;;;;;; 14,27 € ;;;;;; 4.338,08 € ;;;1; -   € ; -   € ; -   ;;;;; -   ;26;26;25;25; 14,27 € ;;;;;;;;;;;; 371,02 € ; 371,02 € ; 356,75 € ; 356,75 € ;156;156;150;150
731;;719;418;458;14:12;14:25;Roveda bivio - Kamauz;"scolastica 
da lunedì a sabato";6,00;8; 208 ; 1.248,00 ;PERGBUS DI FUCHS MARIO E C. S.N.C.;FE293HG;9;FN143MX;9;;;4113;Roveda bivio                 ;4115;KAMAUZ                       ;12/09/2022;09/06/2023;;;scolastica lu-sa;;;;;x;x;x;x;x;x;x;;;;;;;;;;; 16,65 € ;;;;;; 3.463,20 € ;;;1; -   € ; -   € ; -   ;;;;; -   ;17;25;25;18; 16,65 € ;;;;;;;;;;;; 283,05 € ; 416,25 € ; 416,25 € ; 299,70 € ;102;150;150;108
732;;720;418;458;14:25;14:30;Kamauz - Maso Tingerla (prolungamento);"scolastica 
da lunedì a sabato";3,00;8; 208 ; 624,00 ;PERGBUS DI FUCHS MARIO E C. S.N.C.;FE293HG;9;FN143MX;9;;;4115;KAMAUZ                       ;4116;Maso Tingherla               ;12/09/2022;09/06/2023;;;scolastica lu-sa;;;;;x;x;x;x;x;x;x;;;;;;;;;;; 8,33 € ;;;;;; 1.732,64 € ;;;1; -   € ; -   € ; -   ;;;;; -   ;17;25;25;18; 8,33 € ;;;;;;;;;;;; 141,61 € ; 208,25 € ; 208,25 € ; 149,94 € ;51;75;75;54
733;;721;418;306;14:40;15:20;Pergine - Fierozzo - Hacleri - Palù del Fersina;"scolastica 
da lunedì a venerdì";19,50;22; 174 ; 3.393,00 ;VALBUS S.R.L.;FP560ED;23;FL786HC;24;ER857KZ (Club dellai);23;  4100CI;PERGINE (C.Intermodale)      ;4126;PALU' del F.                 ;12/09/2022;09/06/2023;;;scolastica lu-ve;;;;;x;x;x;x;x;x;;;;;;;;;;;; 35,10 € ;;;;;; 6.107,40 € ;;;1; 3,90 € ; -   € ; 678,60 € ;;;;; -   ;15;20;21;15; 39,00 € ;;;;;;;;;;;; 585,00 € ; 780,00 € ; 819,00 € ; 585,00 € ;292,5;390;409,5;292,5
734;;722;418;460;15:00;15:18;Roveda bivio - Kamauz-Maso Tingherla;"scolastica 
da lunedì a venerdì";9,00;19; 174 ; 1.566,00 ;PERGBUS DI FUCHS MARIO E C. S.N.C.;FE293HG;9;FN143MX;9;;;4113;Roveda bivio                 ;4116;Maso Tingherla               ;12/09/2022;09/06/2023;;;scolastica lu-ve;;;;;x;x;x;x;x;x;;;;;;;;;;;; 27,00 € ;;;;;; 4.698,00 € ;;;1; -   € ; -   € ; -   ;;;;; -   ;15;20;21;15; 27,00 € ;;;;;;;;;;;; 405,00 € ; 540,00 € ; 567,00 € ; 405,00 € ;135;180;189;135
735;;723;418;272;16:07;16:42;Pergine-Hacleri;"scolastica 
da lunedì a venerdì";14,00;19; 174 ; 2.436,00 ;FONTANARI SERGIO;FC109RJ;21;FY964HP;31;FN676GD;38;  4100CI;PERGINE (C.Intermodale)      ;4143;Hacleri                      ;12/09/2022;09/06/2023;;;scolastica lu-ve;;;;;x;x;x;x;x;x;;;;;;;;;;;; 42,00 € ;;;;;; 7.308,00 € ;;;1; -   € ; -   € ; -   ;;;;; -   ;15;20;21;15; 42,00 € ;;;;;;;;;;;; 630,00 € ; 840,00 € ; 882,00 € ; 630,00 € ;210;280;294;210
736;;724;418;278/279;17:40;18:57;Pergine-Fierozzo-Palu' F.-S.Orsola-Pergine;Festiva;32,50;30; 58 ; 1.885,00 ;PLANCHEL RENATO;GG487PS;33;FL606HC;55;;;  4100CI;PERGINE (C.Intermodale)      ;  4100CI;PERGINE (C.Intermodale)      ;01/09/2022;31/08/2023;;;annuale festiva;;x;x;;;;;;;;;x;;;;;;;;;; 97,50 € ;;;;;; 5.655,00 € ;;;1; -   € ; -   € ; -   ;;;;; -   ;4;5;5;6; 97,50 € ;;;;;;;;;;;; 390,00 € ; 487,50 € ; 487,50 € ; 585,00 € ;130;162,5;162,5;195
737;;725;418;168;17:40;18:15;Pergine-Hacleri;"scolastica 
da lunedì a venerdì";14,00;19; 174 ; 2.436,00 ;PERGBUS DI FUCHS MARIO E C. S.N.C.;EJ941ZA;20;FR781WP;31;;;  4100CI;PERGINE (C.Intermodale)      ;4143;Hacleri                      ;12/09/2022;09/06/2023;;;scolastica lu-ve;;;;;x;x;x;x;x;x;;;;;;;;;;;; 31,11 € ;;;;;; 5.413,80 € ;;;1; -   € ; -   € ; -   ;;;;; -   ;15;20;21;15; 31,11 € ;;;;;;;;;;;; 466,71 € ; 622,28 € ; 653,39 € ; 466,71 € ;210;280;294;210
738;;726;418;94;18:35;19:05;Pergine - Canezza - Kamauz;feriale;13,50;25; 304 ; 4.104,00 ;PERGBUS DI FUCHS MARIO E C. S.N.C.;FR781WP;31;EJ941ZA;20;;;  4100CI;PERGINE (C.Intermodale)      ;4115;KAMAUZ                       ;01/09/2022;31/08/2023;;;annuale feriale lu-sa;;x;x;x;;x;x;x;x;x;x;;;;;;;;;;; 32,11 € ;;;;;; 9.761,44 € ;;;1; -   € ; -   € ; -   ;;;;; -   ;26;26;25;25; 32,11 € ;;;;;;;;;;;; 834,86 € ; 834,86 € ; 802,75 € ; 802,75 € ;351;351;337,5;337,5
739;;727;418;184;19:03;19:38;Pergine-Hacleri ;feriale;14;19; 304 ; 4.256,00 ;FONTANARI SERGIO;FC109RJ;21;FY964HP;31;FN676GD;38;  4100CI;PERGINE (C.Intermodale)      ;4143;Hacleri                      ;01/09/2022;31/08/2023;;;annuale feriale lu-sa;;x;x;x;;x;x;x;x;x;x;;;;;;;;;;;; 26,60 € ;;;;; -   € ; 8.086,40 € ;;1;;;; 1,40 € ; -   € ; 426 ;; -   ;26;26;25;25; 28,00 € ;;;;;;;;;;;; 728,00 € ; 728,00 € ; 700,00 € ; 700,00 € ;364;364;350;350
740;;728;418;94;19:05;19:12;Kamauz - Maso Tingerla (prolungamento);"scolastica 
da lunedì a sabato";3,00;8; 208 ; 624,00 ;PERGBUS DI FUCHS MARIO E C. S.N.C.;EJ941ZA;20;FN143MX;9;;;4115;KAMAUZ                       ;4116;Maso Tingherla               ;12/09/2022;09/06/2023;;;scolastica lu-sa;;;;;x;x;x;x;x;x;x;;;;;;;;;;; 8,93 € ;;;;;; 1.857,44 € ;;;1; -   € ; -   € ; -   ;;;;; -   ;17;25;25;18; 8,93 € ;;;;;;;;;;;; 151,81 € ; 223,25 € ; 223,25 € ; 160,74 € ;51;75;75;54
741;;729;423;177;07:39;07:49;"Ischia-Pergine V
(c.sa bis a L.423)";"scolastica 
da lunedì a venerdì";6,00;19; 174 ; 1.044,00 ;GROFF PAOLO;FL561HC;21;FR820WP (Fersina Tour);21;;;4210;ISCHIA DI PERGINE            ;  4100CI;PERGINE (C.Intermodale)      ;12/09/2022;09/06/2023;;;scolastica lu-ve;;;;;x;x;x;x;x;x;;;;;;;;;;;; 10,80 € ;;;;;; 1.879,20 € ;;;1; 1,20 € ; -   € ; 208,80 € ;;;;; -   ;15;20;21;15; 12,00 € ;;;;;;;;;;;; 180,00 € ; 240,00 € ; 252,00 € ; 180,00 € ;90;120;126;90
742;;730;423;202;19:38;20:06;Pergine - Tenna - Levico;"scolastica 
da lunedì a venerdì";14,00;19; 174 ; 2.436,00 ;VALBUS S.R.L.;FP560ED;23;FL786HC;24;ER857KZ (Club dellai);23;  4100CI;PERGINE (C.Intermodale)      ;  4300PM;LEVICO T.( Via Avancini)     ;12/09/2022;09/06/2023;;;scolastica lu-ve;;;;;x;x;x;x;x;x;;;;;;;;;;;; 48,25 € ;;;;;; 8.395,50 € ;;;1; -   € ; -   € ; -   ;;;;; -   ;15;20;21;15; 48,25 € ;;;;;;;;;;;; 723,75 € ; 965,00 € ; 1.013,25 € ; 723,75 € ;210;280;294;210
743;;731;425;438;09:35;09:57;Pergine - Falesina;"feriale 
solo giovedì";12,50;20; 50 ; 625,00 ;ITALBUS S.N.C. DI CASAGRANDE ARMANDO E CHRISTIAN & C.;EV877GJ;21;GE440VX;24;;;  4100CI;PERGINE (C.Intermodale)      ;4136;Falesina                     ;01/09/2022;31/08/2023;;;annuale feriale gio;;x;x;x;;;;;x;;;;;;;;;;;;; 17,60 € ;;;;;; 880,00 € ;;;1; 7,40 € ; -   € ; 370,00 € ;;;;; -   ;5;4;4;4; 25,00 € ;;;;;;;;;;;; 125,00 € ; 100,00 € ; 100,00 € ; 100,00 € ;62,5;50;50;50
744;;732;425;465;10:00;10:22;Falesina - Pergine;"feriale 
solo giovedì";12,50;20; 50 ; 625,00 ;ITALBUS S.N.C. DI CASAGRANDE ARMANDO E CHRISTIAN & C.;EV877GJ;21;GE440VX;24;;;4136;Falesina                     ;  4100CI;PERGINE (C.Intermodale)      ;01/09/2022;31/08/2023;;;annuale feriale gio;;x;x;x;;;;;x;;;;;;;;;;;;; 17,60 € ;;;;;; 880,00 € ;;;1; 7,40 € ; -   € ; 370,00 € ;;;;; -   ;5;4;4;4; 25,00 € ;;;;;;;;;;;; 125,00 € ; 100,00 € ; 100,00 € ; 100,00 € ;62,5;50;50;50
745;;733;425;440;11:45;12:07;Pergine - Falesina;"feriale 
solo giovedì";12,50;20; 50 ; 625,00 ;ITALBUS S.N.C. DI CASAGRANDE ARMANDO E CHRISTIAN & C.;EV877GJ;21;GE440VX;24;;;  4100CI;PERGINE (C.Intermodale)      ;4136;Falesina                     ;01/09/2022;31/08/2023;;;annuale feriale gio;;x;x;x;;;;;x;;;;;;;;;;;;; 17,60 € ;;;;;; 880,00 € ;;;1; 7,40 € ; -   € ; 370,00 € ;;;;; -   ;5;4;4;4; 25,00 € ;;;;;;;;;;;; 125,00 € ; 100,00 € ; 100,00 € ; 100,00 € ;62,5;50;50;50
746;;734;425;467;12:10;12:32;Falesina - Pergine;"feriale 
solo giovedì";12,50;20; 50 ; 625,00 ;ITALBUS S.N.C. DI CASAGRANDE ARMANDO E CHRISTIAN & C.;EV877GJ;21;GE440VX;24;;;4136;Falesina                     ;  4100CI;PERGINE (C.Intermodale)      ;01/09/2022;31/08/2023;;;annuale feriale gio;;x;x;x;;;;;x;;;;;;;;;;;;; 17,60 € ;;;;;; 880,00 € ;;;1; 7,40 € ; -   € ; 370,00 € ;;;;; -   ;5;4;4;4; 25,00 € ;;;;;;;;;;;; 125,00 € ; 100,00 € ; 100,00 € ; 100,00 € ;62,5;50;50;50
747;;735;429;19;06:58;07:05;Regnana Alta-Centrale B.;"scolastica 
da lunedì a sabato";3,00;19; 208 ; 624,00 ;SVALDI PIERINO ;ES278NX;17;GH441KX;9;;;  4048AL;Regnana Alta                 ;4046;CENTRALE DI BEDOLLO          ;12/09/2022;09/06/2023;;;scolastica lu-sa;;;;;x;x;x;x;x;x;x;;;;;;;;;;; 10,00 € ;;;;;; 2.080,00 € ;;;1; -   € ; -   € ; -   ;;;; 10,00 € ; 2.080 ;17;25;25;18; 20,00 € ;;;;;;;;;;;; 340,00 € ; 500,00 € ; 500,00 € ; 360,00 € ;51;75;75;54
748;;736;429;21;13:15;13:20;Regnana-Centrale;"scolastica 
da lunedì a venerdì";2,00;9; 174 ; 348,00 ;SVALDI PIERINO ;ES278NX;17;GH441KX;9;;;4048;REGNANA                      ;4046;CENTRALE DI BEDOLLO          ;12/09/2022;09/06/2023;;;scolastica lu-ve;;;;;x;x;x;x;x;x;;;;;;;;;;;; 3,60 € ;;;;;; 626,40 € ;;;1; 0,40 € ; -   € ; 69,60 € ;;;;; -   ;15;20;21;15; 4,00 € ;;;;;;;;;;;; 60,00 € ; 80,00 € ; 84,00 € ; 60,00 € ;30;40;42;30
749;;737;429;16;13:35;13:40;Centrale-Regnana;"scolastica 
da lunedì a venerdì";2,00;9; 174 ; 348,00 ;SVALDI PIERINO ;ES278NX;17;GH441KX;9;;;4046;CENTRALE DI BEDOLLO          ;4048;REGNANA                      ;12/09/2022;09/06/2023;;;scolastica lu-ve;;;;;x;x;x;x;x;x;;;;;;;;;;;; 3,60 € ;;;;;; 626,40 € ;;;1; 0,40 € ; -   € ; 69,60 € ;;;;; -   ;15;20;21;15; 4,00 € ;;;;;;;;;;;; 60,00 € ; 80,00 € ; 84,00 € ; 60,00 € ;30;40;42;30
750;;738;431;1;07:00;07:10;S.Mauro - Baselga di Pinè;"scolastica 
da lunedì a sabato";4,50;22; 208 ; 936,00 ;GROFF  ALFREDO;FY975HP;9;GE457VX (Groff Tour);9;GC624CS;9;4030;S.MAURO                      ;4025;BASELGA di PINE' (Lago)      ;12/09/2022;09/06/2023;;;scolastica lu-sa;;;;;x;x;x;x;x;x;x;;;;;;;;;;; 24,38 € ;;;;;11; 5.071,04 € ;;;1; -   € ; -   € ; -   ;;;;; -   ;17;25;25;18; 24,38 € ;;;;;;;;;;;; 414,46 € ; 609,50 € ; 609,50 € ; 438,84 € ;76,5;112,5;112,5;81
751;;739;431;4;17:47;17:58;Baselga di Pinè - S.Mauro ;"scolastica 
da lunedì a venerdì";4,50;22; 174 ; 783,00 ;GROFF  ALFREDO;DZ900LD;23;EZ997DM;30;;;4025;BASELGA di PINE' (Lago)      ;4030;S.MAURO                      ;12/09/2022;09/06/2023;;;scolastica lu-ve;;;;;x;x;x;x;x;x;;;;;;;;;;;; 22,82 € ;;;;;12; 3.970,68 € ;;;1; -   € ; -   € ; -   ;;;;; -   ;15;20;21;15; 22,82 € ;;;;;;;;;;;; 342,30 € ; 456,40 € ; 479,22 € ; 342,30 € ;67,5;90;94,5;67,5
752;;740;433;530;08:00;08:52;"Roncegno giro Masi - Borgo Vals.
  la partenza ad ore 8.00 solo mesi di luglio e agosto (con orario estivo giu e set ore 9.00)";"estivo feriale
solo giorni di lunedì e mercoledì ";17,00;20; 22 ; 374,00 ;ANGELI CAMILLO;FZ904BE;21;FR820WP (Fersina Tour);21;;;4380;RONCEGNO TERME               ;  4400OS;BORGO VALS.(Ospedale)        ;01/01/2022;11/09/2022;24/06/2023;31/08/2023;estiva feriale lu, me;;;x;x;;x;;x;;;;;;;;;;;;;; 50,28 € ;;;;;; 1.106,16 € ;;;1; -   € ; -   € ; -   ;;;;; -   ;2;0;0;0; 50,28 € ;;;;;;;;;;;; 100,56 € ; -   € ; -   € ; -   € ;34;0;0;0
753;;741;433;530;09:00;09:52;Roncegno giro Masi - Borgo Vals. ;"invernale feriale 
solo lunedì e mercoledì ";17,00;20; 78 ; 1.326,00 ;ANGELI CAMILLO;FZ904BE;21;FR820WP (Fersina Tour);21;;;4380;RONCEGNO TERME               ;  4400OS;BORGO VALS.(Ospedale)        ;12/09/2022;23/06/2023;;;invernale feriale lu, me;;x;;x;;x;;x;;;;;;;;;;;;;; 46,43 € ;;;;;; 3.621,54 € ;;;1; -   € ; -   € ; -   ;;;;; -   ;6;9;9;7; 46,43 € ;;;;;;;;;;;; 278,58 € ; 417,87 € ; 417,87 € ; 325,01 € ;102;153;153;119
754;;742;433;532;11:15;12:07;Borgo Vals. - Roncegno giro masi;"feriale solo 
lunedì e mercoledì ";17,00;20; 100 ; 1.700,00 ;ANGELI CAMILLO;FZ904BE;21;FR820WP (Fersina Tour);21;;;  4400OS;BORGO VALS.(Ospedale)        ;4380;RONCEGNO TERME               ;01/09/2022;31/08/2023;;;annuale feriale lu, me;;x;x;x;;x;;x;;;;;;;;;;;;;; 47,23 € ;;;;;; 4.723,00 € ;;;1; -   € ; -   € ; -   ;;;;; -   ;8;9;9;7; 47,23 € ;;;;;;;;;;;; 377,84 € ; 425,07 € ; 425,07 € ; 330,61 € ;136;153;153;119
755;;743;504;8;17:19;17:32;Lausen polo scol. - Canal S.Bovo - Ronco Chiesa;"scolastica 
da lunedì a venerdì";5,00;16; 174 ; 870,00 ;HOTEL AL BIVIO SRL;FZ987BE;21;FB913BJ;8;;;5117;CANAL S.BOVO                 ;5119;RONCO CHIESA                 ;12/09/2022;09/06/2023;;;scolastica lu-ve;;;;;x;x;x;x;x;x;;;;;;;;;;;; 48,42 € ;;;;;; 8.425,08 € ;;;1; -   € ; -   € ; -   ;;;;; -   ;15;20;21;15; 48,42 € ;;;;;;;;;;;; 726,30 € ; 968,40 € ; 1.016,82 € ; 726,30 € ;75;100;105;75
756;;744;512;476;05:52;06:25;Trento-Levico (prolungamento c.sa per Feltre ;"scolastica 
lunedì + post festivi";25,00;56; 36 ; 900,00 ;FERSINA TOUR S.R.L;FE205HG;57;FS143ZG;50;;;  0001FS;TRENTO (Stazione FS)         ;  4300BB; LEVICO TERME(SP.228)         ;12/09/2022;09/06/2023;;;scolastica lu + postfest;;;;;x;x;;;;;;;x;;;;;;;;; 75,00 € ;;;;;; 2.700,00 € ;;;2; -   € ; -   € ; -   ;;;; -   € ; -   ;3;4;5;4; 75,00 € ;;;;;;;;;;;; 225,00 € ; 300,00 € ; 375,00 € ; 300,00 € ;75;100;125;100
757;;745;512;476;06:25;08:00;Levico (S.P. 228 maso Rosso) - Borgo - Feltre Vellai;"scolastica 
da lunedì a sabato";65,80;56; 208 ; 13.686,40 ;FERSINA TOUR S.R.L;FE205HG;57;FS143ZG;50;;;  4300BB;LEVICO TERME(SP.228)         ;5015;Feltre-Vellai                ;12/09/2022;09/06/2023;;;scolastica lu-sa;;;;;x;x;x;x;x;x;x;;;;;;;;;;; 263,24 € ;;;;;; 54.753,92 € ;;;2; -   € ; -   € ; -   ;;;; -   € ; -   ;17;25;25;19; 263,24 € ;;;;;;;;;;;; 4.475,08 € ; 6.581,00 € ; 6.581,00 € ; 5.001,56 € ;1118,6;1645;1645;1250,2
758;;746;601;695;06:32;07:03;Dermulo FTM-Mezzocorona FS;"scolastica 
da lunedì a venerdì";21,50;30; 174 ; 3.741,00 ;ERIKA TOURS SRL;EV659LA;56;FF849CS;60;FZ833BE (Trentinobus);54;6200;DERMULO                      ;  6100FS;  MEZZOCORONA (St. FS)         ;12/09/2022;09/06/2023;;;scolastica lu-ve;;;;;x;x;x;x;x;x;;;;;;;;;;;; 64,50 € ;;;;;; 11.223,00 € ;;;1; -   € ; -   € ; -   ;;;; -   € ; -   ;15;20;21;15; 64,50 € ;;;;;;;;;;;; 967,50 € ; 1.290,00 € ; 1.354,50 € ; 967,50 € ;322,5;430;451,5;322,5
759;;746 bis;601;695;06:32;07:03;Dermulo FTM-Mezzocorona FS;scolastica il sabato;21,50;30; 34 ; 731,00 ;VITO DI PEDRON VITTORIA;FH992YZ;31;FK451EC (Erika Tours);31;;;6200;DERMULO                      ;  6100FS;  MEZZOCORONA (St. FS)         ;12/09/2022;09/06/2023;;;scolastica sab;;;;;x;;;;;;x;;;;;;;;;;; 64,50 € ;;;;;; 2.193,00 € ;;;1; -   € ; -   € ; -   ;;;; -   € ; -   ;2;5;4;3; 64,50 € ;;;;;;;;;;;; 129,00 € ; 322,50 € ; 258,00 € ; 193,50 € ;43;107,5;86;64,5
760;;747;601;616;20:45;21:17;Trento FTM - Lavis - Mezzolombardo;"Estiva
lunedì-sabato";22,00;19; 67 ; 1.474,00 ;VITO DI PEDRON VITTORIA;FV001FA;24;EW959KB;21;FC321RJ;21;  0001FS;TRENTO (Stazione FS)         ;6120;  MEZZOLOMBARDO                ;01/01/2022;11/09/2022;24/06/2023;31/08/2023;estiva feriale lu-sa;;;x;x;;x;x;x;x;x;x;;;;;;;;;;; 55,00 € ;;;;;; 3.685,00 € ;;;1; -   € ; -   € ; -   ;;;;; -   ;9;0;0;0; 55,00 € ;;;;;;;;;;;; 495,00 € ; -   € ; -   € ; -   € ;198;0;0;0
761;;748;611;387;06:15;06:50;Cavedago-Fai-Andalo-Molveno;"scolastica 
da lunedì a sabato";19,10;50; 208 ; 3.972,80 ;FABIO VIAGGI SRL;ED770MM 9 pp + FZ898BE 55pp;55; FZ898BE;55; FZ906BE;46;6133;Cavedago                     ;  0956RR;MOLVENO;12/09/2022;09/06/2023;;;scolastica lu-sa;;;;;x;x;x;x;x;x;x;;;;;;;;;;; 43,30 € ;;;;;; 9.006,40 € ;;;2; -   € ; 14,00 € ; 2.912 ;;;; -   € ; -   ;17;25;25;18; 57,30 € ;;;;;;;;;;;; 974,10 € ; 1.432,50 € ; 1.432,50 € ; 1.031,40 € ;324,7;477,5;477,5;343,8
762;;749;611;71;06:15;07:09;Molveno-Mezzocorona;"Estiva
lunedì-sabato";27,00;19; 67 ; 1.809,00 ;VITO DI PEDRON VITTORIA;FV001FA;24;EW959KB;21;FC321RJ;21;  0956RR;MOLVENO;  6100FS;  MEZZOCORONA (St. FS)         ;01/01/2022;11/09/2022;24/06/2023;31/08/2023;estiva feriale lu-sa;;;x;x;;x;x;x;x;x;x;;;;;;;;;;; 67,50 € ;;;;;; 4.522,50 € ;;;1; -   € ; -   € ; -   ;;;; -   € ; -   ;9;0;0;0; 67,50 € ;;;;;;;;;;;; 607,50 € ; -   € ; -   € ; -   € ;243;0;0;0
763;;750;611;49;06:33;07:03;Santel-Mezzolombardo;"estiva
lunedi-venerdì";14,00;19; 55 ; 770,00 ;OSCAR VIAGGI DI FORMOLO OSCAR;GJ181FP;21;GC466NL;24;GK082FC;42;6136;Santel (S.p. 64)             ;6120;  MEZZOLOMBARDO                ;01/01/2022;11/09/2022;24/06/2023;31/08/2023;estiva feriale lu-ve;;;x;x;;x;x;x;x;x;;;;;;;;;;;; -   € ;;;;;; -   € ;;;1; 28,00 € ; -   € ; 1.540,00 € ;;;;; -   ;7;0;0;; 28,00 € ;;;;;;;;;;;; 196,00 € ; -   € ; -   € ; -   € ;98;0;0;0
764;;751;611;71;06:44;07:24;Spormaggiore-Trento;scolastica lunedì;26,5;50; 33 ; 874,50 ;MDL s.r.l.;FL557HC;53;FH962KW;54;EW035MJ;53;6131;SPORMAGGIORE                 ;1;TRENTO (Autostaz.)         ;12/09/2022;09/06/2023;;;scolastica lu;;;;;x;x;;;;;;;;;;;;;;;;;;;MDL s.r.l.;;; -   € ;;;2;;;;;;;; -   ;3;4;4;3; -   € ;;;;;;;;;;;; -   € ; -   € ; -   € ; -   € ;79,5;106;106;79,5
765;;752;611;229;07:20;07:24;Mezzocorona Fs-S.Michele a/A;"Estiva
lunedì-venerdì";4,00;19; 55 ; 220,00 ;VITO DI PEDRON VITTORIA;FV001FA;24;EW959KB;21;FC321RJ;21;  6100FS;  MEZZOCORONA (St. FS)         ;954;S.Michele a/Adige            ;01/01/2022;11/09/2022;24/06/2023;31/08/2023;estiva feriale lu-ve;;;x;x;;x;x;x;x;x;;;;;;;;;;;; 12,00 € ;;;;;; 660,00 € ;;;1; -   € ; -   € ; -   ;;;;; -   ;7;0;0;; 12,00 € ;;;;;;;;;;;; 84,00 € ; -   € ; -   € ; -   € ;28;0;0;0
766;;753;611;620;13:00;13:40;Crescino-Spormaggiore-Molveno;"scolastica 
da lunedì a sabato";21,00;19; 208 ; 4.368,00 ;FABIO VIAGGI SRL;FZ894BE;23; FZ901BE;21;FZ896BE;37;6140;Crescino             ;  0956RR;MOLVENO;12/09/2022;09/06/2023;;;scolastica lu-sa;;;;;x;x;x;x;x;x;x;;;;;;;;;;; 63,00 € ;;;;;; 13.104,00 € ;;;1; -   € ; -   € ; -   ;;;;; -   ;17;25;25;18; 63,00 € ;;;;;;;;;;;; 1.071,00 € ; 1.575,00 € ; 1.575,00 € ; 1.134,00 € ;357;525;525;378
767;;754;611;60;13:00;14:02;S. Michele-Mezzolombardo-Spormaggire-Molveno;"scolastica 
da lunedì a venerdì";30,00;53; 174 ; 5.220,00 ;FABIO VIAGGI SRL;FZ898BE;55;FZ897BE;57;FZ896BE;37;  0954IA;S.Michele a/A.- Ist. Agrario ;  0956RR;MOLVENO;12/09/2022;09/06/2023;;;scolastica lu-ve;;;;;x;x;x;x;x;x;;;;;;;;;;;; 90,00 € ;;;;;; 15.660,00 € ;;;2; -   € ; -   € ; -   ;;;;; -   ;15;20;21;15; 90,00 € ;;;;;;;;;;;; 1.350,00 € ; 1.800,00 € ; 1.890,00 € ; 1.350,00 € ;450;600;630;450
768;;755;132;641;13:24;13:29;"Mezzocorona FS-S. Michele Ist. Agrario
prolungamento c.sa per Cembra";"scolastica 
da lunedì a venerdì";3,00;41; 174 ; 522,00 ;MONAUNI CARLO S.N.C. DI MONAUNI GERARDO E C. ;EX037JY;46;FE091HG;47;;;  6100FS;  MEZZOCORONA (St. FS)         ;  0954IA;S.Michele a/A.- Ist. Agrario ;12/09/2022;09/06/2023;;;scolastica lu-ve;;;;;x;x;x;x;x;x;;;;;;;;;;;; 9,00 € ;;;;;; 1.566,00 € ;;;2; -   € ; -   € ; -   ;;;;; -   ;15;20;21;15; 9,00 € ;;;;;;;;;;;; 135,00 € ; 180,00 € ; 189,00 € ; 135,00 € ;45;60;63;45
769;;756;611;577;16:40;17:25;Molveno-Andalo-Mezzolombardo;"invernale
da lunedì a venerdì";23,00;50; 202 ; 4.646,00 ;FABIO VIAGGI SRL;FZ906BE;46; FZ901BE;21;FZ896BE;37;  0956RR;MOLVENO;6120;  MEZZOLOMBARDO                ;12/09/2022;23/06/2023;;;invernale feriale lu-ve;;x;;x;;x;x;x;x;x;;;;;;;;;;;; 69,00 € ;;;;;; 13.938,00 € ;;;2; -   € ; -   € ; -   ;;;;; -   ;15;21;21;20; 69,00 € ;;;;;;;;;;;; 1.035,00 € ; 1.449,00 € ; 1.449,00 € ; 1.380,00 € ;345;483;483;460
770;;757;611;95;17:40;18:31;Molveno-Fai-Mezzocorona;"scolastica 
da lunedì a venerdì";27;30; 174 ; 4.698,00 ;FABIO VIAGGI SRL;FZ898BE;55;FZ897BE;57;FZ896BE;37;  0956RR;MOLVENO;  6100FS;  MEZZOCORONA (St. FS)         ;12/09/2022;09/06/2023;;;scolastica lu-ve;;;;;x;x;x;x;x;x;;;;;;;;;;;;; 59,40 € ;;;;; -   € ; 10.335,60 € ;;1;;;; -   € ; -   € ; -   ;; -   ;15;20;21;15; 59,40 € ;;;;;;;;;;;; 891,00 € ; 1.188,00 € ; 1.247,40 € ; 891,00 € ;405;540;567;405
771;;758;611;92;17:56;18:21;Mezzolombardo-Fai-Santel;"scolastica 
da lunedì a venerdì";14;19; 174 ; 2.436,00 ;FABIO VIAGGI SRL;FZ906BE;46;FZ901BE;21;FZ896BE;37;6120;  MEZZOLOMBARDO                ;6136;Santel (S.p. 64)             ;12/09/2022;09/06/2023;;;scolastica lu-ve;;;;;x;x;x;x;x;x;;;;;;;;;;;;; 26,60 € ;;;;; -   € ; 4.628,40 € ;;1;;;; 1,40 € ; -   € ; 244 ;; -   ;15;20;21;15; 28,00 € ;;;;;;;;;;;; 420,00 € ; 560,00 € ; 588,00 € ; 420,00 € ;210;280;294;210
772;;759;611;98;18:50;19:40;Mezzocorona-Spormaggiore-Molveno;"scolastica 
da lunedì a venerdì";27;30; 174 ; 4.698,00 ;FABIO VIAGGI SRL;FZ906BE;46;FZ898BE;55;FZ896BE;37;  6100FS;  MEZZOCORONA (St. FS)         ;  0956RR;MOLVENO;12/09/2022;09/06/2023;;;scolastica lu-ve;;;;;x;x;x;x;x;x;;;;;;;;;;;;; 59,40 € ;;;;; -   € ; 10.335,60 € ;;1;;;; -   € ; -   € ; -   ;; -   ;15;20;21;15; 59,40 € ;;;;;;;;;;;; 891,00 € ; 1.188,00 € ; 1.247,40 € ; 891,00 € ;405;540;567;405
773;;760;611;100;18:55;19:25;"Mezzolombardo-Fai-
Andalo Maso Toscana";"invernale
da lunedì a venerdì";17;19; 202 ; 3.434,00 ;OSCAR VIAGGI DI FORMOLO OSCAR;GJ181FP;21;GK082FC;42;GC466NL;24;6120;  MEZZOLOMBARDO                ;  6137MT;Andalo - Maso Toscana        ;12/09/2022;23/06/2023;;;invernale feriale lu-ve;;x;;x;;x;x;x;x;x;;;;;;;;;;;;;;;OSCAR VIAGGI DI FORMOLO OSCAR;;; -   € ;;;1;;;;;;;; -   ;15;21;21;20; -   € ;;;;;;;;;;;; -   € ; -   € ; -   € ; -   € ;255;357;357;340
774;;761;611;100;19:15;19:45;"Mezzolombardo-Fai-
Andalo Maso Toscana";"invernale feriale
sabato";17;19; 38 ; 646,00 ;OSCAR VIAGGI DI FORMOLO OSCAR;GJ181FP;21;GK082FC;42;GC466NL;24;6120;  MEZZOLOMBARDO                ;  6137MT;Andalo - Maso Toscana        ;12/09/2022;23/06/2023;;;invernale feriale sab;;x;;x;;;;;;;x;;;;;;;;;;;;;;OSCAR VIAGGI DI FORMOLO OSCAR;;; -   € ;;;1;;;;;;;; -   ;2;5;4;5; -   € ;;;;;;;;;;;; -   € ; -   € ; -   € ; -   € ;34;85;68;85
775;;762;615;518/509;06:03;06:33;Raut-Toss-Mezzolombardo;"scolastica 
da lunedì a venerdì";13;19; 174 ; 2.262,00 ;OSCAR VIAGGI DI FORMOLO OSCAR;GJ181FP;21;GC466NL;24;;;  6126RA;Raut                         ;6120;  MEZZOLOMBARDO                ;12/09/2022;09/06/2023;;;scolastica lu-ve;;;;;x;x;x;x;x;x;;;;;;;;;;;;;;;OSCAR VIAGGI DI FORMOLO OSCAR;;; -   € ;;;1;;;;;;;; -   ;15;20;21;15; -   € ;;;;;;;;;;;; -   € ; -   € ; -   € ; -   € ;195;260;273;195
776;km corretti da capitolato;763;615;510;06:51;07:06;Mezzolombardo-Toss;"estiva
sabato ";10,00;19; 12 ; 120,00 ;OSCAR VIAGGI DI FORMOLO OSCAR;GJ181FP;21;GK082FC;42;GC466NL;24;6120;  MEZZOLOMBARDO                ;6127;TOSS                         ;01/01/2022;11/09/2022;24/06/2023;31/08/2023;estiva feriale sab;;;x;x;;;;;;;x;;;;;;;;;;; 25,00 € ;;;;;; 300,00 € ;;;1; -   € ; -   € ; -   ;;;; -   € ; -   ;2;0;0;; 25,00 € ;;;;;;;;;;;; 50,00 € ; -   € ; -   € ; -   € ;20;0;0;0
777;km corretti da capitolato;764;615;511;07:07;07:29;Toss-Mezzolombardo;"estiva
sabato ";12,00;19; 12 ; 144,00 ;OSCAR VIAGGI DI FORMOLO OSCAR;GJ181FP;21;GK082FC;42;GC466NL;24;6127;TOSS                         ;6120;  MEZZOLOMBARDO                ;01/01/2022;11/09/2022;24/06/2023;31/08/2023;estiva feriale sab;;;x;x;;;;;;;x;;;;;;;;;;; 30,00 € ;;;;;; 360,00 € ;;;1; -   € ; -   € ; -   ;;;;; -   ;2;0;0;; 30,00 € ;;;;;;;;;;;; 60,00 € ; -   € ; -   € ; -   € ;24;0;0;0
778;;765;615;546;13:50;14:10;Mezzolombardo-Vigo di Ton-Toss;"Estiva
lunedì-sabato";10,00;19; 67 ; 670,00 ;VITO DI PEDRON VITTORIA;EW959KB;21;FV001FA;24;FC321RJ;21;6120;  MEZZOLOMBARDO                ;6127;TOSS                         ;01/01/2022;11/09/2022;24/06/2023;31/08/2023;estiva feriale lu-sa;;;x;x;;x;x;x;x;x;x;;;;;;;;;;; 30,00 € ;;;;;; 2.010,00 € ;;;1; -   € ; -   € ; -   ;;;;; -   ;9;0;0;0; 30,00 € ;;;;;;;;;;;; 270,00 € ; -   € ; -   € ; -   € ;90;0;0;0
779;km corretti da capitolato;766;615;524;13:53;14:10;Denno FTM-Moncovo-Truzzi bivio-Toss;"scolastica 
da lunedì a venerdì";8,00;19; 174 ; 1.392,00 ;OSCAR VIAGGI DI FORMOLO OSCAR;GC466NL;24;GJ181FP;21;GK082FC;42;  6150TM;Denno  FTM                  ;6127;TOSS                         ;12/09/2022;09/06/2023;;;scolastica lu-ve;;;;;x;x;x;x;x;x;;;;;;;;;;;; 24,00 € ;;;;;; 4.176,00 € ;;;1; -   € ; -   € ; -   ;;;;; -   ;15;20;21;15; 24,00 € ;;;;;;;;;;;; 360,00 € ; 480,00 € ; 504,00 € ; 360,00 € ;120;160;168;120
780;;767;615;524;14:10;14:15;"Toss-Raut 
(prolungamento c.sa da Denno FTM-Toss)";"scolastica 
lun+merc+ven ";2,60;19; 105 ; 273,00 ;OSCAR VIAGGI DI FORMOLO OSCAR;GC466NL;24;GJ181FP;21;GK082FC;42;6127;TOSS                         ;  6126RA;Raut                         ;12/09/2022;09/06/2023;;;scolastica lu, me, ve;;;;;x;x;;x;;x;;;;;;;;;;;; 7,80 € ;;;;;; 819,00 € ;;;1; -   € ; -   € ; -   ;;;;; -   ;9;12;13;9; 7,80 € ;;;;;;;;;;;; 70,20 € ; 93,60 € ; 101,40 € ; 70,20 € ;23,4;31,2;33,8;23,4
781;;768;615;522;17:10;17:30;Mezzolombardo-Toss;"scolastica 
da lunedì a venerdì";10,00;15; 174 ; 1.740,00 ;OSCAR VIAGGI DI FORMOLO OSCAR;GC466NL;24;FV001FA (Vito Viaggi) ;24;;;6120;  MEZZOLOMBARDO                ;6127;TOSS                         ;12/09/2022;09/06/2023;;;scolastica lu-ve;;;;;x;x;x;x;x;x;;;;;;;;;;;; 30,00 € ;;;;;; 5.220,00 € ;;;1; -   € ; -   € ; -   ;;;;; -   ;15;20;21;15; 30,00 € ;;;;;;;;;;;; 450,00 € ; 600,00 € ; 630,00 € ; 450,00 € ;150;200;210;150
782;;769;615;520;18:05;18:25;Mezzolombardo-Toss;"estiva
sabato ";22,00;19; 12 ; 264,00 ;VITO DI PEDRON VITTORIA;FV001FA;24;EW959KB;21;;;6120;  MEZZOLOMBARDO                ;6127;TOSS                         ;01/01/2022;11/09/2022;24/06/2023;31/08/2023;estiva feriale sab;;;x;x;;;;;;;x;;;;;;;;;;; 55,00 € ;;;;;; 660,00 € ;;;1; -   € ; -   € ; -   ;;;;; -   ;2;0;0;; 55,00 € ;;;;;;;;;;;; 110,00 € ; -   € ; -   € ; -   € ;44;0;0;0
783;;770;615;520;18:05;18:25;Mezzolombardo-Toss;"invernale
lunedì-sabato";10;19; 240 ; 2.400,00 ;OSCAR VIAGGI DI FORMOLO OSCAR;GC466NL;24;GK082FC;42;;;6120;  MEZZOLOMBARDO                ;6127;TOSS                         ;12/09/2022;23/06/2023;;;invernale feriale lu-sa;;x;;x;;x;x;x;x;x;x;;;;;;;;;;;;;;OSCAR VIAGGI DI FORMOLO OSCAR;;; -   € ;;;1;;;;;;;; -   ;17;26;25;25; -   € ;;;;;;;;;;;; -   € ; -   € ; -   € ; -   € ;170;260;250;250
784;;771;615;515;18:26;18:51;Toss-Mezzolombardo;"invernale
lunedì-sabato";12;19; 240 ; 2.880,00 ;OSCAR VIAGGI DI FORMOLO OSCAR;GC466NL;24;GK082FC;42;;;6127;TOSS                         ;6120;  MEZZOLOMBARDO                ;12/09/2022;23/06/2023;;;invernale feriale lu-sa;;x;;x;;x;x;x;x;x;x;;;;;;;;;;;;;;OSCAR VIAGGI DI FORMOLO OSCAR;;; -   € ;;;1;;;;;;;; -   ;17;26;25;25; -   € ;;;;;;;;;;;; -   € ; -   € ; -   € ; -   € ;204;312;300;300
785;;772;615;517;18:26;18:51;Toss-Mezzolombardo;"estiva
sabato ";22,00;19; 12 ; 264,00 ;VITO DI PEDRON VITTORIA;FV001FA;24;EW959KB;21;;;6127;TOSS                         ;6120;  MEZZOLOMBARDO                ;01/01/2022;11/09/2022;24/06/2023;31/08/2023;estiva feriale sab;;;x;x;;;;;;;x;;;;;;;;;;; 55,00 € ;;;;;; 660,00 € ;;;1; -   € ; -   € ; -   ;;;;; -   ;2;0;0;; 55,00 € ;;;;;;;;;;;; 110,00 € ; -   € ; -   € ; -   € ;44;0;0;0
786;;773;620;230;06:14;06:58;Lover - Dercolo-Cles (tratta Lover - Dercolo extracap.);"scolastica 
da lunedì a venerdì";18,00;19; 174 ; 3.132,00 ;FABIO VIAGGI SRL;FZ894BE;23;FZ901BE;21;;;6146;Dercolo (Bivio)              ;6220;CLES (Autostaz.)             ;12/09/2022;09/06/2023;;;scolastica lu-ve;;;;;x;x;x;x;x;x;;;;;;;;;;;; 56,40 € ;;;;;; 9.813,60 € ;;;1; -   € ; -   € ; -   ;;;; -   € ; -   ;15;20;21;15; 56,40 € ;;;;;;;;;;;; 846,00 € ; 1.128,00 € ; 1.184,40 € ; 846,00 € ;270;360;378;270
787;;774;620;223;06:28;07:34;Cles-Campodenno-Mezzocorona FS;"Estiva
lunedì-venerdì";32,50;30; 55 ; 1.787,50 ;VITO DI PEDRON VITTORIA;FH992YZ;31;FZ833BE (Trentinobus);54;;;6220;CLES (Autostaz.)             ;  6100FS;  MEZZOCORONA (St. FS)         ;01/01/2022;11/09/2022;24/06/2023;31/08/2023;estiva feriale lu-ve;;;x;x;;x;x;x;x;x;;;;;;;;;;;; 97,50 € ;;;;;; 5.362,50 € ;;;1; -   € ; -   € ; -   ;;;; -   € ; -   ;7;0;0;; 97,50 € ;;;;;;;;;;;; 682,50 € ; -   € ; -   € ; -   € ;227,5;0;0;0
788;;775;620;237;12:54;13:00;Lover - Sporminore ;"scolastica 
da lunedì a sabato";3,00;8; 208 ; 624,00 ;VIAGGI FORMOLO S.A.S. DI FORMOLO ANGELO & C.; GE371BA;9;FJ988YE;9;GC698CS;9;6144;Lover                        ;6143;Sporminore                   ;12/09/2022;09/06/2023;;;scolastica lu-sa;;;;;x;x;x;x;x;x;x;;;;;;;;;;; 7,91 € ;;;;;; 1.645,28 € ;;;1; -   € ; -   € ; -   ;;;;; -   ;17;25;25;18; 7,91 € ;;;;;;;;;;;; 134,47 € ; 197,75 € ; 197,75 € ; 142,38 € ;51;75;75;54
789;;776;620;420;13:28;13:45;Crescino - Dercolo - Quetta - Campodenno - Sporminore;"scolastica 
da lunedì a sabato";11,40;8; 208 ; 2.371,20 ;VIAGGI FORMOLO S.A.S. DI FORMOLO ANGELO & C.;FJ988YE;9;GC698CS;9;ER846KZ;9;6140;Crescino             ;6143;Sporminore                   ;12/09/2022;09/06/2023;;;scolastica lu-sa;;;;;x;x;x;x;x;x;x;;;;;;;;;;; 38,65 € ;;;;;; 8.039,20 € ;;;1; -   € ; -   € ; -   ;;;;; -   ;17;25;25;18; 38,65 € ;;;;;;;;;;;; 657,05 € ; 966,25 € ; 966,25 € ; 695,70 € ;193,8;285;285;205,2
790;;777;620;420;13:28;13:35;Crescino Sporminore (bis corsa diretta);"scolastica 
da lunedì a sabato";3,90;8; 208 ; 811,20 ;VIAGGI FORMOLO S.A.S. DI FORMOLO ANGELO & C.; GE371BA;9;GC698CS;9;ER846KZ;9;6140;Crescino             ;6143;Sporminore                   ;12/09/2022;09/06/2023;;;scolastica lu-sa;;;;;x;x;x;x;x;x;x;;;;;;;;;;; 11,70 € ;;;;;; 2.433,60 € ;;;1; -   € ; -   € ; -   ;;;;; -   ;17;25;25;18; 11,70 € ;;;;;;;;;;;; 198,90 € ; 292,50 € ; 292,50 € ; 210,60 € ;66,3;97,5;97,5;70,2
791;;778;620;973;13:58;15:04;Cles-Campodenno-Mezzocorona FS;"estiva
sabato ";32,50;30; 12 ; 390,00 ;GENZIANA S.r.l.;GK152EV;23;FS248ZL;23;GA057TM;21;6220;CLES (Autostaz.)             ;  6100FS;  MEZZOCORONA (St. FS)         ;01/01/2022;11/09/2022;24/06/2023;31/08/2023;estiva feriale sab;;;x;x;;;;;;;x;;;;;;;;;;; 97,50 € ;;;;;; 1.170,00 € ;;;1; -   € ; -   € ; -   ;;;;; -   ;2;0;0;; 97,50 € ;;;;;;;;;;;; 195,00 € ; -   € ; -   € ; -   € ;65;0;0;0
792;;779;620;646;13:58;14:05;Crescino - Sporminore;"scolastica 
da lunedì a sabato";3,90;8; 208 ; 811,20 ;VIAGGI FORMOLO S.A.S. DI FORMOLO ANGELO & C.; GE371BA;9;FJ988YE;9;GC698CS;9;6140;Crescino             ;  6143OT;Sporminore civ. 86           ;12/09/2022;09/06/2023;;;scolastica lu-sa;;;;;x;x;x;x;x;x;x;;;;;;;;;;; 12,88 € ;;;;;; 2.679,04 € ;;;1; -   € ; -   € ; -   ;;;;; -   ;17;25;25;18; 12,88 € ;;;;;;;;;;;; 218,96 € ; 322,00 € ; 322,00 € ; 231,84 € ;66,3;97,5;97,5;70,2
793;;780;620;426;14:33;14:40;Crescino - Sporminore;"scolastica 
da lunedì a sabato";3,90;8; 208 ; 811,20 ;VIAGGI FORMOLO S.A.S. DI FORMOLO ANGELO & C.; GE371BA;9;FJ988YE;9;GC698CS;9;6140;Crescino             ;  6143OT;Sporminore civ. 86           ;12/09/2022;09/06/2023;;;scolastica lu-sa;;;;;x;x;x;x;x;x;x;;;;;;;;;;; 12,88 € ;;;;;; 2.679,04 € ;;;1; -   € ; -   € ; -   ;;;;; -   ;17;25;25;18; 12,88 € ;;;;;;;;;;;; 218,96 € ; 322,00 € ; 322,00 € ; 231,84 € ;66,3;97,5;97,5;70,2
794;;781;620;982;14:53;15:59;Mezzocorona FS-Campodenno-Cles;"estiva
feriale ";32,50;30; 67 ; 2.177,50 ;VITO DI PEDRON VITTORIA;FH992YZ;31;FZ833BE (Trentinobus);54;;;  6100FS;  MEZZOCORONA (St. FS)         ;6220;CLES (Autostaz.)             ;01/01/2022;11/09/2022;24/06/2023;31/08/2023;estiva feriale lu-sa;;;x;x;;x;x;x;x;x;x;;;;;;;;;;; 97,50 € ;;;;;; 6.532,50 € ;;;1; -   € ; -   € ; -   ;;;;; -   ;9;0;0;0; 97,50 € ;;;;;;;;;;;; 877,50 € ; -   € ; -   € ; -   € ;292,5;0;0;0
795;;782;620;982;14:53;15:59;Mezzocorona FS-Campodenno-Cles;"invernale
lunedì-sabato";32,50;30; 240 ; 7.800,00 ;VITO DI PEDRON VITTORIA;FH992YZ;31;FZ833BE (Trentinobus);54;;;  6100FS;  MEZZOCORONA (St. FS)         ;6220;CLES (Autostaz.)             ;12/09/2022;23/06/2023;;;invernale feriale lu-sa;;x;;x;;x;x;x;x;x;x;;;;;;;;;;; 97,50 € ;;;;;; 23.400,00 € ;;;1; -   € ; -   € ; -   ;;;;; -   ;17;26;25;25; 97,50 € ;;;;;;;;;;;; 1.657,50 € ; 2.535,00 € ; 2.437,50 € ; 2.437,50 € ;552,5;845;812,5;812,5
796;;783;620;984;15:53;16:41;Mezzocorona FS-Denno-Cles;"estiva
sabato ";29,00;19; 12 ; 348,00 ;GENZIANA S.r.l.;GK152EV;23;FS248ZL;23;GA057TM;21;  6100FS;  MEZZOCORONA (St. FS)         ;6220;CLES (Autostaz.)             ;01/01/2022;11/09/2022;24/06/2023;31/08/2023;estiva feriale sab;;;x;x;;;;;;;x;;;;;;;;;;; 87,00 € ;;;;;; 1.044,00 € ;;;1; -   € ; -   € ; -   ;;;;; -   ;2;0;0;; 87,00 € ;;;;;;;;;;;; 174,00 € ; -   € ; -   € ; -   € ;58;0;0;0
797;;784;620;979;16:03;17:09;Cles-Campodenno-Mezzocorona FS;"estiva
feriale ";32,50;30; 67 ; 2.177,50 ;VITO DI PEDRON VITTORIA;FH992YZ;31;FZ833BE (Trentinobus);54;;;6220;CLES (Autostaz.)             ;  6100FS;  MEZZOCORONA (St. FS)         ;01/01/2022;11/09/2022;24/06/2023;31/08/2023;estiva feriale lu-sa;;;x;x;;x;x;x;x;x;x;;;;;;;;;;; 97,50 € ;;;;;; 6.532,50 € ;;;1; -   € ; -   € ; -   ;;;;; -   ;9;0;0;0; 97,50 € ;;;;;;;;;;;; 877,50 € ; -   € ; -   € ; -   € ;292,5;0;0;0
798;;785;620;979;16:03;17:09;Cles-Campodenno-Mezzocorona FS;"invernale
lunedì-sabato";32,50;30; 240 ; 7.800,00 ;VITO DI PEDRON VITTORIA;FH992YZ;31;FZ833BE (Trentinobus);54;;;6220;CLES (Autostaz.)             ;  6100FS;  MEZZOCORONA (St. FS)         ;12/09/2022;23/06/2023;;;invernale feriale lu-sa;;x;;x;;x;x;x;x;x;x;;;;;;;;;;; 97,50 € ;;;;;; 23.400,00 € ;;;1; -   € ; -   € ; -   ;;;;; -   ;17;26;25;25; 97,50 € ;;;;;;;;;;;; 1.657,50 € ; 2.535,00 € ; 2.437,50 € ; 2.437,50 € ;552,5;845;812,5;812,5
799;;786;620;226;16:52;17:09;Crescino-Sporminore;"scolastica 
da lunedì a venerdì";9,40;19; 174 ; 1.635,60 ;OSCAR VIAGGI DI FORMOLO OSCAR;GJ181FP;21;FV001FA (Vito Viaggi) ;24;;;6140;Crescino             ;6143;Sporminore                   ;12/09/2022;09/06/2023;;;scolastica lu-ve;;;;;x;x;x;x;x;x;;;;;;;;;;;; 34,20 € ;;;;;; 5.950,80 € ;;;1; -   € ; -   € ; -   ;;;;; -   ;15;20;21;15; 34,20 € ;;;;;;;;;;;; 513,00 € ; 684,00 € ; 718,20 € ; 513,00 € ;141;188;197,4;141
800;;787;620;228;17:50;18:32;Mezzolombardo - Denno -Cles;"feriale invernale
sabato";26,00;30; 38 ; 988,00 ;VITO DI PEDRON VITTORIA;FH992YZ;31;FZ833BE (Trentinobus);54;;;6120;  MEZZOLOMBARDO                ;6220;CLES (Autostaz.)             ;12/09/2022;23/06/2023;;;invernale feriale sab;;x;;x;;;;;;;x;;;;;;;;;;; 78,00 € ;;;;;; 2.964,00 € ;;;1; -   € ; -   € ; -   ;;;;; -   ;2;5;4;5; 78,00 € ;;;;;;;;;;;; 156,00 € ; 390,00 € ; 312,00 € ; 390,00 € ;52;130;104;130
801;;788;620;228;17:50;18:29;Mezzolombardo-Denno-Cles;"estiva
sabato ";26,00;30; 12 ; 312,00 ;VITO DI PEDRON VITTORIA;FH992YZ;31;FZ833BE (Trentinobus);54;;;6120;  MEZZOLOMBARDO                ;6220;CLES (Autostaz.)             ;01/01/2022;11/09/2022;24/06/2023;31/08/2023;estiva feriale sab;;;x;x;;;;;;;x;;;;;;;;;;; 78,00 € ;;;;;; 936,00 € ;;;1; -   € ; -   € ; -   ;;;;; -   ;2;0;0;; 78,00 € ;;;;;;;;;;;; 156,00 € ; -   € ; -   € ; -   € ;52;0;0;0
802;;789;620;988;18:32;19:07;Mezzzolombardo-Termon;"invernale
lunedì-sabato";16,00;19; 240 ; 3.840,00 ;VITO DI PEDRON VITTORIA;EW959KB;21;FH992YZ;31;FZ833BE (Trentinobus);54;6120;  MEZZOLOMBARDO                ;6147;Termon                       ;12/09/2022;23/06/2023;;;invernale feriale lu-sa;;x;;x;;x;x;x;x;x;x;;;;;;;;;;; 48,00 € ;;;;;; 11.520,00 € ;;;1; -   € ; -   € ; -   ;;;;; -   ;17;26;25;25; 48,00 € ;;;;;;;;;;;; 816,00 € ; 1.248,00 € ; 1.200,00 € ; 1.200,00 € ;272;416;400;400
803;;790;620;988;18:35;19:10;Mezzolombardo-Termon;"estiva
feriale ";16,00;19; 67 ; 1.072,00 ;VITO DI PEDRON VITTORIA;FC321RJ;21;EW959KB;21;;;6120;  MEZZOLOMBARDO                ;6147;Termon                       ;01/01/2022;11/09/2022;24/06/2023;31/08/2023;estiva feriale lu-sa;;;x;x;;x;x;x;x;x;x;;;;;;;;;;; 48,00 € ;;;;;; 3.216,00 € ;;;1; -   € ; -   € ; -   ;;;;; -   ;9;0;0;0; 48,00 € ;;;;;;;;;;;; 432,00 € ; -   € ; -   € ; -   € ;144;0;0;0
804;;791;620;983;19:05;20:10;Cles-Campodenno-Mezzocorona FS;"estiva
sabato ";32,50;30; 12 ; 390,00 ;VITO DI PEDRON VITTORIA;FH992YZ;31;FZ833BE (Trentinobus);54;;;6220;CLES (Autostaz.)             ;  6100FS;  MEZZOCORONA (St. FS)         ;01/01/2022;11/09/2022;24/06/2023;31/08/2023;estiva feriale sab;;;x;x;;;;;;;x;;;;;;;;;;; 97,50 € ;;;;;; 1.170,00 € ;;;1; -   € ; -   € ; -   ;;;;; -   ;2;0;0;; 97,50 € ;;;;;;;;;;;; 195,00 € ; -   € ; -   € ; -   € ;65;0;0;0
805;;792;620;983;19:05;20:11;Cles-Campodenno-Mezzocorona FS;"scolastica 
da lunedì a sabato";32,50;30; 208 ; 6.760,00 ;VITO DI PEDRON VITTORIA;EW959KB;21;FH992YZ;31;FC321RJ;21;6220;CLES (Autostaz.)             ;  6100FS;  MEZZOCORONA (St. FS)         ;12/09/2022;09/06/2023;;;scolastica lu-sa;;;;;x;x;x;x;x;x;x;;;;;;;;;;; 97,50 € ;;;;;; 20.280,00 € ;;;1; -   € ; -   € ; -   ;;;;; -   ;17;25;25;18; 97,50 € ;;;;;;;;;;;; 1.657,50 € ; 2.437,50 € ; 2.437,50 € ; 1.755,00 € ;552,5;812,5;812,5;585
806;;793;620;214;20:53;21:41;Mezzocorona FS-Denno-Cles;"scolastica 
da lunedì a venerdì";29,00;16; 174 ; 5.046,00 ;VITO DI PEDRON VITTORIA;EW959KB;21;FH992YZ;31;FC321RJ;21;  6100FS;  MEZZOCORONA (St. FS)         ;6220;CLES (Autostaz.)             ;12/09/2022;09/06/2023;;;scolastica lu-ve;;;;;x;x;x;x;x;x;;;;;;;;;;;; 87,00 € ;;;;;; 15.138,00 € ;;;1; -   € ; -   € ; -   ;;;;; -   ;15;20;21;15; 87,00 € ;;;;;;;;;;;; 1.305,00 € ; 1.740,00 € ; 1.827,00 € ; 1.305,00 € ;435;580;609;435
807;;794;621;197/198;07:11;07:42;Mezzolombardo-Nave S.Rocco-Mezzolombardo ;"scolastica 
da lunedì a venerdì";15,00;54; 174 ; 2.610,00 ;ERIKA TOURS SRL ;EV659LA;57;FF849CS ;60;FK451EC;31;6120;  MEZZOLOMBARDO                ;  6120SM;Mezzolombardo Sc. Media      ;12/09/2022;09/06/2023;;;scolastica lu-ve;;;;;x;x;x;x;x;x;;;;;;;;;;;; 218,07 € ;;;;;; 37.944,18 € ;;;2; -   € ; -   € ; -   ;;;;; -   ;15;20;21;15; 218,07 € ;;;;;;;;;;;; 3.271,05 € ; 4.361,40 € ; 4.579,47 € ; 3.271,05 € ;225;300;315;225
808;;795;621;968;09:55;10:19;Lavis FTM-Nave S.Rocco-Mezzolombardo;"invernale
lunedì-sabato";13,20;19; 240 ; 3.168,00 ;OSCAR VIAGGI DI FORMOLO OSCAR;GJ181FP;21;GK082FC;42;GC466NL;24;  1010MT;LAVIS (Staz. FTM)            ;6120;  MEZZOLOMBARDO                ;12/09/2022;23/06/2023;;;invernale feriale lu-sa;;x;;x;;x;x;x;x;x;x;;;;;;;;;;; 39,60 € ;;;;;; 9.504,00 € ;;;1; -   € ; -   € ; -   ;;;;; -   ;17;26;25;25; 39,60 € ;;;;;;;;;;;; 673,20 € ; 1.029,60 € ; 990,00 € ; 990,00 € ;224,4;343,2;330;330
809;;796;621;989;11:30;11:49;Mezzolombardo-Nave S.Rocco-Lavis FTM;"invernale
lunedì-sabato";11,30;19; 240 ; 2.712,00 ;OSCAR VIAGGI DI FORMOLO OSCAR;GJ181FP;21;GK082FC;42;GC466NL;24;6120;  MEZZOLOMBARDO                ;  1010MT;LAVIS (Staz. FTM)            ;12/09/2022;23/06/2023;;;invernale feriale lu-sa;;x;;x;;x;x;x;x;x;x;;;;;;;;;;; 33,90 € ;;;;;; 8.136,00 € ;;;1; -   € ; -   € ; -   ;;;;; -   ;17;26;25;25; 33,90 € ;;;;;;;;;;;; 576,30 € ; 881,40 € ; 847,50 € ; 847,50 € ;192,1;293,8;282,5;282,5
810;;797;621;991;17:25;17:44;Mezzolombardo-Nave S.Rocco-Lavis FTM;"estiva
feriale ";11,30;19; 67 ; 757,10 ;OSCAR VIAGGI DI FORMOLO OSCAR;GJ181FP;21;GK082FC;42;;;6120;  MEZZOLOMBARDO                ;  1010MT;LAVIS (Staz. FTM)            ;01/01/2022;11/09/2022;24/06/2023;31/08/2023;estiva feriale lu-sa;;;x;x;;x;x;x;x;x;x;;;;;;;;;;; 33,90 € ;;;;;; 2.271,30 € ;;;1; -   € ; -   € ; -   ;;;;; -   ;9;0;0;0; 33,90 € ;;;;;;;;;;;; 305,10 € ; -   € ; -   € ; -   € ;101,7;0;0;0
811;;798;623;256;17:20;17:47;Cles-Portolo;"invernale
lunedì-sabato";12;19; 240 ; 2.880,00 ;ERIKA TOURS SRL ;FZ000KS;21;FK451EC;31;;;6220;CLES (Autostaz.)             ;6216;PORTOLO                      ;12/09/2022;23/06/2023;;;invernale feriale lu-sa;;x;;x;;x;x;x;x;x;x;;;;;;;;;;;;;;ERIKA TOURS SRL ;;; -   € ;;;1;;;;;;;; -   ;17;26;25;25; -   € ; mensile ;1;;1;;1;;1;; 2.500,00 € ;; 2.500,00 € ; 2.500,00 € ; 2.500,00 € ; 2.500,00 € ;204;312;300;300
812;;799;623;264;17:30;17:57;Cles-Tuenno-Portolo;"Estiva
lunedì-sabato";12;19; 67 ; 804,00 ;ERIKA TOURS SRL ;FZ000KS;21;FK451EC;31;;;6220;CLES (Autostaz.)             ;6216;PORTOLO                      ;01/01/2022;11/09/2022;24/06/2023;31/08/2023;estiva feriale lu-sa;;;x;x;;x;x;x;x;x;x;;;;;;;;;;;; 21,60 € ;;;;; -   € ; 1.447,20 € ;;1;;;;;;;; -   ;9;0;0;0; 21,60 € ;;;;;;;;;;;; 194,40 € ; -   € ; -   € ; -   € ;108;0;0;0
813;;800;623;261;17:52;18:07;Portolo-Cles;"invernale
lunedì-sabato";10;19; 240 ; 2.400,00 ;ERIKA TOURS SRL ;FZ000KS;21;FK451EC;31;;;6216;PORTOLO                      ;6220;CLES (Autostaz.)             ;12/09/2022;23/06/2023;;;invernale feriale lu-sa;;x;;x;;x;x;x;x;x;x;;;;;;;;;;;;;;ERIKA TOURS SRL ;;; -   € ;;;1;;;;;;;; -   ;17;26;25;25; -   € ;;;;;;;;;;;; -   € ; -   € ; -   € ; -   € ;170;260;250;250
814;;801;623;261;17:50;18:05;Portolo-Tuenno-Cles;"Estiva
lunedì-sabato";10;19; 67 ; 670,00 ;ERIKA TOURS SRL ;FZ000KS;21;FK451EC;31;;;6216;PORTOLO                      ;6220;CLES (Autostaz.)             ;01/01/2022;11/09/2022;24/06/2023;31/08/2023;estiva feriale lu-sa;;;x;x;;x;x;x;x;x;x;;;;;;;;;;;; 18,00 € ;;;;; -   € ; 1.206,00 € ;;1;;;;;;;; -   ;9;0;0;0; 18,00 € ;;;;;;;;;;;; 162,00 € ; -   € ; -   € ; -   € ;90;0;0;0
815;;802;624;272;07:21;07:27;Cles piazza Fiera - Mechel;"scolastica 
da lunedì a venerdì";4,00;50; 174 ; 696,00 ;VIAGGI CICOLINI S.R.L .; FL916HC;51; FE599HG;58;;;  6220PF;Cles (Piazza Fiera)          ;6157;MECHEL                       ;12/09/2022;09/06/2023;;;scolastica lu-ve;;;;;x;x;x;x;x;x;;;;;;;;;;;; 30,77 € ;;;;;; 5.353,98 € ;;;2; -   € ; -   € ; -   ;;;;; -   ;15;20;21;15; 30,77 € ;;;;;;;;;;;; 461,55 € ; 615,40 € ; 646,17 € ; 461,55 € ;60;80;84;60
816;;802 bis;624;272;07:21;07:27;Cles piazza Fiera - Mechel;scolastica il sabato;4,00;50; 34 ; 136,00 ;TAXI VIAGGI VALENTINELLI DI VALENTINELLI GIORGIO & C. SNC;FJ097PL;21;GG128PN;21;FZ889KY;24;  6220PF;Cles (Piazza Fiera)          ;6157;MECHEL                       ;12/09/2022;09/06/2023;;;scolastica sab;;;;;x;;;;;;x;;;;;;;;;;; 12,46 € ;;;;;; 423,64 € ;;;2; -   € ; -   € ; -   ;;;;; -   ;2;5;4;3; 12,46 € ;;;;;;;;;;;; 24,92 € ; 62,30 € ; 49,84 € ; 37,38 € ;8;20;16;12
817;;803;624;271;07:28;07:41;Mechel Cles;"scolastica 
da lunedì a venerdì";3,00;50; 174 ; 522,00 ;VIAGGI CICOLINI S.R.L .; FL916HC;51; FE599HG;58;;;6157;MECHEL                       ;6220;CLES (Autostaz.)             ;12/09/2022;09/06/2023;;;scolastica lu-ve;;;;;x;x;x;x;x;x;;;;;;;;;;;; 23,08 € ;;;;;; 4.015,92 € ;;;2; -   € ; -   € ; -   ;;;;; -   ;15;20;21;15; 23,08 € ;;;;;;;;;;;; 346,20 € ; 461,60 € ; 484,68 € ; 346,20 € ;45;60;63;45
818;;803 bis;624;271;07:28;07:41;Mechel Cles;scolastica il sabato;3,00;50; 34 ; 102,00 ;TAXI VIAGGI VALENTINELLI DI VALENTINELLI GIORGIO & C. SNC;FJ097PL;21;GG128PN;21;FZ889KY;24;6157;MECHEL                       ;6220;CLES (Autostaz.)             ;12/09/2022;09/06/2023;;;scolastica sab;;;;;x;;;;;;x;;;;;;;;;;; 9,35 € ;;;;;; 317,90 € ;;;2; -   € ; -   € ; -   ;;;;; -   ;2;5;4;3; 9,35 € ;;;;;;;;;;;; 18,70 € ; 46,75 € ; 37,40 € ; 28,05 € ;6;15;12;9
819;;804;624;276;18:20;18:27;Cles-Mechel;"Estiva
lunedì-sabato";4;19; 67 ; 268,00 ;GENZIANA S.r.l.;FX036WC;21;;;;;6220;CLES (Autostaz.)             ;6157;MECHEL                       ;01/01/2022;11/09/2022;24/06/2023;31/08/2023;estiva feriale lu-sa;;;x;x;;x;x;x;x;x;x;;;;;;;;;;;; 7,60 € ;;;;; -   € ; 509,20 € ;;1;;;; 0,40 € ; -   € ; 27 ;; -   ;9;0;0;0; 8,00 € ;;;;;;;;;;;; 72,00 € ; -   € ; -   € ; -   € ;36;0;0;0
820;;805;624;276;18:22;18:28;Cles-Mechel;"invernale
lunedì-sabato";4;19; 240 ; 960,00 ;ERIKA TOURS SRL ;FZ000KS;21;FK451EC;31;;;6220;CLES (Autostaz.)             ;6157;MECHEL                       ;12/09/2022;23/06/2023;;;invernale feriale lu-sa;;x;;x;;x;x;x;x;x;x;;;;;;;;;;;;;;ERIKA TOURS SRL ;;; -   € ;;;1;;;;;;;; -   ;17;26;25;25; -   € ;;;;;;;;;;;; -   € ; -   € ; -   € ; -   € ;68;104;100;100
821;;806;624;275;18:28;18:33;Mechel-Cles;"invernale
lunedì-sabato";4;19; 240 ; 960,00 ;ERIKA TOURS SRL ;FZ000KS;21;FK451EC;31;;;6157;MECHEL                       ;6220;CLES (Autostaz.)             ;12/09/2022;23/06/2023;;;invernale feriale lu-sa;;x;;x;;x;x;x;x;x;x;;;;;;;;;;;;;;ERIKA TOURS SRL ;;; -   € ;;;1;;;;;;;; -   ;17;26;25;25; -   € ;;;;;;;;;;;; -   € ; -   € ; -   € ; -   € ;68;104;100;100
822;;807;624;275;18:28;18:35;Mechel-Cles;"Estiva
lunedì-sabato";4;19; 67 ; 268,00 ;GENZIANA S.r.l.;FX036WC;21;;;;;6157;MECHEL                       ;6220;CLES (Autostaz.)             ;01/01/2022;11/09/2022;24/06/2023;31/08/2023;estiva feriale lu-sa;;;x;x;;x;x;x;x;x;x;;;;;;;;;;;; 7,60 € ;;;;; -   € ; 509,20 € ;;1;;;; 0,40 € ; -   € ; 27 ;; -   ;9;0;0;0; 8,00 € ;;;;;;;;;;;; 72,00 € ; -   € ; -   € ; -   € ;36;0;0;0
823;;808;625;583;06:55;07:05;Tres - Taio;"scolastica 
da lunedì a sabato";5,00;36; 208 ; 1.040,00 ;TAXI VIAGGI VALENTINELLI DI VALENTINELLI GIORGIO & C. SNC;EX903HC;43;FN391MX;54;DT209DB FZ889KY;55 24;  6191TA;Tres Via Predaia inc. V.Tavana;  6190SM;Taio (Plesso Scolastico)     ;12/09/2022;09/06/2023;;;scolastica lu-sa;;;;;x;x;x;x;x;x;x;;;;;;;;;;; 21,12 € ;;;;;; 4.392,96 € ;;;2; -   € ; -   € ; -   ;;;; -   € ; -   ;17;25;25;18; 21,12 € ;;;;;;;;;;;; 359,04 € ; 528,00 € ; 528,00 € ; 380,16 € ;85;125;125;90
824;;809;625;581;07:12;07:22;Tres (Predaia)-Tres - Taio;"scolastica 
da lunedì a venerdì";5,00;36; 174 ; 870,00 ;TAXI VIAGGI VALENTINELLI DI VALENTINELLI GIORGIO & C. SNC;EX903HC;43;FN391MX;54;DT209DB;55;  6191TA;Tres Via Predaia inc. V.Tavana;  6190SM;Taio (Plesso Scolastico)     ;12/09/2022;09/06/2023;;;scolastica lu-ve;;;;;x;x;x;x;x;x;;;;;;;;;;;; 21,12 € ;;;;;; 3.674,88 € ;;;2; -   € ; -   € ; -   ;;;;; -   ;15;20;21;15; 21,12 € ;;;;;;;;;;;; 316,80 € ; 422,40 € ; 443,52 € ; 316,80 € ;75;100;105;75
825;;810;625;506;17:30;18:01;Mollaro-Tres;"invernale
lunedì-sabato";14;19; 240 ; 3.360,00 ;TAXI VIAGGI VALENTINELLI DI VALENTINELLI GIORGIO & C. SNC;"
FZ889KY
";24;GG128PN;21;FJ097PL;21;  6170ST;MOLLARO (Staz.FTM)           ;6191;Tres                         ;12/09/2022;23/06/2023;;;invernale feriale lu-sa;;x;;x;;x;x;x;x;x;x;;;;;;;;;;;; 26,60 € ;;;;; -   € ; 6.384,00 € ;;1;;;; 1,40 € ; -   € ; 336 ;; -   ;17;26;25;25; 28,00 € ;;;;;;;;;;;; 476,00 € ; 728,00 € ; 700,00 € ; 700,00 € ;238;364;350;350
826;;811;625;701;18:01;18:20;Tres-Cles;"invernale
lunedì-sabato";14;19; 240 ; 3.360,00 ;TAXI VIAGGI VALENTINELLI DI VALENTINELLI GIORGIO & C. SNC;"
FZ889KY
";24;GG128PN;21;FJ097PL;21;6191;Tres                         ;6220;CLES (Autostaz.)             ;12/09/2022;23/06/2023;;;invernale feriale lu-sa;;x;;x;;x;x;x;x;x;x;;;;;;;;;;;; 26,60 € ;;;;; -   € ; 6.384,00 € ;;1;;;; 1,40 € ; -   € ; 336 ;; -   ;17;26;25;25; 28,00 € ;;;;;;;;;;;; 476,00 € ; 728,00 € ; 700,00 € ; 700,00 € ;238;364;350;350
827;;812;627;403;06:03;06:30;Credaia-Sfruz-Tavon-Dermulo;"scolastica 
da lunedì a venerdì";12,00;19; 174 ; 2.088,00 ;GORINI LUIGI;GH911KX;29;FS248ZL (Genziana);23;FZ889KY (Valentinelli) / FK451EC (Erika Tours);24/31;6504CR;Credai;6200;DERMULO                      ;12/09/2022;09/06/2023;;;scolastica lu-ve;;;;;x;x;x;x;x;x;;;;;;;;;;;; 10,00 € ; 38,00 € ;;;;; 1.740,00 € ; 6.612,00 € ;;1; -   € ; -   € ; -   € ;;;; -   € ; -   ;15;20;21;15; 48,00 € ;;;;;;;;;;;; 720,00 € ; 960,00 € ; 1.008,00 € ; 720,00 € ;180;240;252;180
828;;813;627;403;06:05;06:30;Sfruz-Tavon-Dermulo;"scolastica
sabato";11;19; 34 ; 374,00 ;GORINI LUIGI;GH911KX;29;FS248ZL (Genziana);23;FZ889KY (Valentinelli) / FK451EC (Erika Tours);24/31;6504;SFRUZ                        ;6200;DERMULO                      ;12/09/2022;09/06/2023;;;scolastica sab;;;;;x;;;;;;x;;;;;;;;;;;; 38,00 € ;;;;; -   € ; 1.292,00 € ;;1;;;; -   € ; -   € ; -   ; -   € ; -   ;2;5;4;3; 38,00 € ;;;;;;;;;;;; 76,00 € ; 190,00 € ; 152,00 € ; 114,00 € ;22;55;44;33
829;;814;627;243;06:55;07:21;Tavon - Cles - Cles piazza Fiera;"scolastica 
da lunedì a venerdì";13,00;54; 174 ; 2.262,00 ;VIAGGI CICOLINI S.R.L .  ; FL916HC;51; FE599HG;58;;;6502;Tavon                        ;  6220PF;Cles (Piazza Fiera)          ;12/09/2022;09/06/2023;;;scolastica lu-ve;;;;;x;x;x;x;x;x;;;;;;;;;;;; 100,00 € ;;;;;; 17.400,00 € ;;;2; -   € ; -   € ; -   ;;;; -   € ; -   ;15;20;21;15; 100,00 € ;;;;;;;;;;;; 1.500,00 € ; 2.000,00 € ; 2.100,00 € ; 1.500,00 € ;195;260;273;195
830;;815;627;778;13:12;13:37;Dermulo - Coredo - Sfruz ;"scolastica 
solo sabato";14,00;36; 34 ; 476,00 ;TAXI VIAGGI VALENTINELLI DI VALENTINELLI GIORGIO & C. SNC; EX903HC;43; FZ889KY;24;DT209DB;55;6200;DERMULO                      ;6504;SFRUZ                        ;12/09/2022;09/06/2023;;;scolastica sab;;;;;x;;;;;;x;;;;;;;;;;; 25,20 € ;;;;;; 856,80 € ;;;2; -   € ; 16,80 € ; 571 ;;;;; -   ;2;5;4;3; 42,00 € ;;;;;;;;;;;; 84,00 € ; 210,00 € ; 168,00 € ; 126,00 € ;28;70;56;42
831;;816;627;778;13:25;13:50;Dermulo - Coredo - Sfruz ;"scolastica 
da lunedì a venerdì";14,00;36; 174 ; 2.436,00 ;TAXI VIAGGI VALENTINELLI DI VALENTINELLI GIORGIO & C. SNC; EX903HC;43;FN391MX;54;DT209DB;55;6200;DERMULO                      ;6504;SFRUZ                        ;12/09/2022;09/06/2023;;;scolastica lu-ve;;;;;x;x;x;x;x;x;;;;;;;;;;;; 25,20 € ;;;;;; 4.384,80 € ;;;2; -   € ; 16,80 € ; 2.923 ;;;;; -   ;15;20;21;15; 42,00 € ;;;;;;;;;;;; 630,00 € ; 840,00 € ; 882,00 € ; 630,00 € ;210;280;294;210
832;;817;627;778;13:50;13:53;"Sfuz- Credai 
(prolungamento c.sa Dermulo - Coredo - Sfruz) ";"scolastica 
martedì-mercoledì-venerdì";1,00;36; 106 ; 106,00 ;TAXI VIAGGI VALENTINELLI DI VALENTINELLI GIORGIO & C. SNC; EX903HC;43;FN391MX;54;DT209DB;55;6504;SFRUZ                        ;6504CR;Credai;12/09/2022;09/06/2023;;;scolastica ma, me, ve;;;;;x;;x;x;;x;;;;;;;;;;;; 3,00 € ;;;;;; 318,00 € ;;;2; -   € ; -   € ; -   ;;;;; -   ;9;12;13;9; 3,00 € ;;;;;;;;;;;; 27,00 € ; 36,00 € ; 39,00 € ; 27,00 € ;9;12;13;9
833;;818;627;916;14:50;15:08;Dermulo-Coredo-Sfruz;"scolastica 
da lunedì a venerdì";12,00;30; 174 ; 2.088,00 ;GORINI LUIGI;GH911KX;29;FS248ZL (Genziana);23;EV659LA (Erika Tours) / FK451EC (Erika Tours);57/31;6200;DERMULO                      ;6504;SFRUZ                        ;12/09/2022;09/06/2023;;;scolastica lu-ve;;;;;x;x;x;x;x;x;;;;;;;;;;;; 21,60 € ;;;;;; 3.758,40 € ;;;1; 2,40 € ; -   € ; 417,60 € ;;;; -   € ; -   ;15;20;21;15; 24,00 € ;;;;;;;;;;;; 360,00 € ; 480,00 € ; 504,00 € ; 360,00 € ;180;240;252;180
834;;819;627;246;17:08;17:46;Cles-Coredo-Merlonga-Sfruz;"scolastica 
da lunedì a venerdì";14,5;30; 174 ; 2.523,00 ;ERIKA TOURS SRL ;EV659LA;57;FF849CS;60;FK451EC;31;  6220PF;Cles (Piazza Fiera)          ;6504;SFRUZ                        ;12/09/2022;09/06/2023;;;scolastica lu-ve;;;;;x;x;x;x;x;x;;;;;;;;;;;;; 28,60 € ;;;;; -   € ; 4.976,40 € ;;1;;;;;;;; -   ;15;20;21;15; 28,60 € ;;;;;;;;;;;; 429,00 € ; 572,00 € ; 600,60 € ; 429,00 € ;217,5;290;304,5;217,5
835;;820;627;247;17:47;18:15;Sfruz-Cles;"scolastica 
da lunedì a venerdì";12;30; 174 ; 2.088,00 ;ERIKA TOURS SRL ;EV659LA;57;FF849CS;60;FK451EC;31;6504;SFRUZ                        ;6220;CLES (Autostaz.)             ;12/09/2022;09/06/2023;;;scolastica lu-ve;;;;;x;x;x;x;x;x;;;;;;;;;;;;; 26,40 € ;;;;; -   € ; 4.593,60 € ;;1;;;; -   € ; -   € ; -   ;; -   ;15;20;21;15; 26,40 € ;;;;;;;;;;;; 396,00 € ; 528,00 € ; 554,40 € ; 396,00 € ;180;240;252;180
836;;821;627;248;18:35;18:59;Dermulo-Tavon-Sfruz;"scolastica 
da lunedì a sabato";11;19; 208 ; 2.288,00 ;GENZIANA S.r.l.;GK152EV;23;GA057TM;21;GH911KX (Gorini);29;6200;DERMULO                      ;6504;SFRUZ                        ;12/09/2022;09/06/2023;;;scolastica lu-sa;;;;;x;x;x;x;x;x;x;;;;;;;;;;;; 20,90 € ;;;;; -   € ; 4.347,20 € ;;1;;;; 1,10 € ; -   € ; 229 ;; -   ;17;25;25;18; 22,00 € ;;;;;;;;;;;; 374,00 € ; 550,00 € ; 550,00 € ; 396,00 € ;187;275;275;198
837;;822;627;249;19:00;19:20;Sfruz-Dermulo;"scolastica 
da lunedì a sabato";7;19; 208 ; 1.456,00 ;GENZIANA S.r.l.;GK152EV;23;GA057TM;21;GH911KX (Gorini);29;6504;SFRUZ                        ;6200;DERMULO                      ;12/09/2022;09/06/2023;;;scolastica lu-sa;;;;;x;x;x;x;x;x;x;;;;;;;;;;;; 13,30 € ;;;;; -   € ; 2.766,40 € ;;1;;;; 0,70 € ; -   € ; 146 ;; -   ;17;25;25;18; 14,00 € ;;;;;;;;;;;; 238,00 € ; 350,00 € ; 350,00 € ; 252,00 € ;119;175;175;126
838;;823;630;121;15:45;16:26;Fondo-Romeno-Dermulo-Cles;"scolastica 
solo Venerdì";23,00;19; 36 ; 828,00 ;GENZIANA S.r.l.;FX036WC;21;GA057TM;21;;;  6580CA;FONDO (Via Garibaldi)        ;6220;CLES (Autostaz.)             ;12/09/2022;09/06/2023;;;scolastica ve;;;;;x;;;;;x;;;;;;;;;;;; 69,00 € ;;;;;; 2.484,00 € ;;;1; -   € ; -   € ; -   ;;;;; -   ;3;4;4;4; 69,00 € ;;;;;;;;;;;; 207,00 € ; 276,00 € ; 276,00 € ; 276,00 € ;69;92;92;92
839;;824;630;117;17:20;17:54;Fondo-Dermulo;"invernale
lunedì-sabato";17;19; 240 ; 4.080,00 ;GENZIANA S.r.l.;GA057TM;21;GH911KX (Gorini);29;;;  6580CA;FONDO (Via Garibaldi)        ;6200;DERMULO                      ;12/09/2022;23/06/2023;;;invernale feriale lu-sa;;x;;x;;x;x;x;x;x;x;;;;;;;;;;;; 32,30 € ;;;;; -   € ; 7.752,00 € ;;1;;;; 1,70 € ; -   € ; 408 ;; -   ;17;26;25;25; 34,00 € ;;;;;;;;;;;; 578,00 € ; 884,00 € ; 850,00 € ; 850,00 € ;289;442;425;425
840;;825;630;578;17:42;18:24;Dermulo - Dambel - Cavareno - Don - Cavareno - Fondo;"scolastica 
da lunedì a venerdì";25,50;36; 174 ; 4.437,00 ;TAXI VIAGGI VALENTINELLI DI VALENTINELLI GIORGIO & C. SNC;EX903HC;43;FN391MX;54;DT209DB;55;6200;DERMULO                      ;  6580CA;FONDO (Via Garibaldi)        ;12/09/2022;09/06/2023;;;scolastica lu-ve;;;;;x;x;x;x;x;x;;;;;;;;;;;; 82,14 € ;;;;;; 14.292,36 € ;;;2; -   € ; -   € ; -   ;;;;; -   ;15;20;21;15; 82,14 € ;;;;;;;;;;;; 1.232,10 € ; 1.642,80 € ; 1.724,94 € ; 1.232,10 € ;382,5;510;535,5;382,5
841;;826;630;116;18:25;19:28;Cles-Mendola;"invernale
lunedì-sabato";33;30; 240 ; 7.920,00 ;ERIKA TOURS SRL ;EV659LA;57;FF849CS;60;FK451EC;31;6220;CLES (Autostaz.)             ;6630;PASSO MENDOLA                ;12/09/2022;23/06/2023;;;invernale feriale lu-sa;;x;;x;;x;x;x;x;x;x;;;;;;;;;;;; 72,60 € ;;;;1; -   € ; 17.424,00 € ;;1;;;; -   € ; -   € ; -   ;; -   ;17;26;25;25; 72,60 € ;invernale feriale sab;2;;5;;4;;5;; € 103,00 ;; 1.440,20 € ; 2.402,60 € ; 2.227,00 € ; 2.330,00 € ;561;858;825;825
842;;827;630;119;19:30;19:49;Mendola-Fondo;"invernale
lunedì-sabato";12;30; 240 ; 2.880,00 ;ERIKA TOURS SRL ;EV659LA;57;FF849CS;60;FK451EC;31;6630;PASSO MENDOLA                ;  6580CA;FONDO (Via Garibaldi)        ;12/09/2022;23/06/2023;;;invernale feriale lu-sa;;x;;x;;x;x;x;x;x;x;;;;;;;;;;;; 26,40 € ;;;;2; -   € ; 6.336,00 € ;;1;;;; -   € ; -   € ; -   ;; -   ;17;26;25;25; 26,40 € ;;;;;;;;;;;; 448,80 € ; 686,40 € ; 660,00 € ; 660,00 € ;204;312;300;300
843;;828;630;118;19:35;20:24;Cles-Dermulo-Romeno-Fondo;"invernale
da lunedì a venerdì";24,00;19; 202 ; 4.848,00 ;GENZIANA S.r.l.;GK152EV;23;GA057TM;21;GH911KX (Gorini);29;6220;CLES (Autostaz.)             ;  6580CA;FONDO (Via Garibaldi)        ;12/09/2022;23/06/2023;;;invernale feriale lu-ve;;x;;x;;x;x;x;x;x;;;;;;;;;;;;; 43,70 € ;;;;; -   € ; 8.827,40 € ;;1;;;; 4,30 € ; -   € ; 869 ;; -   ;15;21;21;20; 48,00 € ;;;;;;;;;;;; 720,00 € ; 1.008,00 € ; 1.008,00 € ; 960,00 € ;360;504;504;480
844;;829;632;153;06:30;07:05;Castelfondo - Revò - Cles;"scolastica 
da lunedì a sabato";18,5;40; 208 ; 3.848,00 ;GENZIANA S.r.l.;FS198ZG;23;FX036WC;21;;;6686;Castelfondo                  ;6220;CLES (Autostaz.)             ;12/09/2022;09/06/2023;;;scolastica lu-sa;;;;;x;x;x;x;x;x;x;;;;;;;;;;; 131,41 € ;;;;;; 27.333,28 € ;;;2; -   € ; -   € ; -   ;;;; -   € ; -   ;17;25;25;18; 131,41 € ;;;;;;;;;;;; 2.233,97 € ; 3.285,25 € ; 3.285,25 € ; 2.365,38 € ;314,5;462,5;462,5;333
845;;830;632;776;06:48;06:53;Fondo (Vasio) - Fondo ;"scolastica 
da lunedì a sabato";2,00;8; 208 ; 416,00 ;GENZIANA S.r.l.;FC395RJ;9;GA057TM;21;;;6579;Fondo loc. Vasio             ;  6580CA;FONDO (Via Garibaldi)        ;12/09/2022;09/06/2023;;;scolastica lu-sa;;;;;x;x;x;x;x;x;x;;;;;;;;;;; 6,88 € ;;;;;; 1.431,04 € ;;;1; -   € ; -   € ; -   ;;;; 13,12 € ; 2.729 ;17;25;25;18; 20,00 € ;;;;;;;;;;;; 340,00 € ; 500,00 € ; 500,00 € ; 360,00 € ;34;50;50;36
846;;831;632;737;06:48;07:05;Salobbi - Brez;"scolastica 
da lunedì a sabato";4,00;22; 208 ; 832,00 ;GENZIANA S.r.l.;FS248ZL;23;FS198ZG;23;FX036WC;21;  6675AN;Salobbi  Bacheca Comunale    ;6675;Brez                         ;12/09/2022;09/06/2023;;;scolastica lu-sa;;;;;x;x;x;x;x;x;x;;;;;;;;;;; 48,25 € ;;;;;; 10.036,00 € ;;;1; -   € ; -   € ; -   ;;;; -   € ; -   ;17;25;25;18; 48,25 € ;;;;;;;;;;;; 820,25 € ; 1.206,25 € ; 1.206,25 € ; 868,50 € ;68;100;100;72
847;;832;637;747;07:00;07:15;Tregiovo - Revò;"scolastica 
da lunedì a sabato";9,00;20; 208 ; 1.872,00 ;GENZIANA S.r.l.;GK152EV;23;FX036WC;21;;;6640;Tregiovo                     ;6655;Revo'                        ;12/09/2022;09/06/2023;;;scolastica lu-sa;;;;;x;x;x;x;x;x;x;;;;;;;;;;; 16,74 € ;;;;;; 3.481,92 € ;;;1; 1,26 € ; -   € ; 262,08 € ;;;;; -   ;17;25;25;18; 18,00 € ;;;;;;;;;;;; 306,00 € ; 450,00 € ; 450,00 € ; 324,00 € ;153;225;225;162
848;;833;632;135;07:17;07:32;Romallo-Cles;"scolastica
sabato";7;50; 34 ; 238,00 ;VIAGGI CICOLINI S.R.L .  ; FL916HC;51; FE599HG;58;;;6660;Romallo                      ;6220;CLES (Autostaz.)             ;12/09/2022;09/06/2023;;;scolastica sab;;;;;x;;;;;;x;;;;;;;;;;; 285,51 € ;;;;;; 9.707,34 € ;;;2; -   € ; -   € ; -   ;;;;; -   ;2;5;4;3; 285,51 € ;;;;;;;;;;;; 571,02 € ; 1.427,55 € ; 1.142,04 € ; 856,53 € ;14;35;28;21
849;;834;632;736;12:55;13:15;Brez - Salobbi;"scolastica 
da lunedì a sabato";4,00;22; 208 ; 832,00 ;GENZIANA S.r.l.;FS248ZL;23;FS198ZG;23;;;6675;Brez                         ;  6675AN;Salobbi  Bacheca Comunale    ;12/09/2022;09/06/2023;;;scolastica lu-sa;;;;;x;x;x;x;x;x;x;;;;;;;;;;; 48,25 € ;;;;;; 10.036,00 € ;;;1; -   € ; -   € ; -   ;;;;; -   ;17;25;25;18; 48,25 € ;;;;;;;;;;;; 820,25 € ; 1.206,25 € ; 1.206,25 € ; 868,50 € ;68;100;100;72
850;frequenza corretta da capitolato;835;632;777;13:05;13:15;Fondo  - Fondo (Vasio)  - Fondo;"scolastica 
solo martedì ";2,00;8; 34 ; 68,00 ;GENZIANA S.r.l.;GA057TM;21;GK152EV;23;;;  6580CA;FONDO (Via Garibaldi)        ;6579;Fondo loc. Vasio             ;12/09/2022;09/06/2023;;;scolastica ma;;;;;x;;x;;;;;;;;;;;;;;; 9,30 € ;;;;;; 316,20 € ;;;1; -   € ; -   € ; -   ;;;;; -   ;3;4;4;3; 9,30 € ;;;;;;;;;;;; 27,90 € ; 37,20 € ; 37,20 € ; 27,90 € ;6;8;8;6
851;;836;632;712;13:10;13:45;Cles - Castelfondo;"scolastica 
da lunedì a venerdì";19,00;54; 174 ; 3.306,00 ;VIAGGI CICOLINI S.R.L .  ; FE599HG;58; FL916HC;51;;;6220;CLES (Autostaz.)             ;6686;Castelfondo                  ;12/09/2022;09/06/2023;;;scolastica lu-ve;;;;;x;x;x;x;x;x;;;;;;;;;;;; 146,15 € ;;;;;; 25.430,10 € ;;;2; -   € ; -   € ; -   ;;;;; -   ;15;20;21;15; 146,15 € ;;;;;;;;;;;; 2.192,25 € ; 2.923,00 € ; 3.069,15 € ; 2.192,25 € ;285;380;399;285
852;frequenza corretta da capitolato;837;632;780;13:15;13:25;Fondo  - Fondo (Vasio)  - Fondo;"scolastica 
solo giovedì";5,00;8; 34 ; 170,00 ;GENZIANA S.r.l.;GA057TM;21;GK152EV;23;;;  6580CA;FONDO (Via Garibaldi)        ;6579;Fondo loc. Vasio             ;12/09/2022;09/06/2023;;;scolastica gio;;;;;x;;;;x;;;;;;;;;;;;; 9,30 € ;;;;;; 316,20 € ;;;1; 0,70 € ; -   € ; 23,80 € ;;;;; -   ;3;4;4;3; 10,00 € ;;;;;;;;;;;; 30,00 € ; 40,00 € ; 40,00 € ; 30,00 € ;15;20;20;15
853;NUOVA;838;632;730;13:50;14:00;Brez - Salobbi;"scolastica 
da lunedì a venerdì";4,00;19; 174 ; 696,00 ;GENZIANA S.r.l.;GK152EV;23;FS248ZL;23;FC384RJ;9;6675;Brez                         ;6675SA;Salobbi   ;12/09/2022;09/06/2023;;;scolastica lu-ve;;;;;x;x;x;x;x;x;;;;;;;;;;;;;; 12,00 € ;;;;;; 2.088,00 € ;1;;;;;;;; -   ;15;20;21;15; 12,00 € ;;;;;;;;;;;; 180,00 € ; 240,00 € ; 252,00 € ; 180,00 € ;60;80;84;60
854;;839;632;151;16:27;16:40;Romallo-Cles;scolastica dal lunedì al giovedì ;7;19; 138 ; 966,00 ;ALPINABUS DI MARTINTONI MAURO;GA014HT;18;FP041BC;21;EJ947ZA;17;6660;Romallo                      ;6220;CLES (Autostaz.)             ;12/09/2022;09/06/2023;;;scolastica lu, ma, me, gio;;;;;x;x;x;x;x;;;;;;;;;;;;;;;;ALPINABUS DI MARTINTONI MAURO;;; -   € ;;;1;;;;;;;; -   ;12;16;17;12; -   € ; mensile ;1;;1;;1;;1;; 3.750,00 € ;; 3.750,00 € ; 3.750,00 € ; 3.750,00 € ; 3.750,00 € ;84;112;119;84
855;;840;632;152;16:30;16:49;Cles-Romallo;"estiva 
da lunedì a giovedì";7;19; 44 ; 308,00 ;ERIKA TOURS SRL ;FZ000KS;21;FK451EC;31;;;6220;CLES (Autostaz.)             ;6660;Romallo                      ;01/01/2022;11/09/2022;24/06/2023;31/08/2023;estiva feriale lu-gio;;;x;x;;x;x;x;x;;;;;;;;;;;;;;;;ERIKA TOURS SRL ;;; -   € ;;;1;;;;;;;; -   ;5;0;0;0; -   € ;;;;;;;;;;;; -   € ; -   € ; -   € ; -   € ;35;0;0;0
856;;841;632;147;16:45;17:00;Romallo-Cles;"estiva 
da lunedì a giovedì";6;19; 44 ; 264,00 ;ERIKA TOURS SRL ;FZ000KS;21;FK451EC;31;;;6660;Romallo                      ;6220;CLES (Autostaz.)             ;01/01/2022;11/09/2022;24/06/2023;31/08/2023;estiva feriale lu-gio;;;x;x;;x;x;x;x;;;;;;;;;;;;;;;;ERIKA TOURS SRL ;;; -   € ;;;1;;;;;;;; -   ;5;0;0;0; -   € ;;;;;;;;;;;; -   € ; -   € ; -   € ; -   € ;30;0;0;0
857;frequenza corretta da capitolato;842;632;147;17:00;17:47;Fondo-Cles;feriale invernale;23;19; 240 ; 5.520,00 ;GENZIANA S.r.l.;FX036WC;21;FS248ZL;23;;;  6580CA;FONDO (Via Garibaldi)        ;6220;CLES (Autostaz.)             ;12/09/2022;23/06/2023;;;invernale feriale lu-sa;;x;;x;;x;x;x;x;x;x;;;;;;;;;;;; 43,70 € ;;;;; -   € ; 10.488,00 € ;;1;;;; 2,30 € ; -   € ; 552 ;; -   ;17;26;25;25; 46,00 € ;;;;;;;;;;;; 782,00 € ; 1.196,00 € ; 1.150,00 € ; 1.150,00 € ;391;598;575;575
858;;843;632;143;17:20;18:07;Fondo-Cles;"feriale
estiva";23;40; 67 ; 1.541,00 ;GENZIANA S.r.l.;FX036WC;21;;;;;  6580CA;FONDO (Via Garibaldi)        ;6220;CLES (Autostaz.)             ;01/01/2022;11/09/2022;24/06/2023;31/08/2023;estiva feriale lu-sa;;;x;x;;x;x;x;x;x;x;;;;;;;;;;;; 43,70 € ;;;;; -   € ; 2.927,90 € ;;2;;;; -   € ; 25,30 € ; 1.695 ;; -   ;9;0;0;0; 69,00 € ;;;;;;;;;;;; 621,00 € ; -   € ; -   € ; -   € ;207;0;0;0
859;;844;632;152;18:42;19:17;Cles - Castelfondo;"invernale
lunedì-sabato";18,5;50; 240 ; 4.440,00 ;GENZIANA S.r.l.;FX036WC;21;;;;;6220;CLES (Autostaz.)             ;6686;Castelfondo                  ;12/09/2022;23/06/2023;;;invernale feriale lu-sa;;x;;x;;x;x;x;x;x;x;;;;;;;;;;; 94,01 € ;;;;;; 22.562,40 € ;;;2; -   € ; -   € ; -   ;;;;; -   ;17;26;25;25; 94,01 € ;;;;;;;;;;;; 1.598,17 € ; 2.444,26 € ; 2.350,25 € ; 2.350,25 € ;314,5;481;462,5;462,5
860;;845;632;148;19:30;20:15;Cles-Fondo;"feriale
estiva";23;19; 67 ; 1.541,00 ;GENZIANA S.r.l.;FX036WC;21;;;;;6220;CLES (Autostaz.)             ;  6580CA;FONDO (Via Garibaldi)        ;01/01/2022;11/09/2022;24/06/2023;31/08/2023;estiva feriale lu-sa;;;x;x;;x;x;x;x;x;x;;;;;;;;;;;; 43,70 € ;;;;; -   € ; 2.927,90 € ;;1;;;; 2,30 € ; -   € ; 154 ;; -   ;9;0;0;0; 46,00 € ;;;;;;;;;;;; 414,00 € ; -   € ; -   € ; -   € ;207;0;0;0
861;frequenza corretta da capitolato;846;632;148;19:52;20:37;Cles-Fondo;feriale invernale;23;19; 240 ; 5.520,00 ;GENZIANA S.r.l.;FX036WC;21;FS248ZL;23;;;6220;CLES (Autostaz.)             ;  6580CA;FONDO (Via Garibaldi)        ;12/09/2022;23/06/2023;;;invernale feriale lu-sa;;x;;x;;x;x;x;x;x;x;;;;;;;;;;; 68,91 € ;;;;;; 16.538,40 € ;;;1; -   € ; -   € ; -   ;;;;; -   ;17;26;25;25; 68,91 € ;;;;;;;;;;;; 1.171,47 € ; 1.791,66 € ; 1.722,75 € ; 1.722,75 € ;391;598;575;575
862;;847;633;170;07:02;07:17;Cles - Cis;"scolastica 
da lunedì a venerdì";7,50;40; 174 ; 1.305,00 ;TAXI VIAGGI VALENTINELLI DI VALENTINELLI GIORGIO & C. SNC;FJ097PL;21;GG128PN;21;"
FZ889KY
";24;6220;CLES (Autostaz.)             ;6700;CIS                          ;12/09/2022;09/06/2023;;;scolastica lu-ve;;;;;x;x;x;x;x;x;;;;;;;;;;;; 10,57 € ;;;;;; 1.839,18 € ;;;2; -   € ; 11,93 € ; 2.076 ;;;;; -   ;15;20;21;15; 22,50 € ;;;;;;;;;;;; 337,50 € ; 450,00 € ; 472,50 € ; 337,50 € ;112,5;150;157,5;112,5
863;;848;633;171;07:18;07:33;Cis - Cles;"scolastica 
solo sabato";7,50;19; 34 ; 255,00 ;TAXI VIAGGI VALENTINELLI DI VALENTINELLI GIORGIO & C. SNC;"
FZ889KY
";24;FJ097PL;21;GG128PN;21;6700;CIS                          ;6220;CLES (Autostaz.)             ;12/09/2022;09/06/2023;;;scolastica sab;;;;;x;;;;;;x;;;;;;;;;;; 10,57 € ;;;;;; 359,38 € ;;;1; 4,43 € ; -   € ; 150,62 € ;;;;; -   ;2;5;4;3; 15,00 € ;;;;;;;;;;;; 30,00 € ; 75,00 € ; 60,00 € ; 45,00 € ;15;37,5;30;22,5
864;aggiornato percorso;849;633;171;07:18;07:33;Cis - Cles + Sc. Medie (+2° mezzo 7:12 Cis - 7:17 Mostizzolo);"scolastica 
da lunedì a venerdì";8,50;40; 174 ; 1.479,00 ;TAXI VIAGGI VALENTINELLI DI VALENTINELLI GIORGIO & C. SNC;"FZ889KY + FJ097PL
";24 + 21;GG128PN;21;;;6700;CIS                          ;46.36513832853683, 11.029254119523086;15 Via delle Scuole;12/09/2022;09/06/2023;;;scolastica lu-ve;;;;;x;x;x;x;x;x;;;;;;;;;;;; 32,38 € ;;;;;; 5.634,12 € ;;;2; -   € ; -   € ; -   ;;;;; -   ;15;20;21;15; 32,38 € ;;;;;;;;;;;; 485,70 € ; 647,60 € ; 679,98 € ; 485,70 € ;127,5;170;178,5;127,5
865;;850;633;172;13:10;13:25;Cles - Cis ;"scolastica 
da lunedì a venerdì";7,00;19; 174 ; 1.218,00 ;ALPINABUS DI MARTINTONI MAURO;FP041BC;21;GA014HT;18;EJ947ZA;17;6220;CLES (Autostaz.)             ;6700;CIS                          ;12/09/2022;09/06/2023;;;scolastica lu-ve;;;;;x;x;x;x;x;x;;;;;;;;;;;; 21,00 € ;;;;;; 3.654,00 € ;;;1; -   € ; -   € ; -   ;;;;; -   ;15;20;21;15; 21,00 € ;;;;;;;;;;;; 315,00 € ; 420,00 € ; 441,00 € ; 315,00 € ;105;140;147;105
866;;851;633;173;13:25;13:40;Cis - Cles ;"scolastica 
da lunedì a venerdì";7,00;19; 174 ; 1.218,00 ;ALPINABUS DI MARTINTONI MAURO;FP041BC;21;GA014HT;18;EJ947ZA;17;6700;CIS                          ;6220;CLES (Autostaz.)             ;12/09/2022;09/06/2023;;;scolastica lu-ve;;;;;x;x;x;x;x;x;;;;;;;;;;;; 21,00 € ;;;;;; 3.654,00 € ;;;1; -   € ; -   € ; -   ;;;;; -   ;15;20;21;15; 21,00 € ;;;;;;;;;;;; 315,00 € ; 420,00 € ; 441,00 € ; 315,00 € ;105;140;147;105
867;;852;633;174;16:25;16:40;Cles-Cis;estiva dal lunedì al venerdì feriale;7;19; 55 ; 385,00 ;ALPINABUS DI MARTINTONI MAURO;GA014HT;18;FP041BC;21;EJ947ZA;17;6220;CLES (Autostaz.)             ;6700;CIS                          ;01/01/2022;11/09/2022;24/06/2023;31/08/2023;estiva feriale lu-ve;;;x;x;;x;x;x;x;x;;;;;;;;;;;;;;;ALPINABUS DI MARTINTONI MAURO;;; -   € ;;;1;;;;;;;; -   ;7;0;0;; -   € ;;;;;;;;;;;; -   € ; -   € ; -   € ; -   € ;49;0;0;0
868;;853;633;175;16:45;16:59;Cis-Cles;estiva dal lunedì al venerdì feriale;7;19; 55 ; 385,00 ;ALPINABUS DI MARTINTONI MAURO;GA014HT;18;FP041BC;21;EJ947ZA;17;6700;CIS                          ;6220;CLES (Autostaz.)             ;01/01/2022;11/09/2022;24/06/2023;31/08/2023;estiva feriale lu-ve;;;x;x;;x;x;x;x;x;;;;;;;;;;;;;;;ALPINABUS DI MARTINTONI MAURO;;; -   € ;;;1;;;;;;;; -   ;7;0;0;; -   € ;;;;;;;;;;;; -   € ; -   € ; -   € ; -   € ;49;0;0;0
869;;854;633;174;17:10;17:25;Cles-Cis;"scolastica 
da lunedì a sabato";7;19; 208 ; 1.456,00 ;ALPINABUS DI MARTINTONI MAURO;FP041BC;21;GA014HT;18;EJ947ZA;17;6220;CLES (Autostaz.)             ;6700;CIS                          ;12/09/2022;09/06/2023;;;scolastica lu-sa;;;;;x;x;x;x;x;x;x;;;;;;;;;;;;;;ALPINABUS DI MARTINTONI MAURO;;; -   € ;;;1;;;;;;;; -   ;17;25;25;18; -   € ;;;;;;;;;;;; -   € ; -   € ; -   € ; -   € ;119;175;175;126
870;;855;633;175;17:26;17:41;Cis-Cles;"scolastica 
da lunedì a sabato";7;19; 208 ; 1.456,00 ;ALPINABUS DI MARTINTONI MAURO;FP041BC;21;GA014HT;18;EJ947ZA;17;6700;CIS                          ;6220;CLES (Autostaz.)             ;12/09/2022;09/06/2023;;;scolastica lu-sa;;;;;x;x;x;x;x;x;x;;;;;;;;;;;;;;ALPINABUS DI MARTINTONI MAURO;;; -   € ;;;1;;;;;;;; -   ;17;25;25;18; -   € ;;;;;;;;;;;; -   € ; -   € ; -   € ; -   € ;119;175;175;126
871;;856;634;533;06:03;06:32;Bresimo-Livo-Cles;"invernale
lunedì-sabato";20;19; 240 ; 4.800,00 ;ALPINABUS DI MARTINTONI MAURO;FP041BC;21;GA014HT;18;EJ947ZA;17;6765;BRESIMO                      ;6220;CLES (Autostaz.)             ;12/09/2022;23/06/2023;;;invernale feriale lu-sa;;x;;x;;x;x;x;x;x;x;;;;;;;;;;;;;;ALPINABUS DI MARTINTONI MAURO;;; -   € ;;;1;;;;;;;; -   ;17;26;25;25; -   € ;;;;;;;;;;;; -   € ; -   € ; -   € ; -   € ;340;520;500;500
872;;857;634;533;07:04;07:20;Lanza-Livo;estiva feriale;9;19; 67 ; 603,00 ;ALPINABUS DI MARTINTONI MAURO;FP041BC;21;GA014HT;18;EJ947ZA;17;6755;LANZA DI RUMO                ;6715;LIVO                         ;01/01/2022;11/09/2022;24/06/2023;31/08/2023;estiva feriale lu-sa;;;x;x;;x;x;x;x;x;x;;;;;;;;;;;;;;ALPINABUS DI MARTINTONI MAURO;;; -   € ;;;1;;;;;;;; -   ;9;0;0;0; -   € ;;;;;;;;;;;; -   € ; -   € ; -   € ; -   € ;81;0;0;0
873;;858;634;541;13:35;14:07;Bresimo-Livo-Cles;estiva feriale;28;19; 67 ; 1.876,00 ;ALPINABUS DI MARTINTONI MAURO;FP041BC;21;GA014HT;18;EJ947ZA;17;6765;BRESIMO                      ;6220;CLES (Autostaz.)             ;01/01/2022;11/09/2022;24/06/2023;31/08/2023;estiva feriale lu-sa;;;x;x;;x;x;x;x;x;x;;;;;;;;;;;;;;ALPINABUS DI MARTINTONI MAURO;;; -   € ;;;1;;;;;;;; -   ;9;0;0;0; -   € ;;;;;;;;;;;; -   € ; -   € ; -   € ; -   € ;252;0;0;0
874;;859;634;540;17:25;17:57;Cles-Lanza;"feriale
estiva";20;19; 67 ; 1.340,00 ;ALPINABUS DI MARTINTONI MAURO;GA014HT;18;FP041BC;21;EJ947ZA;17;6220;CLES (Autostaz.)             ;6755;LANZA DI RUMO                ;01/01/2022;11/09/2022;24/06/2023;31/08/2023;estiva feriale lu-sa;;;x;x;;x;x;x;x;x;x;;;;;;;;;;;;;;ALPINABUS DI MARTINTONI MAURO;;; -   € ;;;1;;;;;;;; -   ;9;0;0;0; -   € ;;;;;;;;;;;; -   € ; -   € ; -   € ; -   € ;180;0;0;0
875;;860;634;540;17:50;18:24;Cles-Lanza;"invernale
lunedì-sabato";20;19; 240 ; 4.800,00 ;ALPINABUS DI MARTINTONI MAURO;FP041BC;21;GA014HT;18;EJ947ZA;17;6220;CLES (Autostaz.)             ;6755;LANZA DI RUMO                ;12/09/2022;23/06/2023;;;invernale feriale lu-sa;;x;;x;;x;x;x;x;x;x;;;;;;;;;;;;;;ALPINABUS DI MARTINTONI MAURO;;; -   € ;;;1;;;;;;;; -   ;17;26;25;25; -   € ;;;;;;;;;;;; -   € ; -   € ; -   € ; -   € ;340;520;500;500
876;;861;634;538;18:20;18:48;Cles-Livo-Bresimo;"feriale
estiva";15;19; 67 ; 1.005,00 ;ERIKA TOURS SRL ;FZ000KS;21;FK451EC;31;;;6220;CLES (Autostaz.)             ;6765;BRESIMO                      ;01/01/2022;11/09/2022;24/06/2023;31/08/2023;estiva feriale lu-sa;;;x;x;;x;x;x;x;x;x;;;;;;;;;;;;;;ERIKA TOURS SRL ;;; -   € ;;;1;;;;;;;; -   ;9;0;0;0; -   € ;;;;;;;;;;;; -   € ; -   € ; -   € ; -   € ;135;0;0;0
877;;862;634;545;18:35;19:09;Lanza-Cles;"invernale
lunedì-sabato";20;19; 240 ; 4.800,00 ;ALPINABUS DI MARTINTONI MAURO;FP041BC;21;GA014HT;18;EJ947ZA;17;6755;LANZA DI RUMO                ;6220;CLES (Autostaz.)             ;12/09/2022;23/06/2023;;;invernale feriale lu-sa;;x;;x;;x;x;x;x;x;x;;;;;;;;;;;;;;ALPINABUS DI MARTINTONI MAURO;;; -   € ;;;1;;;;;;;; -   ;17;26;25;25; -   € ;;;;;;;;;;;; -   € ; -   € ; -   € ; -   € ;340;520;500;500
878;;863;634;542;18:37;19:05;Cles-Livo-Bresimo;"invernale
lunedì-sabato";15;19; 240 ; 3.600,00 ;ERIKA TOURS SRL ;FZ000KS;21;FK451EC;31;;;6220;CLES (Autostaz.)             ;6765;BRESIMO                      ;12/09/2022;23/06/2023;;;invernale feriale lu-sa;;x;;x;;x;x;x;x;x;x;;;;;;;;;;;;;;ERIKA TOURS SRL ;;; -   € ;;;1;;;;;;;; -   ;17;26;25;25; -   € ;;;;;;;;;;;; -   € ; -   € ; -   € ; -   € ;255;390;375;375
879;;864;634;545;18:45;19:15;Lanza-Cles;"feriale
estiva";20;19; 67 ; 1.340,00 ;ALPINABUS DI MARTINTONI MAURO;GA014HT;18;FP041BC;21;EJ947ZA;17;6755;LANZA DI RUMO                ;6220;CLES (Autostaz.)             ;01/01/2022;11/09/2022;24/06/2023;31/08/2023;estiva feriale lu-sa;;;x;x;;x;x;x;x;x;x;;;;;;;;;;;;;;ALPINABUS DI MARTINTONI MAURO;;; -   € ;;;1;;;;;;;; -   ;9;0;0;0; -   € ;;;;;;;;;;;; -   € ; -   € ; -   € ; -   € ;180;0;0;0
880;;865;634;547;19:07;19:36;Bresimo-Livo-Cles;"invernale
lunedì-sabato";15;19; 240 ; 3.600,00 ;ERIKA TOURS SRL ;FZ000KS;21;FK451EC;31;;;6765;BRESIMO                      ;6220;CLES (Autostaz.)             ;12/09/2022;23/06/2023;;;invernale feriale lu-sa;;x;;x;;x;x;x;x;x;x;;;;;;;;;;;;;;ERIKA TOURS SRL ;;; -   € ;;;1;;;;;;;; -   ;17;26;25;25; -   € ;;;;;;;;;;;; -   € ; -   € ; -   € ; -   € ;255;390;375;375
881;;866;634;547;19:12;19:41;Bresimo-Livo-Cles;"feriale
estiva";15;19; 67 ; 1.005,00 ;ERIKA TOURS SRL ;FZ000KS;21;FK451EC;31;;;6765;BRESIMO                      ;6220;CLES (Autostaz.)             ;01/01/2022;11/09/2022;24/06/2023;31/08/2023;estiva feriale lu-sa;;;x;x;;x;x;x;x;x;x;;;;;;;;;;;;;;ERIKA TOURS SRL ;;; -   € ;;;1;;;;;;;; -   ;9;0;0;0; -   € ;;;;;;;;;;;; -   € ; -   € ; -   € ; -   € ;135;0;0;0
882;;867;634;540;19:25;20:00;Cles-Lanza;"feriale
estiva";20;19; 67 ; 1.340,00 ;ALPINABUS DI MARTINTONI MAURO;GA014HT;18;FP041BC;21;EJ947ZA;17;6220;CLES (Autostaz.)             ;6755;LANZA DI RUMO                ;01/01/2022;11/09/2022;24/06/2023;31/08/2023;estiva feriale lu-sa;;;x;x;;x;x;x;x;x;x;;;;;;;;;;;;;;ALPINABUS DI MARTINTONI MAURO;;; -   € ;;;1;;;;;;;; -   ;9;0;0;0; -   € ;;;;;;;;;;;; -   € ; -   € ; -   € ; -   € ;180;0;0;0
883;;868;634;546;19:52;20:26;Cles-Lanza;"invernale
lunedì-sabato";20;19; 240 ; 4.800,00 ;ALPINABUS DI MARTINTONI MAURO;FP041BC;21;GA014HT;18;EJ947ZA;17;6220;CLES (Autostaz.)             ;6755;LANZA DI RUMO                ;12/09/2022;23/06/2023;;;invernale feriale lu-sa;;x;;x;;x;x;x;x;x;x;;;;;;;;;;;;;;ALPINABUS DI MARTINTONI MAURO;;; -   € ;;;1;;;;;;;; -   ;17;26;25;25; -   € ;;;;;;;;;;;; -   € ; -   € ; -   € ; -   € ;340;520;500;500
884;;869;637;745;05:10;05:34;Terzolas Revò o 12.15 Terzolas Revò per turni alternati ;"invernale 
da lun a sab 
(sospesa gg chiusura magazzino Melinda)";17,00;20; 152 ; 2.584,00 ;TAXI VIAGGI VALENTINELLI DI VALENTINELLI GIORGIO & C. SNC;GG128PN;21;"
FZ889KY
";24;FJ097PL;21;6290;Terzolas (Bivio paese)       ;  6655ME;Revo'  (Magazzino Melinda)   ;12/09/2022;23/06/2023;;;invernale feriale lu-sa a turni melinda;sì;x;;x;;x;x;x;x;x;x;;;;;;;;;;; 70,43 € ;;;;;; 10.705,36 € ;;;1; -   € ; -   € ; -   ;;;; -   € ; -   ;0;0;0;17; 70,43 € ;;;;;;;;;;;; -   € ; -   € ; -   € ; 1.197,31 € ;0;0;0;289
885;;870;637;629;05:10;05:34;Terzolas Revò o 12.20 Terzolas Revò per turni alternati ;estiva da lun a sab (sospesa gg chiusura magazzino Melinda);17,00;20; 67 ; 1.139,00 ;TAXI VIAGGI VALENTINELLI DI VALENTINELLI GIORGIO & C. SNC;GG128PN;21;"
FZ889KY
";24;FJ097PL;21;6290;Terzolas (Bivio paese)       ;  6655ME;Revo'  (Magazzino Melinda)   ;01/01/2022;11/09/2022;24/06/2023;31/08/2023;estiva feriale lu-sa melinda;sì;;x;x;;x;x;x;x;x;x;;;;;;;;;;; 70,43 € ;;;;;; 4.718,81 € ;;;1; -   € ; -   € ; -   ;;;; -   € ; -   ;9;0;0;; 70,43 € ;;;;;;;;;;;; 633,87 € ; -   € ; -   € ; -   € ;153;0;0;0
886;;871;637;639;07:10;07:40;Terzolas - Revò turno a giornata  ;estiva da lunedì a venerdì corsa operai (sospesa gg chiusura magazzino Melinda);17,00;20; -   ; -   ;TAXI VIAGGI VALENTINELLI DI VALENTINELLI GIORGIO & C. SNC;GG128PN;21;"
FZ889KY
";24;FJ097PL;21;6290;Terzolas (Bivio paese)       ;  6655ME;Revo'  (Magazzino Melinda)   ;01/01/2022;11/09/2022;24/06/2023;31/08/2023;estiva feriale lu-ve melinda;sì;;x;x;;x;x;x;x;x;;;;;;;;;;;; 70,43 € ;;;;;; -   € ;;;1; -   € ; -   € ; -   ;;;;; -   ;0;0;0;; 70,43 € ;;;;;;;;;;;; -   € ; -   € ; -   € ; -   € ;0;0;0;0
887;;872;637;629;07:00;07:24;Terzolas - Revò turno a giornata     ;"invernale
da lunedì a venerdì (sospesa gg chiusura magazzino Melinda)";17,00;20; 73 ; 1.241,00 ;TAXI VIAGGI VALENTINELLI DI VALENTINELLI GIORGIO & C. SNC;GG128PN;21;"
FZ889KY
";24;FJ097PL;21;6290;Terzolas (Bivio paese)       ;  6655ME;Revo'  (Magazzino Melinda)   ;12/09/2022;23/06/2023;;;invernale feriale lu-ve melinda;sì;x;;x;;x;x;x;x;x;;;;;;;;;;;; 70,43 € ;;;;;; 5.141,39 € ;;;1; -   € ; -   € ; -   ;;;;; -   ;15;21;21;6; 70,43 € ;;;;;;;;;;;; 1.056,45 € ; 1.479,03 € ; 1.479,03 € ; 422,58 € ;255;357;357;102
888;;873;637;746;12:45;13:00;Revò-Tregiovo;"scolastica 
mar-gio-ven-sab";9,00;8; 138 ; 1.242,00 ;FIABA VIAGGI SNC DI FANTI MILVA;FN293MX;9;FC200RJ;9;;;6655;Revo'                        ;6640;Tregiovo                     ;12/09/2022;09/06/2023;;;scolastica ma, gio, ve, sab;;;;;x;;x;;x;x;x;;;;;;;;;;; 27,00 € ;;;;;; 3.726,00 € ;;;1; -   € ; -   € ; -   ;;;;; -   ;11;17;16;12; 27,00 € ;;;;;;;;;;;; 297,00 € ; 459,00 € ; 432,00 € ; 324,00 € ;99;153;144;108
889;;874;637;742;12:45;13:04;Revò - Terzolas o 20.00 Terzolas - Revò per turni alternati;"invernale 
da lun a sab 
(sospesa gg chiusura magazzino Melinda)";17,00;20; 152 ; 2.584,00 ;TAXI VIAGGI VALENTINELLI DI VALENTINELLI GIORGIO & C. SNC;GG128PN;21;"
FZ889KY
";24;FJ097PL;21;  6655ME;Revo'  (Magazzino Melinda)   ;6290;Terzolas (Bivio paese)       ;12/09/2022;23/06/2023;;;invernale feriale lu-sa a turni melinda;sì;x;;x;;x;x;x;x;x;x;;;;;;;;;;; 70,43 € ;;;;;; 10.705,36 € ;;;1; -   € ; -   € ; -   ;;;;; -   ;0;0;0;17; 70,43 € ;;;;;;;;;;;; -   € ; -   € ; -   € ; 1.197,31 € ;0;0;0;289
890;;875;637;748;12:45;13:04;Revò - Terzolas o 20.00 Terzolas - Revò per turni alternati;estiva da lun a sab (sospesa gg chiusura magazzino Melinda);17,00;20; 67 ; 1.139,00 ;TAXI VIAGGI VALENTINELLI DI VALENTINELLI GIORGIO & C. SNC;GG128PN;21;"
FZ889KY
";24;FJ097PL;21;  6655ME;Revo'  (Magazzino Melinda)   ;6290;Terzolas (Bivio paese)       ;01/01/2022;11/09/2022;24/06/2023;31/08/2023;estiva feriale lu-sa melinda;sì;;x;x;;x;x;x;x;x;x;;;;;;;;;;; 70,43 € ;;;;;; 4.718,81 € ;;;1; -   € ; -   € ; -   ;;;;; -   ;9;0;0;; 70,43 € ;;;;;;;;;;;; 633,87 € ; -   € ; -   € ; -   € ;153;0;0;0
891;;876;637;738;13:25;13:40;Revò - Tregiovo;"scolastica 
da lunedì a venerdì";9,00;20; 174 ; 1.566,00 ;GENZIANA S.r.l.;GK152EV;23;FX036WC;21;FS248ZL;23;6655;Revo'                        ;6640;Tregiovo                     ;12/09/2022;09/06/2023;;;scolastica lu-ve;;;;;x;x;x;x;x;x;;;;;;;;;;;; 16,20 € ;;;;;; 2.818,80 € ;;;1; 1,80 € ; -   € ; 313,20 € ;;;;; -   ;15;20;21;15; 18,00 € ;;;;;;;;;;;; 270,00 € ; 360,00 € ; 378,00 € ; 270,00 € ;135;180;189;135
892;;877;637;748;17:30;17:45;Revò - Tregiovo;"scolastica 
da lunedì a venerdì";9,00;20; 174 ; 1.566,00 ;GENZIANA S.r.l.;GK152EV;23;FS198ZG;23;FX036WC;21;6655;Revo'                        ;6640;Tregiovo                     ;12/09/2022;09/06/2023;;;scolastica lu-ve;;;;;x;x;x;x;x;x;;;;;;;;;;;; 53,22 € ;;;;;; 9.260,28 € ;;;1; -   € ; -   € ; -   ;;;;; -   ;15;20;21;15; 53,22 € ;;;;;;;;;;;; 798,30 € ; 1.064,40 € ; 1.117,62 € ; 798,30 € ;135;180;189;135
893;;878;637;751;17:46;18:00;Tregiovo - Revò;"scolastica 
da lunedì a venerdì";9,00;20; 174 ; 1.566,00 ;GENZIANA S.r.l.;GK152EV;23;FX036WC;21;;;6640;Tregiovo                     ;6655;Revo'                        ;12/09/2022;09/06/2023;;;scolastica lu-ve;;;;;x;x;x;x;x;x;;;;;;;;;;;; 16,74 € ;;;;;; 2.912,76 € ;;;1; 1,26 € ; -   € ; 219,24 € ;;;;; -   ;15;20;21;15; 18,00 € ;;;;;;;;;;;; 270,00 € ; 360,00 € ; 378,00 € ; 270,00 € ;135;180;189;135
894;;879;637;645;18:05;18:24;Revò - Terzolas turno a giornata ;"feriale 
da lunedì a venerdì corsa operai 
(sospesa gg chiusura magazzino Melinda)";17,00;20; 73 ; 1.241,00 ;TAXI VIAGGI VALENTINELLI DI VALENTINELLI GIORGIO & C. SNC;GG128PN;21;"
FZ889KY
";24;FJ097PL;21;  6655ME;Revo'  (Magazzino Melinda)   ;6290;Terzolas (Bivio paese)       ;01/09/2022;31/08/2023;;;annuale feriale lu-ve a giornata melinda;sì;x;x;x;;x;x;x;x;x;;;;;;;;;;;; 70,43 € ;;;;;; 5.141,39 € ;;;1; -   € ; -   € ; -   ;;;;; -   ;15;21;21;6; 70,43 € ;;;;;;;;;;;; 1.056,45 € ; 1.479,03 € ; 1.479,03 € ; 422,58 € ;255;357;357;102
895;km corretti da capitolato;880;640;630;14:00;14:35;Malè-Somrabbi;"scolastica 
solo venerdì ";18,50;15; 36 ; 666,00 ;TAXI VIAGGI VALENTINELLI DI VALENTINELLI GIORGIO & C. SNC;"
FZ889KY
";24;GG128PN;21;FJ097PL;21;6300;MALE'                        ;6328;SOMRABBI                     ;12/09/2022;09/06/2023;;;scolastica ve;;;;;x;;;;;x;;;;;;;;;;;; 31,50 € ;;;;;; 1.134,00 € ;;;1; 5,50 € ; -   € ; 198,00 € ;;;;; -   ;3;4;4;3; 37,00 € ;;;;;;;;;;;; 111,00 € ; 148,00 € ; 148,00 € ; 111,00 € ;55,5;74;74;55,5
896;;881;641;385;06:45;07:05;Bolentina - Malè;"scolastica 
solo giorno di sabato";7,50;8; 34 ; 255,00 ;TAXI VIAGGI VALENTINELLI DI VALENTINELLI GIORGIO & C. SNC;FB912BJ;9;GG128PN;21;"
FZ889KY
";24;6302;BOLENTINA                    ;6300;MALE'                        ;12/09/2022;09/06/2023;;;scolastica sab;;;;;x;;;;;;x;;;;;;;;;;; 15,00 € ;;;;;; 510,00 € ;;;1; -   € ; -   € ; -   ;;;; 5,00 € ; 170 ;2;5;4;3; 20,00 € ;;;;;;;;;;;; 40,00 € ; 100,00 € ; 80,00 € ; 60,00 € ;15;37,5;30;22,5
897;;882;641;382;12:45;13:00;Malè - Bolentina;"scolastica 
da lunedì a sabato";7,00;8; 208 ; 1.456,00 ;TAXI VIAGGI VALENTINELLI DI VALENTINELLI GIORGIO & C. SNC;FB912BJ;9;GG128PN;21;"
FZ889KY
";24;6300;MALE'                        ;6302;BOLENTINA                    ;12/09/2022;09/06/2023;;;scolastica lu-sa;;;;;x;x;x;x;x;x;x;;;;;;;;;;; 17,74 € ;;;;;; 3.689,92 € ;;;1; -   € ; -   € ; -   ;;;;; -   ;17;25;25;18; 17,74 € ;;;;;;;;;;;; 301,58 € ; 443,50 € ; 443,50 € ; 319,32 € ;119;175;175;126
898;;883;641;383;13:00;13:20;Bolentina - Montes -Malè;"scolastica 
da lunedì a sabato";7,00;8; 208 ; 1.456,00 ;TAXI VIAGGI VALENTINELLI DI VALENTINELLI GIORGIO & C. SNC;FB912BJ;9;GG128PN;21;"
FZ889KY
";24;6302;BOLENTINA                    ;6300;MALE'                        ;12/09/2022;09/06/2023;;;scolastica lu-sa;;;;;x;x;x;x;x;x;x;;;;;;;;;;; 17,74 € ;;;;;; 3.689,92 € ;;;1; -   € ; -   € ; -   ;;;;; -   ;17;25;25;18; 17,74 € ;;;;;;;;;;;; 301,58 € ; 443,50 € ; 443,50 € ; 319,32 € ;119;175;175;126
899;;884;642;349;06:20;07:00;6.20 S.Antonio di Mavignola-Campiglio-Dimaro;"scolastica 
da lunedì a sabato";25,00;19; 208 ; 5.200,00 ;BUCELLA IVANO ;FR770WP;23;FR346WN;9;FW902WP;8;2470;S.Antonio di Mavignola       ;  6340ST;DIMARO (Staz. FTM)           ;12/09/2022;09/06/2023;;;scolastica lu-sa;;;;;x;x;x;x;x;x;x;;;;;;;;;;; 75,00 € ;;;;;; 15.600,00 € ;;;1; -   € ; -   € ; -   ;;;; -   € ; -   ;17;25;25;18; 75,00 € ;;;;;;;;;;;; 1.275,00 € ; 1.875,00 € ; 1.875,00 € ; 1.350,00 € ;425;625;625;450
900;;885;642;348;14:02;14:42;Dimaro staz.FTM-Campiglio-S.A.Mavignola;"scolastica 
da lunedì a venerdì";25,00;19; 174 ; 4.350,00 ;VIAGGI CORNELIO DI FLESSATI NICOLA E C. S.N.C.;GH106PC;21;FF891CS;17;;;  6340ST;DIMARO (Staz. FTM)           ;  2470RR;S.Antonio di Mavignola;12/09/2022;09/06/2023;;;scolastica lu-ve;;;;;x;x;x;x;x;x;;;;;;;;;;;; 75,00 € ;;;;;; 13.050,00 € ;;;1; -   € ; -   € ; -   ;;;;; -   ;15;20;21;15; 75,00 € ;;;;;;;;;;;; 1.125,00 € ; 1.500,00 € ; 1.575,00 € ; 1.125,00 € ;375;500;525;375
901;;886;643;395;06:35;06:52;Marilleva 1400 - Marilleva 900;"scolastica 
da lunedì a sabato";9,50;8; 208 ; 1.976,00 ;"BIANCANEVE VIAGGI DI
 DALLATORRE MARCO";FZ783BE;8;GC751CS;5;;;  6382SO;MARILLEVA 1400               ;6381;Marilleva 900                ;12/09/2022;09/06/2023;;;scolastica lu-sa;;;;;x;x;x;x;x;x;x;;;;;;;;;;; 31,95 € ;;;;;; 6.645,60 € ;;;1; -   € ; -   € ; -   ;;;; -   € ; -   ;17;25;25;18; 31,95 € ;;;;;;;;;;;; 543,15 € ; 798,75 € ; 798,75 € ; 575,10 € ;161,5;237,5;237,5;171
902;;887;643;390;08:50;09:35;Malè-Marrilleva 1400;"Estiva
lunedì-sabato";22,00;20; 67 ; 1.474,00 ;TONALE VIAGGI DI PANIZZA CLAUDIO ;FW832WP;24;EC937AD;20;;;6300;MALE'                        ;  6382SS;MARILLEVA 1400 Solaria       ;01/01/2022;11/09/2022;24/06/2023;31/08/2023;estiva feriale lu-sa;;;x;x;;x;x;x;x;x;x;;;;;;;;;;; 66,00 € ;;;;;; 4.422,00 € ;;;1; -   € ; -   € ; -   ;;;;; -   ;9;0;0;0; 66,00 € ;;;;;;;;;;;; 594,00 € ; -   € ; -   € ; -   € ;198;0;0;0
903;;888;643;391;10:08;10:53;Marilleva 1400 - Malè;"Estiva
lunedì-sabato";22,00;20; 67 ; 1.474,00 ;TONALE VIAGGI DI PANIZZA CLAUDIO ;FW832WP;24;EC937AD;20;;;  6382SS;MARILLEVA 1400 Solaria       ;6300;MALE'                        ;01/01/2022;11/09/2022;24/06/2023;31/08/2023;estiva feriale lu-sa;;;x;x;;x;x;x;x;x;x;;;;;;;;;;; 66,00 € ;;;;;; 4.422,00 € ;;;1; -   € ; -   € ; -   ;;;;; -   ;9;0;0;0; 66,00 € ;;;;;;;;;;;; 594,00 € ; -   € ; -   € ; -   € ;198;0;0;0
904;;889;644;311;06:25;06:43;Menas - Pellizzano;"scolastica 
da lunedì a sabato";9,00;16; 208 ; 1.872,00 ;TAXI-MINIBUS-AUTOBUS PANIZZA S.A.S. DI ZENDELI ILIR ;GA903ER;17;GA900ER;17;GA902ER;23;6391;MENAS                        ;6386;PELLIZZANO                   ;12/09/2022;09/06/2023;;;scolastica lu-sa;;;;;x;x;x;x;x;x;x;;;;;;;;;;; 47,00 € ;;;;;13; 9.776,00 € ;;;1; -   € ; -   € ; -   ;;;; -   € ; -   ;17;25;25;18; 47,00 € ; mensile ;1;;1;;1;;1;; 1.049,96 € ;; 1.848,96 € ; 2.224,96 € ; 2.224,96 € ; 1.895,96 € ;153;225;225;162
905;;890;644;370;08:20;08:38;Pellizzano-Menas;estiva dal lunedì al venerdì feriale;8;19; 55 ; 440,00 ;TAXI-MINIBUS-AUTOBUS PANIZZA S.A.S. DI ZENDELI ILIR ;GA903ER;17;GA900ER;17;;;6386;PELLIZZANO                   ;6391;MENAS                        ;01/01/2022;11/09/2022;24/06/2023;31/08/2023;estiva feriale lu-ve;;;x;x;;x;x;x;x;x;;;;;;;;;;;;; 30,15 € ;;;;; -   € ; 1.658,25 € ;;1;;;; -   € ; -   € ; -   ;; -   ;7;0;0;; 30,15 € ;;;;;;;;;;;; 211,05 € ; -   € ; -   € ; -   € ;56;0;0;0
906;;891;644;371;08:43;09:01;Menas-Pellizzano;estiva dal lunedì al venerdì feriale;8;19; 55 ; 440,00 ;TAXI-MINIBUS-AUTOBUS PANIZZA S.A.S. DI ZENDELI ILIR ;GA903ER;17;GA900ER;17;;;6391;MENAS                        ;6386;PELLIZZANO                   ;01/01/2022;11/09/2022;24/06/2023;31/08/2023;estiva feriale lu-ve;;;x;x;;x;x;x;x;x;;;;;;;;;;;;; 30,15 € ;;;;; -   € ; 1.658,25 € ;;1;;;; -   € ; -   € ; -   ;; -   ;7;0;0;; 30,15 € ;;;;;;;;;;;; 211,05 € ; -   € ; -   € ; -   € ;56;0;0;0
907;;892;644;374;11:05;11:23;Pellizzano-Castello-Menas;"Feriale invernale
giovedì";8,20;15; 39 ; 319,80 ;TAXI-MINIBUS-AUTOBUS PANIZZA S.A.S. DI ZENDELI ILIR ;ER747KZ;9;ER506KZ;9;GA902ER;23;6386;PELLIZZANO                   ;6391;MENAS                        ;12/09/2022;23/06/2023;;;invernale feriale gio;;x;;x;;;;;x;;;;;;;;;;;;; 18,60 € ;;;;;14; 725,40 € ;;;1; -   € ; -   € ; -   ;;;;; -   ;3;4;4;4; 18,60 € ;;;;;;;;;;;; 55,80 € ; 74,40 € ; 74,40 € ; 74,40 € ;24,6;32,8;32,8;32,8
908;;893;644;372;11:20;11:38;Pellizzano-Menas;"estiva feriale 
solo giorno di giovedì";8;19; 11 ; 88,00 ;TONALE VIAGGI DI PANIZZA CLAUDIO ;FW832WP;24;EC937AD;20;;;6386;PELLIZZANO                   ;6391;MENAS                        ;01/01/2022;11/09/2022;24/06/2023;31/08/2023;estiva feriale gio;;;x;x;;;;;x;;;;;;;;;;;;;; 15,20 € ;;;;; -   € ; 167,20 € ;;1;;;; 0,80 € ; -   € ; 9 ;; -   ;2;0;0;0; 16,00 € ;;;;;;;;;;;; 32,00 € ; -   € ; -   € ; -   € ;16;0;0;0
909;;894;644;375;11:23;11:41;Menas-Castello-Pellizzano;"Feriale invernale
giovedì";8,20;15; 39 ; 319,80 ;TAXI-MINIBUS-AUTOBUS PANIZZA S.A.S. DI ZENDELI ILIR ;ER747KZ;9;ER506KZ;9;GA902ER;23;6391;MENAS                        ;6386;PELLIZZANO                   ;12/09/2022;23/06/2023;;;invernale feriale gio;;x;;x;;;;;x;;;;;;;;;;;;; 18,60 € ;;;;;15; 725,40 € ;;;1; -   € ; -   € ; -   ;;;;; -   ;3;4;4;4; 18,60 € ;;;;;;;;;;;; 55,80 € ; 74,40 € ; 74,40 € ; 74,40 € ;24,6;32,8;32,8;32,8
910;;895;644;373;11:43;12:01;Menas-Pellizzano;"estiva feriale 
solo giorno di giovedì";8;19; 11 ; 88,00 ;TONALE VIAGGI DI PANIZZA CLAUDIO ;FW832WP;24;EC937AD;20;;;6391;MENAS                        ;6386;PELLIZZANO                   ;01/01/2022;11/09/2022;24/06/2023;31/08/2023;estiva feriale gio;;;x;x;;;;;x;;;;;;;;;;;;;; 15,20 € ;;;;; -   € ; 167,20 € ;;1;;;; 0,80 € ; -   € ; 9 ;; -   ;2;0;0;0; 16,00 € ;;;;;;;;;;;; 32,00 € ; -   € ; -   € ; -   € ;16;0;0;0
911;;896;644;374;12:20;12:38;Pellizzano-Menas;"Estiva
lunedì-venerdì";8;19; 55 ; 440,00 ;TONALE VIAGGI DI PANIZZA CLAUDIO ;FW832WP;24;EC937AD;20;;;6386;PELLIZZANO                   ;6391;MENAS                        ;01/01/2022;11/09/2022;24/06/2023;31/08/2023;estiva feriale lu-ve;;;x;x;;x;x;x;x;x;;;;;;;;;;;;; 15,20 € ;;;;; -   € ; 836,00 € ;;1;;;; 0,80 € ; -   € ; 44 ;; -   ;7;0;0;; 16,00 € ;;;;;;;;;;;; 112,00 € ; -   € ; -   € ; -   € ;56;0;0;0
912;;897;644;375;12:43;13:01;Menas-Pellizzano;"Estiva
lunedì-venerdì";8;19; 55 ; 440,00 ;TONALE VIAGGI DI PANIZZA CLAUDIO ;FW832WP;24;EC937AD;20;;;6391;MENAS                        ;6386;PELLIZZANO                   ;01/01/2022;11/09/2022;24/06/2023;31/08/2023;estiva feriale lu-ve;;;x;x;;x;x;x;x;x;;;;;;;;;;;;; 15,20 € ;;;;; -   € ; 836,00 € ;;1;;;; 0,80 € ; -   € ; 44 ;; -   ;7;0;0;; 16,00 € ;;;;;;;;;;;; 112,00 € ; -   € ; -   € ; -   € ;56;0;0;0
913;;898;644;378;13:55;14:13;Pellizzano-Claiano bv.-Menas;"invernale
da lunedì a venerdì";8,00;15; 202 ; 1.616,00 ;TAXI-MINIBUS-AUTOBUS PANIZZA S.A.S. DI ZENDELI ILIR ;GA903ER;17;GA900ER;17;;;6386;PELLIZZANO                   ;6391;MENAS                        ;12/09/2022;23/06/2023;;;invernale feriale lu-ve;;x;;x;;x;x;x;x;x;;;;;;;;;;;; 15,45 € ;;;;;16; 3.120,90 € ;;;1;;;;;;;; -   ;15;21;21;20; 15,45 € ;;;;;;;;;;;; 231,75 € ; 324,45 € ; 324,45 € ; 309,00 € ;120;168;168;160
914;;899;644;660;18:20;18:36;Claiano bv-Ortisè-Menas;"scolastica
lun+merc+giov+ven";6,50;9; 140 ; 910,00 ;TAXI-MINIBUS-AUTOBUS PANIZZA S.A.S. DI ZENDELI ILIR ;GA903ER;17;GA900ER;17;;;6387;Claiano Bivio                ;6391;MENAS                        ;12/09/2022;09/06/2023;;;scolastica lu, me, gio, ve;;;;;x;x;;x;x;x;;;;;;;;;;;; 31,28 € ;;;;;17; 4.379,20 € ;;;1; -   € ; -   € ; -   ;;;;; -   ;12;16;17;12; 31,28 € ;;;;;;;;;;;; 375,36 € ; 500,48 € ; 531,76 € ; 375,36 € ;78;104;110,5;78
915;;900;645;784;06:20;06:25;Celentino Bivio - Strombiano - Celentino Paese;"scolastica 
 sabato";2,50;8; 34 ; 85,00 ;PATERNOSTER LORENZO;GH464KX;9;FL803HC;8;;;6402;Celentino Bivio              ;  6402PA;Celentino paese              ;12/09/2022;09/06/2023;;;scolastica sab;;;;;x;;;;;;x;;;;;;;;;;; 8,20 € ;;;;;; 278,80 € ;;;1; -   € ; -   € ; -   ;;;; 11,80 € ; 401 ;2;5;4;3; 20,00 € ;;;;;;;;;;;; 40,00 € ; 100,00 € ; 80,00 € ; 60,00 € ;5;12,5;10;7,5
916;;901;645;639;06:26;06:30;Celentino paese - Celentino Bivio;"scolastica 
 sabato";2,50;8; 34 ; 85,00 ;PATERNOSTER LORENZO;GH464KX;9;FL803HC;8;;;  6402PA;Celentino paese              ;6402;Celentino Bivio              ;12/09/2022;09/06/2023;;;scolastica sab;;;;;x;;;;;;x;;;;;;;;;;; 8,20 € ;;;;;; 278,80 € ;;;1; -   € ; -   € ; -   ;;;; 11,80 € ; 401 ;2;5;4;3; 20,00 € ;;;;;;;;;;;; 40,00 € ; 100,00 € ; 80,00 € ; 60,00 € ;5;12,5;10;7,5
917;;902;645;784;06:30;06:35;Celentino Bivio - Strombiano - Celentino Paese;"scolastica 
da lunedì a venerdì";2,50;8; 174 ; 435,00 ;PATERNOSTER LORENZO;GH464KX;9;FL803HC;8;;;6402;Celentino Bivio              ;  6402PA;Celentino paese              ;12/09/2022;09/06/2023;;;scolastica lu-ve;;;;;x;x;x;x;x;x;;;;;;;;;;;; 8,20 € ;;;;;; 1.426,80 € ;;;1; -   € ; -   € ; -   ;;;; 11,80 € ; 2.053 ;15;20;21;15; 20,00 € ;;;;;;;;;;;; 300,00 € ; 400,00 € ; 420,00 € ; 300,00 € ;37,5;50;52,5;37,5
918;;903;645;639;06:35;06:40;Celentino paese - Celentino Bivio;"scolastica 
da lunedì a venerdì";2,50;8; 174 ; 435,00 ;PATERNOSTER LORENZO;GH464KX;9;FL803HC;8;;;  6402PA;Celentino paese              ;6402;Celentino Bivio              ;12/09/2022;09/06/2023;;;scolastica lu-ve;;;;;x;x;x;x;x;x;;;;;;;;;;;; 8,20 € ;;;;;; 1.426,80 € ;;;1; -   € ; -   € ; -   ;;;; 11,80 € ; 2.053 ;15;20;21;15; 20,00 € ;;;;;;;;;;;; 300,00 € ; 400,00 € ; 420,00 € ; 300,00 € ;37,5;50;52,5;37,5
919;;904;645;639;06:35;06:38;Strombiano- Celentino Bivio;"scolastica 
 sabato";1,50;8; 34 ; 51,00 ;PATERNOSTER LORENZO;GH464KX;9;FL803HC;8;;;  6402ST;Strombiano                   ;6402;Celentino Bivio              ;12/09/2022;09/06/2023;;;scolastica sab;;;;;x;;;;;;x;;;;;;;;;;; 10,00 € ;;;;;; 340,00 € ;;;1; -   € ; -   € ; -   ;;;; 10,00 € ; 340 ;2;5;4;3; 20,00 € ;;;;;;;;;;;; 40,00 € ; 100,00 € ; 80,00 € ; 60,00 € ;3;7,5;6;4,5
920;;905;645;418;06:55;06:58;Deggiano-Mastellina FTM;"scolastica 
da lunedì a sabato";2,00;9; 208 ; 416,00 ;VIAGGI CORNELIO DI FLESSATI NICOLA E C. S.N.C.;EN920NH;9;FF891CS;17;FL934HC;7;  6350DP;Deggiano Paese               ;6350;Mastellina   Staz. FTM                ;12/09/2022;09/06/2023;;;scolastica lu-sa;;;;;x;x;x;x;x;x;x;;;;;;;;;;; 10,00 € ;;;;;; 2.080,00 € ;;;1; -   € ; -   € ; -   ;;;; 10,00 € ; 2.080 ;17;25;25;18; 20,00 € ;;;;;;;;;;;; 340,00 € ; 500,00 € ; 500,00 € ; 360,00 € ;34;50;50;36
921;;906;645;43;08:40;08:50;Cavizzana - Malè;"estiva
2° e 4° mercoledì feriale";6,00;23; 4 ; 24,00 ;TAXI VIAGGI VALENTINELLI DI VALENTINELLI GIORGIO & C. SNC;"
FZ889KY
";24;FJ097PL;21;;;6270TM;Cavizzana;6300;MALE'                        ;01/01/2022;11/09/2022;24/06/2023;31/08/2023;estiva feriale me (solo 2° e 4° mese);sì;;x;x;;;;x;;;;;;;;;;;;;; 18,00 € ;;;;;; 72,00 € ;;;1; -   € ; -   € ; -   ;;;;; -   ;0;0;0;; 18,00 € ;;;;;;;;;;;; -   € ; -   € ; -   € ; -   € ;0;0;0;0
922;;907;645;739;08:40;09:00;Comasine - Cogolo;"feriale 
solo martedì e venerdì";9,00;19; 104 ; 936,00 ;PATERNOSTER LORENZO;FS184ZG;23;EL182VV;21;;;  6403PA;Comasine paese               ;6405;COGOLO                       ;01/09/2022;31/08/2023;;;annuale feriale ma, ve;;x;x;x;;;x;;;x;;;;;;;;;;;; 50,17 € ;;;;;; 5.217,68 € ;;;1; -   € ; -   € ; -   ;;;;; -   ;9;8;8;9; 50,17 € ;;;;;;;;;;;; 451,53 € ; 401,36 € ; 401,36 € ; 451,53 € ;81;72;72;81
923;;908;645;741;11:00;11:20;Cogolo - Celentino paese;"feriale 
solo martedì e venerdì";9,00;19; 104 ; 936,00 ;PATERNOSTER LORENZO;FS184ZG;23;EL182VV;21;;;6405;COGOLO                       ;  6402PA;Celentino paese              ;01/09/2022;31/08/2023;;;annuale feriale ma, ve;;x;x;x;;;x;;;x;;;;;;;;;;;; 50,17 € ;;;;;; 5.217,68 € ;;;1; -   € ; -   € ; -   ;;;;; -   ;9;8;8;9; 50,17 € ;;;;;;;;;;;; 451,53 € ; 401,36 € ; 401,36 € ; 451,53 € ;81;72;72;81
924;;909;645;44;12:20;12:30;Malè - Cavizzana;"estiva
2° e 4° mercoledì feriale";6,00;23; 4 ; 24,00 ;TAXI VIAGGI VALENTINELLI DI VALENTINELLI GIORGIO & C. SNC;"
FZ889KY
";24;FJ097PL;21;;;6300;MALE'                        ;6270TM;Cavizzana;01/01/2022;11/09/2022;24/06/2023;31/08/2023;estiva feriale me (solo 2° e 4° mese);sì;;x;x;;;;x;;;;;;;;;;;;;; 18,00 € ;;;;;; 72,00 € ;;;1; -   € ; -   € ; -   ;;;;; -   ;0;0;0;; 18,00 € ;;;;;;;;;;;; -   € ; -   € ; -   € ; -   € ;0;0;0;0
925;;910;645;786;13:06;13:08;Comasine bv-Comasine paese-Comasine bv;"scolastica 
da lunedì a sabato";3,00;19; 208 ; 624,00 ;PATERNOSTER LORENZO;EL182VV GH464KX (9);21;FS184ZG  FL803HC (9);23;;;6403;Comasine bivio               ;6403;Comasine bivio               ;12/09/2022;09/06/2023;;;scolastica lu-sa;;;;;x;x;x;x;x;x;x;;;;;;;;;;; 9,00 € ;;;;;; 1.872,00 € ;;;1; -   € ; -   € ; -   ;;;;; -   ;17;25;25;18; 9,00 € ;;;;;;;;;;;; 153,00 € ; 225,00 € ; 225,00 € ; 162,00 € ;51;75;75;54
926;;911;645;786;13:08;13:16;Comasine bv.-Strombiano-Celentino;"scolastica
solo mart-merc-ven";3,10;15; 107 ; 331,70 ;PATERNOSTER LORENZO;EL182VV;21;FS184ZG;23;GH464KX;9;6403;Comasine bivio               ;  6402PA;Celentino paese              ;12/09/2022;09/06/2023;;;scolastica ma, me, ve;;;;;x;;x;x;;x;;;;;;;;;;;; 5,58 € ;;;;;; 597,06 € ;;;1; 0,62 € ; -   € ; 66,34 € ;;;;; -   ;9;12;13;9; 6,20 € ;;;;;;;;;;;; 55,80 € ; 74,40 € ; 80,60 € ; 55,80 € ;27,9;37,2;40,3;27,9
927;;912;645;682;13:18;14:22;Cles-Mezzana-Fucine-Peio;"scolastica 
da lunedì a venerdì";44,70;54; 174 ; 7.777,80 ;PATERNOSTER LORENZO;EV696LA;61;GE374VX;45;FE599HG (Viaggi Cicolini);58;  6220MS;Cles - Negozio Mascotti      ;6407;PEIO                         ;12/09/2022;09/06/2023;;;scolastica lu-ve;;;;;x;x;x;x;x;x;;;;;;;;;;;; 134,10 € ;;;;;; 23.333,40 € ;;;2; -   € ; -   € ; -   ;;;;; -   ;15;20;21;15; 134,10 € ;;;;;;;;;;;; 2.011,50 € ; 2.682,00 € ; 2.816,10 € ; 2.011,50 € ;670,5;894;938,7;670,5
928;;913;645;314;18:19;18:43;Fucine - Pejo;"invernale
lunedì-sabato";12,40;16; 240 ; 2.976,00 ;VIAGGI CORNELIO DI FLESSATI NICOLA E C. S.N.C.;FF891CS;17;GH106PC;21;;;6401;FUCINE                       ;6407;PEIO                         ;12/09/2022;23/06/2023;;;invernale feriale lu-sa;;x;;x;;x;x;x;x;x;x;;;;;;;;;;; 31,00 € ;;;;;; 7.440,00 € ;;;1; -   € ; -   € ; -   ;;;;; -   ;17;26;25;25; 31,00 € ;;;;;;;;;;;; 527,00 € ; 806,00 € ; 775,00 € ; 775,00 € ;210,8;322,4;310;310
929;;914;645;312;18:55;19:33;Mezzana FTM - Pejo;"Estiva
lunedì-sabato";19,00;19; 67 ; 1.273,00 ;TONALE VIAGGI DI PANIZZA CLAUDIO ;FW832WP;24;EC937AD;20;;;  6380MT;Mezzana (staz FTM)           ;6407;PEIO                         ;01/01/2022;11/09/2022;24/06/2023;31/08/2023;estiva feriale lu-sa;;;x;x;;x;x;x;x;x;x;;;;;;;;;;;; 36,10 € ;;;;; -   € ; 2.418,70 € ;;1;;;; 1,90 € ; -   € ; 127 ;; -   ;9;0;0;0; 38,00 € ;;;;;;;;;;;; 342,00 € ; -   € ; -   € ; -   € ;171;0;0;0
930;;915;645;418;19:10;19:59;Malè-Cogolo;"invernale
lunedì-sabato";25,70;15; 240 ; 6.168,00 ;TONALE VIAGGI DI PANIZZA CLAUDIO ;EC937AD;20;FR853MY;56;EC937AD;20;6300;MALE'                        ;6405;COGOLO                       ;12/09/2022;23/06/2023;;;invernale feriale lu-sa;;x;;x;;x;x;x;x;x;x;;;;;;;;;;; 64,25 € ;;;;;; 15.420,00 € ;;;1; -   € ; -   € ; -   ;;;;; -   ;17;26;25;25; 64,25 € ;;;;;;;;;;;; 1.092,25 € ; 1.670,50 € ; 1.606,25 € ; 1.606,25 € ;436,9;668,2;642,5;642,5
931;;916;645;419;19:40;20:04;Pejo - Fucine;"Estiva
lunedì-sabato";12,00;19; 67 ; 804,00 ;TONALE VIAGGI DI PANIZZA CLAUDIO ;FW832WP;24;EC937AD;20;;;6407;PEIO                         ;6401;FUCINE                       ;01/01/2022;11/09/2022;24/06/2023;31/08/2023;estiva feriale lu-sa;;;x;x;;x;x;x;x;x;x;;;;;;;;;;;; 22,80 € ;;;;; -   € ; 1.527,60 € ;;1;;;; 1,20 € ; -   € ; 80 ;; -   ;9;0;0;0; 24,00 € ;;;;;;;;;;;; 216,00 € ; -   € ; -   € ; -   € ;108;0;0;0
932;;917;646;653;06:10;06:25;Passo Tonale - Stavel - Vermiglio;"scolastica 
da lunedì a sabato";14,00;16; 208 ; 2.912,00 ;TAXI-MINIBUS-AUTOBUS PANIZZA S.A.S. DI ZENDELI ILIR ;GA903ER;17;GA900ER;17;GA902ER;23;6410;PASSO TONALE                 ;6408;VERMIGLIO                    ;12/09/2022;09/06/2023;;;scolastica lu-sa;;;;;x;x;x;x;x;x;x;;;;;;;;;;; 47,00 € ;;;;;18; 9.776,00 € ;;;1; -   € ; -   € ; -   ;;;; -   € ; -   ;17;25;25;18; 47,00 € ;;;;;;;;;;;; 799,00 € ; 1.175,00 € ; 1.175,00 € ; 846,00 € ;238;350;350;252
933;;918;646;682;14:10;14:31;Vermiglio-Stavel-Vallon-Passo Tonale;"scolastica 
da lunedì a venerdì";15,00;16; 174 ; 2.610,00 ;TAXI-MINIBUS-AUTOBUS PANIZZA S.A.S. DI ZENDELI ILIR ;ER747KZ;9;GA900ER;17;ER506KZ;9;  6408NO;Vermiglio nord               ;6410;PASSO TONALE                 ;12/09/2022;09/06/2023;;;scolastica lu-ve;;;;;x;x;x;x;x;x;;;;;;;;;;;; 45,00 € ;;;;;19; 7.830,00 € ;;;1; -   € ; -   € ; -   ;;;;; -   ;15;20;21;15; 45,00 € ;;;;;;;;;;;; 675,00 € ; 900,00 € ; 945,00 € ; 675,00 € ;225;300;315;225
934;;919;646;445;14:35;14:56;Passo Tonale - Vermiglio ;"scolastica 
da lunedì a venerdì";11,00;16; 174 ; 1.914,00 ;TAXI-MINIBUS-AUTOBUS PANIZZA S.A.S. DI ZENDELI ILIR ;ER747KZ;9;GA900ER;17;ER506KZ;9;6410;PASSO TONALE                 ;6408;VERMIGLIO                    ;12/09/2022;09/06/2023;;;scolastica lu-ve;;;;;x;x;x;x;x;x;;;;;;;;;;;; 33,00 € ;;;;;20; 5.742,00 € ;;;1; -   € ; -   € ; -   ;;;;; -   ;15;20;21;15; 33,00 € ;;;;;;;;;;;; 495,00 € ; 660,00 € ; 693,00 € ; 495,00 € ;165;220;231;165
935;;920;646;655;15:22;16:23;Passo Tonale - Vermiglio - Fucine -Pellizzano - Mezzana -  Dimaro ;"scolastica 
da lunedì a venerdì";27,00;16; 174 ; 4.698,00 ;TAXI-MINIBUS-AUTOBUS PANIZZA S.A.S. DI ZENDELI ILIR ;ER747KZ;9;GA900ER;17;;;6410;PASSO TONALE                 ;  6340PT;DIMARO (Ponte)               ;12/09/2022;09/06/2023;;;scolastica lu-ve;;;;;x;x;x;x;x;x;;;;;;;;;;;; 130,35 € ;;;;;21; 22.680,90 € ;;;1; -   € ; -   € ; -   ;;;;; -   ;15;20;21;15; 130,35 € ;;;;;;;;;;;; 1.955,25 € ; 2.607,00 € ; 2.737,35 € ; 1.955,25 € ;405;540;567;405
936;;921;646;650;16:05;16:35;Cusiano - Passo Tonale;"scolastica 
da lunedì a giovedì";17,00;15; 137 ; 2.329,00 ;TAXI-MINIBUS-AUTOBUS PANIZZA S.A.S. DI ZENDELI ILIR ;GA903ER;17;GA900ER;17;;;6395;Cusiano                      ;6410;PASSO TONALE                 ;12/09/2022;09/06/2023;;;scolastica lu, ma, me, gio;;;;;x;x;x;x;x;;;;;;;;;;;;; 51,52 € ;;;;;22; 7.058,24 € ;;;1; -   € ; -   € ; -   ;;;;; -   ;12;16;17;12; 51,52 € ;;;;;;;;;;;; 618,24 € ; 824,32 € ; 875,84 € ; 618,24 € ;204;272;289;204
937;;922;646;319;17:35;17:57;"Vermiglio - Mezzana
(periodo NON di intensificazione: fino al 7/12 e dopo Pasqua circa)";"invernale
lunedì-sabato";11,50;16; 240 ; 2.760,00 ;VIAGGI CORNELIO DI FLESSATI NICOLA E C. S.N.C.;FF891CS;17;GH106PC;21;;;  6408NO;Vermiglio nord               ;  6380MT;Mezzana (staz FTM)           ;12/09/2022;07/12/2022;20/03/2023;23/06/2023;invernale feriale lu-sa (eccetto intensificazione linea 646);sì;x;;x;;x;x;x;x;x;x;;;;;;;;;;; 28,75 € ;;;;;; 6.900,00 € ;;;1; -   € ; -   € ; -   ;;;;; -   ;17;26;25;6; 28,75 € ;;;;;;;;;;;; 488,75 € ; 747,50 € ; 718,75 € ; 172,50 € ;195,5;299;287,5;69
938;;923;646;406;17:40;19:05;Ponte di Legno - Fucine - Malè;"scolastica 
da lunedì a venerdì";43,00;19; 174 ; 7.482,00 ;TONALE VIAGGI DI PANIZZA CLAUDIO ;FW832WP;24;FR853MY;56;EC937AD;20;46.25536943397489, 10.509713206468964;Ponte di Legno - P.le Cida ;6300;MALE'                        ;12/09/2022;09/06/2023;;;scolastica lu-ve;;;;;x;x;x;x;x;x;;;;;;;;;;;; 135,59 € ;;;;;; 23.592,66 € ;;;1; -   € ; -   € ; -   ;;;;; -   ;15;20;21;15; 135,59 € ;;;;;;;;;;;; 2.033,85 € ; 2.711,80 € ; 2.847,39 € ; 2.033,85 € ;645;860;903;645
939;frequenza corretta da capitolato;924;646;319;17:45;17:57;"Fucine - Mezzana
(periodo di intensificazione: dal 8/12 a Pasqua circa)";invernale lunedì-venerdì;6,00;16; 225 ; 1.350,00 ;VIAGGI CORNELIO DI FLESSATI NICOLA E C. S.N.C.;FF891CS;17;GH106PC;21;;;6401;FUCINE                       ;  6380MT;Mezzana (staz FTM)           ;08/12/2022;19/03/2023;;;invernale feriale lu-ve (in intensificazione linea 646);sì;x;;x;;x;x;x;x;x;;;;;;;;;;;; 28,75 € ;;;;;; 6.468,75 € ;;;1; -   € ; -   € ; -   ;;;;; -   ;0;0;0;15; 28,75 € ;;;;;;;;;;;; -   € ; -   € ; -   € ; 431,25 € ;0;0;0;90
940;;925;646;314;18:27;18:55;Vermiglio-Stavel-Vallon-Passo Tonale;"scolastica 
mart+merc+giov+ven";15,00;16; 141 ; 2.115,00 ;TAXI-MINIBUS-AUTOBUS PANIZZA S.A.S. DI ZENDELI ILIR ;ER747KZ;9;ER506KZ;9;;;  6408NO;Vermiglio nord               ;6410;PASSO TONALE                 ;12/09/2022;09/06/2023;;;scolastica ma, me, gio, ve;;;;;x;;x;x;x;x;;;;;;;;;;;; 45,00 € ;;;;;23; 6.345,00 € ;;;1; -   € ; -   € ; -   ;;;;; -   ;12;16;17;12; 45,00 € ;;;;;;;;;;;; 540,00 € ; 720,00 € ; 765,00 € ; 540,00 € ;180;240;255;180
941;;926;646;314;18:38;18:46;Fucine - Vermiglio;"invernale festivo 
no durante intensificazione: Ponte Immacolata-1° decade aprile)";7,00;8; 30 ; 210,00 ;TONALE VIAGGI DI PANIZZA CLAUDIO ;FW832WP;24;FR853MY;56;EC937AD;20;6401;FUCINE                       ;  6408NO;Vermiglio nord               ;12/09/2022;07/12/2022;20/03/2023;23/06/2023;invernale festivo (eccetto intensificazione linea 646);sì;x;;;;;;;;;;x;;;;;;;;;; 27,46 € ;;;;;; 823,80 € ;;;1; -   € ; -   € ; -   ;;;;; -   ;2;5;5;1; 27,46 € ;;;;;;;;;;;; 54,92 € ; 137,30 € ; 137,30 € ; 27,46 € ;14;35;35;7
942;;927;646;418;19:49;19:57;Fucine - Vermiglio;"invernale
lunedì-sabato";4,50;16; 240 ; 1.080,00 ;VIAGGI CORNELIO DI FLESSATI NICOLA E C. S.N.C.;FF891CS;17;GH106PC;21;;;6401;FUCINE                       ;  6408NO;Vermiglio nord               ;12/09/2022;23/06/2023;;;invernale feriale lu-sa;;x;;x;;x;x;x;x;x;x;;;;;;;;;;; 11,25 € ;;;;;; 2.700,00 € ;;;1; -   € ; -   € ; -   ;;;;; -   ;17;26;25;25; 11,25 € ;;;;;;;;;;;; 191,25 € ; 292,50 € ; 281,25 € ; 281,25 € ;76,5;117;112,5;112,5
943;;928;401;124;07:16;07:52;"Calceranica-Caldonazzo-Levico-Borgo
(C.sa bis sostitutiva treno)";"scolastica 
da lunedì a sabato";22,50;50; 208 ; 4.680,00 ;AUTONOLEGGI PEGORARO S.N.C. di PEGORARO LUCIANO & C.;FV847NS;57;FN678GD;57;;;4260Z936W929:Z944X952W941:Z944W626:Z944;Calceranica al Lago          ;4400;BORGO V.(C.Intermodale)      ;12/09/2022;09/06/2023;;;scolastica lu-sa;;;;;x;x;x;x;x;x;x;;;;;;;;;;; 182,50 € ;;;;;; 37.960,00 € ;;;2; -   € ; -   € ; -   ;;;;; -   ;17;25;25;18; 182,50 € ;;;;;;;;;;;; 3.102,50 € ; 4.562,50 € ; 4.562,50 € ; 3.285,00 € ;382,5;562,5;562,5;405
944;NUOVA PREV. N. 02/2022;extra;645;307;06:48;06:55;Loc. Roncio - Mezzana FTM;"scolastica 
da lunedì a sabato";2,80;8; 208 ; 582,40 ;VIAGGI CORNELIO DI FLESSATI NICOLA E C. S.N.C.;FL934HC;7;EN920NH;9;;;  6380RO;  Località Roncio               ;6380TM;MEZZANA FTM                  ;12/09/2022;09/06/2023;;;scolastica lu-sa;;;;;x;x;x;x;x;x;x;;;;;;;;;;;;; 22,73 € ;;;;;; 4.727,27 € ;1;;;;;;;;;17;25;25;18; 22,73 € ;;;;;;;;;;;; 386,36 € ; 568,18 € ; 568,18 € ; 409,09 € ;47,6;70;70;50,4
945;NUOVA PREV. N. 03/2022;extra;101;57;17:00;19:00;Pozza di Fassa - Trento Autost.;scolastica di venerdì a settimane alterne;92,00;19; 18 ; 1.656,00 ;DOLOMITI RENT A CAR S.N.C. DI ROMOR MARSHA & C.;FE926YK;21;FT217LV;24;;;1300IA;Pozza di Fassa-Istituto Arte  ;1;TRENTO Autostaz.              ;12/09/2022;09/06/2023;;;scolastica ve a settimane alterne;sì;;;;x;;;;;x;;;;;;;;;;;;;; 276,00 € ;;;;;; 4.968,00 € ;1;;;;;;;;;1;2;2;2; 276,00 € ;;;;;;;;;;;; 276,00 € ; 552,00 € ; 552,00 € ; 552,00 € ;92;184;184;184
946;NUOVA PREV. N. 03/2022;extra;101;57;17:00;19:00;Pozza di Fassa - Trento Autost.;scolastica di venerdì a settimane alterne;92,00;19; 18 ; 1.656,00 ;VIAGGI VALFASSA S.R.L.;FR797WP;21;FR796WP;23;FR320WN;16;1300IA;Pozza di Fassa-Istituto Arte  ;1;TRENTO Autostaz.              ;12/09/2022;09/06/2023;;;scolastica ve a settimane alterne;sì;;;;x;;;;;x;;;;;;;;;;;;;; 276,00 € ;;;;;; 4.968,00 € ;1;;;;;;;;;1;2;2;2; 276,00 € ;;;;;;;;;;;; 276,00 € ; 552,00 € ; 552,00 € ; 552,00 € ;92;184;184;184
947;NUOVA PREV. N. 03/2022;extra;101;50;18:18;20:18;Trento Autost. - Pozza di Fassa;festivi esclusi precedenti a vacanza scol a settimane alterne;92,00;19; 18 ; 1.656,00 ;DOLOMITI RENT A CAR S.N.C. DI ROMOR MARSHA & C.;FE926YK;21;FT217LV;24;;;1;TRENTO Autostaz.              ;1300UP;POZZA DI FASSA ;12/09/2022;09/06/2023;;;scolastica festiva a settimane alterne;sì;;;;x;;;;;;;x;;;;;;;;;;;; 276,00 € ;;;;;; 4.968,00 € ;1;;;;;;;;;1;2;2;2; 276,00 € ;;;;;;;;;;;; 276,00 € ; 552,00 € ; 552,00 € ; 552,00 € ;92;184;184;184
948;NUOVA PREV. N. 03/2022;extra;101;50;18:18;20:18;Trento Autost. - Pozza di Fassa;festivi esclusi precedenti a vacanza scol a settimane alterne;92,00;19; 18 ; 1.656,00 ;VIAGGI VALFASSA S.R.L.;FR797WP;21;FR796WP;23;FR320WN;16;1;TRENTO Autostaz.              ;1300UP;POZZA DI FASSA ;12/09/2022;09/06/2023;;;scolastica festiva a settimane alterne;sì;;;;x;;;;;;;x;;;;;;;;;;;; 276,00 € ;;;;;; 4.968,00 € ;1;;;;;;;;;1;2;3;1; 276,00 € ;;;;;;;;;;;; 276,00 € ; 552,00 € ; 828,00 € ; 276,00 € ;92;184;276;92
949;dal 12/09/2022 prolungamento corsa riga 773;extra;620;230;06:14;06:58;Lover - Dercolo prolungamento corsa Dercolo - Cles;"scolastica 
da lunedì a venerdì";3,60;19; 174 ; 626,40 ;FABIO VIAGGI SRL;FZ894BE;23;FZ901BE;21;;;6144;Lover                        ;6146;Dercolo (Bivio)              ;12/09/2022;09/06/2023;;;scolastica lu-ve;;;;;x;x;x;x;x;x;;;;;;;;;;;;;; 10,80 € ;;;;;; 1.879,20 € ;1;;;;;;;;;0;0;56;15; 10,80 € ;;;;;;;;;;;; -   € ; -   € ; 604,80 € ; 162,00 € ;0;0;201,6;54
950;dal 12/09/2022 al 30/09/2022;extra;211;8;06:28;06:50;Prolungamento Fiavè loc. Curè - Favrio-Cornelle-Fiavè;"scolastica 
da lunedì a venerdì";1,3;20; 15 ; 19,50 ;FRUNER VIAGGI IN EUROPA DI FRUNER TATIANA E SIMONE FRUNER SAS;FW720WP;23;FW184AM;9;;;  2185CU;Fiave' Curè                  ;  2185CN;Cornelle                     ;12/09/2022;30/09/2022;;;scolastica lu-ve;;;;;x;x;x;x;x;x;;;;;;;;;;;;;; 3,90 € ;;;;;; 58,50 € ;1;;;;;;;;;15;0;0;0; 3,90 € ;;;;;;;;;;;; 58,50 € ; -   € ; -   € ; -   € ;19,5;0;0;0
951;dal 12/09/2022 inserimento loc. Rocca come all'andata;extra;336;794;14:10;14:30;Ala F.S. - Ronchi di Ala prolungamento per fermata loc. Rocca;"scolastica 
da lunedì a sabato";1,80;8; 208 ; 374,40 ;PEDRINOLLA FABRIZIO;FT944AZ;9;GA991ZZ;9;FW865WP;9;  3346FS;ALA (Staz. FS)               ;  3337PO;Ponzolotti                   ;12/09/2022;09/06/2023;;;scolastica lu-sa;;;;;x;x;x;x;x;x;x;;;;;;;;;;;;; 5,40 € ;;;;;; 1.123,20 € ;1;;;;;;;;;17;25;25;18; 5,40 € ;;;;;;;;;;;; 91,80 € ; 135,00 € ; 135,00 € ; 97,20 € ;30,6;45;45;32,4
952;dal 12/09/2022 partenza da Storo SP69;extra;215;127;06:51;07:00;Prolungamento Storo Sp.69 (km 2) - Ca' Rossa;"scolastica 
da lunedì a venerdì";3,2;50; 174 ; 556,80 ;AUTONOLEGGI FILIPPI S.R.L. UNIPERSONALE;FF887CS;57;FT942AZ (Tn Service);60;GK228BZ (TN Service);57;2313RR;SP 69;  2313RR;Ca' Rossa;12/09/2022;09/06/2023;;;scolastica lu-ve;;;;;x;x;x;x;x;x;;;;;;;;;;;;;; 9,60 € ;;;;;; 1.670,40 € ;2;;;;;;;;;15;20;21;15; 9,60 € ;;;;;;;;;;;; 144,00 € ; 192,00 € ; 201,60 € ; 144,00 € ;48;64;67,2;48
953;dal 26/09/2022 era solo mar+mer;extra;102;145;14:11;14:28;Capriana-Grauno;Scolastica lun+gio+ven;8,00;9; 97 ; 776,00 ;AUTONOLEGGIO DI GUADAGNINI FERDINANDO E ZAMPIERI DAVID S.N.C.;ER906KZ;9;FY974HP;9;;;1084;CAPRIANA;1082;  GRAUNO                        ;26/09/2022;09/06/2023;;;scolastica lu, gio, ve;;;;;x;x;;;x;x;;;;;;;;;;;;;; 45,00 € ;;;;;; 4.365,00 € ;1;;;;;;;;;3;12;12;9; 45,00 € ;;;;;;;;;;;; 135,00 € ; 540,00 € ; 540,00 € ; 405,00 € ;24;96;96;72
954;dal 27/09/2022 prolungamento sostituito il 02/11;extra;625;581;07:09;07:12;Tres (Predaia)-via Predaia inc. v. Tavana;"scolastica 
da lunedì a venerdì";1,00;36; 35 ; 35,00 ;Taxi Viaggi Valentinelli concluso;EX903HC;43;FN391MX;54;DT209DB;55;  6191TA;Tres Via Predaia inc. V.Tavana;  6191TA;Tres Via Predaia inc. V.Tavana;27/09/2022;31/10/2022;;;scolastica lu-ve;;;;;x;x;x;x;x;x;;;;;;;;;;;;;; 3,00 € ;;;;;; 105,00 € ;2;;;;;;;;;4;20;0;0; 3,00 € ;;;;;;;;;;;; 12,00 € ; 60,00 € ; -   € ;;4;20;0;
955;dal 02/11/2022 prolungamento;extra;625;581;07:09;07:12;Tres (Predaia)-via Predaia inc. v. Tavana;"scolastica 
da lunedì a venerdì";1,50;36; 174 ; 261,00 ;TAXI VIAGGI VALENTINELLI DI VALENTINELLI GIORGIO & C. SNC;EX903HC;43;FN391MX;54;DT209DB;55;  6191TA;Tres Via Predaia inc. V.Tavana;  6191TA;Tres Via Predaia inc. V.Tavana;02/11/2022;09/06/2023;;;scolastica lu-ve;;;;;x;x;x;x;x;x;;;;;;;;;;;;;; 4,50 € ;;;;;; 783,00 € ;2;;;;;;;;;0;0;21;15; 4,50 € ;;;;;;;;;;;; -   € ; -   € ; 94,50 € ; 67,50 € ;0;0;31,5;22,5
956;dal 28/09/2022 era solo lu+ma+gio;extra;210;458;16:30;16:59;Ponte Arche - Cavrasto - Bivedo;scolastica mercoledì;11,00;44; 34 ; 374,00 ;TRENTINOBUS SRL;GC420NL;29;FG405XM;29;GG015PN;25;2180;PONTE ARCHE (Autost.)        ;2208;BIVEDO                       ;28/09/2022;09/06/2023;;;scolastica me;;;;;x;;;x;;;;;;;;;;;;;;;; 33,00 € ;;;;;; 1.122,00 € ;2;;;;;;;;;1;4;5;3; 33,00 € ;;;;;;;;;;;; 33,00 € ; 132,00 € ; 165,00 € ; 99,00 € ;11;44;55;33
957;dal 03/10/2022 prolungamento;extra;102;185;15:50;17:21;Verla bivio - Ville di Giovo - Verla deviazione Tesero - Palù;"scolastica 
da lunedì a giovedì";3,50;41; 125 ; 437,50 ;MONAUNI CARLO S.N.C. DI MONAUNI GERARDO E C. ;EX037JY;46;FE091HG;47;;;1072BV;Verla (Bivio)                 ;1072BV;Verla (Bivio)                 ;03/10/2022;09/06/2023;;;scolastica lu, ma, me, gio;;;;;x;x;x;x;x;;;;;;;;;;;;;;; 10,50 € ;;;;;; 1.312,50 € ;2;;;;;;;;;0;16;17;12; 10,50 € ;;;;;;;;;;;; -   € ; 168,00 € ; 178,50 € ; 126,00 € ;0;56;59,5;42
958;dal 11/10/2022 nuova;extra;645;682;13:18;14:00;Cles-Mezzana-Fucine;scolastica di martedì e giovedì;31,50;54; 54 ; 1.701,00 ;"BIANCANEVE VIAGGI DI
 DALLATORRE MARCO";FP633ED;21;FM515LT;31;GC951CS;57;  6220MS;Cles - Negozio Mascotti      ;6401;FUCINE ;11/10/2022;09/06/2023;;;scolastica ma, gio;;;;;x;;x;;x;;;;;;;;;;;;;;; 94,50 € ;;;;;; 5.103,00 € ;;;;;;;;;;0;6;8;6; 94,50 € ;;;;;;;;;;;; -   € ; 567,00 € ; 756,00 € ; 567,00 € ;0;189;252;189
959;dal 12/10/2022 prolungamento;extra;101;656;07:03;07:10;Solaiolo Alto - Solaiolo;"scolastica 
da lunedì a sabato";2,10;15; 182 ; 382,20 ;DMG;FE259HG;17;FG962XM (Giacomelli);24;FZ863BE (Giacomelli);9;;Solaiolo Alto;  1059SO;Solaiolo Basso               ;12/10/2022;09/06/2023;;;scolastica lu-sa;;;;;x;x;x;x;x;x;x;;;;;;;;;;;;; 6,30 € ;;;;;; 1.146,60 € ;1;;;;;;;;;0;16;25;18; 6,30 € ;;;;;;;;;;;; -   € ; 100,80 € ; 157,50 € ; 113,40 € ;0;33,6;52,5;37,8
960;deviazione Bastianelli;extra;615;524;13:53;14:15;Denno FTM-Moncovo-Truzzi bivio-Toss-Raut;scolastica lu, me, ve;6,00;19; 10 ; 60,00 ;Oscar Viaggi conclusa;GC466NL;24;GJ181FP;21;;;  6150TM;Denno  FTM                  ;  6126RA;Raut                         ;17/11/2022;09/12/2022;;;scolastica lu, me, ve;;;;;;;;;;;;;;;;;;;;;;;;;;;;;;;;;;;;;;;;;;6;4; 18,00 € ;;;;;;;;;;;;;; 108,00 € ; 72,00 € ;;;36;24
961;deviazione Bastianelli;extra;615;524;13:53;14:10;Denno FTM-Moncovo-Truzzi bivio-Toss;scolastica ma, gio;8,60;19; 6 ; 51,60 ;Oscar Viaggi conclusa;GC466NL;24;GJ181FP;21;;;  6150TM;Denno  FTM                  ;6127;TOSS                         ;17/11/2022;09/12/2022;;;scolastica ma, gio;;;;;;;;;;;;;;;;;;;;;;;;;;;;;;;;;;;;;;;;;;4;2; 25,80 € ;;;;;;;;;;;;;; 103,20 € ; 51,60 € ;;;34,4;17,2
962;deviazione Bastianelli;extra;615;522;17:10;17:30;Mezzolombardo-Toss;"scolastica 
da lunedì a venerdì";7,70;19; 16 ; 123,20 ;Oscar Viaggi conclusa;GC466NL;24;FV001FA (Vito Viaggi) ;24;;;6120;  MEZZOLOMBARDO                ;6127;TOSS                         ;17/11/2022;09/12/2022;;;scolastica lu-ve;;;;;;;;;;;;;;;;;;;;;;;;;;;;;;;;;;;;;;;;;;10;6; 23,10 € ;;;;;;;;;;;;;; 231,00 € ; 138,60 € ;;;77;46,2
963;deviazione Bastianelli;extra;615;520;18:05;18:51;Mezzolombardo-Toss-Mezzolombardo;"invernale
lunedì-sabato";5,20;19; 19 ; 98,80 ;Oscar Viaggi conclusa;GC466NL;24;GK082FC;42;;;6120;  MEZZOLOMBARDO                ;6120;  MEZZOLOMBARDO                ;17/11/2022;09/12/2022;;;invernale feriale lu-sa;;;;;;;;;;;;;;;;;;;;;;;;;;;;;;;;;;;;;;;;;;12;7; 15,60 € ;;;;;;;;;;;;;; 187,20 € ; 109,20 € ;;;62,4;36,4
964;dal 21/11/2022 nuova;extra;634;548;13:58;14:38;Cles - Lanza di Rumo;"scolastica 
da lunedì a venerdì";20,00;19; 144 ; 2.880,00 ;ALPINABUS DI MARTINTONI MAURO;FP041BC;21;GA014HT;18;EJ947ZA;17;6220;CLES (Autostaz.);6755;LANZA DI RUMO;21/11/2022;09/06/2023;;;scolastica lu-ve;;;;;x;x;x;x;x;x;;;;;;;;;;;;;; 60,00 € ;;;;;; 8.640,00 € ;1;;;;;;;;;0;0;8;15; 60,00 € ;;;;;;;;;;;; -   € ; -   € ; 480,00 € ; 900,00 € ;0;0;160;300
965;dal 30/11/2022 nuova;extra;205;368;17:15;17:32;Sarche-Lago Cavedine Trebi;invernale lunedì-venerdì;9,00;19; 143 ; 1.287,00 ;SARCATOUR s.r.l.;FL596HC;17;FN308MX;37;;;2120;SARCHE (Cassa Rurale)        ;  2058TB;Lago di Cavedine (Trebi)     ;30/11/2022;23/06/2023;;;invernale feriale lu-ve;;x;;x;;x;x;x;x;x;;;;;;;;;;;;;; 27,00 € ;;;;;; 3.861,00 € ;1;;;;;;;;;0;0;1;20; 27,00 € ;;;;;;;;;;;; -   € ; -   € ; 27,00 € ; 540,00 € ;0;0;9;180
966;dal 30/11/2022 nuova;extra;205;366;16:52;16:57;Sarche-Pergolese;scolastica;4,00;19; 120 ; 480,00 ;SARCATOUR s.r.l.;FL596HC;17;FN308MX;37;;;2120;SARCHE (Cassa Rurale)        ;2122;Pergolese;30/11/2022;09/06/2023;;;scolastica lu-sa;;;;;x;x;x;x;x;x;x;;;;;;;;;;;;; 12,00 € ;;;;;; 1.440,00 € ;1;;;;;;;;;0;0;1;18; 12,00 € ;;;;;;;;;;;; -   € ; -   € ; 12,00 € ; 216,00 € ;0;0;4;72
967;dal 28/11/2022 nuova;extra;102-103;645;07:42;08:15;Cembra-Sevignano-Civezzano sc. Media;"scolastica 
da lunedì a venerdì";22,00;24; 139 ; 3.058,00 ;BAZZAVAN S.A.S. DI BAZZANELLA ANDREA;GG058PN;23;GC917HM;22;;;1078;CEMBRA;1100OX;Civezzano Scuola Media;28/11/2022;09/06/2023;;;scolastica lu-ve;;;;;x;x;x;x;x;x;;;;;;;;;;;;;; 66,00 € ;;;;;; 9.174,00 € ;1;;;;;;;;;0;0;3;15; 66,00 € ;;;;;;;;;;;; -   € ; -   € ; 198,00 € ; 990,00 € ;0;0;66;330
968;dal 28/11/2022 nuova;extra;646;406;16:00;16:46;Ponte di Legno - Vermiglio;scolastica il lunedì;22,00;19; 23 ; 506,00 ;TONALE VIAGGI DI PANIZZA CLAUDIO ;FW832WP;24;FR853MY;56;EC937AD;20;46.25536943397489, 10.509713206468964;Ponte di Legno - P.le Cida ;6408NO;Vermiglio nord;28/11/2022;09/06/2023;;;scolastica lu;;;;;x;x;;;;;;;;;;;;;;;;;; 66,00 € ;;;;;; 1.518,00 € ;1;;;;;;;;;0;0;1;3; 66,00 € ;;;;;;;;;;;; -   € ; -   € ; 66,00 € ; 198,00 € ;0;0;22;66
969;dal 29/11/2022 nuova;extra;644;660;18:20;18:36;Claiano bv-Ortisè-Menas;scolastica il martedì;6,50;9; 23 ; 149,50 ;TAXI-MINIBUS-AUTOBUS PANIZZA S.A.S. DI ZENDELI ILIR ;GA903ER;17;GA900ER;17;;;6387;Claiano Bivio                ;6391;MENAS                        ;29/11/2022;09/06/2023;;;scolastica ma;;;;;x;;x;;;;;;;;;;;;;;;;; 19,50 € ;;;;;; 448,50 € ;1;;;;;;;;;0;0;1;3; 19,50 € ;;;;;;;;;;;; -   € ; -   € ; 19,50 € ; 58,50 € ;0;0;6,5;19,5
970;dal 30/11/2022 nuova;extra;103;203;14:30;14:48;Stramentizzo bv - Sover;scolastica martedì e mercoledì;12,50;19; 48 ; 600,00 ;BAZZAVAN S.A.S. DI BAZZANELLA ANDREA;GC917HM;22;GG058PN;23;;;1087FL;Stramentizzo (Bivio);1122;SOVER;30/11/2022;09/06/2023;;;scolastica ma, me;;;;;x;;x;x;;;;;;;;;;;;;;;; 37,50 € ;;;;;; 1.800,00 € ;1;;;;;;;;;0;0;1;6; 37,50 € ;;;;;;;;;;;; -   € ; -   € ; 37,50 € ; 225,00 € ;0;0;12,5;75
971;sostituisce corsa 401 linea 334 da Avio;extra;334;401;16:37;16:46;Vò Sinistro - Ala Fs;"scolastica 
 sabato";4;19; 34 ; 136,00 ;PEDRINOLLA GRAZIANO s.r.l.;FV978FS;22;FN191MX;29;FH120DD;21;  3350VB;AVIO (Via M.Baldo)           ;  3346FS;ALA (Staz. FS)               ;05/11/2022;09/06/2023;;;scolastica sab;;;;;x;;;;;;x;;;;;;;;;;;;;;PEDRINOLLA GRAZIANO s.r.l. 2;;35; -   € ;;;1;;;;;;;; -   ;;;4;3; -   € ;;;;;;;;;;;; -   € ; -   € ; -   € ; -   € ;0;0;16;12
972;sostituisce corsa 131 linea 102;extra;611;757;07:15;07:40;Santel - Mezzolombardo;"scolastica 
da lunedì a venerdì";13,50;55; 174 ; 2.349,00 ;ATP SRLS;GJ968MK;57;GE453VX (Nice srl);57;FE205HG (ditta Fersina);57;6136;Santel (S.p. 64);6120;  MEZZOLOMBARDO                ;02/11/2022;09/06/2023;;;scolastica lu-ve;;;;;x;x;x;x;x;x;;;;;;;;;;;; 153,79 € ;;;;;; 26.759,46 € ;;;2; -   € ; -   € ; -   ;;;; -   € ; -   ;;;21;15; 153,79 € ;;;;;;;;;;;; -   € ; -   € ; 3.229,59 € ; 2.306,85 € ;0;0;283,5;202,5
973;dal 19/01/2023 nuova;extra;332;223;07:52;08:51;Arco - Rovereto;"scolastica 
da lunedì a venerdì";27,00;50; 40 ; 1.080,00 ;SARCATOUR s.r.l.;FW821WP;55;FE629SK;54;FA895BD;57;3520;ARCO  Autostaz.;3100VP;ROVERETO Via Paoli            ;19/01/2023;19/03/2023;;;scolastica lu-ve;;;;;x;x;x;x;x;x;;;;;;;;;;;;;; 81,00 € ;;;;;;;;;;;;;;;;;;;;;;;;;;;;;;;;;;;;0;0;;
974;dal 19/01/2023 nuova;extra;301;241;08:54;09:42;Rovereto - Trento;"scolastica 
da lunedì a venerdì";27,00;50; 40 ; 1.080,00 ;SARCATOUR s.r.l.;FW821WP;55;FE629SK;54;FA895BD;57;3100VP;ROVERETO Via Paoli            ;1;TRENTO Autostaz.              ;19/01/2023;19/03/2023;;;scolastica lu-ve;;;;;x;x;x;x;x;x;;;;;;;;;;;;;; 81,00 € ;;;;;;;;;;;;;;;;;;;;;;;;;;;;;;;;;;;;;;;
975;dal 19/01/2023 nuova;extra;205;188;10:15;11:38;Trento - Riva del Garda;"scolastica 
da lunedì a venerdì";43,00;50; 40 ; 1.720,00 ;SARCATOUR s.r.l.;FW821WP;55;FE629SK;54;FA895BD;57;1;TRENTO Autostaz.              ;960;RIVA DEL G. Autostaz.         ;19/01/2023;19/03/2023;;;scolastica lu-ve;;;;;x;x;x;x;x;x;;;;;;;;;;;;;; 129,00 € ;;;;;;;;;;;;;;;;;;;;;;;;;;;;;;;;;;;;;;;
976;sostituita dal 02/11/2022 riga 111;cap;102;131;06:51;07:30;Lisignago - Trento (corsa bis) storno km corsa sostituita;"scolastica 
da lunedì a venerdì";-21,00;55; 139 ;-2.919,00 ;Nice srl sostituita ;;;;;;;;;;;02/11/2022;09/06/2023;;;scolastica lu-ve;;;;;;;;;;;;;;;;;;;;;;;;;;;;;;;;;;;;;;;;0;0;21;15;;;;;;;;;;;;;;;;;0;0;-441;-315
977;eliminata dal 02/11/2022 riga 337;cap;205;171;16:00;16:46;Riva-Sarche (c.sa bis);"scolastica 
da lunedì a venerdì";-23,00;50; 139 ;-3.197,00 ;Sarcatour srl eliminata ;;;;;;;;;;;02/11/2022;09/06/2023;;;scolastica lu-ve;;;;;;;;;;;;;;;;;;;;;;;;;;;;;;;;;;;;;;;;0;0;21;15;;;;;;;;;;;;;;;;;0;0;-483;-345
978;sostituita dal 05/11/2022 riga 645;cap;334;401;16:30;16:46;Avio - Ala Fs storno km corsa sostituita;"scolastica 
 sabato";-10;19; 27 ;-270,00 ;Pedrinolla Graziano srl sostituita ;;;;;;;;;;;05/11/2022;09/06/2023;;;scolastica sab;;;;;;;;;;;;;;;;;;;;;;;;;;;;;;;;;;;;;;;;0;0;4;3;;;;;;;;;;;;;;;;;0;0;-40;-30
979;eliminata dal 14/11/2022 riga 417;cap;214;582;06:50;07:38;Tiarno Off.Mariani-Bezzecca-Riva del Garda;"Scolastica
solo lunedì";-24,00;50; 26 ;-624,00 ;Sarcatour srl eliminata ;;;;;;;;;;;14/11/2022;09/06/2023;;;scolastica lu;;;;;;;;;;;;;;;;;;;;;;;;;;;;;;;;;;;;;;;;0;0;3;3;;;;;;;;;;;;;;;;;0;0;-72;-72
980;eliminata dal 30/11/2022 riga 339;cap;205;366;16:52;17:09;Sarche-Lago Cavedine Trebi;invernale lunedì-sabato;-9,00;19; 197 ;-1.773,00 ;Sarcatour srl eliminata ;;;;;;;;;;;30/11/2022;09/06/2023;;;scolastica lu-sa;;;;;;;;;;;;;;;;;;;;;;;;;;;;;;;;;;;;;;;;0;0;0;25;;;;;;;;;;;;;;;;;0;0;0;-225
981;;;;;;;;;;;;;;;;;;;;;;;;;;;;;;;;;;;;;;;;;;;;;;;;;;;;;;;;;;;;;;;;;;;;;;;;;;;;;;;;;;;;;;;;;;;
