Nr_Riga;Note;n¯ righe capitolato: 928;Linea;"n.
corsa";ora part.;ora arr.;percorso;frequenza ;Km  corsa/servizio;Posti autobus;nr. gg;Tot km;DITTA;MEZZO TITOLARE;posti mezzo titolare;MEZZO DI RISERVA 1;posti mezzo di riserva 1;MEZZO DI RISERVA 2 ;posti mezzo di riserva 2;Cod. Fermata Partenza;FERMATA PARTENZA;Cod. Fermata Arrivo;FERMATA ARRIVO;data inizio;data fine;data inizio 1;data fine 1;frequenza;inverno;estate;fer;scol;lun;mart;merc;giov;ven;sab;fest;postfest;no postfest;prefest;non scol lun;non scol mart;non scol merc;non scol giov;non scol ven;non scol sab;; COSTO COMPLETO PER PROGRAMMA LINEE 
1;;1;091;492;12:35;13:40;Trento-Laives;"feriale
sabato";50,00;50; 50 ; 2.500,00 ;SRT S.R.L.;GJ981MK;55+30;FH962KW (MDL);54;FL557HC (MDL);53;  0001FS;TRENTO (Stazione FS)         ;  1169SB;Laives - Stabilimento Seeber ;;;;;annuale feriale sab;x;x;x;;;;;;;x;;;;;;;;;;;; ? 150,00 
2;;2;091;492;12:35;13:40;Trento-Laives;"feriale 
da lunedç a venerdç";50;50; 245 ; 12.250,00 ;SRT S.R.L.;GJ981MK;55+30;FH962KW (MDL);54;FL557HC (MDL);53;  0001FS;TRENTO (Stazione FS)         ;  1169SB;Laives - Stabilimento Seeber ;;;;;annuale feriale lu-ve;x;x;x;;x;x;x;x;x;;;;;;;;;;;;; ? 100,00 
3;;3;091;493;14:15;15:15;Laives-Trento;"feriale
sabato";50,00;50; 50 ; 2.500,00 ;SRT S.R.L.;GJ981MK;55+30;FH962KW (MDL);54;FL557HC (MDL);53;  1169SB;#REF!;  0001FS;TRENTO (Stazione FS)         ;;;;;annuale feriale sab;x;x;x;;;;;;;x;;;;;;;;;;;; ? 150,00 
4;;4;091;493;14:15;15:15;Laives-Trento;"feriale 
da lunedç a venerdç";50;50; 245 ; 12.250,00 ;SRT S.R.L.;GJ981MK;55+30;FH962KW (MDL);54;FL557HC (MDL);53;  1169SB;Laives - Stabilimento Seeber ;  0001FS;TRENTO (Stazione FS)         ;;;;;annuale feriale lu-ve;x;x;x;;x;x;x;x;x;;;;;;;;;;;;; ? 100,00 
5;;5;091;494;20:45;21:45;Trento-Laives;"feriale 
da lunedç a venerdç";50;50; 245 ; 12.250,00 ;SRT S.R.L.;GJ981MK;55+30;FH962KW (MDL);54;FL557HC (MDL);53;  0001FS;TRENTO (Stazione FS)         ;  1169SB;Laives - Stabilimento Seeber ;;;;;annuale feriale lu-ve;x;x;x;;x;x;x;x;x;;;;;;;;;;;;; ? 100,00 
6;;6;091;495;22:10;23:10;Laives-Trento;"feriale
sabato";50,00;50; 50 ; 2.500,00 ;SRT S.R.L.;GJ981MK;55+30;FH962KW (MDL);54;FL557HC (MDL);53;  1169SB;Laives - Stabilimento Seeber ;  0001FS;TRENTO (Stazione FS)         ;;;;;annuale feriale sab;x;x;x;;;;;;;x;;;;;;;;;;;; ? 150,00 
7;;7;091;495;22:10;23:10;Laives-Trento;"feriale 
da lunedç a venerdç";50;50; 245 ; 12.250,00 ;SRT S.R.L.;GJ981MK;55+30;FH962KW (MDL);54;FL557HC (MDL);53;  1169SB;55+30;  0001FS;TRENTO (Stazione FS)         ;;;;;annuale feriale lu-ve;x;x;x;;x;x;x;x;x;;;;;;;;;;;;; ? 100,00 
8;;8;102;146;13:16;13:56;Trento (via Giusti e giro scuole) - Verla (bis);"scolastica 
da lunedç a venerdç";19,00;55; 174 ; 3.306,00 ;NICE srl;GE453VX;57;GG008PL;50;FA989GW (Perini) / GL689HS (Atp);48/57;  0001VG;Trento(Via Giusti)           ;1072;VERLA                        ;;;;;scolastica lu-ve;;;;x;x;x;x;x;x;;;;;;;;;;;;; ? 57,00 
9;;9;103;110;12:20;14:12;Trento-Sover-Cavalese;"festiva 
invernale";62,00;40; 45 ; 2.790,00 ;PERINI FRANCO ;FA989GW;48;FF182VP;45;FL781HC;56;1;TRENTO   (Autostaz.)         ;1070;CAVALESE  (Autostaz.)        ;;;;;invernale festiva;x;;;;;;;;;;x;;;;;;;;;;; ? 186,00 
10;;10;103;110;12:20;14:12;Trento-Sover-Cavalese;"festiva 
estiva";62;30; 13 ; 806,00 ;PERINI FRANCO ;FA989GW;48;FF182VP;45;FL781HC;56;1;524859,14;1070;CAVALESE  (Autostaz.)        ;;;;;estiva festiva;;x;;;;;;;;;x;;;;;;;;;;; ? 175,00 
11;;11;103;118;16:40;17:30;Trento - Fornace - Albiano;"scolastica 
da lunedç a giovedç";27,00;55; 137 ; 3.699,00 ;SRT S.R.L.;GJ981MK;55+30;FA989GW (Perini);48;FF182VP (Perini);45;1;TRENTO   (Autostaz.)         ;1113;ALBIANO                      ;;;;;scolastica lu, ma, me, gio;;;;x;x;x;x;x;;;;;;;;;;;;;; ? 81,00 
12;;12;103;119;17:00;18:52;Cavalese-Trento;"festiva 
invernale";62,00;40; 45 ; 2.790,00 ;PERINI FRANCO ;FA989GW;48;FF182VP;45;FL781HC;56;1070;CAVALESE  (Autostaz.)        ;1;TRENTO (Autostaz.)         ;;;;;invernale festiva;x;;;;;;;;;;x;;;;;;;;;;; ? 186,00 
13;;13;103;119;17:00;18:56;Cavalese-Trento;"festiva 
estiva";62;30; 13 ; 806,00 ;PERINI FRANCO ;FA989GW;48;FF182VP;45;FL781HC;56;1070;CAVALESE  (Autostaz.)        ;1;TRENTO (Autostaz.)         ;;;;;estiva festiva;;x;;;;;;;;;x;;;;;;;;;;; ? 175,00 
14;;14;103;124;18:35;20:00;Trento-Fornace-Sover ;"feriale
sabato";48;50; 50 ; 2.400,00 ;ATP SRLS;GL689HS;57;GE453VX (Nice srl);57;FE205HG (Fersina Tour) / FY999HP (Fersina Tour);57;1;TRENTO   (Autostaz.)         ;1122;SOVER                        ;;;;;annuale feriale sab;x;x;x;;;;;;;x;;;;;;;;;;;; ? 114,40 
15;;15;103;124;18:35;19:50;Trento-Sover ;"feriale 
da lunedç a venerdç";44;50; 252 ; 11.088,00 ;ATP SRLS;GL689HS;57;GG008PL (Nice srl);50;FE205HG (Fersina Tour) / FY999HP (Fersina Tour);57;1;TRENTO   (Autostaz.)         ;1122;SOVER                        ;;;;;annuale feriale lu-ve;x;x;x;;x;x;x;x;x;;;;;;;;;;;;; ? 114,40 
16;;16;107;570;17:05;17:26;Mezzolombardo-Roverä della Luna;"scolastica 
da lunedç a sabato";15;30; 208 ; 3.120,00 ;ATP SRLS;GL689HS;57;GE453VX (Nice srl);57;FR777WP (Fersina Tour);57+18 in piedi;6120;  MEZZOLOMBARDO                ;  6113AD;Rovere' (Trentinalatte)      ;;;;;scolastica lu-sa;;;;x;x;x;x;x;x;x;;;;;;;;;;;; ? 82,50 
17;;17;107;571;17:26;17:46;Roverä della Luna-Mezzolombardo;"scolastica 
da lunedç a sabato";15;30; 208 ; 3.120,00 ;ATP SRLS;GL689HS;57;GG008PL (Nice srl);50;FR777WP (Fersina Tour);57+18 in piedi;  6113AD;Rovere' (Trentinalatte)      ;6120;  MEZZOLOMBARDO                ;;;;;scolastica lu-sa;;;;x;x;x;x;x;x;x;;;;;;;;;;;; ? 82,50 
18;;18;120;178;14:53;15:03;Cavalese-Ospedale-Cavalese;"festiva 
invernale";4,00;40; 45 ; 180,00 ;PERINI FRANCO ;FA989GW;48;FF182VP;45;FL781HC;56;  1070OS;Cavalese (Ospedale)          ;1070;CAVALESE  (Autostaz.)        ;;;;;invernale festiva;x;;;;;;;;;;x;;;;;;;;;;; ? 12,00 
19;;19;120;50/55;15:53;16:03;Cavalese-Ospedale-Cavalese;"festiva 
estiva";4,00;19; 13 ; 52,00 ;PERINI FRANCO ;FA989GW;48;FF182VP;45;FL781HC;56;1070;CAVALESE  (Autostaz.)        ;  1070OS;Cavalese (Ospedale)          ;;;;;estiva festiva;;x;;;;;;;;;x;;;;;;;;;;; ? 18,00 
20;;20;120;90;15:53;16:03;Cavalese-Ospedale-Cavalese;"festiva 
invernale";4,00;40; 45 ; 180,00 ;PERINI FRANCO ;FA989GW;48;FF182VP;45;FL781HC;56;1070;CAVALESE  (Autostaz.)        ;  1070OS;Cavalese (Ospedale)          ;;;;;invernale festiva;x;;;;;;;;;;x;;;;;;;;;;; ? 12,00 
21;corsa soppressa il 11/09/2022;21;123;172;08:50;09:38;Moena - Falcade;"Estiva
lunedç-sabato";22,00;50; 67 ; 1.474,00 ;DESILVESTRO TAXI E VIAGGI SRL;FN362MX;43;"FZ047KX GC807JF
";23+20;;;  1250AT;Moena (Albergo Trentino)     ;1255;FALCADE                      ;;11/09/2022;;;estiva feriale lu-sa;;x;x;;x;x;x;x;x;x;;;;;;;;;;;;
22;corsa soppressa il 11/09/2022;22;123;172;08:50;09:27;Moena-Passo S.Pellegrino-Falcade;"festiva 
estiva";22,00;50; 13 ; 286,00 ;DESILVESTRO TAXI E VIAGGI SRL;FN362MX;43;"FZ047KX GC807JF
";23+20;;;  1250AT;Moena (Albergo Trentino)     ;1255;FALCADE                      ;;11/09/2022;;;estiva festiva;;x;;;;;;;;;x;;;;;;;;;;;
23;corsa soppressa il 11/09/2022;23;123;173;09:37;10:14;Falcade - Moena;estiva feriale;22,00;50; 67 ; 1.474,00 ;DESILVESTRO TAXI E VIAGGI SRL;FN362MX;43;"FZ047KX GC807JF
";23+20;;;1255;FALCADE                      ;  1250AT;Moena (Albergo Trentino)     ;;11/09/2022;;;estiva feriale lu-sa;;x;x;;x;x;x;x;x;x;;;;;;;;;;;;
24;corsa soppressa il 11/09/2022;24;123;173;09:37;10:14;Falcade-Passo S. Pellegrino-Moena;"festiva 
estiva";22,00;50; 13 ; 286,00 ;DESILVESTRO TAXI E VIAGGI SRL;FN362MX;43;"FZ047KX GC807JF
";23+20;;;1255;FALCADE                      ;  1250AT;Moena (Albergo Trentino)     ;;11/09/2022;;;estiva festiva;;x;;;;;;;;;x;;;;;;;;;;;
25;;25;123;174;10:20;10:43;Moena - S.Pellegrino;estiva feriale;12,00;50; 67 ; 804,00 ;DESILVESTRO TAXI E VIAGGI SRL;FJ845YE;56;"FZ047KX GC807JF
";23+20;GK008EV;57;  1250AT;Moena (Albergo Trentino)     ;  1253CM;  P.S.PELLEGRINO (FUN.)        ;;;;;estiva feriale lu-sa;;x;x;;x;x;x;x;x;x;;;;;;;;;;;; ? 36,00 
26;;26;123;174;10:20;10:43;Moena - S.Pellegrino;estiva festiva;12,00;50; 13 ; 156,00 ;DESILVESTRO TAXI E VIAGGI SRL;FJ845YE;56;"FZ047KX GC807JF
";23+20;GK008EV;57;  1250AT;Moena (Albergo Trentino)     ;  1253CM;  P.S.PELLEGRINO (FUN.)        ;;;;;estiva festiva;;x;;;;;;;;;x;;;;;;;;;;; ? 36,00 
27;frequenza corretta da capitolato;27;123;175;10:46;11:09;S. Pellegrino - Moena;estiva feriale;12,00;50; 67 ; 804,00 ;DESILVESTRO TAXI E VIAGGI SRL;FJ845YE;56;"FZ047KX GC807JF
";23+20;GK008EV;57;  1253CM;P.S.PELLEGRINO (FUN.)        ;  1250AT;Moena (Albergo Trentino)     ;;;;;estiva feriale lu-sa;;x;x;;x;x;x;x;x;x;;;;;;;;;;;; ? 36,00 
28;;28;123;175;10:46;11:09;S. Pellegrino - Moena;estiva festiva;12,00;50; 13 ; 156,00 ;DESILVESTRO TAXI E VIAGGI SRL;FJ845YE;56;"FZ047KX GC807JF
";23+20;GK008EV;57;  1253CM;P.S.PELLEGRINO (FUN.)        ;  1250AT;Moena (Albergo Trentino)     ;;;;;estiva festiva;;x;;;;;;;;;x;;;;;;;;;;; ? 36,00 
29;;29;123;176;11:20;11:43;Moena - S.Pellegrino;estiva feriale;12,00;50; 67 ; 804,00 ;DESILVESTRO TAXI E VIAGGI SRL;FJ845YE;56;"FZ047KX GC807JF
";23+20;GK008EV;57;  1250AT;Moena (Albergo Trentino)     ;  1253CM;  P.S.PELLEGRINO (FUN.)        ;;;;;estiva feriale lu-sa;;x;x;;x;x;x;x;x;x;;;;;;;;;;;; ? 36,00 
30;;30;123;176;11:20;11:43;Moena - S.Pellegrino;estiva festiva;12,00;50; 13 ; 156,00 ;DESILVESTRO TAXI E VIAGGI SRL;FJ845YE;56;"FZ047KX GC807JF
";23+20;GK008EV;57;  1250AT;Moena (Albergo Trentino)     ;  1253CM;  P.S.PELLEGRINO (FUN.)        ;;;;;estiva festiva;;x;;;;;;;;;x;;;;;;;;;;; ? 36,00 
31;;31;123;177;11:46;12:09;S. Pellegrino - Moena;estiva feriale;12,00;50; 67 ; 804,00 ;DESILVESTRO TAXI E VIAGGI SRL;FJ845YE;56;"FZ047KX GC807JF
";23+20;GK008EV;57;  1253CM;P.S.PELLEGRINO (FUN.)        ;  1250AT;Moena (Albergo Trentino)     ;;;;;estiva feriale lu-sa;;x;x;;x;x;x;x;x;x;;;;;;;;;;;; ? 36,00 
32;;32;123;177;11:46;12:09;S. Pellegrino - Moena;estiva festiva;12,00;50; 13 ; 156,00 ;DESILVESTRO TAXI E VIAGGI SRL;FJ845YE;56;"FZ047KX GC807JF
";23+20;GK008EV;57;  1253CM;P.S.PELLEGRINO (FUN.)        ;  1250AT;Moena (Albergo Trentino)     ;;;;;estiva festiva;;x;;;;;;;;;x;;;;;;;;;;; ? 36,00 
33;;33;123;178;14:20;14:43;Moena - S.Pellegrino;estiva feriale;12,00;50; 67 ; 804,00 ;DESILVESTRO TAXI E VIAGGI SRL;FJ845YE;56;"FZ047KX GC807JF
";23+20;GK008EV;57;  1250AT;Moena (Albergo Trentino)     ;  1253CM;  P.S.PELLEGRINO (FUN.)        ;;;;;estiva feriale lu-sa;;x;x;;x;x;x;x;x;x;;;;;;;;;;;; ? 36,00 
34;;34;123;178;14:20;14:43;Moena - S.Pellegrino;estiva festiva;12,00;50; 13 ; 156,00 ;DESILVESTRO TAXI E VIAGGI SRL;FJ845YE;56;"FZ047KX GC807JF
";23+20;GK008EV;57;  1250AT;Moena (Albergo Trentino)     ;  1253CM;  P.S.PELLEGRINO (FUN.)        ;;;;;estiva festiva;;x;;;;;;;;;x;;;;;;;;;;; ? 36,00 
35;;35;123;179;14:46;15:09;S. Pellegrino - Moena;estiva feriale;12,00;50; 67 ; 804,00 ;DESILVESTRO TAXI E VIAGGI SRL;FJ845YE;56;"FZ047KX GC807JF
";23+20;GK008EV;57;  1253CM;P.S.PELLEGRINO (FUN.)        ;  1250AT;Moena (Albergo Trentino)     ;;;;;estiva feriale lu-sa;;x;x;;x;x;x;x;x;x;;;;;;;;;;;; ? 36,00 
36;;36;123;179;14:46;15:09;S. Pellegrino - Moena;estiva festiva;12,00;50; 13 ; 156,00 ;DESILVESTRO TAXI E VIAGGI SRL;FJ845YE;56;"FZ047KX GC807JF
";23+20;GK008EV;57;  1253CM;P.S.PELLEGRINO (FUN.)        ;  1250AT;Moena (Albergo Trentino)     ;;;;;estiva festiva;;x;;;;;;;;;x;;;;;;;;;;; ? 36,00 
37;;37;123;180;15:20;15:43;Moena - S.Pellegrino;estiva feriale;12,00;50; 67 ; 804,00 ;DESILVESTRO TAXI E VIAGGI SRL;FJ845YE;56;"FZ047KX GC807JF
";23+20;GK008EV;57;  1250AT;Moena (Albergo Trentino)     ;  1253CM;  P.S.PELLEGRINO (FUN.)        ;;;;;estiva feriale lu-sa;;x;x;;x;x;x;x;x;x;;;;;;;;;;;; ? 36,00 
38;;38;123;180;15:20;15:43;Moena - S.Pellegrino;estiva festiva;12,00;50; 13 ; 156,00 ;DESILVESTRO TAXI E VIAGGI SRL;FJ845YE;56;"FZ047KX GC807JF
";23+20;GK008EV;57;  1250AT;Moena (Albergo Trentino)     ;  1253CM;  P.S.PELLEGRINO (FUN.)        ;;;;;estiva festiva;;x;;;;;;;;;x;;;;;;;;;;; ? 36,00 
39;;39;123;181;15:46;16:09;S. Pellegrino - Moena;estiva feriale;12,00;50; 67 ; 804,00 ;DESILVESTRO TAXI E VIAGGI SRL;FJ845YE;56;"FZ047KX GC807JF
";23+20;GK008EV;57;  1253CM;P.S.PELLEGRINO (FUN.)        ;  1250AT;Moena (Albergo Trentino)     ;;;;;estiva feriale lu-sa;;x;x;;x;x;x;x;x;x;;;;;;;;;;;; ? 36,00 
40;;40;123;181;15:46;16:09;S. Pellegrino - Moena;estiva festiva;12,00;50; 13 ; 156,00 ;DESILVESTRO TAXI E VIAGGI SRL;FJ845YE;56;"FZ047KX GC807JF
";23+20;GK008EV;57;  1253CM;P.S.PELLEGRINO (FUN.)        ;  1250AT;Moena (Albergo Trentino)     ;;;;;estiva festiva;;x;;;;;;;;;x;;;;;;;;;;; ? 36,00 
41;corsa soppressa il 11/09/2022;41;123;182;16:50;17:27;Moena - Falcade;estiva feriale;22,00;50; 67 ; 1.474,00 ;DESILVESTRO TAXI E VIAGGI SRL;FN362MX;43;"FZ047KX GC807JF
";23+20;;;  1250AT;Moena (Albergo Trentino)     ;1255;FALCADE                      ;;11/09/2022;;;estiva feriale lu-sa;;x;x;;x;x;x;x;x;x;;;;;;;;;;;;
42;corsa soppressa il 11/09/2022;42;123;182;16:50;17:27;Moena-Passo S.Pellegrino-Falcade;"festiva 
estiva";22,00;50; 13 ; 286,00 ;DESILVESTRO TAXI E VIAGGI SRL;FN362MX;43;"FZ047KX GC807JF
";23+20;;;  1250AT;Moena (Albergo Trentino)     ;1255;FALCADE                      ;;11/09/2022;;;estiva festiva;;x;;;;;;;;;x;;;;;;;;;;;
43;corsa soppressa il 11/09/2022;43;123;183;17:37;18:14;Falcade-Passo S. Pellegrino-Moena;estiva feriale;22,00;50; 67 ; 1.474,00 ;DESILVESTRO TAXI E VIAGGI SRL;FN362MX;43;"FZ047KX GC807JF
";23+20;;;1255;FALCADE                      ;  1250AT;Moena (Albergo Trentino)     ;;11/09/2022;;;estiva feriale lu-sa;;x;x;;x;x;x;x;x;x;;;;;;;;;;;;
44;corsa soppressa il 11/09/2022;44;123;183;17:37;18:14;Falcade-Passo S. Pellegrino-Moena;"festiva 
estiva";22,00;50; 13 ; 286,00 ;DESILVESTRO TAXI E VIAGGI SRL;FN362MX;43;"FZ047KX GC807JF
";23+20;;;1255;FALCADE                      ;  1250AT;Moena (Albergo Trentino)     ;;11/09/2022;;;estiva festiva;;x;;;;;;;;;x;;;;;;;;;;;
45;;45;123;184;17:20;17:43;Moena - S.Pellegrino;estiva feriale;12,00;50; 67 ; 804,00 ;DESILVESTRO TAXI E VIAGGI SRL;FJ845YE;56;"FZ047KX GC807JF
";23+20;GK008EV;57;  1250AT;Moena (Albergo Trentino)     ;  1253CM;  P.S.PELLEGRINO (FUN.)        ;;;;;estiva feriale lu-sa;;x;x;;x;x;x;x;x;x;;;;;;;;;;;; ? 36,00 
46;;46;123;184;17:20;17:43;Moena - S.Pellegrino;estiva festiva;12,00;50; 13 ; 156,00 ;DESILVESTRO TAXI E VIAGGI SRL;FJ845YE;56;"FZ047KX GC807JF
";23+20;GK008EV;57;  1250AT;Moena (Albergo Trentino)     ;  1253CM;  P.S.PELLEGRINO (FUN.)        ;;;;;estiva festiva;;x;;;;;;;;;x;;;;;;;;;;; ? 36,00 
47;frequenza corretta da capitolato;47;123;185;17:46;18:09;S. Pellegrino - Moena;estiva feriale;12,00;50; 67 ; 804,00 ;DESILVESTRO TAXI E VIAGGI SRL;FJ845YE;56;"FZ047KX GC807JF
";23+20;GK008EV;57;  1253CM;P.S.PELLEGRINO (FUN.)        ;  1250AT;Moena (Albergo Trentino)     ;;;;;estiva feriale lu-sa;;x;x;;x;x;x;x;x;x;;;;;;;;;;;; ? 36,00 
48;;48;123;185;17:46;18:09;S. Pellegrino - Moena;estiva festiva;12,00;50; 13 ; 156,00 ;DESILVESTRO TAXI E VIAGGI SRL;FJ845YE;56;"FZ047KX GC807JF
";23+20;GK008EV;57;  1253CM;P.S.PELLEGRINO (FUN.)        ;  1250AT;Moena (Albergo Trentino)     ;;;;;estiva festiva;;x;;;;;;;;;x;;;;;;;;;;; ? 36,00 
49;;49;202;92;07:45;08:40;Trento-Viote;"festiva 
estiva";24;30; 13 ; 312,00 ;PERINI FRANCO ;FF182VP;45;FA989GW;48;EY198WJ;45;1;TRENTO   (Autostaz.)         ;2660;VIOTE                        ;;;;;estiva festiva;;x;;;;;;;;;x;;;;;;;;;;; ? 59,15 
50;;50;202;85;08:45;09:40;Viote-Trento;"festiva 
estiva";24;30; 13 ; 312,00 ;PERINI FRANCO ;FF182VP;45;FA989GW;48;EY198WJ;45;2660;VIOTE                        ;1;TRENTO (Autostaz.)         ;;;;;estiva festiva;;x;;;;;;;;;x;;;;;;;;;;; ? 59,15 
51;;51;204;148;06:40;07:50;Calavino-Riva del Garda;"scolastica 
da lunedç a sabato";34,00;50; 208 ; 7.072,00 ;SARCATOUR s.r.l.;FA895BD;57;FE629SK;54;FK791WG (FL781HC+FA989GW Perini giÖ autorizzate in caso di cambio titolaritÖ);55;2048;CALAVINO                     ;960;RIVA DEL G. (Autostaz.)      ;;;;;scolastica lu-sa;;;;x;x;x;x;x;x;x;;;;;;;;;;;; ? 102,00 
52;;52;204;281;07:18;07:48;Drena-Vigo Cavedine -Vezzano;"feriale 
da lunedç a venerdç";16,90;50; 252 ; 4.258,80 ;NICE srl;GE452VX;36;GG008PL;50;FF182VP (Perini);45;2057;DRENA                        ;  2040RR;VEZZANO (Piazza);;;;;annuale feriale lu-ve;x;x;x;;x;x;x;x;x;;;;;;;;;;;;; ? 110,35 
53;;53;204;375;14:22;14:37;Drï - Drena - Vigo Cavedine;"scolastica 
da lunedç a sabato";10,00;19; 208 ; 2.080,00 ;SRT S.R.L.;GE213VX;17;GC524CS;17;FE588HG;17;2127;DRO                          ;2054;VIGO CAVEDINE                ;;;;;scolastica lu-sa;;;;x;x;x;x;x;x;x;;;;;;;;;;;; ? 55,48 
54;;54;204;414;14:30;15:02;Calavino-Dro;"scolastica 
da lunedç a venerdç";16,00;19; 174 ; 2.784,00 ;SRT S.R.L.;FE590HG;17;FE589HG;17;GC514CS;23;2048;CALAVINO                     ;2127;DRO                          ;;;;;scolastica lu-ve;;;;x;x;x;x;x;x;;;;;;;;;;;;; ? 32,00 
55;;55;204;200;16:32;17:03;Vezzano -Vigo Cavedine-Drena;"invernale
da lunedç a venerdç";17,90;55; 202 ; 3.615,80 ;NICE srl;GE452VX;36;GG008PL;50;FF182VP (Perini);45;  2040RR;VEZZANO (Piazza)             ;2057;DRENA                        ;;;;;invernale feriale lu-ve;x;;x;;x;x;x;x;x;;;;;;;;;;;;; ? 56,22 
56;;56;204;282;16:39;17:09;Vezzano -Vigo Cavedine-Drena;"Estiva
lunedç-venerdç";17,90;55; 55 ; 984,50 ;NICE srl;GE453VX;57;GG008PL;50;FF182VP (Perini);45;  2040RR;VEZZANO (Piazza)             ;2057;DRENA                        ;;;;;estiva feriale lu-ve;;x;x;;x;x;x;x;x;;;;;;;;;;;;; ? 56,22 
57;;57;205;159;06:52;06:58;S. Massenza - Due laghi;"estiva feriale 
dal lunedç al venerdç";1,00;19; 55 ; 55,00 ;NICE srl;FN426MX;20;GA984ER;23;GC658CS;24;2101;S.Massenza                   ;2100;Due Laghi                    ;;;;;estiva feriale lu-ve;;x;x;;x;x;x;x;x;;;;;;;;;;;;; ? 20,00 
58;;58;205;397;06:52;06:55;S. Massenza - Due laghi;"feriale non scolastica
da lunedç a sabato";1,00;19; 29 ; 29,00 ;NICE srl;FN426MX;20;GA984ER;23;GC658CS;24;2101;S.Massenza                   ;2100;Due Laghi                    ;;;;;invernale feriale no scol lu-sa;x;;x;;;;;;;;;;;;x;x;x;x;x;x;; ? 20,00 
59;;59;205;400;17:50;17:52;Due Laghi - S. Massenza;"scolastica 
da lunedç a venerdç";1,50;19; 174 ; 261,00 ;NICE srl;FN426MX;20;GA984ER;23;GC658CS;24;2100;Due Laghi                    ;2101;S.Massenza                   ;;;;;scolastica lu-ve;;;;x;x;x;x;x;x;;;;;;;;;;;;; ? 11,87 
60;;60;206;124;16:10;16:50;Trento - Terlago - Monte Terlago;"invernale
da lunedç a venerdç";18,30;35; 202 ; 3.696,60 ;NICE srl;GC658CS;23;GE452VX;36;;;1;TRENTO   (Autostaz.)         ;  2023AL;M.TERLAGO (H. 2 Laghi)       ;;;;;invernale feriale lu-ve;x;;x;;x;x;x;x;x;;;;;;;;;;;;; ? 75,33 
61;;61;213;5;06:55;07:10;Castel Condino - Cimego;"scolastica 
da lunedç a sabato";3,70;29; 208 ; 769,60 ;MAESTRI AUGUSTO & C. S.N.C. ;FR892WP;21;FW907WP solo al sabato;9;;;2324;CASTEL CONDINO               ;2310;Cimego                       ;;;;;scolastica lu-sa;;;;x;x;x;x;x;x;x;;;;;;;;;;;; ? 25,60 
62;;62;214;617;07:24;07:45;Pregasina - Riva del Garda;"scolastica 
da lunedç a sabato";10,50;17; 208 ; 2.184,00 ;EUROTOUR SERVICE (IN SIGLA E.T.S.) DI AZZOLINI LUCA & C. S.N.C. ; FN744MW;9; FC376RJ;9;;;2160;PREGASINA                    ;960;RIVA DEL G. (Autostaz.)      ;;;;;scolastica lu-sa;;;;x;x;x;x;x;x;x;;;;;;;;;;;; ? 31,50 
63;;63;214;616;13:02;13:06;Pregasina bv.-Pregasina;"scolastica
sabato";3,10;8; 34 ; 105,40 ;EUROTOUR SERVICE (IN SIGLA E.T.S.) DI AZZOLINI LUCA & C. S.N.C. ; FN744MW;9; FC376RJ;9;;;2163;Pregasina Bivio              ;2160;PREGASINA                    ;;;;;scolastica sab;;;;x;;;;;;x;;;;;;;;;;;; ? 18,90 
64;;64;214;49;13:10;14:05;Pregasina - Riva del Garda;"scolastica 
sabato";10,50;8; 34 ; 357,00 ;EUROTOUR SERVICE (IN SIGLA E.T.S.) DI AZZOLINI LUCA & C. S.N.C. ; FN744MW;9; FC376RJ;9;;;2160;PREGASINA                    ;960;RIVA DEL G. (Autostaz.)      ;;;;;scolastica sab;;;;x;;;;;;x;;;;;;;;;;;; ? 21,00 
65;;65;214;618;13:42;13:46;Pregasina bv.-Pregasina;scolastica di lunedç, mercoledç e venerdç;3,10;8; 106 ; 328,60 ;AUTOSERVIZI MATTUZZI CLAUDIO & C. S.N.C.;FN589MX;9;FL778HC;23;FN339MX;7;2163;Pregasina Bivio              ;2160;PREGASINA                    ;;;;;scolastica lu, me, ve;;;;x;x;;x;;x;;;;;;;;;;;;; ? 18,90 
66;;65 bis;214;618;13:42;13:46;Pregasina bv.-Pregasina;scolastica di martedç e giovedç;3,10;8; 68 ; 210,80 ;EUROTOUR SERVICE (IN SIGLA E.T.S.) DI AZZOLINI LUCA & C. S.N.C. ;FN744MW;9;FC376RJ;9;;;2163;Pregasina Bivio              ;2160;PREGASINA                    ;;;;;scolastica ma, gio;;;;x;;x;;x;;;;;;;;;;;;;; ? 18,90 
67;;66;214;49;14:37;14:58;Pregasina - Riva del Garda;scolastica di lunedç, mercoledç e venerdç;10,50;8/ 8; 106 ; 1.113,00 ;AUTOSERVIZI MATTUZZI CLAUDIO & C. S.N.C.;FN589MX;9;FL778HC;23;FN339MX;7;2160;PREGASINA                    ;960;RIVA DEL G. (Autostaz.)      ;;;;;scolastica lu, me, ve;;;;x;x;;x;;x;;;;;;;;;;;;; ? 21,00 
68;;66 bis;214;49;14:37;14:58;Pregasina - Riva del Garda;scolastica di martedç e giovedç;10,50;8/ 8; 68 ; 714,00 ;EUROTOUR SERVICE (IN SIGLA E.T.S.) DI AZZOLINI LUCA & C. S.N.C. ;FN744MW;9;FC376RJ;9;;;2160;PREGASINA                    ;960;RIVA DEL G. (Autostaz.)      ;;;;;scolastica ma, gio;;;;x;;x;;x;;;;;;;;;;;;;; ? 21,00 
69;;67;214;680;14:30;14:34;Pregasina bivio-Pregasina;scolastica di lunedç, mercoledç e venerdç;3,10;8/ 8; 106 ; 328,60 ;AUTOSERVIZI MATTUZZI CLAUDIO & C. S.N.C.;FN589MX;9;FL778HC;23;FN339MX;7;2163;Pregasina Bivio              ;2160;PREGASINA                    ;;;;;scolastica lu, me, ve;;;;x;x;;x;;x;;;;;;;;;;;;; ? 18,90 
70;;67 bis;214;680;14:30;14:34;Pregasina bivio-Pregasina;scolastica di martedç e giovedç;3,10;8/ 8; 68 ; 210,80 ;EUROTOUR SERVICE (IN SIGLA E.T.S.) DI AZZOLINI LUCA & C. S.N.C. ;FN744MW;9;FC376RJ;9;;;2163;Pregasina Bivio              ;2160;PREGASINA                    ;;;;;scolastica ma, gio;;;;x;;x;;x;;;;;;;;;;;;;; ? 18,90 
71;;68;312;730;08:30;09:54;Rovereto-Pian della Fugazze;"estiva+inv
festiva";41,00;30; 58 ; 2.378,00 ;TODESCHI AUTONOLEGGI SRL;GA901ZZ;16;FG707GA;21;CJ625MG;15;  3100SV;ROVERETO (Via Savioli)       ;3169;PIAN DELLE FUGAZZE           ;;;;;annuale festiva;x;x;;;;;;;;;x;;;;;;;;;;; ? 123,00 
72;;69;312;731;10:00;11:08;Pian delle Fugazze-Rovereto;"estiva+inv
festiva";32,00;30; 58 ; 1.856,00 ;TODESCHI AUTONOLEGGI SRL;GA901ZZ;16;FG707GA;21;CJ625MG;15;3169;PIAN DELLE FUGAZZE           ;3100;ROVERETO (Via Manzoni)       ;;;;;annuale festiva;x;x;;;;;;;;;x;;;;;;;;;;; ? 96,00 
73;;70;312;732;16:10;17:34;Rovereto-Pian della Fugazze;"estiva+inv
festiva";41,00;30; 58 ; 2.378,00 ;TODESCHI AUTONOLEGGI SRL;GA901ZZ;16;FG707GA;21;CJ625MG;15;  3100SV;ROVERETO (Via Savioli)       ;3169;PIAN DELLE FUGAZZE           ;;;;;annuale festiva;x;x;;;;;;;;;x;;;;;;;;;;; ? 123,00 
74;;71;312;733;17:40;18:48;Pian delle Fugazze-Rovereto;"estiva+inv
festiva";32,00;30; 58 ; 1.856,00 ;TODESCHI AUTONOLEGGI SRL;GA901ZZ;16;FG707GA;21;CJ625MG;15;3169;PIAN DELLE FUGAZZE           ;3100;ROVERETO (Via Manzoni)       ;;;;;annuale festiva;x;x;;;;;;;;;x;;;;;;;;;;; ? 96,00 
75;;72;413;11;06:25;06:33;Valcava - Brusago;"scolastica 
da lunedç a sabato";3,00;19; 208 ; 624,00 ;SVALDI PIERINO ;ES278NX;17;GH441KX;9;;;1121;VALCAVA                      ;4060;BRUSAGO                      ;;;;;scolastica lu-sa;;;;x;x;x;x;x;x;x;;;;;;;;;;;; ? 20,00 
76;;73;428;5;06:40;06:45;Svaldi - Bedollo;"scolastica 
da lunedç a sabato";2,00;19; 208 ; 416,00 ;SVALDI PIERINO ;ES278NX;17;GH441KX;9;;;4061;Svaldi                       ;4050;BEDOLLO                      ;;;;;scolastica lu-sa;;;;x;x;x;x;x;x;x;;;;;;;;;;;; ? 20,00 
77;;74;428;7;07:18;07:21;Svaldi - Bedollo;"scolastica 
da lunedç a sabato";2,00;19; 208 ; 416,00 ;SVALDI PIERINO ;ES278NX;17;GH441KX;9;;;4061;Svaldi                       ;4050;BEDOLLO                      ;;;;;scolastica lu-sa;;;;x;x;x;x;x;x;x;;;;;;;;;;;; ? 11,41 
78;;75;428;6;13:25;13:29;Bedollo - Svaldi;"scolastica 
da lunedç a sabato";2,00;19; 208 ; 416,00 ;SVALDI PIERINO ;ES278NX;17;GH441KX;9;;;4050;BEDOLLO                      ;4061;Svaldi                       ;;;;;scolastica lu-sa;;;;x;x;x;x;x;x;x;;;;;;;;;;;; ? 11,41 
79;;76;428;8;14:20;14:24;Bedollo - Svaldi;"scolastica 
da lunedç a sabato";2,00;19; 208 ; 416,00 ;SVALDI PIERINO ;ES278NX;17;GH441KX;9;;;4050;BEDOLLO                      ;4061;Svaldi                       ;;;;;scolastica lu-sa;;;;x;x;x;x;x;x;x;;;;;;;;;;;; ? 11,41 
80;;77;428;10;18:35;18:39;Bedollo - Svaldi;"scolastica 
da lunedç a venerdç";2,00;19; 174 ; 348,00 ;SVALDI PIERINO ;ES278NX;17;GH441KX;9;;;4050;BEDOLLO                      ;4061;Svaldi                       ;;;;;scolastica lu-ve;;;;x;x;x;x;x;x;;;;;;;;;;;;; ? 10,00 
81;;78;601;696;20:45;21:17;Trento FTM-Mezzolombardo FTM  (serv. Sostitutivo treno);"invernale
lunedç-sabato";22,00;19; 240 ; 5.280,00 ;ATP SRLS;FW970WP;23;EN046NH;19;FN426MX (ditta Nice srl) GL689HS;20   57;  0001FS;TRENTO (Stazione FS)         ;6120;  MEZZOLOMBARDO                ;;;;;invernale feriale lu-sa;x;;x;;x;x;x;x;x;x;;;;;;;;;;;; ? 55,00 
82;;79;611;67;06:32;07:15;(Fai Miravalle) - Cortalta-Trento;"scolastica 
da lunedç a sabato";33,00;30; 208 ; 6.864,00 ;OSCAR VIAGGI DI FORMOLO OSCAR;GK082FC;42;FH992YZ (VITO VIAGGI);31;;;6135MV;Fai Paganella - Miravalle     ;  0001FS;TRENTO (Stazione FS)         ;;;;;scolastica lu-sa;;;;x;x;x;x;x;x;x;;;;;;;;;;;; ? 79,50 
83;;80;621;239;06:53;07:26;Mezzolombardo - Nave s. Rocco - Trento ;"scolastica 
solo giorno di sabato";21,00;55; 34 ; 714,00 ;SRT S.R.L.;GJ981MK;55+30;FA989GW (Perini);48;FF182VP (Perini);45;  6120ST;Mezzolombardo (V.Devigili)   ;1;TRENTO (Autostaz.)         ;;;;;scolastica sab;;;;x;;;;;;x;;;;;;;;;;;; ? 63,00 
84;;81;621;966;08:30;08:54;Lavis FTM-Nave S.Rocco-Mezzolombardo;"estiva
feriale ";13,20;19; 67 ; 884,40 ;OSCAR VIAGGI DI FORMOLO OSCAR;GK082FC;42;GJ181FP;21;GC466NL;24;  1010MT;LAVIS (Staz. FTM)            ;6120;  MEZZOLOMBARDO                ;;;;;estiva feriale lu-sa;;x;x;;x;x;x;x;x;x;;;;;;;;;;;; ? 39,60 
85;;82;621;966;08:30;08:54;Lavis FTM-Nave S.Rocco-Mezzolombardo;"invernale
lunedç-sabato";13,20;19; 240 ; 3.168,00 ;OSCAR VIAGGI DI FORMOLO OSCAR;GK082FC;42;GJ181FP;21;GC466NL;24;  1010MT;LAVIS (Staz. FTM)            ;6120;  MEZZOLOMBARDO                ;;;;;invernale feriale lu-sa;x;;x;;x;x;x;x;x;x;;;;;;;;;;;; ? 39,60 
86;;83;621;241;08:45;09:21;Mezzolombardo - Nave s. Rocco - Trento (dal 12/09/19);"festiva invernale
invernale";22,00;40; 45 ; 990,00 ;PERINI FRANCO ;FF182VP;45;FA989GW;48;EY198WJ;45;6120;  MEZZOLOMBARDO                ;1;TRENTO (Autostaz.)         ;;;;;invernale festiva;x;;;;;;;;;;x;;;;;;;;;;; ? 66,00 
87;;84;621;987;08:59;09:20;Mezzolombardo-Nave S.Rocco-Lavis FTM;"invernale
lunedç-sabato";11,30;19; 240 ; 2.712,00 ;OSCAR VIAGGI DI FORMOLO OSCAR;GK082FC;42;GJ181FP;21;GC466NL;24;6120;  MEZZOLOMBARDO                ;  1010CS;LAVIS;;;;;invernale feriale lu-sa;x;;x;;x;x;x;x;x;x;;;;;;;;;;;; ? 33,90 
88;;85;621;987;08:59;09:20;Mezzolombardo-Nave S.Rocco-Lavis FTM;"estiva
feriale ";11,30;19; 67 ; 757,10 ;OSCAR VIAGGI DI FORMOLO OSCAR;GK082FC;42;GJ181FP;21;GC466NL;24;6120;  MEZZOLOMBARDO                ;  1010CS;LAVIS;;;;;estiva feriale lu-sa;;x;x;;x;x;x;x;x;x;;;;;;;;;;;; ? 33,90 
89;;86;621;968;09:26;09:50;Lavis FTM-Nave S.Rocco-Mezzolombardo;"estiva
feriale ";13,20;19; 67 ; 884,40 ;OSCAR VIAGGI DI FORMOLO OSCAR;GK082FC;42;GJ181FP;21;GC466NL;24;  1010MT;LAVIS (Staz. FTM)            ;6120;  MEZZOLOMBARDO                ;;;;;estiva feriale lu-sa;;x;x;;x;x;x;x;x;x;;;;;;;;;;;; ? 39,60 
90;;87;621;989;11:50;12:09;Mezzolombardo-Nave S.Rocco-Lavis FTM;"estiva
feriale ";11,30;19; 67 ; 757,10 ;OSCAR VIAGGI DI FORMOLO OSCAR;GK082FC;42;GJ181FP;21;GC466NL;24;6120;  MEZZOLOMBARDO                ;  1010MT;LAVIS (Staz. FTM)            ;;;;;estiva feriale lu-sa;;x;x;;x;x;x;x;x;x;;;;;;;;;;;; ? 33,90 
91;;88;621;970;16:50;17:14;Lavis FTM-Nave S.Rocco-Mezzolombardo;"invernale
lunedç-sabato";13,20;19; 240 ; 3.168,00 ;OSCAR VIAGGI DI FORMOLO OSCAR;GK082FC;42;FV001FA (Vito Viaggi) ;24;;;  1010MT;LAVIS (Staz. FTM)            ;6120;  MEZZOLOMBARDO                ;;;;;invernale feriale lu-sa;x;;x;;x;x;x;x;x;x;;;;;;;;;;;; ? 39,60 
92;;89;621;970;16:51;17:15;Lavis FTM-Nave S.Rocco-Mezzolombardo;"estiva
feriale ";13,20;19; 67 ; 884,40 ;OSCAR VIAGGI DI FORMOLO OSCAR;GK082FC;42;GJ181FP;21;GC466NL;24;  1010MT;LAVIS (Staz. FTM)            ;6120;  MEZZOLOMBARDO                ;;;;;estiva feriale lu-sa;;x;x;;x;x;x;x;x;x;;;;;;;;;;;; ? 39,60 
93;;90;621;991;17:30;17:49;Mezzolombardo-Nave S.Rocco-Lavis FTM;"invernale
lunedç-sabato";11,30;19; 240 ; 2.712,00 ;OSCAR VIAGGI DI FORMOLO OSCAR;GK082FC;42;GJ181FP;21;;;6120;  MEZZOLOMBARDO                ;  1010MT;LAVIS (Staz. FTM)            ;;;;;invernale feriale lu-sa;x;;x;;x;x;x;x;x;x;;;;;;;;;;;; ? 33,90 
94;;91;634;537;08:40;09:14;Lanza-Cles;"Invernale 
festiva";20;19; 47 ; 940,00 ;VIAGGI CORNELIO DI FLESSATI NICOLA E C. S.N.C.;GH106PC;21;FR599WM;31;;;6755;LANZA DI RUMO                ;6220;CLES (Autostaz.)             ;;;;;invernale festiva;x;;;;;;;;;;x;;;;;;;;;;; ? 49,26 
95;;92;634;535;08:40;09:14;Lanza-Cles;"festiva 
estiva";20;19; 13 ; 260,00 ;VIAGGI CORNELIO DI FLESSATI NICOLA E C. S.N.C.;GH106PC;21;FR599WM;31;;;6755;LANZA DI RUMO                ;6220;CLES (Autostaz.)             ;;;;;estiva festiva;;x;;;;;;;;;x;;;;;;;;;;; ? 49,26 
96;;93;634;532;09:40;10:40;Cles-Bresimo-Lanza;"festiva 
estiva";28;19; 13 ; 364,00 ;VIAGGI CORNELIO DI FLESSATI NICOLA E C. S.N.C.;GH106PC;21;FR599WM;31;;;6220;CLES (Autostaz.)             ;6755;LANZA DI RUMO                ;;;;;estiva festiva;;x;;;;;;;;;x;;;;;;;;;;; ? 68,97 
97;;94;634;530;09:40;10:40;Cles-Bresimo-Lanza;"Invernale 
festiva";28;19; 47 ; 1.316,00 ;VIAGGI CORNELIO DI FLESSATI NICOLA E C. S.N.C.;GH106PC;21;FR599WM;31;;;6220;CLES (Autostaz.)             ;6755;LANZA DI RUMO                ;;;;;invernale festiva;x;;;;;;;;;;x;;;;;;;;;;; ? 68,97 
98;;95;634;539;12:20;13:14;Lanza-Bresimo-Cles;"Invernale 
festiva";28;19; 47 ; 1.316,00 ;VIAGGI CORNELIO DI FLESSATI NICOLA E C. S.N.C.;GH106PC;21;FR599WM;31;;;6755;LANZA DI RUMO                ;6220;CLES (Autostaz.)             ;;;;;invernale festiva;x;;;;;;;;;;x;;;;;;;;;;; ? 68,97 
99;;96;634;539;12:25;13:19;Lanza-Bresimo-Cles;"festiva 
estiva";28;19; 13 ; 364,00 ;VIAGGI CORNELIO DI FLESSATI NICOLA E C. S.N.C.;GH106PC;21;FR599WM;31;;;6755;LANZA DI RUMO                ;6220;CLES (Autostaz.)             ;;;;;estiva festiva;;x;;;;;;;;;x;;;;;;;;;;; ? 68,97 
100;;97;634;538;15:40;16:35;Cles-Bresimo-Lanza;"Invernale 
festiva";28;19; 47 ; 1.316,00 ;VIAGGI CORNELIO DI FLESSATI NICOLA E C. S.N.C.;GH106PC;21;FR599WM;31;;;6220;CLES (Autostaz.)             ;6755;LANZA DI RUMO                ;;;;;invernale festiva;x;;;;;;;;;;x;;;;;;;;;;; ? 68,97 
101;;98;634;543;16:40;17:14;Lanza-Cles;"Invernale 
festiva";20;19; 47 ; 940,00 ;VIAGGI CORNELIO DI FLESSATI NICOLA E C. S.N.C.;GH106PC;21;FR599WM;31;;;6755;LANZA DI RUMO                ;6220;CLES (Autostaz.)             ;;;;;invernale festiva;x;;;;;;;;;;x;;;;;;;;;;; ? 49,26 
102;;99;634;536;17:25;18:20;Cles-Bresimo-Lanza;"festiva 
estiva";28;19; 13 ; 364,00 ;VIAGGI CORNELIO DI FLESSATI NICOLA E C. S.N.C.;GH106PC;21;FR599WM;31;;;6220;CLES (Autostaz.)             ;6755;LANZA DI RUMO                ;;;;;estiva festiva;;x;;;;;;;;;x;;;;;;;;;;; ? 68,97 
103;;100;634;544;17:50;18:24;Cles-Lanza;"Invernale 
festiva";20;19; 47 ; 940,00 ;VIAGGI CORNELIO DI FLESSATI NICOLA E C. S.N.C.;GH106PC;21;FR599WM;31;;;6220;CLES (Autostaz.)             ;6755;LANZA DI RUMO                ;;;;;invernale festiva;x;;;;;;;;;;x;;;;;;;;;;; ? 49,26 
104;;101;640;659;18:15;18:43;Malä-Somrabbi;"scolastica 
da lunedç a venerdç";16,00;30; 174 ; 2.784,00 ;VIAGGI CICOLINI S.R.L .  ;EW792KB;45;EL182VV (Paternoster );21;FX408CM;9;6300;MALE'                        ;6328;SOMRABBI                     ;;;;;scolastica lu-ve;;;;x;x;x;x;x;x;;;;;;;;;;;;; ? 48,00 
105;;102;091;490;04:45;05:45;Trento-Laives;feriale;50;50; 296 ; 14.800,00 ;MDL s.r.l.;FL557HC;53;FH962KW;54;FY986JL;59;  0001FS;TRENTO (Stazione FS)         ;  1169SB;Laives - Stabilimento Seeber ;;;;;annuale feriale lu-sa;x;x;x;;x;x;x;x;x;x;;;;;;;;;;;; ? 114,55 
106;;103;091;491;06:10;07:10;Laives-Trento;"feriale 
da martedç a sabato";50;50; 255 ; 12.750,00 ;MDL s.r.l.;FL557HC;53;FH962KW;54;FY986JL;59;  1169SB;Laives - Stabilimento Seeber ;  0001FS;TRENTO (Stazione FS)         ;;;;;annuale feriale ma, me, gio, ve, sab;x;x;x;;;x;x;x;x;x;;;;;;;;;;;; ? 114,55 
107;;104;101;656;07:03;07:25;(Solaiolo Alto extracapitolato) - Solaiolo basso - Cavalese;"scolastica 
da lunedç a sabato";15,00;15; 208 ; 3.120,00 ;DMG;FE259HG;17;FG962XM (Giacomelli);24;FZ863BE (Giacomelli);9;46.294100387964086, 11.389613582411105;Solaiolo Alto;1070;CAVALESE  (Autostaz.)        ;;;;;scolastica lu-sa;;;;x;x;x;x;x;x;x;;;;;;;;;;;; ? 38,54 
108;;105;101;661;13:50;14:05;Cavalese - Solaiolo                                                         al martedi partenza alle 14.15;"scolastica 
da lunedç a sabato";15,00;8; 208 ; 3.120,00 ;M.G.M. DI CASARI MARCO;FG050NA;9;FF736CS (Taxizeta);17;;;1070;CAVALESE  (Autostaz.)        ;  1059SO;Solaiolo Basso               ;;;;;scolastica lu-sa;;;;x;x;x;x;x;x;x;;;;;;;;;;;; ? 30,00 
109;;106;101;662;14:10;14:25;Solaiolo - Cavalese                                          al martedç partenza alle 14.30;"scolastica 
da lunedç a sabato";15,00;8; 208 ; 3.120,00 ;M.G.M. DI CASARI MARCO;FG050NA;9;FF736CS (Taxizeta);17;;;  1059SO;Solaiolo Basso               ;1070;CAVALESE  (Autostaz.)        ;;;;;scolastica lu-sa;;;;x;x;x;x;x;x;x;;;;;;;;;;;; ? 30,00 
110;;107;102;664;06:10;06:20;Grumes - Giro masi;"scolastica 
da lunedç a sabato";5,30;8; 208 ; 1.102,40 ;FERSINA TOUR S.R.L;EY732LP;17;EK526JA;9;;;  1081CA;Grumes maso Casel            ;  1081RR;GRUMES;;;;;scolastica lu-sa;;;;x;x;x;x;x;x;x;;;;;;;;;;;; ? 20,27 
111;;108;102;131;06:20;06:30;Faver loc.Ponciac-Cembra loc.Molini-Cembra;"scolastica 
da lunedç a sabato";5,00;8; 208 ; 1.040,00 ;MONAUNI CARLO S.N.C. DI MONAUNI GERARDO E C. ;FN568MX;9;GE347VX;9;;;  1079PC;Faver Via Ponciach, civ. 1   ;  1078RR;Cembra           ;;;;;scolastica lu-sa;;;;x;x;x;x;x;x;x;;;;;;;;;;;; ? 20,00 
112;;109;102;639;06:30;07:03;Cembra - Capriana;"scolastica 
da lunedç a venerdç";22,00;41; 174 ; 3.828,00 ;MONAUNI CARLO S.N.C. DI MONAUNI GERARDO E C. ;EX037JY;46;FA981GW (Planchel);45;;;  1078RR;CEMBRA;1084;CAPRIANA                     ;;;;;scolastica lu-ve;;;;x;x;x;x;x;x;;;;;;;;;;;;; ? 83,97 
113;;110;102;131;06:43;07:21;Cembra - Trento (corsa bis);"scolastica 
da lunedç a venerdç";24,00;47; 174 ; 4.176,00 ;MONAUNI CARLO S.N.C. DI MONAUNI GERARDO E C. ;FE091HG;47;FF182VP (Perini);45;;;  1078RR;CEMBRA;1;TRENTO (Autostaz.)         ;;;;;scolastica lu-ve;;;;x;x;x;x;x;x;;;;;;;;;;;;; ? 161,42 
114;sostituita con linea 611 dal 02/11/2022;111;102;131;06:51;07:30;Lisignago - Trento (corsa bis) storno km corsa sostituita;"scolastica 
da lunedç a venerdç";21,00;55; 174 ; 3.654,00 ;ATP SRLS;GE453VX;57;FE205HG (ditta Fersina);57;;;6136;Santel (S.p. 64);6120;  MEZZOLOMBARDO                ;;31/10/2022;;;scolastica lu-ve;;;;x;x;x;x;x;x;;;;;;;;;;;;;
115;;112;102;640;07:30;08:15;Valda - Faver - Cembra - Ville - S.Michele;"scolastica 
da lunedç a sabato";26,00;41; 208 ; 5.408,00 ;MONAUNI CARLO S.N.C. DI MONAUNI GERARDO E C. ;EX037JY;46;FA981GW (Planchel);45;;;1080;Valda                        ;954;S.Michele a/Adige            ;;;;;scolastica lu-sa;;;;x;x;x;x;x;x;x;;;;;;;;;;;; ? 99,23 
116;;113;102;137;08:36;09:47;Grauno - Trento;festiva;37,00;20; 58 ; 2.146,00 ;MONAUNI CARLO S.N.C. DI MONAUNI GERARDO E C. ;FE091HG;47;GA938ER;24;;;1082;GRAUNO                       ;1;TRENTO (Autostaz.)         ;;;;;annuale festiva;x;x;;;;;;;;;x;;;;;;;;;;; ? 123,79 
117;;114;102;142;12:20;14:20;Trento-Cembra-Cavalese;"festiva 
estiva";62;30; 13 ; 806,00 ;PERINI FRANCO ;FF182VP;45;FA989GW;48;EY198WJ;45;1;TRENTO   (Autostaz.)         ;1070;CAVALESE  (Autostaz.)        ;;;;;estiva festiva;;x;;;;;;;;;x;;;;;;;;;;; ? 175,00 
118;;115;102;145;14:11;14:28;Capriana-Grauno;"Scolastica
mart+merc";8,00;9; 70 ; 560,00 ;AUTONOLEGGIO DI GUADAGNINI FERDINANDO E ZAMPIERI DAVID S.N.C.;ER906KZ;9;FY974HP;9;;;1084;CAPRIANA                     ;1082;GRAUNO                       ;;;;;scolastica ma, me;;;;x;;x;x;;;;;;;;;;;;;;; ? 45,00 
119;;116;102;665;14:32;14:51;Grumes - Giro masi;"scolastica 
da lunedç a venerdç";7,30;8; 174 ; 1.270,20 ;FERSINA TOUR S.R.L;EY732LP;17;EK526JA;9;;;1081;GRUMES;  1081TO;Grumes maso Todescat         ;;;;;scolastica lu-ve;;;;x;x;x;x;x;x;;;;;;;;;;;;; ? 14,60 
120;;117;102;176;14:32;14:50;Grumes-Capriana;"scolastica 
da lunedç a venerdç";10,00;9; 174 ; 1.740,00 ;MONAUNI CARLO S.N.C. DI MONAUNI GERARDO E C. ;EX037JY;46;FE091HG;47;GA938ER;24;1081;GRUMES;1084;CAPRIANA                     ;;;;;scolastica lu-ve;;;;x;x;x;x;x;x;;;;;;;;;;;;; ? 20,00 
121;;118;102;538;15:27;16:37;Trento-Grauno;"estiva feriale 
dal lunedç al venerdç";35;19; 55 ; 1.925,00 ;MONAUNI CARLO S.N.C. DI MONAUNI GERARDO E C. ;GA938ER;24;EN513NH;21;FE091HG;47;1;TRENTO   (Autostaz.)         ;1082;GRAUNO                       ;;;;;estiva feriale lu-ve;;x;x;;x;x;x;x;x;;;;;;;;;;;;; ? 70,00 
122;;119;102;185;15:45;17:09;Tesero-Paló di Giovo;"scolastica 
da lunedç a giovedç";51,00;41; 137 ; 6.987,00 ;MONAUNI CARLO S.N.C. DI MONAUNI GERARDO E C. ;EX037JY;46;FE091HG;47;;;1190;Tesero                       ;1075CP;Palu' di G. (C.Polisportivo)  ;;;;;scolastica lu, ma, me, gio;;;;x;x;x;x;x;;;;;;;;;;;;;; ? 153,00 
123;;120;102;147;17:00;19:10;Cavalese-Trento;"festiva 
estiva";62;30; 13 ; 806,00 ;PERINI FRANCO ;FF182VP;45;FA989GW;48;EY198WJ;45;1070;CAVALESE  (Autostaz.)        ;1;TRENTO (Autostaz.)         ;;;;;estiva festiva;;x;;;;;;;;;x;;;;;;;;;;; ? 175,00 
124;;121;103;928;06:13;06:30;Albiano-Lases-Segonzano;"scolastica 
da lunedç a venerdç";13,30;57; 174 ; 2.314,20 ;SIGNORI SI PARTE DI DONINI IORAM ;GE439VX;57; FY946HP;54;GE308VX (D'Amico);55;  1113MO;Albiano (Via Roma)           ;  1118SB;Scancio S. (Snack Bar)       ;;;;;scolastica lu-ve;;;;x;x;x;x;x;x;;;;;;;;;;;;; ? 39,90 
125;;122;103;101;06:20;06:25;Piscine - Sover;"invernale
lunedç-sabato";2,50;22; 240 ; 600,00 ;GROFF TOUR DI TATTI CARLA;GE457VX;9;FR981TK;18;;;1126;Piscine                      ;1122;SOVER                        ;;;;;invernale feriale lu-sa;x;;x;;x;x;x;x;x;x;;;;;;;;;;;; ? 20,68 
126;;123;103;101;06:42;07:42;Scancio di Segonzano  - Trento giro scuole (corsa bis);"scolastica 
da lunedç a venerdç";31,00;57; 174 ; 5.394,00 ;SIGNORI SI PARTE DI DONINI IORAM ;GE439VX;57; FY946HP;54;GE308VX (D'Amico);55;  1118SR;Scancio S.(Snack Bar);1;TRENTO (Autostaz.)         ;;;;;scolastica lu-ve;;;;x;x;x;x;x;x;;;;;;;;;;;;; ? 161,42 
127;;124;103;99;06:55;07:24;Lases - Trento Port'Aquila (corsa bis);"scolastica 
da lunedç a venerdç";18,00;20; 174 ; 3.132,00 ;GROFF PAOLO;FL561HC;21;FR820WP (Fersina Tour);21;;;  1112PE;LASES Pesa                   ;  0001PA;TRENTO  Port'Aquila;;;;;scolastica lu-ve;;;;x;x;x;x;x;x;;;;;;;;;;;;; ? 172,02 
128;;125;103;183;07:05;07:36;07.05 Sover-Segonzano-Sevignano-Faver bv;"scolastica 
da lunedç a sabato";16,00;20; 208 ; 3.328,00 ;GROFF  ALFREDO;GH502KX;17;FR981TK (Groff Tour);18;;;1122;SOVER                        ;  1079FB;Faver bivio                  ;;;;;scolastica lu-sa;;;;x;x;x;x;x;x;x;;;;;;;;;;;; ? 107,24 
129;;126;103;224;10:20;10:40;Trento-Civezzano;estiva feriale;11;30; 67 ; 737,00 ;AUTONOLEGGI VISINTAINER di VISINTAINER FRANCESCO;FF721CS;35;FN583MX;23;FR784WP;21;1;TRENTO   (Autostaz.)         ;1100;CIVEZZANO                    ;;;;;estiva feriale lu-sa;;x;x;;x;x;x;x;x;x;;;;;;;;;;;; ? 24,20 
130;;127;103;442;13:57;14:09;Fornace - Pian del Gacc (ore 14:00 part. il sabato);"scolastica 
da lunedç a sabato";2,00;19; 208 ; 416,00 ;AUTONOLEGGI VISINTAINER di VISINTAINER FRANCESCO;FX671LT;30;EX931HC;20;;;1111;FORNACE                      ;  1138VC;"Pian del Gac""Villaggio""      ";;;;;scolastica lu-sa;;;;x;x;x;x;x;x;x;;;;;;;;;;;; ? 31,98 
131;;128;103;203;14:00;14:08;Stramentizzo - Casatta;"scolastica 
da lunedç a sabato";6,50;16; 208 ; 1.352,00 ;FERSINA TOUR S.R.L;GA996ER;21;FR820WP;21;;;  1087FL;Stramentizzo (Bivio)         ;1127;CASATTA di VALFL.            ;;;;;scolastica lu-sa;;;;x;x;x;x;x;x;x;;;;;;;;;;;; ? 49,38 
132;;129;103;203;14:08;14:18;Casatta - Sover;"scolastica 
da lunedç a sabato";6,00;22; 208 ; 1.248,00 ;GROFF TOUR DI TATTI CARLA;FR981TK;18;GE457VX;9;;;1127;CASATTA di VALFL.            ;1122;SOVER                        ;;;;;scolastica lu-sa;;;;x;x;x;x;x;x;x;;;;;;;;;;;; ? 40,12 
133;;130;103;232;14:35;14:50;Civezzano-Fornace ;"scolastica 
da lunedç a venerdç";8,00;20; 174 ; 1.392,00 ;AUTONOLEGGI VISINTAINER di VISINTAINER FRANCESCO;FX671LT;30;EX931HC;20;FF721CS;35;1100;CIVEZZANO                    ;1111;FORNACE                      ;;;;;scolastica lu-ve;;;;x;x;x;x;x;x;;;;;;;;;;;;; ? 17,52 
134;;131;103;185;16:19;16:31;Sover-Scancio di Segonzano;"scolastica 
da lunedç a giovedç";8,80;41; 137 ; 1.205,60 ;FERSINA TOUR S.R.L;GA996ER;21;FR820WP;21;;;1122;SOVER                        ;1118;SCANCIO SEGONZANO            ;;;;;scolastica lu, ma, me, gio;;;;x;x;x;x;x;;;;;;;;;;;;;; ? 55,80 
135;km corretti da capitolato;132;103;191;16:33;16:44;"Scancio di Segonzano-Lases
in coinc. con c.sa Tte da Ist. Alberghiero Tesero ";"scolastica
martedç ";7,50;30; 34 ; 255,00 ;AUTONOLEGGI VISINTAINER di VISINTAINER FRANCESCO;FX671LT;30;EX931HC;20;FR784WP;21;1118;SCANCIO SEGONZANO            ;  1112PE;LASES (Pesa)                 ;;;;;scolastica ma;;;;x;;x;;;;;;;;;;;;;;;; ? 15,00 
136;;133;103;123;18:55;19:15;Civezzano-Trento;"invernale
da lunedç a venerdç";11;30; 202 ; 2.222,00 ;AUTONOLEGGI VISINTAINER di VISINTAINER FRANCESCO;FX671LT;30;FR784WP;21;FF721CS;35;1100;CIVEZZANO ;1;TRENTO Autostaz.              ;;;;;invernale feriale lu-ve;x;;x;;x;x;x;x;x;;;;;;;;;;;;; ? 24,20 
137;;134;103;123;18:55;19:15;Civezzano-Trento;"estiva 
dal lunedç al venerdç feriale";11;19; 55 ; 605,00 ;ITALBUS S.N.C. DI CASAGRANDE ARMANDO E CHRISTIAN & C.;EV877GJ;21;EJ873ZA;23;;;1100;CIVEZZANO                    ;1;TRENTO (Autostaz.)         ;;;;;estiva feriale lu-ve;;x;x;;x;x;x;x;x;;;;;;;;;;;;; ? 26,04 
138;;135;103;126;19:30;19:50;Trento-Civezzano;feriale;11;30; 304 ; 3.344,00 ;AUTONOLEGGI VISINTAINER di VISINTAINER FRANCESCO;FX671LT;30;FR784WP;21;FN583MX;23;1;TRENTO   (Autostaz.)         ;1100;CIVEZZANO                    ;;;;;annuale feriale lu-sa;x;x;x;;x;x;x;x;x;x;;;;;;;;;;;; ? 24,20 
139;;136;105;639;06:02;06:30;Ville-Paló di Giovo-Cembra ;"scolastica 
da lunedç a venerdç";13,50;41; 174 ; 2.349,00 ;MONAUNI CARLO S.N.C. DI MONAUNI GERARDO E C. ;EX037JY;46;FA981GW (Planchel);45;;;1074;Ville di Giovo;  1078RR;Cembra           ;;;;;scolastica lu-ve;;;;x;x;x;x;x;x;;;;;;;;;;;;; ? 51,52 
140;;137;105;233;07:06;07:19;Paló di Giovo - Verla;"scolastica 
da lunedç a venerdç";6,00;20; 174 ; 1.044,00 ;MONAUNI CARLO S.N.C. DI MONAUNI GERARDO E C. ;GA938ER;24;EN513NH;21;;;1075;PALU' DI GIOVO               ;1072;VERLA                        ;;;;;scolastica lu-ve;;;;x;x;x;x;x;x;;;;;;;;;;;;; ? 18,87 
141;eliminata dal 27/03/2023;138;105;234;07:41;07:56;Verla - Paló di Giovo;"scolastica 
da lunedç a sabato";5,50;20; 208 ; 1.144,00 ;MONAUNI CARLO S.N.C. DI MONAUNI GERARDO E C. ;GA938ER;24;EN513NH;21;;;1072;VERLA                        ;1075;PALU' DI GIOVO               ;;26/03/2023;;;scolastica lu-sa;;;;x;x;x;x;x;x;x;;;;;;;;;;;;
142;;139;105;151;07:56;08:09;Paló di Giovo - Verla;"scolastica 
da lunedç a sabato";5,50;20; 208 ; 1.144,00 ;MONAUNI CARLO S.N.C. DI MONAUNI GERARDO E C. ;GA938ER;24;EN513NH;21;;;1075;PALU' DI GIOVO               ;1072;VERLA                        ;;;;;scolastica lu-sa;;;;x;x;x;x;x;x;x;;;;;;;;;;;; ? 33,94 
143;;140;105;216;11:51;12:06;Verla - Paló di Giovo;"scolastica 
da lunedç a venerdç";5,50;20; 174 ; 957,00 ;MONAUNI CARLO S.N.C. DI MONAUNI GERARDO E C. ;GA938ER;24;EN513NH;21;;;1072;VERLA                        ;1075;PALU' DI GIOVO               ;;;;;scolastica lu-ve;;;;x;x;x;x;x;x;;;;;;;;;;;;; ? 33,94 
144;;141;105;500;15:58;16:06;Verla - Paló di Giovo, nei gg. senza scuola  e estivi   transita da Ville di Giovo;"feriale estivo dal lun. al ven. + senza scuola
da lunedç a venerdç";5,50;8; 81 ; 445,50 ;MONAUNI CARLO S.N.C. DI MONAUNI GERARDO E C. ;GA938ER;24;EN513NH;21;;;1072;VERLA                        ;1075;PALU' DI GIOVO               ;;;;;estiva feriale lu-ve + no scol lu-ve;;x;x;;x;x;x;x;x;;;;;;x;x;x;x;x;;; ? 44,62 
145;;142;105;628;15:59;16:01;Verla - Paló di Giovo (strada breve);"scolastica 
da lunedç a venerdç";2,00;8; 174 ; 348,00 ;MONAUNI CARLO S.N.C. DI MONAUNI GERARDO E C. ;GA938ER;24;GE347VX;9;FN568MX;9;1072;VERLA                        ;1075;PALU' DI GIOVO               ;;;;;scolastica lu-ve;;;;x;x;x;x;x;x;;;;;;;;;;;;; ? 14,54 
146;;143;105;181;16:01;16:14;Paló di Giovo - Ville di Giovo - Verla;"scolastica 
da lunedç a venerdç";5,50;8; 174 ; 957,00 ;MONAUNI CARLO S.N.C. DI MONAUNI GERARDO E C. ;GA938ER;24;GE347VX;9;FN568MX;9;1075;PALU' DI GIOVO               ;1072;VERLA                        ;;;;;scolastica lu-ve;;;;x;x;x;x;x;x;;;;;;;;;;;;; ? 39,98 
147;;144;105;150;17:51;18:06;Verla - Paló di Giovo;"invernale
da lunedç a venerdç";5,50;8; 202 ; 1.111,00 ;MONAUNI CARLO S.N.C. DI MONAUNI GERARDO E C. ;GA938ER;24;GE347VX;9;FN568MX;9;1072;VERLA                        ;1075;PALU' DI GIOVO               ;;;;;invernale feriale lu-ve;x;;x;;x;x;x;x;x;;;;;;;;;;;;; ? 11,00 
148;;145;105;150;17:51;18:06;Verla - Paló di Giovo;"Estiva
lunedç-venerdç";5,50;8; 55 ; 302,50 ;MONAUNI CARLO S.N.C. DI MONAUNI GERARDO E C. ;GA938ER;24;EN513NH;21;;;1072;VERLA                        ;1075;PALU' DI GIOVO               ;;;;;estiva feriale lu-ve;;x;x;;x;x;x;x;x;;;;;;;;;;;;; ? 13,75 
149;;146;105;218;18:16;18:31;Verla - Paló di Giovo;"invernale
da lunedç a venerdç";5,50;19; 202 ; 1.111,00 ;MONAUNI CARLO S.N.C. DI MONAUNI GERARDO E C. ;GA938ER;24;EN513NH;21;;;1072;VERLA                        ;1075;PALU' DI GIOVO               ;;;;;invernale feriale lu-ve;x;;x;;x;x;x;x;x;;;;;;;;;;;;; ? 12,50 
150;;147;105;218;18:16;18:31;Verla - Paló di Giovo;"Estiva
lunedç-venerdç";5,50;19; 55 ; 302,50 ;MONAUNI CARLO S.N.C. DI MONAUNI GERARDO E C. ;GA938ER;24;EN513NH;21;;;1072;VERLA                        ;1075;PALU' DI GIOVO               ;;;;;estiva feriale lu-ve;;x;x;;x;x;x;x;x;;;;;;;;;;;;; ? 13,75 
151;;148;105;158;19:16;19:31;Verla - Paló di Giovo;"invernale
da lunedç a venerdç";5,50;19; 202 ; 1.111,00 ;MONAUNI CARLO S.N.C. DI MONAUNI GERARDO E C. ;GA938ER;24;EN513NH;21;;;1072;VERLA                        ;1075;PALU' DI GIOVO               ;;;;;invernale feriale lu-ve;x;;x;;x;x;x;x;x;;;;;;;;;;;;; ? 12,50 
152;;149;105;158;19:16;19:31;Verla - Paló di Giovo;"Estiva
lunedç-venerdç";5,50;19; 55 ; 302,50 ;MONAUNI CARLO S.N.C. DI MONAUNI GERARDO E C. ;GA938ER;24;EN513NH;21;;;1072;VERLA                        ;1075;PALU' DI GIOVO               ;;;;;estiva feriale lu-ve;;x;x;;x;x;x;x;x;;;;;;;;;;;;; ? 13,75 
153;;150;106;295;06:06;06:25;Faedo-Mezzocorona;estiva feriale;8;19; 67 ; 536,00 ;OSCAR VIAGGI DI FORMOLO OSCAR;FD479MP;25;FF501YE;23;EK710SE (Paolat);23;6096;FAEDO PINETA                 ;6100;  MEZZOCORONA FERROVIA         ;;;;;estiva feriale lu-sa;;x;x;;x;x;x;x;x;x;;;;;;;;;;;; ? 18,44 
154;;151;106;281;06:30;06:49;Pineta Faedo-S.Michele-Mezzocorona ;"scolastica 
da lunedç a sabato";8,00;19; 208 ; 1.664,00 ;OSCAR VIAGGI DI FORMOLO OSCAR;FD479MP;25;FF501YE;23;EK710SE (Paolat);23;6096;FAEDO PINETA                 ;6100;  MEZZOCORONA FERROVIA         ;;;;;scolastica lu-sa;;;;x;x;x;x;x;x;x;;;;;;;;;;;; ? 18,44 
155;;152;106;290;06:43;07:04;Mezzocorona-Faedo;"estiva feriale 
dal lunedç al venerdç";9;19; 55 ; 495,00 ;OSCAR VIAGGI DI FORMOLO OSCAR;FD479MP;25;FF501YE;23;EK710SE (Paolat);23;  6100FS;  MEZZOCORONA (St. FS)         ;6096;FAEDO PINETA                 ;;;;;estiva feriale lu-ve;;x;x;;x;x;x;x;x;;;;;;;;;;;;; ? 20,75 
156;;153;106;285;07:03;07:22;Faedo-Mezzocorona;"estiva feriale 
dal lunedç al venerdç";8;19; 55 ; 440,00 ;OSCAR VIAGGI DI FORMOLO OSCAR;FD479MP;25;FF501YE;23;EK710SE (Paolat);23;6096;FAEDO PINETA                 ;6100;  MEZZOCORONA FERROVIA         ;;;;;estiva feriale lu-ve;;x;x;;x;x;x;x;x;;;;;;;;;;;;; ? 18,44 
157;;154;106;302;08:10;08:29;Mezzocorona-Faedo;"estiva feriale 
dal lunedç al venerdç";9;19; 55 ; 495,00 ;OSCAR VIAGGI DI FORMOLO OSCAR;FD479MP;25;FF501YE;23;EK710SE (Paolat);23;  6100FS;  MEZZOCORONA (St. FS)         ;6096;FAEDO PINETA                 ;;;;;estiva feriale lu-ve;;x;x;;x;x;x;x;x;;;;;;;;;;;;; ? 20,75 
158;;155;106;303;08:55;09:14;Faedo-Mezzocorona;"estiva feriale 
dal lunedç al venerdç";8;19; 55 ; 440,00 ;OSCAR VIAGGI DI FORMOLO OSCAR;FD479MP;25;FF501YE;23;EK710SE (Paolat);23;6096;FAEDO PINETA                 ;6100;  MEZZOCORONA FERROVIA         ;;;;;estiva feriale lu-ve;;x;x;;x;x;x;x;x;;;;;;;;;;;;; ? 18,44 
159;;156;106;286;14:15;14:34;Mezzocorona-Faedo;estiva feriale;9;19; 67 ; 603,00 ;OSCAR VIAGGI DI FORMOLO OSCAR;FD479MP;25;FF501YE;23;EK710SE (Paolat);23;  6100FS;  MEZZOCORONA (St. FS)         ;6096;FAEDO PINETA                 ;;;;;estiva feriale lu-sa;;x;x;;x;x;x;x;x;x;;;;;;;;;;;; ? 20,75 
160;;157;106;287;15:25;15:44;Faedo-Mezzocorona;estiva feriale;8;19; 67 ; 536,00 ;OSCAR VIAGGI DI FORMOLO OSCAR;FD479MP;25;FF501YE;23;EK710SE (Paolat);23;6096;FAEDO PINETA                 ;6100;  MEZZOCORONA FERROVIA         ;;;;;estiva feriale lu-sa;;x;x;;x;x;x;x;x;x;;;;;;;;;;;; ? 18,44 
161;;158;106;288;17:56;18:15;Mezzocorona - Faedo;"invernale
lunedç-sabato";9,00;16; 240 ; 2.160,00 ;VITO DI PEDRON VITTORIA;FV001FA;24;FC321RJ;21;;;  6100FS;  MEZZOCORONA (St. FS)         ;6096;FAEDO PINETA                 ;;;;;invernale feriale lu-sa;x;;x;;x;x;x;x;x;x;;;;;;;;;;;; ? 22,50 
162;;159;106;289;18:16;18:35;Faedo - Mezzocorona;"invernale
lunedç-sabato";8,00;16; 240 ; 1.920,00 ;VITO DI PEDRON VITTORIA;FV001FA;24;FC321RJ;21;;;6096;FAEDO PINETA                 ;6100;  MEZZOCORONA FERROVIA         ;;;;;invernale feriale lu-sa;x;;x;;x;x;x;x;x;x;;;;;;;;;;;; ? 20,00 
163;;160;106;304;18:50;19:09;Mezzocorona - Faedo;"invernale
da lunedç a venerdç";9,00;16; 202 ; 1.818,00 ;VITO DI PEDRON VITTORIA;FV001FA;24;FC321RJ;21;;;  6100FS;  MEZZOCORONA (St. FS)         ;6096;FAEDO PINETA                 ;;;;;invernale feriale lu-ve;x;;x;;x;x;x;x;x;;;;;;;;;;;;; ? 22,50 
164;;161;106;288;19:10;19:29;Mezzocorona-Faedo;"estiva feriale 
dal lunedç al venerdç";9;19; 55 ; 495,00 ;OSCAR VIAGGI DI FORMOLO OSCAR;FD479MP;25;FF501YE;23;EK710SE (Paolat);23;  6100FS;  MEZZOCORONA (St. FS)         ;6096;FAEDO PINETA                 ;;;;;estiva feriale lu-ve;;x;x;;x;x;x;x;x;;;;;;;;;;;;; ? 20,75 
165;;162;107;566;13:12;13:24;Mezzolombardo-Mezzocorona FS;"scolastica 
da lunedç a venerdç";3,00;47; 174 ; 522,00 ;MONAUNI CARLO S.N.C. DI MONAUNI GERARDO E C. ;EX037JY;46;FE091HG;47;;;  6120EM;Mezz.do Ex Sc. Media  (via Rotaliana)       ;  6100FS;  MEZZOCORONA (St. FS)         ;;;;;scolastica lu-ve;;;;x;x;x;x;x;x;;;;;;;;;;;;; ? 15,86 
166;;163;107;570;14:50;15:11;Mezzolombardo-Roverä della Luna;"estiva
sabato ";15,00;19; 12 ; 180,00 ;OSCAR VIAGGI DI FORMOLO OSCAR;GC466NL;24;GK082FC;42;GJ181FP;21;6120;  MEZZOLOMBARDO                ;  6113AD;Rovere' (Trentinalatte)      ;;;;;estiva feriale sab;;x;x;;;;;;;x;;;;;;;;;;;; ? 45,00 
167;;164;107;571;15:16;15:37;Roverä della Luna-Mezzolombardo;"estiva
sabato ";15,00;19; 12 ; 180,00 ;OSCAR VIAGGI DI FORMOLO OSCAR;GC466NL;24;GK082FC;42;GJ181FP;21;  6113AD;Rovere' (Trentinalatte)      ;6120;  MEZZOLOMBARDO                ;;;;;estiva feriale sab;;x;x;;;;;;;x;;;;;;;;;;;; ? 45,00 
168;;165;107;570;17:05;17:26;Mezzolombardo-Roverä della Luna;invernale non scolastica feriale;15;19; 29 ; 435,00 ;OSCAR VIAGGI DI FORMOLO OSCAR;GC466NL;24;GK082FC;42;;;6120;  MEZZOLOMBARDO                ;  6113AD;Rovere' (Trentinalatte)      ;;;;;invernale feriale no scol lu-sa;x;;x;;;;;;;;;;;;x;x;x;x;x;x;; ? 36,02 
169;;166;107;571;17:26;17:46;Roverä della Luna-Mezzolombardo;"invernale non scolastica 
feriale";15;19; 29 ; 435,00 ;OSCAR VIAGGI DI FORMOLO OSCAR;GC466NL;24;GK082FC;42;;;  6113AD;Rovere' (Trentinalatte)      ;6120;  MEZZOLOMBARDO                ;;;;;invernale feriale no scol lu-sa;x;;x;;;;;;;;;;;;x;x;x;x;x;x;; ? 36,02 
170;;167;109;60;19:00;19:09;Cavalese - Masi di Cavalese;"invernale
lunedç-sabato";4,00;16; 240 ; 960,00 ;TAXI  ZETA DI ZAMPIERI SERGIO;FF736CS;17;FE259HG (DMG);17;FT217LV (ditta Dolomiti);24;1070;CAVALESE  (Autostaz.)        ;1151;Masi di Cavalese             ;;;;;invernale feriale lu-sa;x;;x;;x;x;x;x;x;x;;;;;;;;;;;; ? 9,53 
171;;168;109;63;19:12;19:19;Masi di Cavalese - Cavalese;"invernale
lunedç-sabato";4,00;16; 240 ; 960,00 ;TAXI  ZETA DI ZAMPIERI SERGIO;FF736CS;17;FE259HG (DMG);17;FT217LV (ditta Dolomiti);24;1151;Masi di Cavalese             ;1070;CAVALESE  (Autostaz.)        ;;;;;invernale feriale lu-sa;x;;x;;x;x;x;x;x;x;;;;;;;;;;;; ? 9,53 
172;;169;111;20;08:10;08:36;Cavalese - Veronza ;Estiva lunedç-sabato;5,30;19; 67 ; 355,10 ;TAXI  ZETA DI ZAMPIERI SERGIO;FF736CS;17;FE259HG (DMG);17;GC807JF (Desilvestro);20;1070;CAVALESE  (Autostaz.)        ;  1152HV;V.VERONZA (H.Veronza)        ;;;;;estiva feriale lu-sa;;x;x;;x;x;x;x;x;x;;;;;;;;;;;; ? 15,90 
173;;170;111;21;08:26;08:50;Veronza - Aguai - Carano - Cavalese;Estiva lunedç-sabato;10,20;19; 67 ; 683,40 ;TAXI  ZETA DI ZAMPIERI SERGIO;FF736CS;17;FE259HG (DMG);17;GC807JF (Desilvestro);20;  1152HV;V.VERONZA (H.Veronza)        ;1070;CAVALESE  (Autostaz.)        ;;;;;estiva feriale lu-sa;;x;x;;x;x;x;x;x;x;;;;;;;;;;;; ? 30,60 
174;;171;112;64;17:25;17:55;Cavalese - Varena - Cavalese ;"invernale
lunedç-sabato";13,00;16; 240 ; 3.120,00 ;TAXI  ZETA DI ZAMPIERI SERGIO;FF736CS;17;FE259HG (DMG);17;FT217LV (ditta Dolomiti);24;1070;CAVALESE  (Autostaz.)        ;1070;CAVALESE  (Autostaz.)        ;;;;;invernale feriale lu-sa;x;;x;;x;x;x;x;x;x;;;;;;;;;;;; ? 30,97 
175;soppresso il sabato dal 18/02/23;172;110;440;06:34;06:41;Tesero - Stava (dal 19/11/18);scolastica da lunedç a sabato al venerdç;4,00;9; 208 ; 832,00 ;AUTONOLEGGIO DI GUADAGNINI FERDINANDO E ZAMPIERI DAVID S.N.C.;FG976XM;9;ER906KZ;9;FY974HP;9;1190;Tesero                       ;1182;Stava                        ;;;;;scolastica lu-ve;;;;x;x;x;x;x;x;x;;;;;;;;;;;; ? 20,00 
176;soppresso il sabato dal 18/02/23;173;110;449;06:42;06:58;Stava - Cavalese (dal 19/11/18);scolastica da lunedç a sabato al venerdç;9,00;9; 208 ; 1.872,00 ;AUTONOLEGGIO DI GUADAGNINI FERDINANDO E ZAMPIERI DAVID S.N.C.;FG976XM;9;ER906KZ;9;FY974HP;9;1182;Stava                        ;  1070SE;CAVALESE  (Autostaz.)        ;;;;;scolastica lu-ve;;;;x;x;x;x;x;x;x;;;;;;;;;;;; ? 27,00 
177;;174;110;445;07:20;07:27;Stava - Tesero;"scolastica 
da lunedç a sabato";4,00;16; 208 ; 832,00 ;TAXI  ZETA DI ZAMPIERI SERGIO;FF736CS;17;FE259HG (DMG);17;FT217LV (ditta Dolomiti);24;1182;Stava                        ;1190;Tesero                       ;;;;;scolastica lu-sa;;;;x;x;x;x;x;x;x;;;;;;;;;;;; ? 24,02 
178;;175;110;448;14:05;14:12;Tesero - Stava;"scolastica 
da lunedç a venerdç";4,00;16; 174 ; 696,00 ;TAXI  ZETA DI ZAMPIERI SERGIO;FF736CS;17;FE259HG (DMG);17;FT217LV (ditta Dolomiti);24;1190;Tesero                       ;1182;Stava                        ;;;;;scolastica lu-ve;;;;x;x;x;x;x;x;;;;;;;;;;;;; ? 24,02 
179;;176;110;448;17:10;17:17;Tesero - Stava;"scolastica 
lunedç ";4,00;16; 33 ; 132,00 ;TAXI  ZETA DI ZAMPIERI SERGIO;FF736CS;17;FE259HG (DMG);17;FT217LV (ditta Dolomiti);24;1190;Tesero                       ;1182;Stava                        ;;;;;scolastica lu;;;;x;x;;;;;;;;;;;;;;;;; ? 24,02 
180;;177;113;64;17:55;18:34;Cavalese - Tesero - Tesero Casa Riposo - Masi - Cavalese;"invernale
lunedç-sabato";16,00;16; 240 ; 3.840,00 ;TAXI  ZETA DI ZAMPIERI SERGIO;FF736CS;17;FE259HG (DMG);17;FT217LV (ditta Dolomiti);24;1070;CAVALESE  (Autostaz.)        ;1070;CAVALESE  (Autostaz.)        ;;;;;invernale feriale lu-sa;x;;x;;x;x;x;x;x;x;;;;;;;;;;;; ? 70,94 
181;;178;114;8;06:10;06:40;Casatta - Sicina;"invernale
lunedç-sabato";8,00;16; 240 ; 1.920,00 ;FERSINA TOUR S.R.L;GA996ER;21;EY732LP;17;;;1127;CASATTA di VALFL.            ;1135;SICINA                       ;;;;;invernale feriale lu-sa;x;;x;;x;x;x;x;x;x;;;;;;;;;;;; ? 20,80 
182;;179;114;8;06:15;06:45;Casatta - Sicina;estiva feriale;8,00;16; 67 ; 536,00 ;FERSINA TOUR S.R.L;GA996ER;21;FR820WP;21;;;1127;CASATTA di VALFL.            ;1135;SICINA                       ;;;;;estiva feriale lu-sa;;x;x;;x;x;x;x;x;x;;;;;;;;;;;; ? 20,80 
183;;180;114;7;06:45;07:00;Sicina - Casatta;"invernale
lunedç-sabato";8,00;16; 240 ; 1.920,00 ;FERSINA TOUR S.R.L;GA996ER;21;FR820WP;21;;;1135;SICINA                       ;1127;CASATTA di VALFL.            ;;;;;invernale feriale lu-sa;x;;x;;x;x;x;x;x;x;;;;;;;;;;;; ? 20,80 
184;;181;114;7;06:50;07:05;Sicina - Casatta;estiva feriale;8,00;16; 67 ; 536,00 ;FERSINA TOUR S.R.L;GA996ER;21;FR820WP;21;;;1135;SICINA                       ;1127;CASATTA di VALFL.            ;;;;;estiva feriale lu-sa;;x;x;;x;x;x;x;x;x;;;;;;;;;;;; ? 20,80 
185;;182;114;10;07:20;07:35;Casatta - Sicina;"invernale
lunedç-sabato";8,00;16; 240 ; 1.920,00 ;FERSINA TOUR S.R.L;GA996ER;21;FR820WP;21;;;1127;CASATTA di VALFL.            ;1135;SICINA                       ;;;;;invernale feriale lu-sa;x;;x;;x;x;x;x;x;x;;;;;;;;;;;; ? 16,00 
186;;183;114;10;07:31;07:46;Casatta - Sicina;estiva feriale;8,00;16; 67 ; 536,00 ;FERSINA TOUR S.R.L;GA996ER;21;FR820WP;21;;;1127;CASATTA di VALFL.            ;1135;SICINA                       ;;;;;estiva feriale lu-sa;;x;x;;x;x;x;x;x;x;;;;;;;;;;;; ? 16,00 
187;;184;114;9;07:40;08:10;Sicina - Casatta;"invernale
lunedç-sabato";8,00;16; 240 ; 1.920,00 ;FERSINA TOUR S.R.L;GA996ER;21;FR820WP;21;;;1135;SICINA                       ;1127;CASATTA di VALFL.            ;;;;;invernale feriale lu-sa;x;;x;;x;x;x;x;x;x;;;;;;;;;;;; ? 16,00 
188;;185;114;9;07:46;08:16;Sicina - Casatta;estiva feriale;8,00;16; 67 ; 536,00 ;FERSINA TOUR S.R.L;GA996ER;21;FR820WP;21;;;1135;SICINA                       ;1127;CASATTA di VALFL.            ;;;;;estiva feriale lu-sa;;x;x;;x;x;x;x;x;x;;;;;;;;;;;; ? 16,00 
189;;186;114;12;11:40;11:55;Casatta - Sicina;"estiva feriale 
dal lunedç al venerdç";8,00;16; 55 ; 440,00 ;FERSINA TOUR S.R.L;GA996ER;21;FR820WP;21;;;1127;CASATTA di VALFL.            ;1135;SICINA                       ;;;;;estiva feriale lu-ve;;x;x;;x;x;x;x;x;;;;;;;;;;;;; ? 16,00 
190;;187;114;12;11:45;12:00;Casatta - Sicina;"invernale
lunedç-sabato";8,00;16; 240 ; 1.920,00 ;FERSINA TOUR S.R.L;GA996ER;21;FR820WP;21;;;1127;CASATTA di VALFL.            ;1135;SICINA                       ;;;;;invernale feriale lu-sa;x;;x;;x;x;x;x;x;x;;;;;;;;;;;; ? 16,00 
191;;188;114;11;12:05;12:30;Sicina - Casatta;"invernale
lunedç-sabato";8,00;16; 240 ; 1.920,00 ;FERSINA TOUR S.R.L;GA996ER;21;FR820WP;21;;;1135;SICINA                       ;1127;CASATTA di VALFL.            ;;;;;invernale feriale lu-sa;x;;x;;x;x;x;x;x;x;;;;;;;;;;;; ? 16,00 
192;;189;114;11;12:05;12:35;Sicina - Casatta;"estiva feriale 
dal lunedç al venerdç";8,00;16; 55 ; 440,00 ;FERSINA TOUR S.R.L;GA996ER;21;FR820WP;21;;;1135;SICINA                       ;1127;CASATTA di VALFL.            ;;;;;estiva feriale lu-ve;;x;x;;x;x;x;x;x;;;;;;;;;;;;; ? 16,00 
193;;190;114;14;13:12;13:33;Casatta - Sicina;estiva feriale;8,00;16; 67 ; 536,00 ;FERSINA TOUR S.R.L;GA996ER;21;FR820WP;21;;;1127;CASATTA di VALFL.            ;1135;SICINA                       ;;;;;estiva feriale lu-sa;;x;x;;x;x;x;x;x;x;;;;;;;;;;;; ? 16,00 
194;;191;114;14;13:12;13:33;Casatta - Sicina;"invernale
lunedç-sabato";8,00;16; 240 ; 1.920,00 ;FERSINA TOUR S.R.L;GA996ER;21;FR820WP;21;;;1127;CASATTA di VALFL.            ;1135;SICINA                       ;;;;;invernale feriale lu-sa;x;;x;;x;x;x;x;x;x;;;;;;;;;;;; ? 16,00 
195;;192;114;13;13:33;13:45;Sicina - Casatta;estiva feriale ;8,00;16; 67 ; 536,00 ;FERSINA TOUR S.R.L;GA996ER;21;FR820WP;21;;;1135;SICINA                       ;1127;CASATTA di VALFL.            ;;;;;estiva feriale lu-sa;;x;x;;x;x;x;x;x;x;;;;;;;;;;;; ? 16,00 
196;;193;114;13;13:33;13:48;Sicina - Casatta - Pradel ;"invernale
lunedç-sabato";10,00;16; 240 ; 2.400,00 ;FERSINA TOUR S.R.L;GA996ER;21;FR820WP;21;;;1135;SICINA                       ;1136;Pradel                       ;;;;;invernale feriale lu-sa;x;;x;;x;x;x;x;x;x;;;;;;;;;;;; ? 20,00 
197;;194;114;16;14:08;14:23;Casatta - Sicina;"scolastica 
da lunedç a venerdç";8,00;16; 174 ; 1.392,00 ;FERSINA TOUR S.R.L;GA996ER;21;FR820WP;21;;;1127;CASATTA di VALFL.            ;1135;SICINA                       ;;;;;scolastica lu-ve;;;;x;x;x;x;x;x;;;;;;;;;;;;; ? 16,00 
198;;195;114;18;17:27;17:57;Casatta - Sicina;"invernale
lunedç-sabato";8,00;16; 240 ; 1.920,00 ;FERSINA TOUR S.R.L;GA996ER;21;FR820WP;21;;;1127;CASATTA di VALFL.            ;1135;SICINA                       ;;;;;invernale feriale lu-sa;x;;x;;x;x;x;x;x;x;;;;;;;;;;;; ? 16,00 
199;;196;114;18;17:27;17:57;Casatta - Sicina;estiva feriale;8,00;16; 67 ; 536,00 ;FERSINA TOUR S.R.L;GA996ER;21;FR820WP;21;;;1127;CASATTA di VALFL.            ;1135;SICINA                       ;;;;;estiva feriale lu-sa;;x;x;;x;x;x;x;x;x;;;;;;;;;;;; ? 16,00 
200;;197;114;17;18:00;18:15;Sicina - Casatta;"invernale
lunedç-sabato";8,00;16; 240 ; 1.920,00 ;FERSINA TOUR S.R.L;GA996ER;21;FR820WP;21;;;1135;SICINA                       ;1127;CASATTA di VALFL.            ;;;;;invernale feriale lu-sa;x;;x;;x;x;x;x;x;x;;;;;;;;;;;; ? 16,00 
201;;198;114;17;18:00;18:15;Sicina - Casatta;estiva feriale;8,00;16; 67 ; 536,00 ;FERSINA TOUR S.R.L;GA996ER;21;FR820WP;21;;;1135;SICINA                       ;1127;CASATTA di VALFL.            ;;;;;estiva feriale lu-sa;;x;x;;x;x;x;x;x;x;;;;;;;;;;;; ? 16,00 
202;;199;115;381;06:55;07:25;Fornace - Civezzano 7.11 - Pergine;"scolastica 
da lunedç a sabato";15,00;50; 208 ; 3.120,00 ;AUTONOLEGGI VISINTAINER di VISINTAINER FRANCESCO;FX671LT;30;EX931HC;20;FN583MX;23;1111;FORNACE                      ;  4100CI;PERGINE (C.Intermodale)      ;;;;;scolastica lu-sa;;;;x;x;x;x;x;x;x;;;;;;;;;;;; ? 104,80 
203;;200;115;436;07:05;07:28;Civezzano Ist. De Carneri - 7:12 Civezzano-Pergine V.;"scolastica 
da lunedç a venerdç";7,00;29; 174 ; 1.218,00 ;AUTONOLEGGI VISINTAINER di VISINTAINER FRANCESCO;FF721CS;35;EX931HC;20;FN583MX;23;  1100OX;Civezzano Scuola Media       ;  4100RR;PERGINE V. (P.Gavazzi);;;;;scolastica lu-ve;;;;x;x;x;x;x;x;;;;;;;;;;;;; ? 57,13 
204;;201;115;434;08:33;08:57;Civezzano Ist. De Carneri - Civezzano-Pergine V.;"invernale
lunedç-sabato";9;19; 240 ; 2.160,00 ;AUTONOLEGGI VISINTAINER di VISINTAINER FRANCESCO;FF721CS;35;EX931HC;20;FN583MX;23;1100OX;Civezzano Scuola Media;4100CI;PERGINE V. Intermodale        ;;;;;invernale feriale lu-sa;x;;x;;x;x;x;x;x;x;;;;;;;;;;;; ? 19,80 
205;;202;115;431;11:20;12:05;Pergine-Civezzano-Bosco;"invernale
lunedç-sabato";19;19; 240 ; 4.560,00 ;ITALBUS S.N.C. DI CASAGRANDE ARMANDO E CHRISTIAN & C.;EV877GJ;21;EJ873ZA;23;;;  4100CI;PERGINE (C.Intermodale)      ;1106;BOSCO di CIVEZZANO           ;;;;;invernale feriale lu-sa;x;;x;;x;x;x;x;x;x;;;;;;;;;;;; ? 44,98 
206;;203;115;489;12:32;12:47;Pergine - Civezzano;"scolastica 
sabato";7,00;50; 34 ; 238,00 ;AUTONOLEGGI VISINTAINER di VISINTAINER FRANCESCO;FX671LT + FR784WP;30 + 21;FF721CS;35;FN583MX;23;  4100CI;PERGINE (C.Intermodale)      ;1100;CIVEZZANO                    ;;;;;scolastica sab;;;;x;;;;;;x;;;;;;;;;;;; ? 64,01 
207;;204;115;435;13:20;13:35;Pergine - Civezzano;"scolastica 
da lunedç a venerdç";7,00;50; 174 ; 1.218,00 ;AUTONOLEGGI VISINTAINER di VISINTAINER FRANCESCO;FX671LT + FR784WP;30 + 21;FF721CS;35;FN583MX;23;  4100CI;PERGINE (C.Intermodale)      ;1100;CIVEZZANO                    ;;;;;scolastica lu-ve;;;;x;x;x;x;x;x;;;;;;;;;;;;; ? 64,01 
208;;205;116;215;06:49;07:04;S.Agnese-Civezzano;"scolastica 
da lunedç a venerdç";5,00;29; 174 ; 870,00 ;AUTONOLEGGI VISINTAINER di VISINTAINER FRANCESCO;FF721CS;35;EX931HC;20;FN583MX;23;1105;S.AGNESE                     ;  1100SR;Civezzano (Quadrivio )       ;;;;;scolastica lu-ve;;;;x;x;x;x;x;x;;;;;;;;;;;;; ? 30,00 
209;;206;116;217;09:00;09:50;Penedallo-Bosco-Civezzano-Trento;"estiva feriale 
dal lunedç al venerdç";22;19; 55 ; 1.210,00 ;ITALBUS S.N.C. DI CASAGRANDE ARMANDO E CHRISTIAN & C.;EV877GJ;21;EJ873ZA;23;;;1106;BOSCO di CIVEZZANO           ;1;TRENTO (Autostaz.)         ;;;;;estiva feriale lu-ve;;x;x;;x;x;x;x;x;;;;;;;;;;;;; ? 52,09 
210;;207;116;224;10:40;11:10;Civezzano-Bosco;"Estiva
lunedç-sabato";11,00;30; 67 ; 737,00 ;AUTONOLEGGI VISINTAINER di VISINTAINER FRANCESCO;FF721CS;35;FN583MX;23;FR784WP;21;1100;CIVEZZANO                    ;1106;BOSCO di CIVEZZANO           ;;;;;estiva feriale lu-sa;;x;x;;x;x;x;x;x;x;;;;;;;;;;;; ? 24,20 
211;;208;116;327;11:15;11:35;Bosco-Civezzano;"Estiva
lunedç-sabato";9,00;30; 67 ; 603,00 ;AUTONOLEGGI VISINTAINER di VISINTAINER FRANCESCO;FF721CS;35;FN583MX;23;FR784WP;21;1106;BOSCO di CIVEZZANO           ;1100;CIVEZZANO                    ;;;;;estiva feriale lu-sa;;x;x;;x;x;x;x;x;x;;;;;;;;;;;; ? 19,80 
212;;209;116;242;11:36;12:05;Civezzano-Bosco;estiva feriale;11;30; 67 ; 737,00 ;AUTONOLEGGI VISINTAINER di VISINTAINER FRANCESCO;FF721CS;35;FN583MX;23;FR784WP;21;1100;CIVEZZANO                    ;1106;BOSCO di CIVEZZANO           ;;;;;estiva feriale lu-sa;;x;x;;x;x;x;x;x;x;;;;;;;;;;;; ? 22,00 
213;;210;116;117;16:40;17:00;Bosco-Civezzano;"estiva feriale 
dal lunedç al venerdç";11;19; 55 ; 605,00 ;ITALBUS S.N.C. DI CASAGRANDE ARMANDO E CHRISTIAN & C.;EV877GJ;21;EJ873ZA;23;;;1106;BOSCO di CIVEZZANO           ;1100;CIVEZZANO                    ;;;;;estiva feriale lu-ve;;x;x;;x;x;x;x;x;;;;;;;;;;;;; ? 26,04 
214;;211;116;246;17:01;17:30;Civezzano-Bosco;"estiva feriale 
dal lunedç al venerdç";11;19; 55 ; 605,00 ;ITALBUS S.N.C. DI CASAGRANDE ARMANDO E CHRISTIAN & C.;EV877GJ;21;EJ873ZA;23;;;1100;CIVEZZANO                    ;1106;BOSCO di CIVEZZANO           ;;;;;estiva feriale lu-ve;;x;x;;x;x;x;x;x;;;;;;;;;;;;; ? 26,04 
215;;212;116;236;18:01;18:30;Civezzano-Bosco;"feriale 
da lunedç a venerdç";11;19; 252 ; 2.772,00 ;ITALBUS S.N.C. DI CASAGRANDE ARMANDO E CHRISTIAN & C.;EV877GJ;21;EJ873ZA;23;;;1100;CIVEZZANO                    ;1106;BOSCO di CIVEZZANO           ;;;;;annuale feriale lu-ve;x;x;x;;x;x;x;x;x;;;;;;;;;;;;; ? 26,04 
216;;213;116;123;18:35;18:54;Bosco-Civezzano;"feriale 
da lunedç a venerdç";11;19; 252 ; 2.772,00 ;ITALBUS S.N.C. DI CASAGRANDE ARMANDO E CHRISTIAN & C.;EV877GJ;21;EJ873ZA;23;;;1106;BOSCO di CIVEZZANO           ;1100;CIVEZZANO                    ;;;;;annuale feriale lu-ve;x;x;x;;x;x;x;x;x;;;;;;;;;;;;; ? 26,04 
217;;214;116;248;19:51;20:20;Civezzano-Bosco;feriale;11;19; 304 ; 3.344,00 ;ITALBUS S.N.C. DI CASAGRANDE ARMANDO E CHRISTIAN & C.;EV877GJ;21;EJ873ZA;23;;;1100;CIVEZZANO                    ;1106;BOSCO di CIVEZZANO           ;;;;;annuale feriale lu-sa;x;x;x;;x;x;x;x;x;x;;;;;;;;;;;; ? 26,04 
218;;215;121;70;06:00;06:10;Montesover - Sover;"invernale
lunedç-sabato";5,50;22; 240 ; 1.320,00 ;GROFF TOUR DI TATTI CARLA;GE457VX;9;FR981TK;18;;;4070;MONTESOVER                   ;1122;SOVER                        ;;;;;invernale feriale lu-sa;x;;x;;x;x;x;x;x;x;;;;;;;;;;;; ? 28,38 
219;;216;121;72;06:20;06:30;Montesover - Sover;estiva feriale;5,50;22; 67 ; 368,50 ;GROFF TOUR DI TATTI CARLA;GE457VX;9;FR981TK;18;;;4070;MONTESOVER                   ;1122;SOVER                        ;;;;;estiva feriale lu-sa;;x;x;;x;x;x;x;x;x;;;;;;;;;;;; ? 28,38 
220;;217;121;173;06:27;06:31;Facendi  - Sveseri Bivio;"scolastica 
da lunedç a sabato";1,50;22; 208 ; 312,00 ;GROFF TOUR DI TATTI CARLA;GE457VX;9;FR981TK;18;;;  1123SA;Facendi V.S.Antonio(Capitello);1125;Sveseri  Bivio               ;;;;;scolastica lu-sa;;;;x;x;x;x;x;x;x;;;;;;;;;;;; ? 20,30 
221;;218;121;72;06:40;06:50;Montesover - Sover;"invernale
lunedç-sabato";5,50;22; 240 ; 1.320,00 ;GROFF TOUR DI TATTI CARLA;GE457VX;9;FR981TK;18;;;4070;MONTESOVER                   ;1122;SOVER                        ;;;;;invernale feriale lu-sa;x;;x;;x;x;x;x;x;x;;;;;;;;;;;; ? 28,38 
222;;219;121;65;07:05;07:15;Sover - Montesover;feriale;5,50;22; 304 ; 1.672,00 ;GROFF TOUR DI TATTI CARLA;GE457VX;9;FR981TK;18;;;1122;SOVER                        ;4070;MONTESOVER                   ;;;;;annuale feriale lu-sa;x;x;x;;x;x;x;x;x;x;;;;;;;;;;;; ? 28,38 
223;;220;121;74;13:10;13:20;Montesover - Sover;"invernale
lunedç-sabato";5,50;22; 240 ; 1.320,00 ;GROFF TOUR DI TATTI CARLA;FR981TK;18;GE457VX;9;;;4070;MONTESOVER                   ;1122;SOVER                        ;;;;;invernale feriale lu-sa;x;;x;;x;x;x;x;x;x;;;;;;;;;;;; ? 28,38 
224;;221;121;74;13:20;13:30;Montesover - Sover;estiva feriale;5,50;22; 67 ; 368,50 ;GROFF TOUR DI TATTI CARLA;FR981TK;18;GE457VX;9;;;4070;MONTESOVER                   ;1122;SOVER                        ;;;;;estiva feriale lu-sa;;x;x;;x;x;x;x;x;x;;;;;;;;;;;; ? 28,38 
225;;222;121;67;13:35;13:45;Sover - Montesover;feriale;5,50;22; 304 ; 1.672,00 ;GROFF TOUR DI TATTI CARLA;FR981TK;18;GE457VX;9;;;1122;SOVER                        ;4070;MONTESOVER                   ;;;;;annuale feriale lu-sa;x;x;x;;x;x;x;x;x;x;;;;;;;;;;;; ? 28,38 
226;;223;121;67;13:45;13:55;Montesover- Gabard (prolungamento c.sa 67);"scolastica 
solo venerdç ";4,00;22; 36 ; 144,00 ;GROFF TOUR DI TATTI CARLA;FR981TK;18;GE457VX;9;;;4070;MONTESOVER                   ;  4060MG;Brusago (Maso Gabart)        ;;;;;scolastica ve;;;;x;;;;;x;;;;;;;;;;;;; ? 10,33 
227;;224;121;67;13:55;14:13;Maso Gabard-Rizzolaga-Baselga;scolastica venerdç;12,40;9; 36 ; 446,40 ;GROFF TOUR DI TATTI CARLA;FR981TK;18;GE457VX;9;;;  4060MG;Brusago (Maso Gabart)        ;  4025UP;BASELGA P. (Municipio)       ;;;;;scolastica ve;;;;x;;;;;x;;;;;;;;;;;;; ? 25,20 
228;;225;121;437;14:28;14:35;Sover - Montesover;"scolastica 
da lunedç a sabato";5,50;22; 208 ; 1.144,00 ;GROFF TOUR DI TATTI CARLA;FR981TK;18;GE457VX;9;;;1122;SOVER                        ;4070;MONTESOVER                   ;;;;;scolastica lu-sa;;;;x;x;x;x;x;x;x;;;;;;;;;;;; ? 14,58 
229;;226;121;707;16:20;16:30;Sover-Montesover                                        ;"scolastica 
da lunedç a giovedç";5,50;19; 137 ; 753,50 ;GROFF TOUR DI TATTI CARLA;FR981TK;18;GE457VX;9;;;1122;SOVER                        ;4070;MONTESOVER                   ;;;;;scolastica lu, ma, me, gio;;;;x;x;x;x;x;;;;;;;;;;;;;; ? 11,00 
230;;227;121;69;17:45;17:55;Sover - Montesover;feriale;5,50;22; 304 ; 1.672,00 ;GROFF TOUR DI TATTI CARLA;FR981TK;18;GE457VX;9;;;1122;SOVER                        ;4070;MONTESOVER                   ;;;;;annuale feriale lu-sa;x;x;x;;x;x;x;x;x;x;;;;;;;;;;;; ? 17,70 
231;;228;121;112;18:21;18:25;Sveseri Bivio - Facendi ;"scolastica 
da lunedç a venerdç";1,50;22; 174 ; 261,00 ;GROFF TOUR DI TATTI CARLA;GE457VX;9;FR981TK;18;;;1125;Sveseri  Bivio               ;  1123SA;Facendi V.S.Antonio(Capitello);;;;;scolastica lu-ve;;;;x;x;x;x;x;x;;;;;;;;;;;;; ? 10,00 
232;;229;122;23;06:50;07:03;Bellamonte - Predazzo;"scolastica 
da lunedç a sabato";6,10;8; 208 ; 1.268,80 ;DOLOMITI RENT A CAR S.N.C. DI ROMOR MARSHA & C.;FE926YK;21;FT217LV;24;FG962XM (Giacomelli);24;  1221HT;Bellamonte (H.Torretta)      ;1220;PREDAZZO (Autostaz.)         ;;;;;scolastica lu-sa;;;;x;x;x;x;x;x;x;;;;;;;;;;;; ? 20,00 
233;;230;122;920;07:20;07:55;Castellir - Bellamonte-Predazzo;"scolastica 
da lunedç a sabato";10,00;20; 208 ; 2.080,00 ;DOLOMITI RENT A CAR S.N.C. DI ROMOR MARSHA & C.;FE926YK;21;FT217LV;24;FG962XM (Giacomelli);24;  1221CS;Castelir di Bellamonte       ;  1220SM;Predazzo - Scuole Medie      ;;;;;scolastica lu-sa;;;;x;x;x;x;x;x;x;;;;;;;;;;;; ? 45,81 
234;;231;122;924;13:05;13:25;Predazzo-Bellamonte - Castellir;"scolastica 
da lunedç a sabato";10,00;20; 208 ; 2.080,00 ;DOLOMITI RENT A CAR S.N.C. DI ROMOR MARSHA & C.;FE926YK;21;FT217LV;24;FG962XM (Giacomelli);24;  1220SC;Predazzo(C.so Degasperi)     ;  1221CS;Castelir di Bellamonte       ;;;;;scolastica lu-sa;;;;x;x;x;x;x;x;x;;;;;;;;;;;; ? 45,80 
235;;232;122;926;14:05;14:25;Bellamonte - Predazzo sc.;"scolastica
mar+gio";10,00;19; 68 ; 680,00 ;DOLOMITI RENT A CAR S.N.C. DI ROMOR MARSHA & C.;FE926YK;21;FT217LV;24;FG962XM (Giacomelli);24;  1221CS;Castelir di Bellamonte       ;  1220SC;Predazzo(C.so Degasperi)     ;;;;;scolastica ma, gio;;;;x;;x;;x;;;;;;;;;;;;;; ? 20,00 
236;;233;122;927;16:35;16:55;Predazzo sc.-Bellamonte;"scolastica
mar+gio";10,00;19; 68 ; 680,00 ;DOLOMITI RENT A CAR S.N.C. DI ROMOR MARSHA & C.;FT217LV;24;FE926YK;21;FG962XM (Giacomelli);24;  1220SC;Predazzo(C.so Degasperi)     ;  1221CS;Castelir di Bellamonte       ;;;;;scolastica ma, gio;;;;x;;x;;x;;;;;;;;;;;;;; ? 20,00 
237;;234;123;1;07:35;08:10;Falcade - Moena;"feriale invernale 
lun-ven-sab e gg. pre e postfest.
(non si effettua nel periodo di effettuazione 20 dic-fine marzo))";22,00;19; 25 ; 550,00 ;DESILVESTRO TAXI E VIAGGI SRL; GC807JF;20;FY240VT FR993WP;9+7;;;1255;FALCADE                      ;  1250AT;Moena (Albergo Trentino)     ;;16/12/2022;19/03/2023;;invernale feriale lu, ve, sab + prefest + postfest (eccetto intensificazione linea 123);x;;x;;x;;;;x;x;;x;;x;;;;;;;; ? 61,98 
238;;235;123;1;07:35;08:10;Falcade - Moena;"invernale feriale 
da lunedç a sabato 
(periodo intensificazione circa 20 dic- fine marzo)";22,00;29; 83 ; 1.826,00 ;DESILVESTRO TAXI E VIAGGI SRL;FZ047KX;23;GC807JF FR993WP;20+7;;;1255;FALCADE                      ;  1250AT;Moena (Albergo Trentino)     ;17/12/2022;18/03/2023;;;invernale feriale lu-sa (in intensificazione linea 123);x;;x;;x;x;x;x;x;x;;;;;;;;;;;; ? 78,87 
239;;236;123;6;17:00;17:35;Moena - Falcade;"feriale invernale 
lun-ven-sab e gg. pre e postfest.
(non si effettua nel periodo di effettuazione 20 dic-fine marzo))";22,00;19; 25 ; 550,00 ;DESILVESTRO TAXI E VIAGGI SRL;GC807JF;20;FY240VT FR993WP;9+7;;;  1250AT;Moena (Albergo Trentino)     ;1255;FALCADE                      ;;16/12/2022;19/03/2023;;invernale feriale lu, ve, sab + prefest + postfest (eccetto intensificazione linea 123);x;;x;;x;;;;x;x;;x;;x;;;;;;;; ? 61,98 
240;;237;123;6;17:00;17:35;Moena - Falcade;"invernale feriale 
da lunedç a sabato 
(periodo intensificazione circa 20 dic- fine marzo)";22,00;29; 83 ; 1.826,00 ;DESILVESTRO TAXI E VIAGGI SRL;FZ047KX;29;GC807JF FR993WP;20+7;;;  1250AT;Moena (Albergo Trentino)     ;1255;FALCADE                      ;17/12/2022;18/03/2023;;;invernale feriale lu-sa (in intensificazione linea 123);x;;x;;x;x;x;x;x;x;;;;;;;;;;;; ? 78,87 
241;;238;124;655;06:05;07:30;Masi di Imer - Pozza di fassa;"scolastica 
solo lunedç e postfest.";65,50;29; 36 ; 2.358,00 ;HOTEL AL BIVIO SRL;FB913BJ;8;FZ987BE;21;GA701ER;8;  5111RR;Masi di Imer;1300;POZZA DI FASSA               ;;;;;scolastica lu + postfest;;;;x;x;;;;;;;x;;;;;;;;;; ? 205,87 
242;;239;124;654;14:00;15:35;Pozza Fassa-Predazzo-P.so Rolle-Fiera P.-Imer;"Scolastica
venerdç+prefest. infrasett.";65,50;29; 39 ; 2.554,50 ;HOTEL AL BIVIO SRL;GA701ER;8;FZ987BE;21;FB913BJ;8;1300;POZZA DI FASSA               ;5111;Masi di Imer;;;;;scolastica ve + prefest lu-ve;;;;x;;;;;x;;;;;x;;;;;;;; ? 196,50 
243;;240;132;642;09:40;10:10;Valcava - Segonzano - Cembra;"feriale 
solo mercoledç";17,00;20; 52 ; 884,00 ;ZAMPEDRI STEFANO ;FE022HG;21;ER812KZ;21;EV877GJ (ditta Italbus);21;1121;VALCAVA                      ;  1078RR;Cembra           ;;;;;annuale feriale me;x;x;x;;;;x;;;;;;;;;;;;;;; ? 62,32 
244;;241;132;647;11:50;12:20;Cembra - Segonzano - Valcava;"feriale 
solo mercoledç";17,00;20; 52 ; 884,00 ;ZAMPEDRI STEFANO ;FE022HG;21;ER812KZ;21;EV877GJ (ditta Italbus);21;  1078RR;CEMBRA;1121;VALCAVA                      ;;;;;annuale feriale me;x;x;x;;;;x;;;;;;;;;;;;;;; ? 62,32 
245;;242;132;643;12:35;13:02;S.Michele - Cembra;"scolastica 
solo giorno di sabato";20,00;41; 34 ; 680,00 ;MONAUNI CARLO S.N.C. DI MONAUNI GERARDO E C. ;EX037JY;46;FE091HG;47;FA981GW (Planchel);45;  0954IA;S.Michele a/A.- Ist. Agrario ;1078;Cembra           ;;;;;scolastica sab;;;;x;;;;;;x;;;;;;;;;;;; ? 105,73 
246;;243;132;643;13:02;13:17;Cembra - Scancio di Segonzano;"scolastica 
sabato";9,00;41; 34 ; 306,00 ;MONAUNI CARLO S.N.C. DI MONAUNI GERARDO E C. ;EX037JY;46;FE091HG;47;;;  1078RR;CEMBRA;1118;SCANCIO SEGONZANO            ;;;;;scolastica sab;;;;x;;;;;;x;;;;;;;;;;;; ? 47,58 
247;;244;132;643;13:17;13:20;"Scancio di Segonzano-Sevignano
prolungamento  c.sa Cembra-Scancio";"scolastica 
sabato";2,00;41; 34 ; 68,00 ;MONAUNI CARLO S.N.C. DI MONAUNI GERARDO E C. ;EX037JY;46;FE091HG;47;;;1118;SCANCIO SEGONZANO            ;1115;Sevignano                    ;;;;;scolastica sab;;;;x;;;;;;x;;;;;;;;;;;; ? 10,57 
248;;245;132;641;13:35;14:02;S.Michele - Cembra;"scolastica 
da lunedç a venerdç";20,00;41; 174 ; 3.480,00 ;MONAUNI CARLO S.N.C. DI MONAUNI GERARDO E C. ;EX037JY;46;FE091HG;47;FA981GW (Planchel);45;  0954IA;S.Michele a/A.- Ist. Agrario ;1078;Cembra           ;;;;;scolastica lu-ve;;;;x;x;x;x;x;x;;;;;;;;;;;;; ? 165,99 
249;;246;132;641;14:02;14:16;Cembra - Scancio di Segonzano - Sevignano;"scolastica 
da lunedç a venerdç";11,00;41; 174 ; 1.914,00 ;MONAUNI CARLO S.N.C. DI MONAUNI GERARDO E C. ;EX037JY;46;FE091HG;47;FN568MX;9;  1078RR;CEMBRA;1115;Sevignano                    ;;;;;scolastica lu-ve;;;;x;x;x;x;x;x;;;;;;;;;;;;; ? 33,00 
250;;247;135;640;07:05;07:29;"Capriana-Grumese - Valda 
(prolungamento c.sa per S.Michele)";"scolastica 
da lunedç a venerdç";14,50;41; 174 ; 2.523,00 ;MONAUNI CARLO S.N.C. DI MONAUNI GERARDO E C. ;EX037JY;46;FA981GW (Planchel);45;;;1084;CAPRIANA                     ;1080;Valda                        ;;;;;scolastica lu-ve;;;;x;x;x;x;x;x;;;;;;;;;;;;; ? 55,34 
251;;248;135;640;07:05;07:29;"Capriana-Grumes-Valda
(prolungamento c.sa per S.Michele)";"scolastica
sabato";14,50;19; 34 ; 493,00 ;MONAUNI CARLO S.N.C. DI MONAUNI GERARDO E C. ;EX037JY;46;FA981GW (Planchel);45;;;1084;CAPRIANA                     ;1080;Valda                        ;;;;;scolastica sab;;;;x;;;;;;x;;;;;;;;;;;; ? 36,60 
252;;249;201;59;06:36;07:22;Ponte Arche - Trento (corsa bis);"scolastica 
solo lunedç e posfest.";31,00;56; 36 ; 1.116,00 ;SRT S.R.L.;GJ981MK;55+30;EV936EW (Sarcatour);61;FK791WG (Sarcatour);55;2180;PONTE ARCHE (Autost.)        ;1;TRENTO (Autostaz.)         ;;;;;scolastica lu + postfest;;;;x;x;;;;;;;x;;;;;;;;;; ? 173,55 
253;;250;201;59;06:36;07:22;Ponte Arche-Trento;"scolastica 
da martedç a venerdç 
(esclusi giorni postfest.)";30,00;50; 141 ; 4.230,00 ;SRT S.R.L.;GJ981MK;55+30;EV936EW (Sarcatour);61;FK791WG (Sarcatour);55;2180;PONTE ARCHE (Autost.)        ;1;TRENTO (Autostaz.)         ;;;;;scolastica ma, me, gio, ve (no postfest);;;;x;;x;x;x;x;;;;x;;;;;;;;; ? 90,00 
254;;251;201;251;07:09;08:17;Tione-Trento;"invernale
lunedç-sabato";44;50; 240 ; 10.560,00 ;TRENTINOBUS SRL;FH993YZ;61;EZ866DM;58;DZ957SD;65;2290;TIONE (Autostazione)         ;1;TRENTO (Autostaz.)         ;;;;;invernale feriale lu-sa;x;;x;;x;x;x;x;x;x;;;;;;;;;;;; ? 132,00 
255;NUOVA;252;201;279;07:46;08:04;Tione-P.Arche;"Invernale 
festiva";15;50; 47 ; 705,00 ;AUTONOLEGGI FILIPPI S.R.L. UNIPERSONALE;FN113MX;57;FF887CS;57;GK228BZ (TN Service) GL551LP;57 37;2290;TIONE (Autostazione)         ;2180;PONTE ARCHE (Autost.)        ;;;;;invernale festiva;x;;;;;;;;;;x;;;;;;;;;;; ? 45,00 
256;NUOVA;253;201;518;08:34;08:52;P.Arche-Tione;"invernale
lunedç-sabato";15;50; 240 ; 3.600,00 ;AUTONOLEGGI FILIPPI S.R.L. UNIPERSONALE;FN113MX;57;FF887CS;57;GK228BZ (TN Service) GL551LP;57 37;2180;PONTE ARCHE (Autost.)        ;2290;TIONE (Autostazione)         ;;;;;invernale feriale lu-sa;x;;x;;x;x;x;x;x;x;;;;;;;;;;;; ? 45,00 
257;NUOVA;254;201;518;08:34;08:52;P.Arche-Tione;"Invernale 
festiva";15;50; 47 ; 705,00 ;AUTONOLEGGI FILIPPI S.R.L. UNIPERSONALE;FN113MX;57;FF887CS;57;GK228BZ (TN Service) GL551LP;57 37;2180;PONTE ARCHE (Autost.)        ;2290;TIONE (Autostazione)         ;;;;;invernale festiva;x;;;;;;;;;;x;;;;;;;;;;; ? 45,00 
258;km corretti da capitolato;255;201;230;08:50;09:59;Trento-Tione;"invernale
lunedç-sabato";44;50; 240 ; 10.560,00 ;TRENTINOBUS SRL;FH993YZ;61;EZ866DM;58;DZ957SD;65;1;TRENTO   (Autostaz.)         ;2290;TIONE (Autostazione)         ;;;;;invernale feriale lu-sa;x;;x;;x;x;x;x;x;x;;;;;;;;;;;; ? 132,00 
259;NUOVA;256;201;351;09:00;09:18;Tione-P.Arche;"invernale
lunedç-sabato";15;50; 240 ; 3.600,00 ;AUTONOLEGGI FILIPPI S.R.L. UNIPERSONALE;FN113MX;57;FF887CS;57;GK228BZ (TN Service) GL551LP;57 37;2290;TIONE (Autostazione)         ;2180;PONTE ARCHE (Autost.)        ;;;;;invernale feriale lu-sa;x;;x;;x;x;x;x;x;x;;;;;;;;;;;; ? 45,00 
260;NUOVA;257;201;351;09:00;09:18;Tione-P.Arche;"Invernale 
festiva";15;50; 47 ; 705,00 ;AUTONOLEGGI FILIPPI S.R.L. UNIPERSONALE;FN113MX;57;FF887CS;57;GK228BZ (TN Service) GL551LP;57 37;2290;TIONE (Autostazione)         ;2180;PONTE ARCHE (Autost.)        ;;;;;invernale festiva;x;;;;;;;;;;x;;;;;;;;;;; ? 45,00 
261;NUOVA;258;201;520;09:34;09:52;P.Arche-Tione;"invernale
lunedç-sabato";15;50; 240 ; 3.600,00 ;AUTONOLEGGI FILIPPI S.R.L. UNIPERSONALE;FN113MX;57;FF887CS;57;GK228BZ (TN Service) GL551LP;57 37;2180;PONTE ARCHE (Autost.)        ;2290;TIONE (Autostazione)         ;;;;;invernale feriale lu-sa;x;;x;;x;x;x;x;x;x;;;;;;;;;;;; ? 45,00 
262;bacino 2 estate 2021;259;201;65;10:00;10:18;Tione-P.Arche;"festiva 
estiva";16;50; 13 ; 208,00 ;SOLETANA VIAGGI S.R.L.;GH779KX;58;FJ863YE;56;;;2290;TIONE (Autostazione)         ;2180;PONTE ARCHE (Autost.)        ;;;;;estiva festiva;;x;;;;;;;;;x;;;;;;;;;;; ? 45,07 
263;NUOVA;260;201;65;10:00;10:18;Tione-P.Arche;"invernale
lunedç-sabato";15;50; 240 ; 3.600,00 ;AUTONOLEGGI FILIPPI S.R.L. UNIPERSONALE;FN113MX;57;FF887CS;57;GK228BZ (TN Service) GL551LP;57 37;2290;TIONE (Autostazione)         ;2180;PONTE ARCHE (Autost.)        ;;;;;invernale feriale lu-sa;x;;x;;x;x;x;x;x;x;;;;;;;;;;;; ? 45,00 
264;NUOVA;261;201;65;10:00;10:18;Tione-P.Arche;"Invernale 
festiva";15;50; 47 ; 705,00 ;AUTONOLEGGI FILIPPI S.R.L. UNIPERSONALE;FN113MX;57;FF887CS;57;GK228BZ (TN Service) GL551LP;57 37;2290;TIONE (Autostazione)         ;2180;PONTE ARCHE (Autost.)        ;;;;;invernale festiva;x;;;;;;;;;;x;;;;;;;;;;; ? 45,00 
265;NUOVA;262;201;522;10:34;10:52;P.Arche-Tione;"invernale
lunedç-sabato";15;50; 240 ; 3.600,00 ;AUTONOLEGGI FILIPPI S.R.L. UNIPERSONALE;FN113MX;57;FF887CS;57;GK228BZ (TN Service) GL551LP;57 37;2180;PONTE ARCHE (Autost.)        ;2290;TIONE (Autostazione)         ;;;;;invernale feriale lu-sa;x;;x;;x;x;x;x;x;x;;;;;;;;;;;; ? 45,00 
266;NUOVA;263;201;522;10:51;11:09;P.Arche-Tione;"Invernale 
festiva";15;50; 47 ; 705,00 ;AUTONOLEGGI FILIPPI S.R.L. UNIPERSONALE;FN113MX;57;FF887CS;57;GK228BZ (TN Service) GL551LP;57 37;2180;PONTE ARCHE (Autost.)        ;2290;TIONE (Autostazione)         ;;;;;invernale festiva;x;;;;;;;;;;x;;;;;;;;;;; ? 45,00 
267;NUOVA;264;201;353;10:59;12:57;Tione-Ragoli-Trento;"invernale
feriale sabato";44;50; 38 ; 1.672,00 ;TRENTINOBUS SRL;FZ833BE;54;CS792NG;45;FN299MX;37;2290;TIONE (Autostazione)         ;1;TRENTO (Autostaz.)         ;;;;;invernale feriale sab;x;;x;;;;;;;x;;;;;;;;;;;; ? 132,00 
268;bacino 2 estate 2021;265;201;516;11:34;11:52;P.Arche-Tione;"Estiva
lunedç-venerdç";16;50; 55 ; 880,00 ;MAESTRI AUGUSTO & C. S.N.C. ;FB997BJ;57;GH939KX;57;;;2180;PONTE ARCHE (Autost.)        ;2290;TIONE (Autostazione)         ;;;;;estiva feriale lu-ve;;x;x;;x;x;x;x;x;;;;;;;;;;;;; ? 40,76 
269;NUOVA;266;201;516;11:34;11:52;P.Arche-Tione;"invernale
lunedç-sabato";15;50; 240 ; 3.600,00 ;AUTONOLEGGI FILIPPI S.R.L. UNIPERSONALE;FN113MX;57;FF887CS;57;GK228BZ (TN Service) GL551LP;57 37;2180;PONTE ARCHE (Autost.)        ;2290;TIONE (Autostazione)         ;;;;;invernale feriale lu-sa;x;;x;;x;x;x;x;x;x;;;;;;;;;;;; ? 45,00 
270;NUOVA;267;201;524;12:06;12:24;P.Arche-Tione;"Invernale 
festiva";15;50; 47 ; 705,00 ;AUTONOLEGGI FILIPPI S.R.L. UNIPERSONALE;FN113MX;57;FF887CS;57;GK228BZ (TN Service) GL551LP;57 37;2180;PONTE ARCHE (Autost.)        ;2290;TIONE (Autostazione)         ;;;;;invernale festiva;x;;;;;;;;;;x;;;;;;;;;;; ? 45,00 
271;NUOVA;268;201;525;12:32;12:50;Tione-P.Arche;"Invernale 
festiva";15;50; 47 ; 705,00 ;AUTONOLEGGI FILIPPI S.R.L. UNIPERSONALE;FN113MX;57;FF887CS;57;GK228BZ (TN Service) GL551LP;57 37;2290;TIONE (Autostazione)         ;2180;PONTE ARCHE (Autost.)        ;;;;;invernale festiva;x;;;;;;;;;;x;;;;;;;;;;; ? 45,00 
272;;269;201;335;13:25;13:48;Tione - Ponte Arche (corsa bis);"scolastica 
solo venerdç";15,00;50; 36 ; 540,00 ;SOLETANA VIAGGI S.R.L.;GH779KX;58;FJ863YE;56;GK228BZ (Tn Service);57;2290;TIONE (Autostazione)         ;2180;PONTE ARCHE (Autost.)        ;;;;;scolastica ve;;;;x;;;;;x;;;;;;;;;;;;; ? 27,00 
273;NUOVA;270;201;529;13:27;13:45;Tione-P.Arche;"Invernale 
festiva";15;50; 47 ; 705,00 ;AUTONOLEGGI FILIPPI S.R.L. UNIPERSONALE;FN113MX;57;FF887CS;57;GK228BZ (TN Service) GL551LP;57 37;2290;TIONE (Autostazione)         ;2180;PONTE ARCHE (Autost.)        ;;;;;invernale festiva;x;;;;;;;;;;x;;;;;;;;;;; ? 45,00 
274;NUOVA;271;201;526;13:45;14:03;P.Arche-Tione;"Invernale 
festiva";15;50; 47 ; 705,00 ;AUTONOLEGGI FILIPPI S.R.L. UNIPERSONALE;FN113MX;57;FF887CS;57;GK228BZ (TN Service) GL551LP;57 37;2180;PONTE ARCHE (Autost.)        ;2290;TIONE (Autostazione)         ;;;;;invernale festiva;x;;;;;;;;;;x;;;;;;;;;;; ? 45,00 
275;;272;201;528;14:26;14:44; Ponte Arche - Tione ( corsa bis);"scolastica 
solo venerdç";15,00;55; 36 ; 540,00 ;SOLETANA VIAGGI S.R.L.;GH779KX;58;FJ863YE;56;GK228BZ (Tn Service);57;2180;PONTE ARCHE (Autost.)        ;2290;TIONE (Autostazione)         ;;;;;scolastica ve;;;;x;;;;;x;;;;;;;;;;;;; ? 27,00 
276;NUOVA;273;201;71;15:00;15:18;Tione-P.Arche;"invernale
lunedç-sabato";15;50; 240 ; 3.600,00 ;AUTONOLEGGI FILIPPI S.R.L. UNIPERSONALE;GL551LP;37;FF887CS;57;GK228BZ (TN Service);57;2290;TIONE (Autostazione)         ;2180;PONTE ARCHE (Autost.)        ;;;;;invernale feriale lu-sa;x;;x;;x;x;x;x;x;x;;;;;;;;;;;; ? 45,00 
277;NUOVA;274;201;71;15:00;15:18;Tione-P.Arche;"Invernale 
festiva";15;50; 47 ; 705,00 ;TRENTINOBUS SRL;FZ833BE;54;CS792NG;45;FN299MX;37;2290;TIONE (Autostazione)         ;2180;PONTE ARCHE (Autost.)        ;;;;;invernale festiva;x;;;;;;;;;;x;;;;;;;;;;; ? 45,00 
278;bacino 2 estate 2021;275;201;71;15:01;16:09;Tione-Trento;"festiva 
estiva";44;50; 13 ; 572,00 ;SOLETANA VIAGGI S.R.L.;FJ863YE;56;;;;;2290;TIONE (Autostazione)         ;1;TRENTO (Autostaz.)         ;;;;;estiva festiva;;x;;;;;;;;;x;;;;;;;;;;; ? 123,94 
279;NUOVA;276;201;530;15:34;15:52;P.Arche-Tione;"invernale
lunedç-sabato";15;50; 240 ; 3.600,00 ;AUTONOLEGGI FILIPPI S.R.L. UNIPERSONALE;GL551LP;37;FF887CS;57;GK228BZ (TN Service);57;2180;PONTE ARCHE (Autost.)        ;2290;TIONE (Autostazione)         ;;;;;invernale feriale lu-sa;x;;x;;x;x;x;x;x;x;;;;;;;;;;;; ? 45,00 
280;NUOVA;277;201;530;15:34;15:52;P.Arche-Tione;"Invernale 
festiva";15;50; 47 ; 705,00 ;TRENTINOBUS SRL;FZ833BE;54;CS792NG;45;FN299MX;37;2180;PONTE ARCHE (Autost.)        ;2290;TIONE (Autostazione)         ;;;;;invernale festiva;x;;;;;;;;;;x;;;;;;;;;;; ? 45,00 
281;bacino 2 estate 2021;278;201;73;17:00;17:18;Tione-P.Arche;"Estiva
lunedç-sabato";16;50; 67 ; 1.072,00 ;TRENTINOBUS SRL;FZ833BE;54;CS792NG;45;FG405XM;28;2290;TIONE (Autostazione)         ;2180;PONTE ARCHE (Autost.)        ;;;;;estiva feriale lu-sa;;x;x;;x;x;x;x;x;x;;;;;;;;;;;; ? 49,35 
282;NUOVA;279;201;73;17:05;17:23;Tione-P.Arche;"invernale
lunedç-sabato";15;50; 240 ; 3.600,00 ;MAESTRI AUGUSTO & C. S.N.C. ;FB997BJ;57;GH939KX;57;GH738AD;38;2290;TIONE (Autostazione)         ;2180;PONTE ARCHE (Autost.)        ;;;;;invernale feriale lu-sa;x;;x;;x;x;x;x;x;x;;;;;;;;;;;; ? 45,00 
283;NUOVA;280;201;73;17:05;17:23;Tione-P.Arche;"Invernale 
festiva";15;50; 47 ; 705,00 ;TRENTINOBUS SRL;FZ833BE;54;CS792NG;45;FN299MX;37;2290;TIONE (Autostazione)         ;2180;PONTE ARCHE (Autost.)        ;;;;;invernale festiva;x;;;;;;;;;;x;;;;;;;;;;; ? 45,00 
284;bacino 2 estate 2021;281;201;302;17:46;18:04;P.Arche-Tione;"festiva 
estiva";16;50; 13 ; 208,00 ;SOLETANA VIAGGI S.R.L.;GH779KX;58;FJ863YE;56;;;2180;PONTE ARCHE (Autost.)        ;2290;TIONE (Autostazione)         ;;;;;estiva festiva;;x;;;;;;;;;x;;;;;;;;;;; ? 45,07 
285;NUOVA;282;201;302;17:46;18:04;P.Arche-Tione;"Invernale 
festiva";15;50; 47 ; 705,00 ;TRENTINOBUS SRL;FZ833BE;54;CS792NG;45;FN299MX;37;2180;PONTE ARCHE (Autost.)        ;2290;TIONE (Autostazione)         ;;;;;invernale festiva;x;;;;;;;;;;x;;;;;;;;;;; ? 45,00 
286;NUOVA;283;201;77;17:59;18:17;Tione-P.Arche;"invernale
lunedç-sabato";15;50; 240 ; 3.600,00 ;MAESTRI AUGUSTO & C. S.N.C. ;FB997BJ;57;GH939KX;57;GH738AD;38;2290;TIONE (Autostazione)         ;2180;PONTE ARCHE (Autost.)        ;;;;;invernale feriale lu-sa;x;;x;;x;x;x;x;x;x;;;;;;;;;;;; ? 45,00 
287;NUOVA;284;201;308;18:39;18:57;P.Arche-Tione;"invernale
lunedç-sabato";15;50; 240 ; 3.600,00 ;MAESTRI AUGUSTO & C. S.N.C. ;FB997BJ;57;GH939KX;57;GH738AD;38;2180;PONTE ARCHE (Autost.)        ;2290;TIONE (Autostazione)         ;;;;;invernale feriale lu-sa;x;;x;;x;x;x;x;x;x;;;;;;;;;;;; ? 45,00 
288;NUOVA;285;201;527;18:59;19:17;Tione-P.Arche;"invernale
lunedç-sabato";15;50; 240 ; 3.600,00 ;MAESTRI AUGUSTO & C. S.N.C. ;FB997BJ;57;GH939KX;57;GH738AD;38;2290;TIONE (Autostazione)         ;2180;PONTE ARCHE (Autost.)        ;;;;;invernale feriale lu-sa;x;;x;;x;x;x;x;x;x;;;;;;;;;;;; ? 45,00 
289;NUOVA;286;201;527;18:59;17:17;Tione-P.Arche;"Invernale 
festiva";15;50; 47 ; 705,00 ;TRENTINOBUS SRL;FZ833BE;54;CS792NG;45;FN299MX;37;2290;TIONE (Autostazione)         ;2180;PONTE ARCHE (Autost.)        ;;;;;invernale festiva;x;;;;;;;;;;x;;;;;;;;;;; ? 45,00 
290;Eliminata dall'inizio (Sarcatour);287;201;438;19:55;20:28;Sarche - Ponte Arche - Tione;"invernale
da lunedç a venerdç";27,00;19;; -   ;NULLA;;;;;;;;;;;;;;;;;;;;;;;;;;;;;;;;;;;;;
291;;288;202;306;08:30;09:45;Trento-Lagolo;"festiva 
estiva";35;30; 13 ; 455,00 ;PERINI FRANCO ;FV524FA;37;FF182VP;45;GG613WS;21;1;TRENTO   (Autostaz.)         ;2670;LAGOLO                       ;;;;;estiva festiva;;x;;;;;;;;;x;;;;;;;;;;; ? 86,27 
292;;289;202;210;08:45;09:00;Lasino-Lagolo;"estiva
lun-mer-gio";10,00;19; 33 ; 330,00 ;PEDERZOLLI DENIS;GH078PC;21;ET415HZ;17;;;2049;Lasino                       ;2670;LAGOLO                       ;;;;;estiva feriale lu, me, gio;;x;x;;x;;x;x;;;;;;;;;;;;;; ? 30,00 
293;;290;202;211;09:15;09:30;Lagolo-Lasino;"estiva
lun-mer-gio";10,00;19; 33 ; 330,00 ;PEDERZOLLI DENIS;GH078PC;21;ET415HZ;17;;;2670;LAGOLO                       ;2049;Lasino                       ;;;;;estiva feriale lu, me, gio;;x;x;;x;;x;x;;;;;;;;;;;;;; ? 30,00 
294;;291;202;94;10:15;10:32;Trento - Sardagna;feriale;6,00;20; 304 ; 1.824,00 ;PERINI FRANCO ;GM363RH;21;"GH658ZZ
no mart-ven e sab.";23;;;1;TRENTO   (Autostaz.)         ;  2620RO;Sardagna (Rotatoria)         ;;;;;annuale feriale lu-sa;x;x;x;;x;x;x;x;x;x;;;;;;;;;;;; ? 20,64 
295;;292;202;87;10:35;10:51;Sardagna - Trento;feriale;6,00;20; 304 ; 1.824,00 ;PERINI FRANCO ;GM363RH;21;GH658ZZ no mart e ven;23;;;  2620RO;Sardagna (Rotatoria)         ;1;TRENTO (Autostaz.)         ;;;;;annuale feriale lu-sa;x;x;x;;x;x;x;x;x;x;;;;;;;;;;;; ? 20,64 
296;;293;202;216;11:55;12:10;Lasino-Lagolo;"estiva
lun-mer-gio";10,00;19; 33 ; 330,00 ;PEDERZOLLI DENIS;GH078PC;21;ET415HZ;17;;;2049;Lasino                       ;2670;LAGOLO                       ;;;;;estiva feriale lu, me, gio;;x;x;;x;;x;x;;;;;;;;;;;;;; ? 30,00 
297;;294;202;100;13:00;13:55;Trento-Sardagna-Vason-Viote;"festiva 
estiva";24,00;40; 13 ; 312,00 ;CLUB DELLAI S.R.L.;FF899CS;42;FA981GW (Planchel);45;FA989GW (Perini);48;1;TRENTO   (Autostaz.)         ;2660;VIOTE                        ;;;;;estiva festiva;;x;;;;;;;;;x;;;;;;;;;;; ? 72,00 
298;;295;202;93;13:15;14:10;Viote-Trento;"festiva 
estiva";24;30; 13 ; 312,00 ;PERINI FRANCO ;FV524FA;37;GH658ZZ;23;EY198WJ;45;2660;VIOTE                        ;1;TRENTO (Autostaz.)         ;;;;;estiva festiva;;x;;;;;;;;;x;;;;;;;;;;; ? 59,15 
299;;296;202;548;17:00;18:15;Trento-Lagolo;"festiva 
estiva";35;30; 13 ; 455,00 ;PERINI FRANCO ;FV524FA;37;GH658ZZ;23;EY198WJ;45;1;TRENTO   (Autostaz.)         ;2670;LAGOLO                       ;;;;;estiva festiva;;x;;;;;;;;;x;;;;;;;;;;; ? 86,27 
300;;297;202;212;17:15;17:30;Lasino-Lagolo;"estiva
lun-mer-gio";10,00;19; 33 ; 330,00 ;PEDERZOLLI DENIS;GH078PC;21;ET415HZ;17;;;2049;Lasino                       ;2670;LAGOLO                       ;;;;;estiva feriale lu, me, gio;;x;x;;x;;x;x;;;;;;;;;;;;;; ? 30,00 
301;;298;202;97;17:25;18:20;Viote-Vason-Sardagna-Trento;"festiva 
estiva";24,00;40; 13 ; 312,00 ;CLUB DELLAI S.R.L.;FF899CS;42;FA981GW (Planchel);45;FA989GW (Perini);48;2660;VIOTE                        ;1;TRENTO (Autostaz.)         ;;;;;estiva festiva;;x;;;;;;;;;x;;;;;;;;;;; ? 72,00 
302;;299;202;213;17:50;18:15;Lagolo-Lasino-Vezzano;"estiva
lun-mer-gio";17,50;19; 33 ; 577,50 ;PEDERZOLLI DENIS;GH078PC;21;ET415HZ;17;;;2670;LAGOLO                       ;  2040RR;VEZZANO (Piazza);;;;;estiva feriale lu, me, gio;;x;x;;x;;x;x;;;;;;;;;;;;;; ? 52,50 
303;;300;202;104;18:00;18:55;Trento-Viote;estiva feriale;24;40; 67 ; 1.608,00 ;PERINI FRANCO ;FF182VP;45;FA989GW;48;EY198WJ;45;1;TRENTO   (Autostaz.)         ;2660;VIOTE                        ;;;;;estiva feriale lu-sa;;x;x;;x;x;x;x;x;x;;;;;;;;;;;; ? 110,00 
304;;301;202;104;18:00;18:55;Trento-Viote;"invernale
lunedç-sabato";24;50; 240 ; 5.760,00 ;PERINI FRANCO ;FF182VP;45;FA989GW;48;EY198WJ;45;1;TRENTO   (Autostaz.)         ;2660;VIOTE                        ;;;;;invernale feriale lu-sa;x;;x;;x;x;x;x;x;x;;;;;;;;;;;; ? 62,40 
305;;302;202;247;18:20;19:35;Lagolo-Trento;"festiva 
estiva";35;30; 13 ; 455,00 ;PERINI FRANCO ;FV524FA;37;GH658ZZ;23;EY198WJ;45;2670;LAGOLO                       ;1;TRENTO (Autostaz.)         ;;;;;estiva festiva;;x;;;;;;;;;x;;;;;;;;;;; ? 192,50 
306;;303;202;99;19:00;19:55;Viote-Trento;estiva feriale;24;40; 67 ; 1.608,00 ;PERINI FRANCO ;FF182VP;45;FA989GW;48;EY198WJ;45;2660;VIOTE                        ;1;TRENTO (Autostaz.)         ;;;;;estiva feriale lu-sa;;x;x;;x;x;x;x;x;x;;;;;;;;;;;; ? 110,00 
307;;304;202;99;19:00;19:55;Viote-Trento;"invernale
lunedç-sabato";24;50; 240 ; 5.760,00 ;PERINI FRANCO ;FF182VP;45;FA989GW;48;EY198WJ;45;2660;VIOTE                        ;1;TRENTO (Autostaz.)         ;;;;;invernale feriale lu-sa;x;;x;;x;x;x;x;x;x;;;;;;;;;;;; ? 62,40 
308;;305;203;383;06:35;07:13;Margone - Ranzo - Vezzano bivio sud;"invernale
da lunedç a venerdç";15,50;19; 202 ; 3.131,00 ;PERINI FRANCO ;GA007TD;24;GG613WS;21;GM363RH;21;2046;MARGONE                      ;  2040SN;Vezzano Sud                  ;;;;;invernale feriale lu-ve;x;;x;;x;x;x;x;x;;;;;;;;;;;;; ? 36,05 
309;;306;203;174;13:18;13:41;Vezzano Apt- Margone;"scolastica 
da lunedç a sabato";11,50;36; 208 ; 2.392,00 ;PERINI FRANCO ;FV524FA;37;GH658ZZ;23;GM363RH;21;  2040SD;Vezzano Apt                  ;2046;MARGONE                      ;;;;;scolastica lu-sa;;;;x;x;x;x;x;x;x;;;;;;;;;;;; ? 52,32 
310;;307;203;176;14:01;14:13;Vezzano Apt - Ciago (bis);"scolastica 
solo martedç e giovedç ";3,50;19; 68 ; 238,00 ;PERINI FRANCO ;GA007TD;24;GG613WS;21;;;  2040SD;Vezzano Apt                  ;2043;Ciago                        ;;;;;scolastica ma, gio;;;;x;;x;;x;;;;;;;;;;;;;; ? 8,48 
311;;308;203;176;14:01;14:39;Vezzano Apt - Ranzo - Margone;"scolastica 
da lunedç a sabato";15,50;36; 208 ; 3.224,00 ;PERINI FRANCO ;FV524FA;37;GH658ZZ;23;GM363RH;21;  2040SD;Vezzano Apt                  ;2046;MARGONE                      ;;;;;scolastica lu-sa;;;;x;x;x;x;x;x;x;;;;;;;;;;;; ? 63,62 
312;;309;203;80;15:02;15:29;Vezzano - Fraveggio - Ciago - Ranzo (settimane pari);"scolastica 
lunedç (settimane pari)";10,50;8; 16 ; 168,00 ;PERINI FRANCO ;EX007PS;9;EN858WY;9;;;2040;VEZZANO (Piazza)             ;2045;RANZO                        ;;;;;scolastica lu sett. Pari;;;;x;x;;;;;;;;;;;;;;;;; ? 21,00 
313;;310;204;405;06:29;06:39;Drena - Masi di Vigo C. -  Vigo Cavedine ;"scolastica 
da lunedç a sabato";7,50;16; 208 ; 1.560,00 ;PEDERZOLLI DENIS;ET415HZ;17;GH078PC;21;;;2057;DRENA                        ;2054;VIGO CAVEDINE                ;;;;;scolastica lu-sa;;;;x;x;x;x;x;x;x;;;;;;;;;;;; ? 20,00 
314;;311;204;226;06:29;06:47;Vigo Cavedine-Dro;"scolastica 
da lunedç a venerdç";10,00;50; 174 ; 1.740,00 ;SARCATOUR s.r.l.;FW821WP;55;FE629SK;54;FA895BD;57;2054;VIGO CAVEDINE                ;2127;DRO                          ;;;;;scolastica lu-ve;;;;x;x;x;x;x;x;;;;;;;;;;;;; ? 30,00 
315;;312;204;405;06:32;06:39;Drena - Vigo Cavedine ;"feriale
non scolastica";4,00;20; 29 ; 116,00 ;PEDERZOLLI DENIS;ET415HZ;17;GH078PC;21;;;2057;DRENA                        ;2054;VIGO CAVEDINE                ;;;;;invernale feriale no scol lu-sa;x;;x;;;;;;;;;;;;x;x;x;x;x;x;; ? 25,00 
316;;313;204;139;06:33;06:40;Drena - Vigo Cavedine ;"feriale
estiva";4,00;20; 67 ; 268,00 ;PEDERZOLLI DENIS;ET415HZ;17;GH078PC;21;;;2057;DRENA                        ;2054;VIGO CAVEDINE                ;;;;;estiva feriale lu-sa;;x;x;;x;x;x;x;x;x;;;;;;;;;;;; ? 25,00 
317;;314;204;313;07:10;07:57;V.Cavedine-Trento;festiva invernale;27,00;19; 45 ; 1.215,00 ;PERINI FRANCO ;GA007TD;24;GM363RH;21;GH658ZZ;23;2054;VIGO CAVEDINE                ;1;TRENTO (Autostaz.)         ;;;;;invernale festiva;x;;;;;;;;;;x;;;;;;;;;;; ? 54,00 
318;;315;204;313;07:10;07:57;V.Cavedine-Trento;"festiva 
estiva";27,00;19; 13 ; 351,00 ;PERINI FRANCO ;GA007TD;24;GM363RH;21;GH658ZZ;23;2054;VIGO CAVEDINE                ;1;TRENTO (Autostaz.)         ;;;;;estiva festiva;;x;;;;;;;;;x;;;;;;;;;;; ? 54,00 
319;Eliminata giÖ compresa (ditta Nice);316;204;281;07:18;07:25;Drena-Vigo Cavedine -Vezzano;"Estiva
lunedç-venerdç";16,90;55;; -   ;NULLA;;;;;;;;;;;;;;;;;;;;;;;;;;;;;;;;;;;;;
320;;317;204;468;08:40;09:04;Vezzano Apt-V.Cavedine;"invernale
da lunedç a venerdç";14,00;19; 202 ; 2.828,00 ;PERINI FRANCO ;GH658ZZ;23;GG613WS;21;GA007TD;24;  2040SD;Vezzano Apt                  ;2054;VIGO CAVEDINE                ;;;;;invernale feriale lu-ve;x;;x;;x;x;x;x;x;;;;;;;;;;;;; ? 28,00 
321;;318;204;231;09:25;10:09;Vigo Cavedine - Vezzano -Trento;"invernale
lunedç-sabato";29,00;30; 240 ; 6.960,00 ;PERINI FRANCO ;GH658ZZ;23;;;;;2054;VIGO CAVEDINE                ;1;TRENTO (Autostaz.)         ;;;;;invernale feriale lu-sa;x;;x;;x;x;x;x;x;x;;;;;;;;;;;; ? 90,20 
322;;319;204;274;10:12;10:42;Vezzano APT-Vigo Cavedine-Drena;"Estiva
lunedç-venerdç";17,90;30; 55 ; 984,50 ;PERINI FRANCO ;FV524FA;37;FF182VP;45;;;  2040SD;Vezzano Apt                  ;2057;DRENA                        ;;;;;estiva feriale lu-ve;;x;x;;x;x;x;x;x;;;;;;;;;;;;; ? 53,70 
323;;320;204;319;10:48;11:18;Drena-Vigo Cavedine-Vezzano;"Estiva
lunedç-sabato";19,90;30; 67 ; 1.333,30 ;PERINI FRANCO ;FV524FA;37;FF182VP;45;;;2057;DRENA                        ;  2040SD;Vezzano Apt                  ;;;;;estiva feriale lu-sa;;x;x;;x;x;x;x;x;x;;;;;;;;;;;; ? 62,90 
324;;321;204;150;11:55;12:02;Vigo Cavedine - Drena ;"feriale
non scolastica";4,00;20; 29 ; 116,00 ;PEDERZOLLI DENIS;ET415HZ;17;GH078PC;21;;;2054;VIGO CAVEDINE                ;2057;DRENA                        ;;;;;invernale feriale no scol lu-sa;x;;x;;;;;;;;;;;;x;x;x;x;x;x;; ? 18,00 
325;;322;204;150;11:55;12:02;Vigo Cavedine - Drena ;"scolastica 
da lunedç a sabato";4,00;20; 208 ; 832,00 ;PEDERZOLLI DENIS;ET415HZ;17;GH078PC;21;;;2054;VIGO CAVEDINE                ;2057;DRENA                        ;;;;;scolastica lu-sa;;;;x;x;x;x;x;x;x;;;;;;;;;;;; ? 18,00 
326;;323;204;276;12:07;12:14;Vigo Cavedine - Drena ;"feriale
estiva";4,00;20; 67 ; 268,00 ;PEDERZOLLI DENIS;ET415HZ;17;GH078PC;21;;;2054;VIGO CAVEDINE                ;2057;DRENA                        ;;;;;estiva feriale lu-sa;;x;x;;x;x;x;x;x;x;;;;;;;;;;;; ? 25,00 
327;;324;204;427;14:58;15:30;Drï - Drena - Vigo Cavedine-Calavino;"scolastica 
da lunedç a venerdç";16,00;19; 174 ; 2.784,00 ;SARCATOUR s.r.l.;FL596HC;17;FA895BD;57;;;2127;DRO                          ;2048;CALAVINO                     ;;;;;scolastica lu-ve;;;;x;x;x;x;x;x;;;;;;;;;;;;; ? 48,00 
328;;325;204;160;17:15;17:59;Trento-Vezzano-v.Cavedine;"festiva 
estiva";27,00;30; 13 ; 351,00 ;CLUB DELLAI S.R.L.;ES852SX;31;ED494MM;57;;;1;TRENTO   (Autostaz.)         ;2054;VIGO CAVEDINE                ;;;;;estiva festiva;;x;;;;;;;;;x;;;;;;;;;;; ? 81,00 
329;;326;204;162;17:40;18:02;Trento-Vezzano-v.Cavedine;"scolastica 
da lunedç a venerdç";27,60;50; 174 ; 4.802,40 ;SARCATOUR s.r.l.;FA895BD;57;FE629SK;54;FK791WG;55;1;TRENTO   (Autostaz.)         ;2054;VIGO CAVEDINE                ;;;;;scolastica lu-ve;;;;x;x;x;x;x;x;;;;;;;;;;;;; ? 82,80 
330;;327;204;412;18:00;18:07;Vigo Cavedine - Drena ;"feriale
non scolastica";4,00;20; 29 ; 116,00 ;PEDERZOLLI DENIS;ET415HZ;17;GH078PC;21;;;2054;VIGO CAVEDINE                ;2057;DRENA                        ;;;;;invernale feriale no scol lu-sa;x;;x;;;;;;;;;;;;x;x;x;x;x;x;; ? 25,00 
331;;328;204;412;18:00;18:11;Vigo Cavedine - Masi di Vigio C. - Drena;"scolastica 
da lunedç a sabato";7,50;16; 208 ; 1.560,00 ;PEDERZOLLI DENIS;ET415HZ;17;GH078PC;21;;;2054;VIGO CAVEDINE                ;2057;DRENA                        ;;;;;scolastica lu-sa;;;;x;x;x;x;x;x;x;;;;;;;;;;;; ? 19,07 
332;;329;204;164;18:40;19:31;Trento-Drena;estiva feriale;31;50; 67 ; 2.077,00 ;SARCATOUR s.r.l.;FA895BD;57;FE629SK;54;FK791WG;55;1;TRENTO   (Autostaz.)         ;2057;DRENA                        ;;;;;estiva feriale lu-sa;;x;x;;x;x;x;x;x;x;;;;;;;;;;;; ? 220,00 
333;;330;204;168;19:30;20:14;Trento-Vigo Cavedine;"invernale
lunedç-sabato";27;40; 240 ; 6.480,00 ;SARCATOUR s.r.l.;FA895BD;57;FE629SK;54;FK791WG;55;1;TRENTO   (Autostaz.)         ;2054;VIGO CAVEDINE                ;;;;;invernale feriale lu-sa;x;;x;;x;x;x;x;x;x;;;;;;;;;;;; ? 81,00 
334;;331;204;232;20:40;21:41;Trento-Terlago-M.te Terlago-Ciago-Vezzano-Vigo Cavedine-Drena;"Estiva
lunedç-venerdç";42,90;19; 55 ; 2.359,50 ;PERINI FRANCO ;GG613WS;21;GH658ZZ;23;GA007TD;24;1;TRENTO   (Autostaz.)         ;2057;DRENA                        ;;;;;estiva feriale lu-ve;;x;x;;x;x;x;x;x;;;;;;;;;;;;; ? 100,50 
335;;332;205;159;06:33;07:24;Ceniga-Dro - Sarche - Trento (corsa bis);"scolastica 
da martedç a venerdç 
(esclusi giorni postfest)";32,50;56; 141 ; 4.582,50 ;SARCATOUR s.r.l.;FR952WP;51;FK791WG;55;FA895BD;57;2128;Ceniga                       ;1;TRENTO (Autostaz.)         ;;;;;scolastica ma, me, gio, ve (no postfest);;;;x;;x;x;x;x;;;;x;;;;;;;;; ? 147,68 
336;;333;205;184;07:07;07:37;Dro-Riva del Garda;"scolastica 
da lunedç a venerdç";11,00;19; 174 ; 1.914,00 ;SARCATOUR s.r.l.;FW821WP;55;FE629SK;54;FA895BD;57;2127;DRO                          ;960;RIVA DEL G. (Autostaz.)      ;;;;;scolastica lu-ve;;;;x;x;x;x;x;x;;;;;;;;;;;;; ? 120,00 
337;;334;205;409;08:45;09:03;Lago Cavedine Trebi-Sarche;"invernale
lunedç-sabato";9,00;19; 240 ; 2.160,00 ;SARCATOUR s.r.l.;FL596HC;17;FN308MX;37;;;  2058TB;Lago di Cavedine (Trebi)     ;  2120RR;SARCHE (Centro Comm.)        ;;;;;invernale feriale lu-sa;x;;x;;x;x;x;x;x;x;;;;;;;;;;;; ? 27,00 
338;;335;205;409;08:45;09:03;Lago Cavedine Trebi-Sarche;"estiva
feriale ";9,00;19; 67 ; 603,00 ;SARCATOUR s.r.l.;FL596HC;17;FN308MX;37;;;  2058TB;Lago di Cavedine (Trebi)     ;  2120RR;SARCHE (Centro Comm.)        ;;;;;estiva feriale lu-sa;;x;x;;x;x;x;x;x;x;;;;;;;;;;;; ? 27,00 
339;;336;205;404;14:15;14:29;Sarche - Pergolese - Pietramurata;"scolastica 
da lunedç a venerdç";9,00;19; 174 ; 1.566,00 ;NICE srl;FN426MX;20;GC658CS;24;GA984ER;23;2120;SARCHE (Cassa Rurale)        ;  2125FA;Pietramurata ;;;;;scolastica lu-ve;;;;x;x;x;x;x;x;;;;;;;;;;;;; ? 46,89 
340;eliminata dal 02/11/2022;337;205;171;16:00;16:46;Riva-Sarche (c.sa bis);"scolastica 
da lunedç a venerdç";23,00;50; 174 ; 4.002,00 ;SARCATOUR s.r.l.;FA895BD;57;FE629SK;54;FK791WG;55;960;RIVA DEL G. (Autostaz.)      ;  2120RR;SARCHE (Centro Comm.)        ;;31/10/2022;;;scolastica lu-ve;;;;x;x;x;x;x;x;;;;;;;;;;;;;
341;;338;205;366;16:50;17:07;Sarche-Lago Cavedine Trebi;"estiva
feriale ";9,00;19; 67 ; 603,00 ;SARCATOUR s.r.l.;FL596HC;17;FN308MX;37;;;2120;SARCHE (Cassa Rurale)        ;  2058TB;Lago di Cavedine (Trebi)     ;;;;;estiva feriale lu-sa;;x;x;;x;x;x;x;x;x;;;;;;;;;;;; ? 27,00 
342;eliminata dal 30/11/2022;339;205;366;16:52;17:09;Sarche-Lago Cavedine Trebi;invernale lunedç-sabato;9,00;19; 240 ; 2.160,00 ;SARCATOUR s.r.l.;FL596HC;17;FN308MX;37;;;2120;SARCHE (Cassa Rurale)        ;  2058TB;Lago di Cavedine (Trebi)     ;;29/11/2022;;;invernale feriale lu-sa;x;;x;;x;x;x;x;x;x;;;;;;;;;;;;
343;;340;205;402;19:20;19:24;Sarche-Pergolese;"scolastica 
da lunedç a venerdç";3,00;19; 174 ; 522,00 ;PERINI FRANCO ;GJ571MK;23;GH658ZZ;23;GG613WS;21;2120;SARCHE (Cassa Rurale)        ;2122;Pergolese                    ;;;;;scolastica lu-ve;;;;x;x;x;x;x;x;;;;;;;;;;;;; ? 40,00 
344;;341;206;403;06:10;06:32;Monte Terlago - Cadine - Forte Bus del Vela;feriale;12,50;30; 304 ; 3.800,00 ;PERINI FRANCO ;GH658ZZ;23;FV524FA;37;GG613WS;21;  2023AL;M.TERLAGO (H. 2 Laghi)       ;  0001PL;"""Forte Bus de Vela""         ";;;;;annuale feriale lu-sa;x;x;x;;x;x;x;x;x;x;;;;;;;;;;;; ? 50,66 
345;frequenza corretta da capitolato;342;206;107;07:02;07:20;Monte Terlago - Cadine;"invernale + estiva
lunedç-sabato";11,00;20; 304 ; 3.344,00 ;PERINI FRANCO ;GH658ZZ;23;FV524FA;37;GG613WS;21;  2023AL;M.TERLAGO (H. 2 Laghi)       ;  2010RR;Cadine;;;;;annuale feriale lu-sa;x;x;x;;x;x;x;x;x;x;;;;;;;;;;;; ? 50,44 
346;;343;206;109;07:38;08:13;Monte Terlago - Trento;feriale;16,00;36; 304 ; 4.864,00 ;PERINI FRANCO ;FV524FA;37;FA989GW;48;EY198WJ;45;  2023AL;M.TERLAGO (H. 2 Laghi)       ;1;TRENTO (Autostaz.)         ;;;;;annuale feriale lu-sa;x;x;x;;x;x;x;x;x;x;;;;;;;;;;;; ? 73,35 
347;;344;206;110;08:28;08:50;Cadine - Terlago - M.terlago;festiva;11,00;19; 58 ; 638,00 ;PERINI FRANCO ;GH658ZZ;23;GM363RH;21;GG613WS;21;2010;Cadine                       ;  2023AL;M.TERLAGO (H. 2 Laghi)       ;;;;;annuale festiva;x;x;;;;;;;;;x;;;;;;;;;;; ? 43,05 
348;;345;206;113;09:00;09:35;Monte Terlago - Trento(estate partenza da Laghi di Lamar);festiva;16,00;19; 58 ; 928,00 ;PERINI FRANCO ;GH658ZZ;23;GM363RH;21;GG613WS;21;  2023AL;M.TERLAGO (H. 2 Laghi)       ;1;TRENTO (Autostaz.)         ;;;;;annuale festiva;x;x;;;;;;;;;x;;;;;;;;;;; ? 62,48 
349;;346;206;112;10:10;10:50;Trento - Covelo-Ciago-Monte Terlago;"scolastica 
da lunedç a sabato";18,00;30; 208 ; 3.744,00 ;PERINI FRANCO ;GH658ZZ;23;GM363RH;21;GA007TD;24;1;TRENTO   (Autostaz.)         ;  2023AL;M.TERLAGO (H. 2 Laghi)       ;;;;;scolastica lu-sa;;;;x;x;x;x;x;x;x;;;;;;;;;;;; ? 36,00 
350;;347;206;116;12:33;12:55;Cadine - Terlago - M.terlago;festiva;11,00;19; 58 ; 638,00 ;PERINI FRANCO ;GH658ZZ;23;GG613WS;21;GM363RH;21;2010;Cadine                       ;  2023AL;M.TERLAGO (H. 2 Laghi)       ;;;;;annuale festiva;x;x;;;;;;;;;x;;;;;;;;;;; ? 50,66 
351;;348;206;116;12:55;12:57;M.te Terlago - Laghi Lamar (prolungamento);"festiva 
estiva";2,00;19; 13 ; 26,00 ;PERINI FRANCO ;GH658ZZ;23;GG613WS;21;GM363RH;21;  2023AL;M.TERLAGO (H. 2 Laghi)       ;2024;Laghi di Lamar               ;;;;;estiva festiva;;x;;;;;;;;;x;;;;;;;;;;; ? 4,00 
352;;349;206;382;13:10;13:30;Terlago bivio - M.te Terlago;"scolastica 
da lunedç a sabato";11,00;20; 208 ; 2.288,00 ;PERINI FRANCO ;GH658ZZ;23;GG613WS;21;GM363RH;21;2020;Terlago bivio                ;  2023AL;M.TERLAGO (H. 2 Laghi)       ;;;;;scolastica lu-sa;;;;x;x;x;x;x;x;x;;;;;;;;;;;; ? 38,87 
353;;350;206;117;14:03;14:38;Monte Terlago - Trento;festiva;16,00;19; 58 ; 928,00 ;PERINI FRANCO ;GG613WS;21;GH658ZZ;23;GM363RH;21;  2023AL;M.TERLAGO (H. 2 Laghi)       ;1;TRENTO (Autostaz.)         ;;;;;annuale festiva;x;x;;;;;;;;;x;;;;;;;;;;; ? 62,48 
354;;351;206;128;17:00;17:35;Trento - Monte Terlago;festiva;16,00;19; 58 ; 928,00 ;PERINI FRANCO ;GG613WS;21;GH658ZZ;23;GM363RH;21;1;TRENTO   (Autostaz.)         ;2023;MONTE TERLAGO (P.zza)        ;;;;;annuale festiva;x;x;;;;;;;;;x;;;;;;;;;;; ? 62,48 
355;;352;206;580;17:05;17:15;Terlago - Covelo - Maso Ariol - Monte Terlago;"feriale 
da lunedç a venerdç";6,00;19; 252 ; 1.512,00 ;PERINI FRANCO ;GA007TD;24;GG613WS;21;GM363RH;21;2021;TERLAGO                      ;  2023AL;M.TERLAGO (H. 2 Laghi)       ;;;;;annuale feriale lu-ve;x;x;x;;x;x;x;x;x;;;;;;;;;;;;; ? 12,00 
356;;353;206;372;17:15;17:55;Trento - Terlago - Covelo -Ciago - Monte Terlago;"invernale
lunedç-sabato";18,50;30; 240 ; 4.440,00 ;PERINI FRANCO ;FV524FA;37;FA989GW;48;EY198WJ;45;1;TRENTO   (Autostaz.)         ;  2023AL;M.TERLAGO (H. 2 Laghi)       ;;;;;invernale feriale lu-sa;x;;x;;x;x;x;x;x;x;;;;;;;;;;;; ? 49,94 
357;;354;206;128;17:20;18:01;Monte Terlago-Ciago-Vezzano-V.Cavedine;"invernale 
festiva";15,50;30; 47 ; 728,50 ;PERINI FRANCO ;FV524FA;37;GH658ZZ;23;GA007TD;24;2023;MONTE TERLAGO (P.zza)        ;2054;VIGO CAVEDINE                ;;;;;invernale festiva;x;;;;;;;;;;x;;;;;;;;;;; ? 62,48 
358;;355;206;121;17:55;17:59;L. Lamar -M.Terlago 17.55  (Prolungamento);"festiva 
estiva";2,00;19; 13 ; 26,00 ;PERINI FRANCO ;GA007TD;24;GM363RH;21;;;2024;Laghi di Lamar               ;  2023AL;M.TERLAGO (H. 2 Laghi)       ;;;;;estiva festiva;;x;;;;;;;;;x;;;;;;;;;;; ? 4,00 
359;;356;206;121;17:59;18:34;M.Terlago-Covelo-Terlago-TN;"festiva 
estiva";16,00;30; 13 ; 208,00 ;PERINI FRANCO ;GA007TD;24;GM363RH;21;;;  2023AL;M.TERLAGO (H. 2 Laghi)       ;1;TRENTO (Autostaz.)         ;;;;;estiva festiva;;x;;;;;;;;;x;;;;;;;;;;; ? 62,48 
360;;357;206;121;17:55;18:30;Monte Terlago - Covelo - Terlago - TN;"invernale
lunedç-sabato";16,00;20; 240 ; 3.840,00 ;PERINI FRANCO ;GH658ZZ;23;GM363RH;21;GG613WS;21;  2023AL;M.TERLAGO (H. 2 Laghi)       ;1;TRENTO (Autostaz.)         ;;;;;invernale feriale lu-sa;x;;x;;x;x;x;x;x;x;;;;;;;;;;;; ? 43,11 
361;;358;206;130;18:15;18:50;Trento - Monte Terlago;"Estiva
lunedç-venerdç";15,00;19; 55 ; 825,00 ;ATP SRLS;FW970WP;23;EN046NH;19;GA984ER GC658CS (ditta Nice srl);23;1;TRENTO   (Autostaz.)         ;  2023AL;M.TERLAGO (H. 2 Laghi)       ;;;;;estiva feriale lu-ve;;x;x;;x;x;x;x;x;;;;;;;;;;;;; ? 37,50 
362;;359;206;130;18:15;18:50;Trento - Terlago - Monte Terlago;"scolastica 
da lunedç a venerdç";16,00;19; 174 ; 2.784,00 ;ATP SRLS;FW970WP;23;EN046NH;19;GA984ER GC658CS (ditta Nice srl);23;1;TRENTO   (Autostaz.)         ;  2023AL;M.TERLAGO (H. 2 Laghi)       ;;;;;scolastica lu-ve;;;;x;x;x;x;x;x;;;;;;;;;;;;; ? 39,46 
363;;360;206;132;18:35;19:15;Trento - Monte Terlago (estate ore 18.40);feriale;16,00;20; 304 ; 4.864,00 ;PERINI FRANCO ;GH658ZZ;23;GM363RH;21;FA989GW;48;1;TRENTO   (Autostaz.)         ;  2023AL;M.TERLAGO (H. 2 Laghi)       ;;;;;annuale feriale lu-sa;x;x;x;;x;x;x;x;x;x;;;;;;;;;;;; ? 47,34 
364;;361;206;123;18:50;19:25;Monte Terlago - Terlago - Trento;"scolastica 
da lunedç a venerdç";16,00;19; 174 ; 2.784,00 ;ATP SRLS;FW970WP;23;EN046NH;19;GA984ER GC658CS (ditta Nice srl);23;  2023AL;M.TERLAGO (H. 2 Laghi)       ;1;TRENTO (Autostaz.)         ;;;;;scolastica lu-ve;;;;x;x;x;x;x;x;;;;;;;;;;;;; ? 39,46 
365;;362;206;123;18:50;19:25;Monte Terlago - Trento;"Estiva
lunedç-venerdç";15,00;19; 55 ; 825,00 ;ATP SRLS;FW970WP;23;EN046NH;19;GA984ER GC658CS (ditta Nice srl);23;  2023AL;M.TERLAGO (H. 2 Laghi)       ;1;TRENTO (Autostaz.)         ;;;;;estiva feriale lu-ve;;x;x;;x;x;x;x;x;;;;;;;;;;;;; ? 37,50 
366;;363;206;134;19:30;20:05;Trento - Terlago - Monte Terlago;"scolastica 
da lunedç a venerdç";16,00;19; 174 ; 2.784,00 ;ATP SRLS;FW970WP;23;EN046NH;19;GA984ER GC658CS (ditta Nice srl);23;1;TRENTO   (Autostaz.)         ;  2023AL;M.TERLAGO (H. 2 Laghi)       ;;;;;scolastica lu-ve;;;;x;x;x;x;x;x;;;;;;;;;;;;; ? 39,46 
367;;364;206;134;19:30;20:05;Trento - Terlago - Monte Terlago;"invernale feriale 
solo sabato";16,00;19; 38 ; 608,00 ;ATP SRLS;FW970WP;23;EN046NH;19;GA984ER GC658CS (ditta Nice srl);23;1;TRENTO   (Autostaz.)         ;  2023AL;M.TERLAGO (H. 2 Laghi)       ;;;;;invernale feriale sab;x;;x;;;;;;;x;;;;;;;;;;;; ? 75,33 
368;;365;208;551;06:10;06:33;Sclemo - Stenico - Ponte Arche;"scolastica 
da lunedç a venerdç";11,50;22; 174 ; 2.001,00 ;TRENTINOBUS SRL;GG015PN;25;FG405XM;29; FN299MX;37;  2215RR;Sclemo;2180;PONTE ARCHE (Autost.)        ;;;;;scolastica lu-ve;;;;x;x;x;x;x;x;;;;;;;;;;;;; ? 28,75 
369;frequenza corretta da capitolato;366;208;444;06:25;06:40;S.Lorenzo in Banale - Molveno;"scolastica 
da lunedç a venerdç";10,50;8; 174 ; 1.827,00 ;RIGOTTI FLAVIO;FH845YZ;9;ET848ZJ;9;;;2219;S.LORENZO IN B.              ;956;MOLVENO (Centro)             ;;;;;scolastica lu-ve;;;;x;x;x;x;x;x;;;;;;;;;;;;; ? 49,61 
370;;367;208;449;06:50;07:10;S.Lorenzo in B.- Andogno ;"Feriale 
estiva + no scuola";4,30;8; 96 ; 412,80 ;RIGOTTI FLAVIO;FH845YZ;9;ET848ZJ;9;EZ992DM;24;  2219CH;S.Lorenzo (Chiesa)           ;2217;Andogno                      ;;;;;estiva feriale lu-sa + no scol lu-sa;;x;x;;x;x;x;x;x;x;;;;;x;x;x;x;x;x;; ? 20,00 
371;;368;208;449;06:55;07:20;Andogno - S.Lorenzo in B.;"Feriale 
estiva + no scuola";4,40;8; 96 ; 422,40 ;RIGOTTI FLAVIO;FH845YZ;9;ET848ZJ;9;EZ992DM;24;2217;Andogno                      ;  2219CH;S.Lorenzo (Chiesa)           ;;;;;estiva feriale lu-sa + no scol lu-sa;;x;x;;x;x;x;x;x;x;;;;;x;x;x;x;x;x;; ? 20,00 
372;;369;208;449;07:05;07:10;S.Lorenzo in B.- Andogno ;"scolastica 
da lunedç a sabato";4,30;8; 208 ; 894,40 ;RIGOTTI FLAVIO;FH845YZ;9;ET848ZJ;9;;;  2219CH;S.Lorenzo (Chiesa)           ;2217;Andogno                      ;;;;;scolastica lu-sa;;;;x;x;x;x;x;x;x;;;;;;;;;;;; ? 8,90 
373;;370;208;449;07:10;07:20;Andogno - S.Lorenzo in B.;"scolastica 
da lunedç a sabato";4,40;8; 208 ; 915,20 ;RIGOTTI FLAVIO;FH845YZ;9;ET848ZJ;9;;;2217;Andogno                      ;  2219CH;S.Lorenzo (Chiesa)           ;;;;;scolastica lu-sa;;;;x;x;x;x;x;x;x;;;;;;;;;;;; ? 8,90 
374;;371;208;552;09:40;10:15;S.Lorenzo in Banale - Ponte Arche;"invernale 
da lunedç a sabato";17,00;8; 240 ; 4.080,00 ;RIGOTTI FLAVIO;FH845YZ;9;ET848ZJ;9;EZ992DM;24;  2219CH;S.Lorenzo (Chiesa)           ;2180;PONTE ARCHE (Autost.)        ;;;;;invernale feriale lu-sa;x;;x;;x;x;x;x;x;x;;;;;;;;;;;; ? 34,00 
375;;372;208;550;12:10;12:45;Ponte Arche - S.Lorenzo in Banale;"invernale 
da lunedç a sabato";17,00;8; 240 ; 4.080,00 ;RIGOTTI FLAVIO;FH845YZ;9;ET848ZJ;9;EZ992DM;24;2180;PONTE ARCHE (Autost.)        ;  2219CH;S.Lorenzo (Chiesa)           ;;;;;invernale feriale lu-sa;x;;x;;x;x;x;x;x;x;;;;;;;;;;;; ? 34,00 
376;;373;208;451;13:02;13:10;S.Lorenzo in B.-Tavodo;feriale;4,30;8; 304 ; 1.307,20 ;RIGOTTI FLAVIO;FH845YZ;9;ET848ZJ;9;;;  2219CH;S.Lorenzo (Chiesa)           ;  2216SR;Tavodo (incr.S.P.);;;;;annuale feriale lu-sa;x;x;x;;x;x;x;x;x;x;;;;;;;;;;;; ? 8,90 
377;;374;208;451;13:10;13:18;Tavodo-Andogno - S.Lorenzo in B.;feriale;8,70;8; 304 ; 2.644,80 ;RIGOTTI FLAVIO;FH845YZ;9;ET848ZJ;9;EZ992DM;24;  2216SP;Tavodo (SP)                  ;  2219CH;S.Lorenzo (Chiesa)           ;;;;;annuale feriale lu-sa;x;x;x;;x;x;x;x;x;x;;;;;;;;;;;; ? 17,40 
378;;375;208;384;13:18;13:36;S.Lorenzo - Molveno;"scolastica 
da lunedç a venerdç";10,50;8; 174 ; 1.827,00 ;RIGOTTI FLAVIO;ET848ZJ;9;FH845YZ;9;;;2219;S.LORENZO IN B.              ;  0956RR;MOLVENO;;;;;scolastica lu-ve;;;;x;x;x;x;x;x;;;;;;;;;;;;; ? 21,00 
379;;376;208;221;13:21;13:41;S.Lorenzo in Banale - Villa Banale - Ponte Arche ;"scolastica 
solo giorno di sabato";9,00;8; 34 ; 306,00 ;RIGOTTI FLAVIO;ET848ZJ;9;FH845YZ;9;;;  2219CH;S.Lorenzo (Chiesa)           ;2180;PONTE ARCHE (Autost.)        ;;;;;scolastica sab;;;;x;;;;;;x;;;;;;;;;;;; ? 18,90 
380;;377;208;498;13:49;14:12;Ponte Arche - Stenico - Sclemo;"scolastica 
da lunedç a venerdç";10,50;22; 174 ; 1.827,00 ;TRENTINOBUS SRL;FN299MX;37;FG405XM;29;GC420NL;29;2180;PONTE ARCHE (Autost.)        ;  2215RR;Sclemo;;;;;scolastica lu-ve;;;;x;x;x;x;x;x;;;;;;;;;;;;; ? 21,00 
381;;378;208;223;14:02;14:26;Molveno-Dorsino;"scolastica 
da lunedç a venerdç";11,60;53; 174 ; 2.018,40 ;FABIO VIAGGI SRL;FZ898BE;55;FZ897BE;57;FZ896BE;37;  0956RR;MOLVENO;2218;Dorsino                      ;;;;;scolastica lu-ve;;;;x;x;x;x;x;x;;;;;;;;;;;;; ? 34,80 
382;;379;208;420;16:30;17:19;Ponte Arche - S.Lorenzo - Molveno;"scolastica 
da lunedç a giovedç";27,50;50; 137 ; 3.767,50 ;TRENTINOBUS SRL;CS792NG;45;FG405XM;29;FN299MX;37;2180;PONTE ARCHE (Autost.)        ;  0956RR;MOLVENO;;;;;scolastica lu, ma, me, gio;;;;x;x;x;x;x;;;;;;;;;;;;;; ? 82,50 
383;;380;208;374;17:23;17:58;Ponte Arche - Sclemo - S.Lorenzo;"scolastica 
da lunedç a venerdç";17,00;44; 174 ; 2.958,00 ;TRENTINOBUS SRL;GC420NL;29;FG405XM;29;GG015PN;25;2180;PONTE ARCHE (Autost.)        ;  2219CH;S.Lorenzo (Chiesa)           ;;;;;scolastica lu-ve;;;;x;x;x;x;x;x;;;;;;;;;;;;; ? 69,38 
384;;381;208;54;17:50;18:25;Ponte Arche - S.Lorenzo in Banale;"scolastica 
da lunedç a venerdç";17,00;22; 174 ; 2.958,00 ;AUTONOLEGGI FILIPPI S.R.L. UNIPERSONALE;FN174MX;23;FM492NR;23;FZ556KF;17;2180;PONTE ARCHE (Autost.)        ;  2219CH;S.Lorenzo (Chiesa)           ;;;;;scolastica lu-ve;;;;x;x;x;x;x;x;;;;;;;;;;;;; ? 42,50 
385;bacino 2 estate 2021;382;208;226;19:35;20:12;P.Arche-S. Lorenzo in B.;"Estiva
lunedç-sabato";17;50; 67 ; 1.139,00 ;AUTONOLEGGI FILIPPI S.R.L. UNIPERSONALE;FM492NR;23;FN174MX;23;;;2180;PONTE ARCHE (Autost.)        ;2219;S.LORENZO IN B.              ;;;;;estiva feriale lu-sa;;x;x;;x;x;x;x;x;x;;;;;;;;;;;; ? 51,00 
386;;383;209;9;06:15;06:34;Lundo - Ponte Arche;"scolastica 
da lunedç a sabato";10,30;22; 208 ; 2.142,40 ;AUTONOLEGGI FILIPPI S.R.L. UNIPERSONALE;FN174MX;23;FM492NR;22;FZ556KF;17;2174;LUNDO                        ;2180;PONTE ARCHE (Autost.)        ;;;;;scolastica lu-sa;;;;x;x;x;x;x;x;x;;;;;;;;;;;; ? 25,71 
387;;384;209;11;06:55;07:15;Lundo - Ponte Arche;"scolastica 
da lunedç a sabato";10,00;22; 208 ; 2.080,00 ;AUTONOLEGGI FILIPPI S.R.L. UNIPERSONALE;FN174MX;23;FM492NR;23;FZ556KF;17;2174;LUNDO                        ;2180;PONTE ARCHE (Autost.)        ;;;;;scolastica lu-sa;;;;x;x;x;x;x;x;x;;;;;;;;;;;; ? 26,33 
388;bacino 2 estate 2021;385;209;11;07:10;07:30;Lundo-P.Arche;"Estiva
lunedç-venerdç";9;50; 55 ; 495,00 ;TRENTINOBUS SRL;FZ833BE;54;CS792NG;45;FG405XM;28;2174;LUNDO                        ;2180;PONTE ARCHE (Autost.)        ;;;;;estiva feriale lu-ve;;x;x;;x;x;x;x;x;;;;;;;;;;;;; ? 27,76 
389;;386;209;22;14:28;14:48;Ponte Arche - Lundo;"scolastica 
da lunedç a venerdç";10,00;22; 174 ; 1.740,00 ;AUTONOLEGGI FILIPPI S.R.L. UNIPERSONALE;FN174MX;23;FM492NR;23;FZ556KF;17;2180;PONTE ARCHE (Autost.)        ;2174;LUNDO                        ;;;;;scolastica lu-ve;;;;x;x;x;x;x;x;;;;;;;;;;;;; ? 27,51 
390;bacino 2 estate 2021;387;209;14;18:40;19:00;P.Arche-Lundo;"Estiva
lunedç-sabato";9;22; 67 ; 603,00 ;AUTONOLEGGI FILIPPI S.R.L. UNIPERSONALE;FM492NR;23;FN174MX;23;;;2180;PONTE ARCHE (Autost.)        ;2174;LUNDO                        ;;;;;estiva feriale lu-sa;;x;x;;x;x;x;x;x;x;;;;;;;;;;;; ? 21,60 
391;bacino 2 estate 2021;388;210;55;06:58;07:29;Bivedo-P.Arche;"estiva
sabato ";11;50; 12 ; 132,00 ;TRENTINOBUS SRL;FZ833BE;54;CS792NG;45;FG405XM;28;2208;BIVEDO                       ;2180;PONTE ARCHE (Autost.)        ;;;;;estiva feriale sab;;x;x;;;;;;;x;;;;;;;;;;;; ? 33,93 
392;;389;210;55;07:19;07:50;Villa-Sesto bivio - Ponte Arche - Tione (corsa bis);"scolastica 
da lunedç a venerdç";19,00;50; 174 ; 3.306,00 ;AUTONOLEGGI FILIPPI S.R.L. UNIPERSONALE;FN113MX;57;FF887CS ;58;GL551LP;37;2197;Villa di Bleggio             ;2290;TIONE (Autostazione)         ;;;;;scolastica lu-ve;;;;x;x;x;x;x;x;;;;;;;;;;;;; ? 162,84 
393;;390;210;245;07:25;07:36;S.Croce - Ponte Arche;"scolastica 
da lunedç a venerdç";5,00;22; 174 ; 870,00 ;AUTONOLEGGI FILIPPI S.R.L. UNIPERSONALE;FN174MX;23;FM492NR;22;FZ556KF;17;2198;SANTA CROCE                  ;2180;PONTE ARCHE (Autost.)        ;;;;;scolastica lu-ve;;;;x;x;x;x;x;x;;;;;;;;;;;;; ? 35,48 
394;;391;210;66;15:15;15:22;Ponte Arche - Cares - Sesto bivio;"scolastica 
da lunedç a venerdç";5;20; 174 ; 870,00 ;FRUNER VIAGGI IN EUROPA DI FRUNER TATIANA E SIMONE FRUNER SAS;FW755WP;25;FW720WP;23;;;2180;PONTE ARCHE (Autost.)        ;2225;Sesto bivio                  ;;;;;scolastica lu-ve;;;;x;x;x;x;x;x;;;;;;;;;;;;; ? 15,00 
395;;392;210;430;15:35;15:46;Ponte Arche - S.Croce Bleggio;"scolastica 
lun+merc+ven ";5,00;22; 105 ; 525,00 ;AUTONOLEGGI FILIPPI S.R.L. UNIPERSONALE;FZ556KF;17;FN174MX;23;FM492NR;22;2180;PONTE ARCHE (Autost.)        ;2198;SANTA CROCE                  ;;;;;scolastica lu, me, ve;;;;x;x;;x;;x;;;;;;;;;;;;; ? 35,48 
396;;393;210;458;16:30;16:59;Ponte Arche - Cavrasto - Bivedo;"scolastica 
solo  lun-mar-gio ";11,00;44; 101 ; 1.111,00 ;TRENTINOBUS SRL;GC420NL;29;FG405XM;29;GG015PN;25;2180;PONTE ARCHE (Autost.)        ;2208;BIVEDO                       ;;;;;scolastica lu, ma, gio;;;;x;x;x;;x;;;;;;;;;;;;;; ? 64,67 
397;bacino 2 estate 2021;394;211;16;06:16;06:33;Fiavä-P.Arche;"Estiva
lunedç-sabato";7,5;50; 67 ; 502,50 ;TRENTINOBUS SRL;FZ833BE;54;CS792NG;45;FG405XM;28;  2185BR;Fiave' (Bar Aurora);2180;PONTE ARCHE (Autost.)        ;;;;;estiva feriale lu-sa;;x;x;;x;x;x;x;x;x;;;;;;;;;;;; ? 23,13 
398;;395;211;8;06:08;06:33;Favrio - Dasindo - Fiavä loc. Curä - Cornelle - Fiavä;"scolastica 
da lunedç a venerdç";7,7;20; 174 ; 1.339,80 ;FRUNER VIAGGI IN EUROPA DI FRUNER TATIANA E SIMONE FRUNER SAS;FW720WP;23;FW184AM;9;;;2186;Favrio  ;  2185CA;Fiave' (Caseificio)           ;;;;;scolastica lu-ve;;;;x;x;x;x;x;x;;;;;;;;;;;;; ? 30,00 
399;;396;211;373;07:04;07:09;Calvola - Ville del Monte;"scolastica 
solo giorno di sabato";1,50;8; 34 ; 51,00 ;AUTOSERVIZI MATTUZZI CLAUDIO & C. S.N.C. ;FN589MX;9;FL778HC;23;FN339MX;7;2221;Calvola                      ;2210;Ville del Monte              ;;;;;scolastica sab;;;;x;;;;;;x;;;;;;;;;;;; ? 34,69 
400;NUOVA;397;211;13;08:40;09:39;Ponte Arche - Riva del Garda;"Estiva
lunedç-sabato";29,00;50; 67 ; 1.943,00 ;AUTONOLEGGI FILIPPI S.R.L. UNIPERSONALE;FN113MX;57;FF887CS;57;;;2180;PONTE ARCHE (Autost.)        ;960;RIVA DEL G. (Autostaz.)      ;;;;;estiva feriale lu-sa;;x;x;;x;x;x;x;x;x;;;;;;;;;;;; ? 87,00 
401;NUOVA;398;211;224;09:45;10:43;Riva d.G-Ponte Arche;"Estiva
lunedç-sabato";29,00;50; 67 ; 1.943,00 ;AUTONOLEGGI FILIPPI S.R.L. UNIPERSONALE;FN113MX;57;FF887CS;57;;;960;RIVA DEL G. (Autostaz.)      ;2180;PONTE ARCHE (Autost.)        ;;;;;estiva feriale lu-sa;;x;x;;x;x;x;x;x;x;;;;;;;;;;;; ? 87,00 
402;;399;211;376;13:07;13:12;Ville del Monte - Calvola;"scolastica 
da lunedç a sabato";1,50;22; 208 ; 312,00 ;AUTONOLEGGI FILIPPI S.R.L. UNIPERSONALE;FN174MX;23;FM492NR;23;FZ556KF;17;2210;Ville del Monte              ;2221;Calvola                      ;;;;;scolastica lu-sa;;;;x;x;x;x;x;x;x;;;;;;;;;;;; ? 4,50 
403;;400;211;492;13:32;13:37;Ville del Monte - Calvola;"scolastica 
lun+mar+mer+ven ";1,50;22; 140 ; 210,00 ;AUTONOLEGGI FILIPPI S.R.L. UNIPERSONALE;FN174MX;23;FM492NR;23;FZ556KF;17;2210;Ville del Monte              ;2221;Calvola                      ;;;;;scolastica lu, ma, me, ve;;;;x;x;x;x;;x;;;;;;;;;;;;; ? 3,96 
404;soppresso il sabato dal 28/01/23;401;211;22;14:02;14:25;Ville del Monte - Ponte Arche ;scolastica da lunedç a sabato al venerdç;18,00;22; 208 ; 3.744,00 ;AUTONOLEGGI FILIPPI S.R.L. UNIPERSONALE;FN174MX;23;FM492NR;23;FZ556KF;17;2210;Ville del Monte              ;2180;PONTE ARCHE (Autost.)        ;;;;;scolastica lu-ve;;;;x;x;x;x;x;x;;;;;;;;;;;;; ? 47,52 
405;NUOVA;402;211;9;14:40;15:39;Ponte Arche - Riva del Garda;Estiva lunedç-sabato agosto/settembre;29,00;50; 33 ; 957,00 ;AUTONOLEGGI FILIPPI S.R.L. UNIPERSONALE;FN113MX;57;FF887CS;57;;;2180;PONTE ARCHE (Autost.)        ;960;RIVA DEL G. (Autostaz.)      ;;;01/08/2023;;estiva feriale lu-sa ago/sett;;x;x;;x;x;x;x;x;x;;;;;;;;;;;; ? 87,00 
406;NUOVA;402 bis;211;9;14:40;15:39;Ponte Arche - Riva del Garda;Estiva lunedç-sabato giugno/luglio;29,00;50; 34 ; 986,00 ;AUTOSERVIZI MATTUZZI CLAUDIO & C. S.N.C. ;FC208RJ;57;FE584HG;56;FB808BJ;45;2180;PONTE ARCHE (Autost.)        ;960;RIVA DEL G. (Autostaz.)      ;24/06/2023;31/07/2023;;;estiva feriale lu-sa giu/lug;;x;x;;x;x;x;x;x;x;;;;;;;;;;;; ? 87,00 
407;;403;211;86;14:42;15:14;Ville d.Monte S.Antonio-Fiavä-Ponte Arche;"scolastica 
da lunedç a venerdç";17,4;20; 174 ; 3.027,60 ;FRUNER VIAGGI IN EUROPA DI FRUNER TATIANA E SIMONE FRUNER SAS;FW755WP;25;FW720WP;23;;;  2221SA;Villa S.Antonio              ;2180;PONTE ARCHE (Autost.)        ;;;;;scolastica lu-ve;;;;x;x;x;x;x;x;;;;;;;;;;;;; ? 52,20 
408;;404;211;574;16:30;16:45;Ponte Arche - Fiavä - Lundo - Comano;"scolastica 
solo lunedç martedç e giovedç ";21,00;19; 101 ; 2.121,00 ;TRENTINOBUS SRL;GC420NL;29;FG405XM;29;GG015PN;25;2180;PONTE ARCHE (Autost.)        ;2170RR;Comano Terme;;;;;scolastica lu, ma, gio;;;;x;x;x;;x;;;;;;;;;;;;;; ? 66,69 
409;NUOVA;405;211;8;16:30;17:28;Riva del Garda - Ponte Arche;"Estiva
lunedç-sabato";29;50; 67 ; 1.943,00 ;AUTOSERVIZI MATTUZZI CLAUDIO & C. S.N.C. ;FC208RJ;57;FE584HG;56;FB808BJ;45;960;RIVA DEL G. (Autostaz.)      ;2180;PONTE ARCHE (Autost.)        ;;;;;estiva feriale lu-sa;;x;x;;x;x;x;x;x;x;;;;;;;;;;;; ? 87,00 
410;;406;211;584;16:35;17:19;Riva del Garda - Tenno - Fiavä ;"scolastica 
da lunedç a venerdç";23,00;16; 174 ; 4.002,00 ;AUTOSERVIZI MATTUZZI CLAUDIO & C. S.N.C. ;FL778HC;23; GF141FZ;29;;;960;RIVA DEL G. (Autostaz.)      ;  2185RR;FIAVE';;;;;scolastica lu-ve;;;;x;x;x;x;x;x;;;;;;;;;;;;; ? 53,21 
411;;407;211;584;17:19;17:34;"Fiavä-V.Lomaso-P.Arche
prolungamento 16.35 Riva-Fiavä";"scolastica 
da lunedç a giovedç ";7,00;20; 137 ; 959,00 ;AUTOSERVIZI MATTUZZI CLAUDIO & C. S.N.C. ;FL778HC;23; GF141FZ;29;;;  2185RR;FIAVE';2180;PONTE ARCHE (Autost.)        ;;;;;scolastica lu, ma, me, gio;;;;x;x;x;x;x;;;;;;;;;;;;;; ? 17,50 
412;NUOVA;408;211;7;17:55;18:54;Ponte Arche - Riva d.G;"Estiva
lunedç-sabato";29;50; 67 ; 1.943,00 ;AUTOSERVIZI MATTUZZI CLAUDIO & C. S.N.C. ;FC208RJ;57;FE584HG;56;FB808BJ;45;2180;PONTE ARCHE (Autost.)        ;960;RIVA DEL G. (Autostaz.)      ;;;;;estiva feriale lu-sa;;x;x;;x;x;x;x;x;x;;;;;;;;;;;; ? 87,00 
413;;409;212;318;12:56;13:11;"Forti Lardaro-Praso-Daone
";"scolastica 
da lunedç a venerdç";4,00;20; 174 ; 696,00 ;MAESTRI AUGUSTO & C. S.N.C. ;FR892WP;21;GH738AD;38;;;  2301RR;Forti di Lardaro;2300;DAONE                        ;;;;;scolastica lu-ve;;;;x;x;x;x;x;x;;;;;;;;;;;;; ? 55,00 
414;;410;212;308;16:30;16:42;"Forti Lardaro-Praso-Daone
";"scolastica 
da lunedç a venerdç";4,00;20; 174 ; 696,00 ;MAESTRI AUGUSTO & C. S.N.C. ;FR892WP;21;EK946GV;9;FW907WP;9;  2301RR;Forti di Lardaro;2300;DAONE                        ;;;;;scolastica lu-ve;;;;x;x;x;x;x;x;;;;;;;;;;;;; ? 20,00 
415;;411;213;413;07:00;07:05;Por - Pieve di Bono (loc. Strada);"scolastica 
da lunedç a sabato";3,20;8; 208 ; 665,60 ;MAESTRI AUGUSTO & C. S.N.C. ;EK946GV;9;FW907WP;9;;;2308;Por                          ;  2304RR;Strada;;;;;scolastica lu-sa;;;;x;x;x;x;x;x;x;;;;;;;;;;;; ? 13,79 
416;;412;213;968;13:15;13:25;Cimego-Castel Condino ;"scolastica 
sabato";4,60;29; 34 ; 156,40 ;MAESTRI AUGUSTO & C. S.N.C. ;FW907WP;9;EK946GV;9;;;2326;Ponte Cimego                 ;2324;CASTEL CONDINO               ;;;;;scolastica sab;;;;x;;;;;;x;;;;;;;;;;;; ? 13,80 
417;;413;213;6;14:15;14:30;P.di Bono Borel - Castel Condino;"scolastica 
da lunedç a venerdç";7,00;9; 174 ; 1.218,00 ;MAESTRI AUGUSTO & C. S.N.C. ;EK946GV;9;FW907WP;9;FR892WP;21;  2305BO;Pieve di Bono (Tratt.Borel)  ;2324;CASTEL CONDINO               ;;;;;scolastica lu-ve;;;;x;x;x;x;x;x;;;;;;;;;;;;; ? 21,58 
418;;414;214;27;05:55;07:21;Baitoni-Riva;estiva feriale;54;50; 67 ; 3.618,00 ;SOLETANA VIAGGI S.R.L.;GH779KX;58;;;;;2323;BAITONI                      ;960;RIVA DEL G. (Autostaz.)      ;;;;;estiva feriale lu-sa;;x;x;;x;x;x;x;x;x;;;;;;;;;;;; ? 220,00 
419;;415;214;27;06:05;07:38;Baitoni-Riva;invernale non scolastica feriale;54;50; 29 ; 1.566,00 ;SOLETANA VIAGGI S.R.L.;GH779KX;58;FJ863YE;56;;;2323;BAITONI                      ;960;RIVA DEL G. (Autostaz.)      ;;;;;invernale feriale no scol lu-sa;x;;x;;;;;;;;;;;;x;x;x;x;x;x;; ? 178,09 
420;;416;214;582;06:12;07:38;Pieve di Bono-Storo-Riva;"scolastica 
da lunedç a sabato";61;55; 208 ; 12.688,00 ;SOLETANA VIAGGI S.R.L.;GH779KX;58;FJ863YE;56;;;2305;PIEVE DI BONO                ;960;RIVA DEL G. (Autostaz.)      ;;;;;scolastica lu-sa;;;;x;x;x;x;x;x;x;;;;;;;;;;;; ? 201,17 
421;eliminata dal 14/11/2022;417;214;582;06:50;07:38;Tiarno Off.Mariani-Bezzecca-Riva del Garda;"Scolastica
solo lunedç";24,00;50; 33 ; 792,00 ;SARCATOUR s.r.l.;FR952WP;51;FK791WG;55;FE629SK;54;2156MR;Tiarno di Sopra-Mariani;960;RIVA DEL G. (Autostaz.)      ;;13/11/2022;;;scolastica lu;;;;x;x;;;;;;;;;;;;;;;;;
422;;418;214;330;08:10;08:30;Riva del Garda - Pregasina ;"feriale 
solo mercoledç";11,50;8; 52 ; 598,00 ;AUTOSERVIZI MATTUZZI CLAUDIO & C. S.N.C. ;FL778HC;23;FN589MX;9;;;960;RIVA DEL G. (Autostaz.)      ;2160;PREGASINA                    ;;;;;annuale feriale me;x;x;x;;;;x;;;;;;;;;;;;;;; ? 26,39 
423;;419;214;29;08:30;08:51;Pregasina - Riva del Garda;"feriale 
solo mercoledç";11,50;8; 52 ; 598,00 ;AUTOSERVIZI MATTUZZI CLAUDIO & C. S.N.C. ;FL778HC;23;FN589MX;9;;;2160;PREGASINA                    ;960;RIVA DEL G. (Autostaz.)      ;;;;;annuale feriale me;x;x;x;;;;x;;;;;;;;;;;;;;; ? 26,39 
424;;420;214;615;10:00;10:18;Storo-Tremalzo bv.-Tiarno;"Estiva
lunedç-sabato a mesi alterni";12,50;19; 34 ; 425,00 ;SOLETANA VIAGGI S.R.L.;FC188RJ;20;FR954WP;27;;;2314;STORO                        ;  2156RR;TIARNO DI SOPRA;;;01/07/2023;31/07/2023;estiva feriale lu-sa luglio/settembre;;x;x;;x;x;x;x;x;x;;;;;;;;;;;; ? 37,50 
425;;420 bis;214;615;10:00;10:18;Storo-Tremalzo bv.-Tiarno;"Estiva
lunedç-sabato a mesi alterni";12,50;19; 33 ; 412,50 ;TN SERVICE LORENZI A CAPITALE RIDOTTO S.R.L. DI TAVELLI ANDREA;EZ943DM;18;ET984ZJ;17;;;2314;STORO                        ;  2156RR;TIARNO DI SOPRA;24/06/2023;30/06/2023;01/08/2023;31/08/2023;estiva feriale lu-sa giugno/agosto;;x;x;;x;x;x;x;x;x;;;;;;;;;;;; ? 37,50 
426;;421;214;18;10:10;11:11;Riva-Bezzecca-Concei-Tiarno;"festiva 
estiva";28,00;50; 13 ; 364,00 ;AUTOSERVIZI MATTUZZI CLAUDIO & C. S.N.C. ;FC208RJ;57;FE584HG;56;;;960;RIVA DEL G. (Autostaz.)      ;2156;TIARNO DI SOPRA;;;;;estiva festiva;;x;;;;;;;;;x;;;;;;;;;;; ? 84,00 
427;;422;214;639;11:00;11:18;Storo-Tremalzo bv.-Tiarno;"festiva 
estiva";12,50;19; 13 ; 162,50 ;SOLETANA VIAGGI S.R.L.;FC188RJ;20;FR954WP;27;;;2314;STORO                        ;  2156RR;TIARNO DI SOPRA;;;;;estiva festiva;;x;;;;;;;;;x;;;;;;;;;;; ? 37,50 
428;;423;214;36;11:12;11:30;"Tiarno-Tremalzo bv.-Storo
";"Estiva
lunedç-sabato a mesi alterni";12,50;19; 34 ; 425,00 ;SOLETANA VIAGGI S.R.L.;FC188RJ;20;FR954WP;27;;;  2156RR;TIARNO DI SOPRA;2314;STORO                        ;;;01/07/2023;31/07/2023;estiva feriale lu-sa luglio/settembre;;x;x;;x;x;x;x;x;x;;;;;;;;;;;; ? 37,50 
429;;423 bis;214;36;11:12;11:30;"Tiarno-Tremalzo bv.-Storo
";"Estiva
lunedç-sabato a mesi alterni";12,50;19; 33 ; 412,50 ;TN SERVICE LORENZI A CAPITALE RIDOTTO S.R.L. DI TAVELLI ANDREA;EZ943DM;18;ET984ZJ;17;;;  2156RR;TIARNO DI SOPRA;2314;STORO                        ;24/06/2023;30/06/2023;01/08/2023;31/08/2023;estiva feriale lu-sa giugno/agosto;;x;x;;x;x;x;x;x;x;;;;;;;;;;;; ? 37,50 
430;;424;214;741;11:20;12:22;Tiarno-Concei-Bezzecca-Riva;"festiva 
estiva";28,00;50; 13 ; 364,00 ;AUTOSERVIZI MATTUZZI CLAUDIO & C. S.N.C. ;FC208RJ;57;FE584HG;56;;;2156;TIARNO DI SOPRA;960;RIVA DEL G. (Autostaz.)      ;;;;;estiva festiva;;x;;;;;;;;;x;;;;;;;;;;; ? 84,00 
431;;425;214;36;11:20;11:38;Tiarno-Tremalzo bv.-Storo;"festiva 
estiva";12,50;19; 13 ; 162,50 ;SOLETANA VIAGGI S.R.L.;FC188RJ;20;FR954WP;27;;;  2156RR;TIARNO DI SOPRA;2314;STORO                        ;;;;;estiva festiva;;x;;;;;;;;;x;;;;;;;;;;; ? 37,50 
432;;426;214;38;13:46;14:02;Tiarno Sopra - Storo;"Scolastica
lun+mar+gio+ven";13,00;15; 138 ; 1.794,00 ;TN SERVICE LORENZI A CAPITALE RIDOTTO S.R.L. DI TAVELLI ANDREA;EZ943DM;18;EZ827RB;17;FY833HP;24;2156;TIARNO DI SOPRA;  2314RR;STORO                        ;;;;;scolastica lu, ma, gio, ve;;;;x;x;x;;x;x;;;;;;;;;;;;; ? 40,79 
433;;427;214;66;14:10;15:11;Riva-Bezzecca-Concei-Tiarno;"festiva 
estiva";28,00;30; 13 ; 364,00 ;AUTOSERVIZI MATTUZZI CLAUDIO & C. S.N.C. ;FC208RJ;57;FE584HG;56;;;960;RIVA DEL G. (Autostaz.)      ;2156;TIARNO DI SOPRA;;;;;estiva festiva;;x;;;;;;;;;x;;;;;;;;;;; ? 84,00 
434;;428;214;641;15:00;15:18;Storo-Tremalzo bv.-Tiarno;"festiva 
estiva";12,50;19; 13 ; 162,50 ;SOLETANA VIAGGI S.R.L.;FC188RJ;20;FR954WP;27;;;2314;STORO                        ;  2156RR;TIARNO DI SOPRA;;;;;estiva festiva;;x;;;;;;;;;x;;;;;;;;;;; ? 37,50 
435;;429;214;42;15:02;15:53;Tiarno - Storo-Baitoni-Darzo-P.di Bono;"scolastica 
da lunedç a venerdç";36,00;22; 174 ; 6.264,00 ;TN SERVICE LORENZI A CAPITALE RIDOTTO S.R.L. DI TAVELLI ANDREA;EZ943DM;18;EZ827RB;17;FY833HP;24;2156;TIARNO DI SOPRA;2305;PIEVE DI BONO                ;;;;;scolastica lu-ve;;;;x;x;x;x;x;x;;;;;;;;;;;;; ? 106,88 
436;;430;214;42;15:14;16:05;Tiarno - Storo - Condino - Pieve di Bono ;"scolastica 
solo giorno di sabato";36,00;8; 34 ; 1.224,00 ;SARCATOUR s.r.l.;FL596HC;17;FM433JT;9;;;2156;TIARNO DI SOPRA;2305;PIEVE DI BONO                ;;;;;scolastica sab;;;;x;;;;;;x;;;;;;;;;;;; ? 106,44 
437;;431;214;745;15:22;16:24;Tiarno-Concei-Bezzecca-Riva;"festiva 
estiva";28,00;50; 13 ; 364,00 ;AUTOSERVIZI MATTUZZI CLAUDIO & C. S.N.C. ;FC208RJ;57;FE584HG;56;;;2156;TIARNO DI SOPRA;960;RIVA DEL G. (Autostaz.)      ;;;;;estiva festiva;;x;;;;;;;;;x;;;;;;;;;;; ? 84,00 
438;;432;214;457;16:00;16:18;Storo-Tremalzo bv.-Tiarno;"Estiva
lunedç-sabato a mesi alterni";12,50;19; 34 ; 425,00 ;SOLETANA VIAGGI S.R.L.;FC188RJ;20;FR954WP;27;;;2314;STORO                        ;  2156RR;TIARNO DI SOPRA;;;01/07/2023;31/07/2023;estiva feriale lu-sa luglio/settembre;;x;x;;x;x;x;x;x;x;;;;;;;;;;;; ? 37,50 
439;;432 bis;214;457;16:00;16:18;Storo-Tremalzo bv.-Tiarno;"Estiva
lunedç-sabato a mesi alterni";12,50;19; 33 ; 412,50 ;TN SERVICE LORENZI A CAPITALE RIDOTTO S.R.L. DI TAVELLI ANDREA;EZ943DM;18;ET984ZJ;17;;;2314;STORO                        ;  2156RR;TIARNO DI SOPRA;24/06/2023;30/06/2023;01/08/2023;31/08/2023;estiva feriale lu-sa giugno/agosto;;x;x;;x;x;x;x;x;x;;;;;;;;;;;; ? 37,50 
440;;433;214;334;16:30;17:31;Riva-Bezzecca-Concei-Tiarno;"festiva 
estiva";28,00;50; 13 ; 364,00 ;AUTOSERVIZI MATTUZZI CLAUDIO & C. S.N.C. ;FC208RJ;57;FE584HG;56;;;960;RIVA DEL G. (Autostaz.)      ;2156;TIARNO DI SOPRA;;;;;estiva festiva;;x;;;;;;;;;x;;;;;;;;;;; ? 84,00 
441;;434;214;570;16:30;17:31;Riva-Bezzecca-Concei-Tiarno;"Invernale no scuola
lun-ven";28,00;22; 26 ; 728,00 ;AUTOSERVIZI MATTUZZI CLAUDIO & C. S.N.C. ;FL778HC;23; GF141FZ;29;;;960;RIVA DEL G. (Autostaz.)      ;2156;TIARNO DI SOPRA;;;;;invernale feriale no scol lu-ve;x;;x;;;;;;;;;;;;x;x;x;x;x;;; ? 84,00 
442;;435;214;74;17:17;17:35;Tiarno-Tremalzo bv.-Storo;"Estiva
lunedç-sabato a mesi alterni";12,50;19; 34 ; 425,00 ;SOLETANA VIAGGI S.R.L.;FC188RJ;20;FR954WP;27;;;  2156RR;TIARNO DI SOPRA;2314;STORO                        ;;;01/07/2023;31/07/2023;estiva feriale lu-sa luglio/settembre;;x;x;;x;x;x;x;x;x;;;;;;;;;;;; ? 37,50 
443;;435 bis;214;74;17:17;17:35;Tiarno-Tremalzo bv.-Storo;"Estiva
lunedç-sabato a mesi alterni";12,50;19; 33 ; 412,50 ;TN SERVICE LORENZI A CAPITALE RIDOTTO S.R.L. DI TAVELLI ANDREA;EZ943DM;18;ET984ZJ;17;;;  2156RR;TIARNO DI SOPRA;2314;STORO                        ;24/06/2023;30/06/2023;01/08/2023;31/08/2023;estiva feriale lu-sa giugno/agosto;;x;x;;x;x;x;x;x;x;;;;;;;;;;;; ? 37,50 
444;;436;214;574;17:32;17:50;Tiarno-Tremalzo bv.-Storo;"festiva 
estiva";12,50;19; 13 ; 162,50 ;SOLETANA VIAGGI S.R.L.;FC188RJ;20;FR954WP;27;;;  2156RR;TIARNO DI SOPRA;2314;STORO                        ;;;;;estiva festiva;;x;;;;;;;;;x;;;;;;;;;;; ? 37,50 
445;;437;214;41;17:35;18:37;Tiarno-Concei-Bezzecca-Riva;"festiva 
estiva";28,00;50; 13 ; 364,00 ;AUTOSERVIZI MATTUZZI CLAUDIO & C. S.N.C. ;FC208RJ;57;FE584HG;56;;;2156;TIARNO DI SOPRA;960;RIVA DEL G. (Autostaz.)      ;;;;;estiva festiva;;x;;;;;;;;;x;;;;;;;;;;; ? 84,00 
446;;438;214;46;18:45;20:19;Riva-Baitoni;"invernale
lunedç-sabato";50;50; 240 ; 12.000,00 ;SOLETANA VIAGGI S.R.L.;GH779KX;58;FJ863YE;56;;;960;RIVA DEL G. (Autostaz.)      ;2323;BAITONI                      ;;;;;invernale feriale lu-sa;x;;x;;x;x;x;x;x;x;;;;;;;;;;;; ? 130,00 
447;;439;214;385;18:40;19:29;Tiarno-Concei-Bezzecca-Riva;"Invernale no scuola
lun-ven";28,00;22; 26 ; 728,00 ;AUTOSERVIZI MATTUZZI CLAUDIO & C. S.N.C. ;FL778HC;23; GF141FZ;29;;;2156;TIARNO DI SOPRA;960;RIVA DEL G. (Autostaz.)      ;;;;;invernale feriale no scol lu-ve;x;;x;;;;;;;;;;;;x;x;x;x;x;;; ? 75,00 
448;;440;214;46;18:45;19:45;Riva-Bezzecca-Concei-Tiarno;"festiva 
estiva";28,00;50; 13 ; 364,00 ;AUTOSERVIZI MATTUZZI CLAUDIO & C. S.N.C. ;FC208RJ;57;FE584HG;56;;;960;RIVA DEL G. (Autostaz.)      ;2156;TIARNO DI SOPRA;;;;;estiva festiva;;x;;;;;;;;;x;;;;;;;;;;; ? 84,00 
449;;441;214;108;19:00;20:34;Riva-Baitoni;"Estiva
lunedç-sabato";50;50; 67 ; 3.350,00 ;SOLETANA VIAGGI S.R.L.;GH779KX;58;FJ863YE;56;;;960;RIVA DEL G. (Autostaz.)      ;2323;BAITONI                      ;;;;;estiva feriale lu-sa;;x;x;;x;x;x;x;x;x;;;;;;;;;;;; ? 130,00 
450;;442;215;135;06:08;07:06;Baitoni-Tione;"invernale
lunedç-sabato";37;50; 240 ; 8.880,00 ;MAESTRI AUGUSTO & C. S.N.C. ;FB997BJ;57;GH939KX;57;GH738AD;38;2323;BAITONI                      ;2290;TIONE (Autostazione)         ;;;;;invernale feriale lu-sa;x;;x;;x;x;x;x;x;x;;;;;;;;;;;; ? 88,80 
451;;443;215;585;06:35;06:43;Bondone - Baitoni;"scolastica 
da lunedç a sabato";5,20;19; 208 ; 1.081,60 ;TN SERVICE LORENZI A CAPITALE RIDOTTO S.R.L. DI TAVELLI ANDREA;ET984ZJ;17;EZ827RB;17;EZ779XL;9;2327;Bondone                      ;2323;BAITONI                      ;;;;;scolastica lu-sa;;;;x;x;x;x;x;x;x;;;;;;;;;;;; ? 20,00 
452;NUOVA;444;215;127;06:35;06:45;Loc. Ruc Riccomassimo-Lodrone;"scolastica 
da lunedç a sabato";6,00;5; 208 ; 1.248,00 ;SOLETANA VIAGGI S.R.L.;EX946HC;8;;;;;  2314RU;Storo Al Ruch                 ;  2321RR;Lodrone;;;;;scolastica lu-sa;;;;x;x;x;x;x;x;x;;;;;;;;;;;; ? 20,00 
453;bacino 2 estate 2021;445;215;127;06:45;07:43;Baitoni-Tione;Estiva lunedç-venerdç;37;50; 55 ; 2.035,00 ;SOLETANA VIAGGI S.R.L.;FJ863YE;56;GK153FC;61;;;2323;BAITONI                      ;2290;TIONE (Autostazione)         ;;;;;estiva feriale lu-ve;;x;x;;x;x;x;x;x;;;;;;;;;;;;; ? 100,00 
454;bacino 2 estate 2021;445 bis;215;127;06:45;07:43;Baitoni-Tione;Estiva sabato;37;50; 12 ; 444,00 ;MAESTRI AUGUSTO & C. S.N.C.;FB997BJ;57;GH939KX;57;;;2323;BAITONI                      ;2290;TIONE (Autostazione)         ;;;;;estiva feriale sab;;x;x;;;;;;;x;;;;;;;;;;;; ? 94,26 
455;;446;225;447;06:49;07:04;Brione - Condino;"scolastica 
da lunedç a sabato";6,00;22; 208 ; 1.248,00 ;TN SERVICE LORENZI A CAPITALE RIDOTTO S.R.L. DI TAVELLI ANDREA;EZ943DM;18;EZ779XL;9;;;2312;Brione di Condino            ;2311;CONDINO                      ;;;;;scolastica lu-sa;;;;x;x;x;x;x;x;x;;;;;;;;;;;; ? 31,30 
456;;447;215;595;07:00;07:15;Bondone - Ponte Caffaro bivio;"scolastica 
da lunedç a sabato";8,50;19; 208 ; 1.768,00 ;TN SERVICE LORENZI A CAPITALE RIDOTTO S.R.L. DI TAVELLI ANDREA;FY833HP;24;EZ827RB;17;EZ779XL;9;2327;Bondone                      ;2322;Ponte Caffaro Bivio          ;;;;;scolastica lu-sa;;;;x;x;x;x;x;x;x;;;;;;;;;;;; ? 29,12 
457;;448;215;;07:00;14:00;Servizio a chiamata Elastibus del Chiese fino Tione 2^ navetta Elastibus Bondone);"feriale 
da lunedç a venerdç";;9; 252 ; 43.200,00 ;TN SERVICE LORENZI A CAPITALE RIDOTTO S.R.L. DI TAVELLI ANDREA;GJ553MK;9;FA919GW;9;EZ943DM (solo orario invernale);18;2327;Bondone                      ;2290;TIONE (Autostazione)         ;;;;;annuale feriale lu-ve elastibus;x;x;x;;x;x;x;x;x;;;;;;;;;;;;; ? 216,74 
458;variazione da capitolato;449;215;127;07:00;07:46;Ca' Rossa-Fontanedo-Tione-Istituto;"scolastica 
da lunedç a venerdç";26,5;50; 174 ; 4.611,00 ;AUTONOLEGGI FILIPPI S.R.L. UNIPERSONALE;FF887CS;57;FT942AZ (Tn Service);60;GK228BZ (TN Service);57;  2313RR;Ca' Rossa;  2290IS;Tione - Istituto             ;;;;;scolastica lu-ve;;;;x;x;x;x;x;x;;;;;;;;;;;;; ? 246,20 
459;;450;215;467;07:10;07:15;Prezzo - Pieve di Bono;"scolastica 
da lunedç a sabato";3,00;8; 208 ; 624,00 ;MAESTRI AUGUSTO & C. S.N.C. ;EK946GV;9;FW907WP;9;;;2307;Prezzo                       ;2305;PIEVE DI BONO                ;;;;;scolastica lu-sa;;;;x;x;x;x;x;x;x;;;;;;;;;;;; ? 12,38 
460;NUOVA;451;215;593;07:58;08:58;Baitoni-Tione;"Invernale
sabato";37,00;50; 38 ; 1.406,00 ;TN SERVICE LORENZI A CAPITALE RIDOTTO S.R.L. DI TAVELLI ANDREA;FT942AZ;60;FF887CS (Aut. Filippi);57;;;2323;BAITONI       ;2290;TIONE Autostazione            ;;;;;invernale feriale sab;x;;x;;;;;;;x;;;;;;;;;;;; ? 291,00 
461;bacino 2 estate 2021;452;215;602;07:59;08:59;Tione-Baitoni;"estiva
sabato ";37;50; 12 ; 444,00 ;MAESTRI AUGUSTO & C. S.N.C. ;FB997BJ;57;GH939KX;57;;;2290;TIONE (Autostazione)         ;2323;BAITONI                      ;;;;;estiva feriale sab;;x;x;;;;;;;x;;;;;;;;;;;; ? 94,26 
462;NUOVA;453;215;603;08:58;09:56;Baitoni-Tione;"invernale
lunedç-sabato";37;50; 240 ; 8.880,00 ;TN SERVICE LORENZI A CAPITALE RIDOTTO S.R.L. DI TAVELLI ANDREA;FT942AZ (lu-ve);60;GK228BZ;57;FF887CS (Aut. Filippi);57;2323;BAITONI                      ;2290;TIONE (Autostazione)         ;;;;;invernale feriale lu-sa;x;;x;;x;x;x;x;x;x;;;;;;;;;;;; ? 111,00 
463;bacino 2 estate 2021;454;215;136;09:00;10:00;Tione-Baitoni;Estiva lunedç-venerdç;37;50; 55 ; 2.035,00 ;SOLETANA VIAGGI S.R.L.;FJ863YE;56;GK153FC;61;;;2290;TIONE (Autostazione)         ;2323;BAITONI                      ;;;;;estiva feriale lu-ve;;x;x;;x;x;x;x;x;;;;;;;;;;;;; ? 100,00 
464;bacino 2 estate 2021;454 bis;215;136;09:00;10:00;Tione-Baitoni;Estiva sabato;37;50; 12 ; 444,00 ;TRENTINOBUS SRL;FZ833BE;54;CS792NG;45;FG405XM;28;2290;TIONE (Autostazione)         ;2323;BAITONI                      ;;;;;estiva feriale sab;;x;x;;;;;;;x;;;;;;;;;;;; ? 114,11 
465;;455;215; ;09:15;18:30;Servizio a chiamata Elastibus del Chiese fino Tione 1^ navetta Elastibus Pieve Bono);"feriale 
da lunedç a venerdç";;22; 252 ; 59.300,00 ;TN SERVICE LORENZI A CAPITALE RIDOTTO S.R.L. DI TAVELLI ANDREA;GD933VT;7;EZ827RB;17;EZ779XL;9;2305;PIEVE DI BONO                ;2290;TIONE (Autostazione)         ;;;;;annuale feriale lu-ve elastibus;x;x;x;;x;x;x;x;x;;;;;;;;;;;;; ? 251,87 
466;;456;215;138;10:00;11:00;Tione-Baitoni;"invernale
lunedç-sabato";44;50; 240 ; 10.560,00 ;MAESTRI AUGUSTO & C. S.N.C. ;FB997BJ;57;GH939KX;57;GH738AD;38;2290;TIONE (Autostazione)         ;2323;BAITONI                      ;;;;;invernale feriale lu-sa;x;;x;;x;x;x;x;x;x;;;;;;;;;;;; ? 88,80 
467;bacino 2 estate 2021;457;215;595;11:30;12:28;Baitoni-Tione;"Estiva
lunedç-sabato";37;50; 67 ; 2.479,00 ;TN SERVICE LORENZI A CAPITALE RIDOTTO S.R.L. DI TAVELLI ANDREA;GK228BZ;57;FT942AZ;60;FF887CS (Aut. Filippi);57;2323;BAITONI                      ;2290;TIONE (Autostazione)         ;;;;;estiva feriale lu-sa;;x;x;;x;x;x;x;x;x;;;;;;;;;;;; ? 87,50 
468;bacino 2 estate 2021;458;215;606;11:59;12:59;Tione-Baitoni;"Estiva
lunedç-sabato";37;50; 67 ; 2.479,00 ;MAESTRI AUGUSTO & C. S.N.C. ;FB997BJ;57;GH939KX;57;;;2290;TIONE (Autostazione)         ;2323;BAITONI                      ;;;;;estiva feriale lu-sa;;x;x;;x;x;x;x;x;x;;;;;;;;;;;; ? 94,26 
469;NUOVA;459;215;606;11:59;12:59;Tione-Baitoni;"invernale
lunedç-sabato";37;50; 240 ; 8.880,00 ;TN SERVICE LORENZI A CAPITALE RIDOTTO S.R.L. DI TAVELLI ANDREA;FT942AZ;60;FF887CS (Aut. Filippi);57;GK228BZ;57;2290;TIONE (Autostazione)         ;2323;BAITONI                      ;;;;;invernale feriale lu-sa;x;;x;;x;x;x;x;x;x;;;;;;;;;;;; ? 111,00 
470;bacino 2 estate 2021;460;215;129;12:15;13:13;Baitoni-Tione;"Estiva
lunedç-venerdç";37;50; 55 ; 2.035,00 ;SOLETANA VIAGGI S.R.L.;GH779KX;58;GK153FC;61;FJ863YE;56;2323;BAITONI                      ;2290;TIONE (Autostazione)         ;;;;;estiva feriale lu-ve;;x;x;;x;x;x;x;x;;;;;;;;;;;;; ? 100,00 
471;bacino 2 estate 2021;461;215;140;12:32;13:32;Tione-Baitoni;"Estiva
lunedç-sabato";37;50; 67 ; 2.479,00 ;TN SERVICE LORENZI A CAPITALE RIDOTTO S.R.L. DI TAVELLI ANDREA;GK228BZ;57;FT942AZ;60;FF887CS (Aut. Filippi);57;2290;TIONE (Autostazione)         ;2323;BAITONI                      ;;;;;estiva feriale lu-sa;;x;x;;x;x;x;x;x;x;;;;;;;;;;;; ? 87,50 
472;;462;215;140;12:32;13:32;Tione - Baitoni;"Invernale 
festiva";37,00;55; 47 ; 1.739,00 ;TRENTINOBUS SRL;FN299MX;37;FG405XM;29;CS792NG;45;2290;TIONE (Autostazione)         ;2323;BAITONI                      ;;;;;invernale festiva;x;;;;;;;;;;x;;;;;;;;;;; ? 111,00 
473;;463;215;140;12:35;13:46;Tione-Baitoni;"scolastica 
da lunedç a venerdç";37,00;55; 174 ; 6.438,00 ;TN SERVICE LORENZI A CAPITALE RIDOTTO S.R.L. DI TAVELLI ANDREA;GK228BZ;57;FF887CS (Aut. Filippi);57;;;  2290IS;Tione - Istituto             ;2323;BAITONI                      ;;;;;scolastica lu-ve;;;;x;x;x;x;x;x;;;;;;;;;;;;; ? 111,00 
474;;464;215;386;12:55;13:09;Ponte Caffaro - Bondone ;"scolastica 
sabato";8,70;9; 34 ; 295,80 ;TN SERVICE LORENZI A CAPITALE RIDOTTO S.R.L. DI TAVELLI ANDREA;GJ553MK;9;EZ827RB;17;FA919GW;9;  2322BP;Ponte Caffaro Bar Ponte      ;2327;Bondone                      ;;;;;scolastica sab;;;;x;;;;;;x;;;;;;;;;;;; ? 26,10 
475;;465;215;363;13:00;13:19;Ponte Caffaro-Storo-Baitoni;"scolastica 
da lunedç a sabato";13;40; 208 ; 2.704,00 ;SOLETANA VIAGGI S.R.L.;FJ863YE;56;GK153FC;61;;;2322;Ponte Caffaro bivio          ;2323;BAITONI                      ;;;;;scolastica lu-sa;;;;x;x;x;x;x;x;x;;;;;;;;;;;; ? 42,87 
476;bacino 2 estate 2021;466;215;611;13:05;14:03;Baitoni-Tione;"Estiva
lunedç-sabato";37;50; 67 ; 2.479,00 ;MAESTRI AUGUSTO & C. S.N.C. ;FB997BJ;57;GH939KX;57;;;2323;BAITONI                      ;2290;TIONE (Autostazione)         ;;;;;estiva feriale lu-sa;;x;x;;x;x;x;x;x;x;;;;;;;;;;;; ? 94,26 
477;NUOVA;467;215;611;13:05;14:03;Baitoni-Tione;"invernale
lunedç-sabato";37;50; 240 ; 8.880,00 ;TN SERVICE LORENZI A CAPITALE RIDOTTO S.R.L. DI TAVELLI ANDREA;FT942AZ;60;FF887CS (Aut. Filippi);57;GK228BZ;57;2323;BAITONI                      ;2290;TIONE (Autostazione)         ;;;;;invernale feriale lu-sa;x;;x;;x;x;x;x;x;x;;;;;;;;;;;; ? 111,00 
478;;468;225;448;13:14;13:28;Condino - Brione ;"scolastica 
solo venerdç e sabato";6,00;22; 70 ; 420,00 ;TN SERVICE LORENZI A CAPITALE RIDOTTO S.R.L. DI TAVELLI ANDREA;ET984ZJ;17;EZ827RB;17;FY833HP;24;2311;CONDINO                      ;2312;Brione di Condino            ;;;;;scolastica ve, sa;;;;x;;;;;x;x;;;;;;;;;;;; ? 31,30 
479;;469;215;602;13:35;13:43;Baitoni-Bondone;"scolastica 
solo mar-gio-ven";5,30;9; 104 ; 551,20 ;TN SERVICE LORENZI A CAPITALE RIDOTTO S.R.L. DI TAVELLI ANDREA;EZ779XL;9;EZ827RB;17;FA919GW;9;2323;BAITONI                      ;2327;Bondone                      ;;;;;scolastica ma, gio, ve;;;;x;;x;;x;x;;;;;;;;;;;;; ? 15,90 
480;;470;215;588;13:50;13:58;Baitoni-Bondone;"scolastica 
solo sabato ";5,30;9; 34 ; 180,20 ;TN SERVICE LORENZI A CAPITALE RIDOTTO S.R.L. DI TAVELLI ANDREA;EZ779XL;9;EZ827RB;17;FA919GW;9;2323;BAITONI                      ;2327;Bondone                      ;;;;;scolastica sab;;;;x;;;;;;x;;;;;;;;;;;; ? 15,90 
481;frequenza corretta da capitolato;471;215;131;13:58;14:48;Baitoni-Tione;festiva invernale;37;40; 45 ; 1.665,00 ;TRENTINOBUS SRL;FN299MX;37;FG405XM;29;CS792NG;45;2323;BAITONI                      ;2290;TIONE (Autostazione)         ;;;;;invernale festiva;x;;;;;;;;;;x;;;;;;;;;;; ? 111,00 
482;;472;215;386;13:55;14:09;Ponte Caffaro - Bondone ;"scolastica 
gio+ven";8,70;9; 70 ; 609,00 ;TN SERVICE LORENZI A CAPITALE RIDOTTO S.R.L. DI TAVELLI ANDREA;GJ553MK;9;EZ827RB;17;FA919GW;9;  2322BP;Ponte Caffaro Bar Ponte      ;2327;Bondone                      ;;;;;scolastica gio, ve;;;;x;;;;x;x;;;;;;;;;;;;; ? 26,10 
483;;473;215;38;14:02;14:08;Storo-Baitoni;"Scolastica
lun+mar+gio+ven";6,00;15; 138 ; 828,00 ;TN SERVICE LORENZI A CAPITALE RIDOTTO S.R.L. DI TAVELLI ANDREA;EZ943DM;18;EZ827RB;17;FY833HP;24;  2314RR;STORO                        ;2323;BAITONI                      ;;;;;scolastica lu, ma, gio, ve;;;;x;x;x;;x;x;;;;;;;;;;;;; ? 18,00 
484;;474;215;478;14:04;14:08;Pieve di Bono (loc. Creto) - Prezzo ;"scolastica 
da lunedç a venerdç";2,50;8; 174 ; 435,00 ;MAESTRI AUGUSTO & C. S.N.C. ;EK946GV;9;FW907WP;9;FR892WP;21;2305;PIEVE DI BONO                ;2307;Prezzo                       ;;;;;scolastica lu-ve;;;;x;x;x;x;x;x;;;;;;;;;;;;; ? 5,00 
485;;475;225;441;14:10;14:25;Condino - Brione ;"scolastica 
da lunedç a venerdç";6,00;22; 174 ; 1.044,00 ;TN SERVICE LORENZI A CAPITALE RIDOTTO S.R.L. DI TAVELLI ANDREA;ET984ZJ;17;FA919GW;9;FY833HP;24;2311;CONDINO                      ;2312;Brione di Condino            ;;;;;scolastica lu-ve;;;;x;x;x;x;x;x;;;;;;;;;;;;; ? 31,30 
486;Eliminata (Soletana);476;215;142;14:23;15:23;Tione-Baitoni;"invernale 
solo sabato non scol.";38;40; 3 ; 114,00 ;SOLETANA VIAGGI S.R.L.;;;;;;;;;;;;29/10/2022;;;invernale feriale no scol sab;x;;x;;;;;;;;;;;;;;;;;x;;
487;;477;215;604;14:30;14:38;Baitoni-Bondone;"scolastica 
solo lun+mer";5,30;9; 69 ; 365,70 ;TN SERVICE LORENZI A CAPITALE RIDOTTO S.R.L. DI TAVELLI ANDREA;EZ827RB;17;EZ779XL;9;FA919GW;9;2323;BAITONI                      ;2327;Bondone                      ;;;;;scolastica lu, me;;;;x;x;;x;;;;;;;;;;;;;;; ? 15,90 
488;;478;215;610;14:32;14:47;Storo - Lodrone - Baitoni;"scolastica 
da lunedç a venerdç";9,00;16; 174 ; 1.566,00 ;TN SERVICE LORENZI A CAPITALE RIDOTTO S.R.L. DI TAVELLI ANDREA;ET984ZJ;17;EZ827RB;17;FA919GW;9;  2314RR;STORO                        ;2323;BAITONI                      ;;;;;scolastica lu-ve;;;;x;x;x;x;x;x;;;;;;;;;;;;; ? 18,00 
489;;479;215;40;14:41;14:53;Condino-Pieve di Bono - Strada ;"scolastica 
da lunedç a giovedç";7,50;19; 137 ; 1.027,50 ;MAESTRI AUGUSTO & C. S.N.C. ;FR892WP;21;EK946GV;9;FW907WP;9;2311;CONDINO                      ;2304;Strada;;;;;scolastica lu, ma, me, gio;;;;x;x;x;x;x;;;;;;;;;;;;;; ? 15,00 
490;;480;215;386;14:55;15:09;Ponte Caffaro - Bondone ;"scolastica 
lun+mar+mer";8,70;9; 103 ; 896,10 ;TN SERVICE LORENZI A CAPITALE RIDOTTO S.R.L. DI TAVELLI ANDREA;GJ553MK;9;EZ827RB;17;FA919GW;9;  2322BP;Ponte Caffaro Bar Ponte      ;2327;Bondone                      ;;;;;scolastica lu, ma, me;;;;x;x;x;x;;;;;;;;;;;;;;; ? 26,10 
491;bacino 2 estate 2021;481;215;142;15:01;16:01;Tione-Baitoni;"Estiva
lunedç-sabato";37;50; 67 ; 2.479,00 ;MAESTRI AUGUSTO & C. S.N.C. ;FB997BJ;57;GH939KX;57;;;2290;TIONE (Autostazione)         ;2323;BAITONI                      ;;;;;estiva feriale lu-sa;;x;x;;x;x;x;x;x;x;;;;;;;;;;;; ? 94,26 
492;bacino 2 estate 2021;482;215;133;15:58;16:56;Baitoni-Tione;"Estiva
lunedç-sabato";37;50; 67 ; 2.479,00 ;TRENTINOBUS SRL;FZ833BE;54;CS792NG;45;FG405XM;28;2323;BAITONI                      ;2290;TIONE (Autostazione)         ;;;;;estiva feriale lu-sa;;x;x;;x;x;x;x;x;x;;;;;;;;;;;; ? 114,11 
493;NUOVA;483;215;133;15:58;16:56;Baitoni-Tione;"invernale
lunedç-sabato";37;50; 240 ; 8.880,00 ;MAESTRI AUGUSTO & C. S.N.C. ;FB997BJ;57;GH939KX;57;GH738AD;38;2323;BAITONI                      ;2290;TIONE (Autostazione)         ;;;;;invernale feriale lu-sa;x;;x;;x;x;x;x;x;x;;;;;;;;;;;; ? 111,00 
494;;484;225;452;17:00;17:15;Condino - Brione ;"scolastica 
da lunedç a giovedç";6,00;22; 137 ; 822,00 ;TN SERVICE LORENZI A CAPITALE RIDOTTO S.R.L. DI TAVELLI ANDREA;FY833HP;24;EZ827RB;17;ET984ZJ;17;2311;CONDINO                      ;2312;Brione di Condino            ;;;;;scolastica lu, ma, me, gio;;;;x;x;x;x;x;;;;;;;;;;;;;; ? 31,30 
495;bacino 2 estate 2021;485;215;146;18:11;19:11;Tione-Baitoni;"Estiva
lunedç-sabato";37;50; 67 ; 2.479,00 ;TRENTINOBUS SRL;FZ833BE;54;CS792NG;45;FG405XM;28;2290;TIONE (Autostazione)         ;2323;BAITONI                      ;;;;;estiva feriale lu-sa;;x;x;;x;x;x;x;x;x;;;;;;;;;;;; ? 114,11 
496;eliminata nuova dall'inizio;486;215;146;18:11;19:11;Tione-Baitoni;"Invernale
sabato";37;50;; -   ;NULLA;;;;;;;;;;;;;;;;;;;;;;;;;;;;;;;;;;;;;
497;bacino 2 estate 2021;487;215;633;18:58;19:56;Baitoni-Tione;"Estiva
lunedç-sabato";37;50; 67 ; 2.479,00 ;TN SERVICE LORENZI A CAPITALE RIDOTTO S.R.L. DI TAVELLI ANDREA;GK228BZ;57;FT942AZ;60;FF887CS (Aut. Filippi);57;2323;BAITONI                      ;2290;TIONE (Autostazione)         ;;;;;estiva feriale lu-sa;;x;x;;x;x;x;x;x;x;;;;;;;;;;;; ? 87,50 
498;frequenza corretta da capitolato;488;215;424;18:59;19:59;Tione-Baitoni;"invernale
lunedç-sabato";37;50; 240 ; 8.880,00 ;TRENTINOBUS SRL;FG405XM;29;FN299MX;37;GC420NL;29;2290;TIONE (Autostazione)         ;2323;BAITONI                      ;;;;;invernale feriale lu-sa;x;;x;;x;x;x;x;x;x;;;;;;;;;;;; ? 111,00 
499;bacino 2 estate 2021;489;215;426;19:59;20:59;Tione-Baitoni;"Estiva
lunedç-sabato";37;50; 67 ; 2.479,00 ;TN SERVICE LORENZI A CAPITALE RIDOTTO S.R.L. DI TAVELLI ANDREA;GK228BZ;57;FT942AZ;60;FF887CS (Aut. Filippi);57;2290;TIONE (Autostazione)         ;2323;BAITONI                      ;;;;;estiva feriale lu-sa;;x;x;;x;x;x;x;x;x;;;;;;;;;;;; ? 87,50 
500;variazione km capitolato;490;215;593;20:30;21:54;Vestone - Tione;"invernale feriale 
solo venerdç";54,00;22; 41 ; 2.214,00 ;SOLETANA VIAGGI S.R.L.;FC188RJ;20;FR954WP;27;;;2330;VESTONE                      ;2290;TIONE Autostazione            ;;;;;invernale feriale ven;x;;x;;;;;;x;;;;;;;;;;;;; ? 124,50 
501;;491;216;48;13:09;13:23;Preore-Montagne;"scolastica 
da lunedç a venerdç";5,50;19; 174 ; 957,00 ;TRENTINOBUS SRL;FG405XM;29;GC420NL;29;GG015PN;25;2251;Preore                       ;2280;MONTAGNE (Binio)             ;;;;;scolastica lu-ve;;;;x;x;x;x;x;x;;;;;;;;;;;;; ? 11,00 
502;;492;216;45;13:25;14:10;Montagne-Tione;"scolastica 
da lunedç a venerdç";20,00;19; 174 ; 3.480,00 ;TRENTINOBUS SRL;FG405XM;29;GC420NL;29;GG015PN;25;2280;MONTAGNE (Binio)             ;2290;TIONE (Autostazione)         ;;;;;scolastica lu-ve;;;;x;x;x;x;x;x;;;;;;;;;;;;; ? 40,00 
503;;493;216;398;16:07;16:55;Tione - Montagne;"scolastica 
da lunedç a giovedç";19,00;22; 137 ; 2.603,00 ;AUTONOLEGGI FILIPPI S.R.L. UNIPERSONALE;FE856YK;21;FM492NR;22;FN174MX;23;  2290IS;Tione - Istituto             ;2280;MONTAGNE (Binio)             ;;;;;scolastica lu, ma, me, gio;;;;x;x;x;x;x;;;;;;;;;;;;;; ? 47,50 
504;Eliminata dall'inizio (Soletana);494;217;;14:05;14:15;Tione-Tione-Ospedale-Tione;"invernale
da lunedç a venerdç";4;50;; -   ;NULLA;;;;;;;;;;;;;;;;;;;;;;;;;;;;;;;;;;;;;
505;;495;218;407;13:45;13:49;Masi di Vigo - Vigo Cavedine;"scolastica 
da lunedç a sabato";4,00;16; 208 ; 832,00 ;PEDERZOLLI DENIS;ET415HZ;17;GH078PC;21;;;  2055ST;Masi di Sotto  civ. 6        ;2054;VIGO CAVEDINE                ;;;;;scolastica lu-sa;;;;x;x;x;x;x;x;x;;;;;;;;;;;; ? 12,77 
506;;496;218;408;13:50;13:55;Vigo Cavedine - Masi di Vigo;"scolastica 
da lunedç a sabato";4,00;16; 208 ; 832,00 ;PEDERZOLLI DENIS;ET415HZ;17;GH078PC;21;;;2054;VIGO CAVEDINE                ;  2055ST;Masi di Sotto  civ. 6        ;;;;;scolastica lu-sa;;;;x;x;x;x;x;x;x;;;;;;;;;;;; ? 12,77 
507;;497;218;410;14:25;14:36;Vigo Cavedine - Masi di Vigo - Drena;"scolastica 
da lunedç a sabato";7,50;16; 208 ; 1.560,00 ;PEDERZOLLI DENIS;ET415HZ;17;GH078PC;21;;;2054;VIGO CAVEDINE                ;2057;DRENA                        ;;;;;scolastica lu-sa;;;;x;x;x;x;x;x;x;;;;;;;;;;;; ? 19,07 
508;;498;224;149;06:35;06:49;Lagolo-Lasino;"scolastica 
da lunedç a sabato";10,00;16; 208 ; 2.080,00 ;PEDERZOLLI DENIS;FA893GW;9; FW805WP;7;;;2670;LAGOLO                       ;2049;Lasino                       ;;;;;scolastica lu-sa;;;;x;x;x;x;x;x;x;;;;;;;;;;;; ? 30,00 
509;;499;231;62;06:42;07:45;Tione - M. di Campiglio C.Carlo Magno;invernale giornaliera;33,00;50; 287 ; 9.471,00 ;TRENTINOBUS SRL;FZ833BE;54;CS792NG;45;FN299MX;37;2290;TIONE (Autostazione)         ;958;CAMPO CARLOMAGNO             ;;;;;invernale giornaliera;x;;x;;x;x;x;x;x;x;x;;;;;;;;;;; ? 118,06 
510;;500;231;63;07:10;07:15;Massimeno - Giustino;"scolastica 
da lunedç a venerdç";2,00;8; 174 ; 348,00 ;TN SERVICE LORENZI A CAPITALE RIDOTTO S.R.L. DI TAVELLI ANDREA;ET984ZJ;17;EZ827RB;17;;;2439;Massimeno                    ;2440;Giustino                     ;;;;;scolastica lu-ve;;;;x;x;x;x;x;x;;;;;;;;;;;;; ? 10,00 
511;NUOVA;501;231;253;07:52;08:58;C.C.Magno-Tione;"invernale
lunedç-sabato";33;50; 240 ; 7.920,00 ;TRENTINOBUS SRL;FZ833BE;54;CS792NG;45;FN299MX;37;958;CAMPO CARLOMAGNO             ;2290;TIONE (Autostazione)         ;;;;;invernale feriale lu-sa;x;;x;;x;x;x;x;x;x;;;;;;;;;;;; ? 99,00 
512;bacino 2 estate 2021;502;231;932;11:16;12:19;Tione-C.C.Magno;"festiva 
estiva";33;50; 13 ; 429,00 ;SOLETANA VIAGGI S.R.L.;FJ863YE;56;;;;;2290;TIONE (Autostazione)         ;958;CAMPO CARLOMAGNO             ;;;;;estiva festiva;;x;;;;;;;;;x;;;;;;;;;;; ? 92,96 
513;bacino 2 estate 2021;503;231;971;13:52;14:58;C.C.Magno-Tione;"festiva 
estiva";33;50; 13 ; 429,00 ;SOLETANA VIAGGI S.R.L.;FJ863YE;56;;;;;958;CAMPO CARLOMAGNO             ;2290;TIONE (Autostazione)         ;;;;;estiva festiva;;x;;;;;;;;;x;;;;;;;;;;; ? 92,96 
514;NUOVA;504;231;978;16:05;17:08;Tione-C.C.Magno;"invernale
da lunedç a venerdç";33;50; 202 ; 6.666,00 ;TRENTINOBUS SRL;FZ833BE;54;FN299MX;37;CS792NG (il venerdç);45;2290;TIONE (Autostazione)         ;958;CAMPO CARLOMAGNO             ;;;;;invernale feriale lu-ve;x;;x;;x;x;x;x;x;;;;;;;;;;;;; ? 99,00 
515;NUOVA;505;231;938;18:59;20:03;Tione-C.C.Magno;"invernale
lunedç-sabato";33;50; 240 ; 7.920,00 ;TRENTINOBUS SRL;FZ833BE;54;FN299MX;37;CS792NG;45;2290;  TIONE Autostazione            ;958;CAMPO CARLOMAGNO              ;;;;;invernale feriale lu-sa;x;;x;;x;x;x;x;x;x;;;;;;;;;;;; ? 99,00 
516;NUOVA;506;231;261;17:52;18:56;C.C.Magno-Tione;"invernale
da lunedç a venerdç";33;50; 202 ; 6.666,00 ;TRENTINOBUS SRL;FZ833BE;54;FN299MX;37;CS792NG (il venerdç);45;958;CAMPO CARLOMAGNO             ;2290;TIONE (Autostazione)         ;;;;;invernale feriale lu-ve;x;;x;;x;x;x;x;x;;;;;;;;;;;;; ? 99,00 
517;frequenza corretta da capitolato;507;231;293;19:52;20:56;C.C.Magno-Tione;Festiva invernale;33;50; 45 ; 1.485,00 ;TRENTINOBUS SRL;FN299MX;37;FZ833BE;54;CS792NG;45;958;CAMPO CARLOMAGNO             ;2290;TIONE (Autostazione)         ;;;;;invernale festiva;x;;;;;;;;;;x;;;;;;;;;;; ? 158,53 
518;;508;236;471;09:15;09:27;Terlago - Sopramonte;"feriale 
da lunedç a venerdç";8,20;19; 252 ; 2.066,40 ;PERINI FRANCO ;GG613WS;21;GA007TD;24;GM363RH;21;2021;TERLAGO                      ;  2621SD;Sopramonte     ;;;;;annuale feriale lu-ve;x;x;x;;x;x;x;x;x;;;;;;;;;;;;; ? 16,40 
519;;509;206;470;09:50;10:19;Sopramonte - Monte Terlago;"feriale 
da lunedç a venerdç";16,00;19; 252 ; 4.032,00 ;PERINI FRANCO ;GG613WS;21;GA007TD;24;;;  2621SD;Sopramonte                 ;  2023AL;M.TERLAGO (H. 2 Laghi)       ;;;;;annuale feriale lu-ve;x;x;x;;x;x;x;x;x;;;;;;;;;;;;; ? 32,00 
520;;510;236;473;10:25;10:51;Monte Terlago - Sopramonte;"feriale 
da lunedç a venerdç";16,00;19; 252 ; 4.032,00 ;PERINI FRANCO ;GG613WS;21;FV524FA;37;;;  2023AL;M.TERLAGO (H. 2 Laghi)       ;  2621SD;Sopramonte     ;;;;;annuale feriale lu-ve;x;x;x;;x;x;x;x;x;;;;;;;;;;;;; ? 32,00 
521;;511;206;472;11:11;11:40;Sopramonte - Monte Terlago;"feriale 
da lunedç a venerdç";16,00;19; 252 ; 4.032,00 ;PERINI FRANCO ;GG613WS;21;FV524FA;37;"GH658ZZ
no mart-ven ";23;  2621SD;Sopramonte                 ;  2023AL;M.TERLAGO (H. 2 Laghi)       ;;;;;annuale feriale lu-ve;x;x;x;;x;x;x;x;x;;;;;;;;;;;;; ? 32,00 
522;;512;236;475;11:46;12:12;Monte Terlago - Sopramonte;"feriale 
da lunedç a venerdç";16,00;19; 252 ; 4.032,00 ;PERINI FRANCO ;GG613WS;21;GM363RH;21;GA007TD;24;  2023AL;M.TERLAGO (H. 2 Laghi)       ;  2621SD;Sopramonte     ;;;;;annuale feriale lu-ve;x;x;x;;x;x;x;x;x;;;;;;;;;;;;; ? 32,00 
523;;513;236;477;14:46;15:12;Monte Terlago - Sopramonte;"feriale 
da lunedç a venerdç";16,00;19; 252 ; 4.032,00 ;PERINI FRANCO ;GA007TD;24;GG613WS;21;GM363RH;21;  2023AL;M.TERLAGO (H. 2 Laghi)       ;  2621SD;Sopramonte     ;;;;;annuale feriale lu-ve;x;x;x;;x;x;x;x;x;;;;;;;;;;;;; ? 32,00 
524;;514;236;474;15:35;16:04;Sopramonte - Monte Terlago;"feriale 
da lunedç a venerdç";16,00;20; 252 ; 4.032,00 ;PERINI FRANCO ;GG613WS;21;GA007TD;24;GH658ZZ;23;  2621SD;Sopramonte                 ;  2023AL;M.TERLAGO (H. 2 Laghi)       ;;;;;annuale feriale lu-ve;x;x;x;;x;x;x;x;x;;;;;;;;;;;;; ? 32,00 
525;;515;236;479;17:15;17:41;Monte Terlago - Sopramonte;"feriale 
da lunedç a venerdç";16,00;19; 252 ; 4.032,00 ;PERINI FRANCO ;GA007TD;24;GG613WS;21;GM363RH;21;  2023AL;M.TERLAGO (H. 2 Laghi)       ;  2621SD;Sopramonte     ;;;;;annuale feriale lu-ve;x;x;x;;x;x;x;x;x;;;;;;;;;;;;; ? 32,00 
526;;516;206;476;18:10;18:39;Sopramomnte - Monte Terlago;"feriale 
da lunedç a venerdç";16,00;19; 252 ; 4.032,00 ;PERINI FRANCO ;GA007TD;24;GG613WS;21;GM363RH;21;  2621SD;Sopramonte                 ;  2023AL;M.TERLAGO (H. 2 Laghi)       ;;;;;annuale feriale lu-ve;x;x;x;;x;x;x;x;x;;;;;;;;;;;;; ? 32,00 
527;;517;301;169;05:07;05:53;Rovereto-Trento;"scolastica 
da lunedç a venerdç";28;30; 174 ; 4.872,00 ;BUS MANIA srl;GE316VX;31;FN191MX (Pedrinolla Gr.);29;;;  3100FR;ROVERETO (Staz.F.S.);1;TRENTO (Autostaz.)         ;;;;;scolastica lu-ve;;;;x;x;x;x;x;x;;;;;;;;;;;;; ? 82,50 
528;;518;301;354;05:57;06:43;Trento-Rovereto;"scolastica 
da lunedç a venerdç";28;30; 174 ; 4.872,00 ;BUS MANIA srl;GE316VX;31;FN191MX (Pedrinolla Gr.);29;;;1;TRENTO   (Autostaz.)         ;  3100FS;ROVERETO (Staz.F.S.);;;;;scolastica lu-ve;;;;x;x;x;x;x;x;;;;;;;;;;;;; ? 82,50 
529;NUOVA frequenza corretta da capitolato;519;301;815;19:29;20:19;Rovereto-Trento;invernale lunedç-venerdç;27;50; 202 ; 5.454,00 ;SRT S.R.L.;GJ981MK;55+30;;;;;  3100FR;ROVERETO (Staz.F.S.);1;TRENTO (Autostaz.)         ;;;;;invernale feriale lu-ve;x;;x;;x;x;x;x;x;;;;;;;;;;;;; ? 131,00 
530;soppressa dal 19/01/2023 al 05/05/2023 x ch.strd;520;302;473;06:23;06:32;Vigile - Cimone bivio Pietra;"scolastica 
da lunedç a sabato";3,00;19; 208 ; 624,00 ;MDL s.r.l.;EH342PM;20;FE271HG;17;FC144RJ;24;3677;Vigile                       ;  3670PI;Cimone - Bivio Pietra        ;;18/01/2023;06/05/2023;;scolastica lu-sa;;;;x;x;x;x;x;x;x;;;;;;;;;;;; ? 20,00 
531;soppressa dal 19/01/2023 al 05/05/2023 x ch.strd;521;302;463;06:47;06:54;Vigile - Cimone bivio Pietra;"scolastica 
da lunedç a sabato";3,00;19; 208 ; 624,00 ;MDL s.r.l.;EH342PM;20;FE271HG;17;FC144RJ;24;3677;Vigile                       ;  3670PI;Cimone - Bivio Pietra        ;;18/01/2023;06/05/2023;;scolastica lu-sa;;;;x;x;x;x;x;x;x;;;;;;;;;;;; ? 20,00 
532;soppressa dal 19/01/2023 al 05/05/2023 x ch.strd;522;302;463;06:47;06:54;Vigile - Cimone bivio Pietra;"non scolastica 
da lunedç a sabato";3,00;19; 29 ; 87,00 ;MDL s.r.l.;EH342PM;20;FE271HG;17;FC144RJ;24;3677;Vigile                       ;  3670PI;Cimone - Bivio Pietra        ;;18/01/2023;06/05/2023;;invernale feriale no scol lu-sa;x;;x;;;;;;;;;;;;x;x;x;x;x;x;; ? 20,00 
533;;523;302;463;06:50;06:57;Vigile - Cimone bivio Pietra;"Estiva
lunedç-venerdç";3,00;19; 55 ; 165,00 ;MDL s.r.l.;EH342PM;20;FE271HG;17;FC144RJ;24;3677;Vigile                       ;  3670PI;Cimone - Bivio Pietra        ;;;;;estiva feriale lu-ve;;x;x;;x;x;x;x;x;;;;;;;;;;;;; ? 20,00 
534;soppressa dal 19/01/2023 al 05/05/2023 x ch.strd;524;302;465;07:25;07:32;Vigile - Cimone bivio Pietra;"scolastica 
da lunedç a sabato";3,00;19; 208 ; 624,00 ;MDL s.r.l.;EH342PM;20;FE271HG;17;FC144RJ;24;3677;Vigile                       ;  3670PI;Cimone - Bivio Pietra        ;;18/01/2023;06/05/2023;;scolastica lu-sa;;;;x;x;x;x;x;x;x;;;;;;;;;;;; ? 19,41 
535;;525;302;465;07:30;07:37;Vigile - Cimone bivio Pietra;"estiva feriale 
solo giorno di giovedç";3,00;19; 11 ; 33,00 ;MDL s.r.l.;EH342PM;20;FE271HG;17;FC144RJ;24;3677;Vigile                       ;  3670PI;Cimone - Bivio Pietra        ;;;;;estiva feriale gio;;x;x;;;;;x;;;;;;;;;;;;;; ? 18,00 
536;;526;302;149;08:27;09:15;Garniga V.-Garniga-Aldeno-Ravina-Trento;"Invernale
festiva";25,00;19; 47 ; 1.175,00 ;ATP SRLS;FW970WP;23;EN046NH;19;GA984ER GC658CS (ditta Nice srl);23;3695;GARNIGA VECCHIA              ;1;TRENTO (Autostaz.)         ;;;;;invernale festiva;x;;;;;;;;;;x;;;;;;;;;;; ? 75,00 
537;;527;302;149;08:27;09:15;Garniga Vecchia- Garniga T. - Aldeno - Trento;"festiva 
estiva";25,00;24; 13 ; 325,00 ;ATP SRLS;FW970WP;23;EN046NH;19;GA984ER GC658CS (ditta Nice srl);23;3695;GARNIGA VECCHIA              ;1;TRENTO (Autostaz.)         ;;;;;estiva festiva;;x;;;;;;;;;x;;;;;;;;;;; ? 75,00 
538;;528;302;154;11:51;12:14;Aldeno - Garniga - Ganiga Vecchia;"invernale
lunedç-sabato";12,00;24; 240 ; 2.880,00 ;ATP SRLS;FW970WP;23;EN046NH;19;GA984ER FN426MX (ditta Nice srl);20;3640;ALDENO                       ;3695;GARNIGA VECCHIA              ;;;;;invernale feriale lu-sa;x;;x;;x;x;x;x;x;x;;;;;;;;;;;; ? 46,16 
539;;529;302;537;12:15;13:03;Garniga Vecchia - Garniga - Aldeno - Trento;"invernale
lunedç-sabato";25,00;24; 240 ; 6.000,00 ;ATP SRLS;FW970WP;23;EN046NH;19;GA984ER FN426MX (ditta Nice srl);20;3695;GARNIGA VECCHIA              ;1;TRENTO (Autostaz.)         ;;;;;invernale feriale lu-sa;x;;x;;x;x;x;x;x;x;;;;;;;;;;;; ? 50,00 
540;;530;302;156;12:20;13:22;Trento - Aldeno - Garniga - Garniga Vecchia;"festiva 
estiva";25,00;24; 13 ; 325,00 ;ATP SRLS;FW970WP;23;EN046NH;19;GA984ER GC658CS (ditta Nice srl);23;1;TRENTO   (Autostaz.)         ;3695;GARNIGA VECCHIA              ;;;;;estiva festiva;;x;;;;;;;;;x;;;;;;;;;;; ? 71,24 
541;;531;302;156;12:20;13:08;Trento - Aldeno - Garniga - Garniga Vecchia;"Invernale 
festiva";25,00;24; 47 ; 1.175,00 ;ATP SRLS;FW970WP;23;EN046NH;19;GA984ER GC658CS (ditta Nice srl);23;1;TRENTO   (Autostaz.)         ;3695;GARNIGA VECCHIA              ;;;;;invernale festiva;x;;;;;;;;;;x;;;;;;;;;;; ? 71,24 
542;;532;302;462;12:53;13:00;Cimone bivio Pietra - Vigile;"estiva feriale 
solo giorno di giovedç";3,00;19; 11 ; 33,00 ;MDL s.r.l.;EH342PM;20;FE271HG;17;FC144RJ;24;  3670PI;Cimone - Bivio Pietra        ;3677;Vigile                       ;;;;;estiva feriale gio;;x;x;;;;;x;;;;;;;;;;;;;; ? 18,00 
543;soppressa dal 19/01/2023 al 05/05/2023 x ch.strd;533;302;462;13:03;13:10;Cimone bivio Pietra - Vigile;"scolastica 
da lunedç a sabato";3,00;19; 208 ; 624,00 ;MDL s.r.l.;EH342PM;20;FE271HG;17;FC144RJ;24;  3670PI;Cimone - Bivio Pietra        ;3677;Vigile                       ;;18/01/2023;06/05/2023;;scolastica lu-sa;;;;x;x;x;x;x;x;x;;;;;;;;;;;; ? 19,41 
544;;534;302;421;13:35;14:32;Garniga Vecchia - Garniga - Aldeno - Trento;"festiva 
estiva";25,00;24; 13 ; 325,00 ;ATP SRLS;FW970WP;23;EN046NH;19;GA984ER GC658CS (ditta Nice srl);23;3695;GARNIGA VECCHIA              ;1;TRENTO (Autostaz.)         ;;;;;estiva festiva;;x;;;;;;;;;x;;;;;;;;;;; ? 71,24 
545;;535;302;421;13:35;14:32;Garniga Vecchia - Garniga - Aldeno - Trento;"Invernale 
festiva";25,00;24; 47 ; 1.175,00 ;ATP SRLS;FW970WP;23;EN046NH;19;GA984ER GC658CS (ditta Nice srl);23;3695;GARNIGA VECCHIA              ;1;TRENTO (Autostaz.)         ;;;;;invernale festiva;x;;;;;;;;;;x;;;;;;;;;;; ? 71,24 
546;soppressa dal 19/01/2023 al 05/05/2023 x ch.strd;536;302;464;14:09;14:16;Cimone bivio Pietra - Vigile;"scolastica 
da lunedç a sabato";3,00;19; 208 ; 624,00 ;MDL s.r.l.;EH342PM;20;FE271HG;17;FC144RJ;24;  3670PI;Cimone - Bivio Pietra        ;3677;Vigile                       ;;18/01/2023;06/05/2023;;scolastica lu-sa;;;;x;x;x;x;x;x;x;;;;;;;;;;;; ? 19,41 
547;;537;302;440;17:20;18:14;Trento - Aldeno - Garniga - garniga Vecchia;"festiva 
estiva";25,00;24; 13 ; 325,00 ;ATP SRLS;FW970WP;23;EN046NH;19;GA984ER GC658CS (ditta Nice srl);23;1;TRENTO   (Autostaz.)         ;3695;GARNIGA VECCHIA              ;;;;;estiva festiva;;x;;;;;;;;;x;;;;;;;;;;; ? 71,24 
548;;538;302;440;17:20;18:14;Trento - Aldeno - Garniga - garniga Vecchia;"Invernale 
festiva";25,00;24; 47 ; 1.175,00 ;ATP SRLS;FW970WP;23;EN046NH;19;GA984ER GC658CS (ditta Nice srl);23;1;TRENTO   (Autostaz.)         ;3695;GARNIGA VECCHIA              ;;;;;invernale festiva;x;;;;;;;;;;x;;;;;;;;;;; ? 71,24 
549;soppressa dal 19/01/2023 al 05/05/2023 x ch.strd;539;302;474;17:30;17:37;Cimone bivio Pietra - Vigile;"scolastica 
da lunedç a venerdç";3,00;19; 174 ; 522,00 ;MDL s.r.l.;EH342PM;20;FE271HG;17;FC144RJ;24;  3670PI;Cimone - Bivio Pietra        ;3677;Vigile                       ;;18/01/2023;06/05/2023;;scolastica lu-ve;;;;x;x;x;x;x;x;;;;;;;;;;;;; ? 10,00 
550;soppressa dal 19/01/2023 al 05/05/2023 x ch.strd;540;302;466;17:59;18:06;Cimone bivio Pietra - Vigile;"scolastica 
da lunedç a venerdç";3,00;19; 174 ; 522,00 ;MDL s.r.l.;EH342PM;20;FE271HG;17;FC144RJ;24;  3670PI;Cimone - Bivio Pietra        ;3677;Vigile                       ;;18/01/2023;06/05/2023;;scolastica lu-ve;;;;x;x;x;x;x;x;;;;;;;;;;;;; ? 18,76 
551;soppressa dal 19/01/2023 al 05/05/2023 x ch.strd;541;302;466;17:59;18:06;Cimone bivio Pietra - Vigile;"non scolastica 
da lunedç a venerdç";3,00;19; 26 ; 78,00 ;MDL s.r.l.;EH342PM;20;FE271HG;17;FC144RJ;24;  3670PI;Cimone - Bivio Pietra        ;3677;Vigile                       ;;18/01/2023;06/05/2023;;invernale feriale no scol lu-ve;x;;x;;;;;;;;;;;;x;x;x;x;x;;; ? 18,76 
552;;542;302;466;17:59;18:06;Cimone bivio Pietra - Vigile;"estiva 
da lunedç a giovedç";3,00;19; 44 ; 132,00 ;MDL s.r.l.;EH342PM;20;FE271HG;17;FC144RJ;24;  3670PI;Cimone - Bivio Pietra        ;3677;Vigile                       ;;;;;estiva feriale lu-gio;;x;x;;x;x;x;x;;;;;;;;;;;;;; ? 10,00 
553;;543;302;167;18:25;19:13;Garniga Vecchia - Garniga - Aldeno - Trento;"festiva 
estiva";25,00;24; 13 ; 325,00 ;ATP SRLS;FW970WP;23;EN046NH;19;GA984ER GC658CS (ditta Nice srl);23;3695;GARNIGA VECCHIA              ;1;TRENTO (Autostaz.)         ;;;;;estiva festiva;;x;;;;;;;;;x;;;;;;;;;;; ? 71,24 
554;;544;302;167;18:25;19:13;Garniga Vecchia - Garniga - Aldeno - Trento;"Invernale 
festiva";25,00;24; 47 ; 1.175,00 ;ATP SRLS;FW970WP;23;EN046NH;19;GA984ER GC658CS (ditta Nice srl);23;3695;GARNIGA VECCHIA              ;1;TRENTO (Autostaz.)         ;;;;;invernale festiva;x;;;;;;;;;;x;;;;;;;;;;; ? 71,24 
555;;545;302;238;20:30;21:05;Trento - Aldeno - Garniga;"Estiva
lunedç-venerdç";22,00;19; 55 ; 1.210,00 ;ATP SRLS;FW970WP;23;EN046NH;19;GA984ER GC658CS (ditta Nice srl);23;1;TRENTO   (Autostaz.)         ;3690;GARNIGA TERME                ;;;;;estiva feriale lu-ve;;x;x;;x;x;x;x;x;;;;;;;;;;;;; ? 126,10 
556;;546;302;238;20:30;21:05;Trento - Aldeno - Garniga;"invernale
da lunedç a venerdç";22,00;19; 202 ; 4.444,00 ;ATP SRLS;FW970WP;23;EN046NH;19;GA984ER FN426MX (ditta Nice srl);20;1;TRENTO   (Autostaz.)         ;3690;GARNIGA TERME                ;;;;;invernale feriale lu-ve;x;;x;;x;x;x;x;x;;;;;;;;;;;;; ? 126,10 
557;;547;302;238;22:00;22:35;Trento - Aldeno - Garniga;"estiva
sabato ";22,00;19; 12 ; 264,00 ;ATP SRLS;FW970WP;23;EN046NH;19;GA984ER GC658CS (ditta Nice srl);23;1;TRENTO   (Autostaz.)         ;3690;GARNIGA TERME                ;;;;;estiva feriale sab;;x;x;;;;;;;x;;;;;;;;;;;; ? 126,10 
558;;548;302;238;22:00;22:35;Trento - Aldeno - Garniga;"invernale feriale 
solo sabato";22,00;19; 38 ; 836,00 ;ATP SRLS;FW970WP;23;EN046NH;19;GA984ER FN426MX (ditta Nice srl);20;1;TRENTO   (Autostaz.)         ;3690;GARNIGA TERME                ;;;;;invernale feriale sab;x;;x;;;;;;;x;;;;;;;;;;;; ? 126,10 
559;km corretti da capitolato;549;303;545;06:30;07:05;Luserna - Caldonazzo - Pergine;"scolastica 
da lunedç a sabato";28,00;14; 208 ; 5.824,00 ;AUTOFFICINA LUNELLI DI LUNELLI STEFANO & C. S.N.C.;FW770WP;15;GE387VX;9;ES314MS;9;3895;LUSERNA                      ;  4270PT;Caldonazzo;;;;;scolastica lu-sa;;;;x;x;x;x;x;x;x;;;;;;;;;;;; ? 100,20 
560;;550;303;545;06:30;07:05;Luserna-Caldonazzo-Pergine;"feriale estiva
da lunedç a venerdç";28,00;14; 55 ; 1.540,00 ;AUTOFFICINA LUNELLI DI LUNELLI STEFANO & C. S.N.C.;FW770WP;15;GE387VX;9;ES314MS;9;3895;LUSERNA                      ;  4100CI;PERGINE (C.Intermodale)      ;;;;;estiva feriale lu-ve;;x;x;;x;x;x;x;x;;;;;;;;;;;;; ? 84,00 
561;;551;303;501;06:44;07:41;Carbonare - Vigolo Vattaro - Trento (corsa bis);"scolastica a mesi alterni
da lunedç a venerdç";28,00;55; 87 ; 2.436,00 ;STENGHELE SRL;ER716KZ;58;GJ655MK;55;;;3820;CARBONARE                    ;1;TRENTO (Autostaz.)         ;;;;;scolastica lu-ve ott-dic-febb-apr-giu;;;;x;x;x;x;x;x;;;;;;;;;;;;; ? 215,22 
562;;551 bis;303;501;06:44;07:41;Carbonare - Vigolo Vattaro - Trento (corsa bis);"scolastica a mesi alterni
da lunedç a venerdç";28,00;55; 87 ; 2.436,00 ;TOLLER S.N.C. DI TOLLER CALLISTO E C. ;GJ549MK;57;FZ734BE;58;;;3820;CARBONARE                    ;1;TRENTO (Autostaz.)         ;;;;;scolastica lu-ve sett-nov-genn-mar-magg;;;;x;x;x;x;x;x;;;;;;;;;;;;; ? 215,22 
563;Eliminata giÖ compresa - corsa nuova - dall'inizio;552;303;545;06:53;07:05;Caldonazzo-Pergine;"scolastica 
da lunedç a sabato";9,00;14;; -   ;NULLA;;;;;;;;;;;;;;;;;;;;;;;;;;;;;;;;;;;;;
564;;553;303;427;06:55;07:16;Centa - Calceranica;"scolastica 
da lunedç a sabato";10,50;22; 208 ; 2.184,00 ;CLUB DELLAI S.R.L.;FN483MX;23;GC523CS;23;ER857KZ;23;3790;CENTA                        ;  4260RR;Calceranica al Lago;;;;;scolastica lu-sa;;;;x;x;x;x;x;x;x;;;;;;;;;;;; ? 66,73 
565;;554;303;501;07:00;07:41;Pian dei Pradi - Trento (corsa bis);"scolastica 
da lunedç a venerdç";19,00;55; 174 ; 3.306,00 ;CLUB DELLAI S.R.L.; ED494MM;57; ED909MM;56;FE585HG  FF601CS (Martina);62  61;3770;Pian Dei Pradi;1;TRENTO (Autostaz.)         ;;;;;scolastica lu-ve;;;;x;x;x;x;x;x;;;;;;;;;;;;; ? 224,74 
566;;555;303;253;07:27;07:32;Vattaro - Vigolo Vattaro (corsa bis);"scolastica 
da lunedç a venerdç";3,00;22; 174 ; 522,00 ;CLUB DELLAI S.R.L.;FN483MX;23;GC523CS;23;ER857KZ;23;3760;VATTARO                      ;3740;VIGOLO VATTARO               ;;;;;scolastica lu-ve;;;;x;x;x;x;x;x;;;;;;;;;;;;; ? 10,00 
567;;556;303;253;07:35;07:40;Bosentino - Vigolo Vattaro (corsa bis);"scolastica 
da lunedç a venerdç";3,00;22; 174 ; 522,00 ;CLUB DELLAI S.R.L.;FN483MX;23;GC523CS;23;ER857KZ;23;3750;Bosentino                    ;3740;VIGOLO VATTARO               ;;;;;scolastica lu-ve;;;;x;x;x;x;x;x;;;;;;;;;;;;; ? 9,33 
568;;557;330;437;07:45;08:11;Vigolo Vattaro - Levico;"scolastica 
da lunedç a venerdç";11,00;22; 174 ; 1.914,00 ;CLUB DELLAI S.R.L.;FN483MX;23;GC523CS;23;ER857KZ;23;3740;VIGOLO VATTARO               ;  4300SP;Levico T.-Via Roma, 61       ;;;;;scolastica lu-ve;;;;x;x;x;x;x;x;;;;;;;;;;;;; ? 34,20 
569;;558;303;550;07:50;08:13;Caldonazzo-Luserna;"feriale estiva
da lunedç a venerdç";19,00;14; 55 ; 1.045,00 ;AUTOFFICINA LUNELLI DI LUNELLI STEFANO & C. S.N.C.;FW770WP;15;GE387VX;9;ES314MS;9;  4270FS;Caldonazzo - Staz. FS        ;3895;LUSERNA                      ;;;;;estiva feriale lu-ve;;x;x;;x;x;x;x;x;;;;;;;;;;;;; ? 57,00 
570;;559;303;473;07:58;08:48;Lavarone - V.Vattaro;"Estiva
lunedç-venerdç";21,50;50; 55 ; 1.182,50 ;STENGHELE SRL  ;ER716KZ;58;GJ655MK;55;;;3870;LAVARONE CAPPELLA            ;3740;VIGOLO VATTARO               ;;;;;estiva feriale lu-ve;;x;x;;x;x;x;x;x;;;;;;;;;;;;; ? 104,24 
571;;560;303;549;08:15;08:38;Luserna - Caldonazzo;"Invernale feriale
solo giovedç";19,00;14; 39 ; 741,00 ;AUTOFFICINA LUNELLI DI LUNELLI STEFANO & C. S.N.C.;FW770WP;15;GE387VX;9;ES314MS;9;3895;LUSERNA                      ;  4270PT;Caldonazzo;;;;;invernale feriale gio;x;;x;;;;;x;;;;;;;;;;;;;; ? 57,00 
572;;561;303;703;08:25;09:20;Centa-Bosentino-V.Vattaro-Trento;"festiva 
estiva";23,00;30; 13 ; 299,00 ;CLUB DELLAI S.R.L.;ES852SX;31;ED494MM;57;FF899CS;42;3790;CENTA                        ;1;TRENTO (Autostaz.)         ;;;;;estiva festiva;;x;;;;;;;;;x;;;;;;;;;;; ? 69,00 
573;;562;303;703;08:25;09:20;Centa-Bosentino-V.Vattaro-Trento;"Invernale 
festiva";23,00;30; 47 ; 1.081,00 ;CLUB DELLAI S.R.L.;ES852SX;31;ED494MM;57;FF899CS;42;3790;CENTA                        ;1;TRENTO (Autostaz.)         ;;;;;invernale festiva;x;;;;;;;;;;x;;;;;;;;;;; ? 69,00 
574;;563;303;541;08:35;09:15;Centa - Pergine;"feriale non scolastica
da lunedç a sabato";20,00;22; 29 ; 580,00 ;CLUB DELLAI S.R.L.;FN117MX;21;FN483MX;23;ER857KZ;23;3790;CENTA                        ;  4100CI;PERGINE (C.Intermodale)      ;;;;;invernale feriale no scol lu-sa;x;;x;;;;;;;;;;;;x;x;x;x;x;x;; ? 77,63 
575;;564;303;551;08:45;09:11;Luserna-Caldonazzo;"estiva
feriale ";19,00;9; 67 ; 1.273,00 ;AUTOFFICINA LUNELLI DI LUNELLI STEFANO & C. S.N.C.;FW770WP;15;GE387VX;9;ES314MS;9;3895;LUSERNA                      ;  4270FS;Caldonazzo - Staz. FS        ;;;;;estiva feriale lu-sa;;x;x;;x;x;x;x;x;x;;;;;;;;;;;; ? 57,00 
576;;565;303;530;08:55;10:13;Trento-Lavarone;"festiva 
estiva";39;30; 13 ; 507,00 ;STENGHELE SRL  ;FT534CV ;33;GJ655MK;55;;;1;TRENTO   (Autostaz.)          ;3870;LAVARONE CAPPELLA             ;;;;;estiva festiva;;x;;;;;;;;;x;;;;;;;;;;; ? 175,00 
577;;566;303;552;09:35;10:01;Caldonazzo-Luserna;"estiva
feriale ";19,00;9; 67 ; 1.273,00 ;AUTOFFICINA LUNELLI DI LUNELLI STEFANO & C. S.N.C.;FW770WP;15;GE387VX;9;ES314MS;9;  4270FS;Caldonazzo - Staz. FS        ;3895;LUSERNA                      ;;;;;estiva feriale lu-sa;;x;x;;x;x;x;x;x;x;;;;;;;;;;;; ? 57,00 
578;;567;303;474;11:17;11:56;Pian dei Pradi - Lavarone;"Estiva
lunedç-venerdç";16,00;50; 55 ; 880,00 ;STENGHELE SRL  ;ER716KZ;58;GJ655MK;55;;;3770;Pian Dei Pradi;3870;LAVARONE CAPPELLA            ;;;;;estiva feriale lu-ve;;x;x;;x;x;x;x;x;;;;;;;;;;;;; ? 77,58 
579;;568;303;246;12:30;13:20;Trento-V.Vattaro-Bosentino-Centa;"Invernale 
festiva";23,00;30; 47 ; 1.081,00 ;CLUB DELLAI S.R.L.;ES852SX;31;ED494MM;57;FF899CS;42;1;TRENTO   (Autostaz.)         ;3790;CENTA                        ;;;;;invernale festiva;x;;;;;;;;;;x;;;;;;;;;;; ? 69,00 
580;;569;303;246;12:30;13:37;Trento-V.Vattaro-Bosentino-Centa-Carbonare;"festiva 
estiva";32,50;30; 13 ; 422,50 ;CLUB DELLAI S.R.L.;ES852SX;31;ED494MM;57;;;1;TRENTO   (Autostaz.)         ;3820;CARBONARE                    ;;;;;estiva festiva;;x;;;;;;;;;x;;;;;;;;;;; ? 97,50 
581;;570;303;296;12:42;13:07;Pergine - Bosentino-V.Vattaro;"scolastica 
sabato";14,50;22; 34 ; 493,00 ;CLUB DELLAI S.R.L.;FN483MX;23;GC523CS;23;ER857KZ;23;  4100CI;PERGINE (C.Intermodale)      ;3740;VIGOLO VATTARO               ;;;;;scolastica sab;;;;x;;;;;;x;;;;;;;;;;;; ? 73,93 
582;;571;303;550;12:52;13:17;Caldonazzo-Luserna;"Invernale feriale
solo giovedç";19,00;14; 39 ; 741,00 ;TOMA SPEED DI TOMASELLI PIERGIORGIO;EJ940ZA;9;FF724CS;9;;;  4270FS;Caldonazzo - Staz. FS        ;3895;LUSERNA                      ;;;;;invernale feriale gio;x;;x;;;;;x;;;;;;;;;;;;;; ? 57,00 
583;;572;329;296;13:23;13:48;Pergine - Bosentino-V.Vattaro;"scolastica 
lun+mar+mer";14,50;22; 103 ; 1.493,50 ;CLUB DELLAI S.R.L.;FN483MX;23;GC523CS;23;ER857KZ;23;  4100CI;PERGINE (C.Intermodale)      ;3740;VIGOLO VATTARO               ;;;;;scolastica lu, ma, me;;;;x;x;x;x;;;;;;;;;;;;;;; ? 73,93 
584;;573;330;296;13:23;14:29;Pergine - Levico - Centa ;"scolastica 
gio+ven";30,00;22; 70 ; 2.100,00 ;CLUB DELLAI S.R.L.;FN483MX;23;GC523CS;23;ER857KZ;23;  4100CI;PERGINE (C.Intermodale)      ;3790;CENTA                        ;;;;;scolastica gio, ve;;;;x;;;;x;x;;;;;;;;;;;;; ? 121,20 
585;;574;303;705;13:30;14:25;Centa-Bosentino-V.Vattaro-Trento;"Invernale 
festiva";23,00;30; 47 ; 1.081,00 ;CLUB DELLAI S.R.L.;ES852SX;31;ED494MM;57;FF899CS;42;3790;CENTA                        ;1;TRENTO (Autostaz.)         ;;;;;invernale festiva;x;;;;;;;;;;x;;;;;;;;;;; ? 69,00 
586;;575;303;544;13:47;14:26;Pergine - Caldonazzo-Luserna;"scolastica 
da lunedç a sabato";28,00;14; 208 ; 5.824,00 ;AUTOFFICINA LUNELLI DI LUNELLI STEFANO & C. S.N.C.;FW770WP;15;GE387VX;9;ES314MS;9;  4100CI;PERGINE (C.Intermodale)      ;3895;LUSERNA                      ;;;;;scolastica lu-sa;;;;x;x;x;x;x;x;x;;;;;;;;;;;; ? 93,90 
587;;576;303;551;14:15;14:38;Luserna - Caldonazzo;"Invernale feriale
solo giovedç";19,00;14; 39 ; 741,00 ;TOMA SPEED DI TOMASELLI PIERGIORGIO;EJ940ZA;9;FF724CS;9;;;3895;LUSERNA                      ;  4270PT;Caldonazzo;;;;;invernale feriale gio;x;;x;;;;;x;;;;;;;;;;;;;; ? 57,00 
588;;577;303;705;14:25;15:40;Carbonare-Centa-Bosentino-V.Vattaro-Trento;"festiva 
estiva";32,50;30; 13 ; 422,50 ;CLUB DELLAI S.R.L.;ES852SX;31;ED494MM;57;;;3820;CARBONARE                    ;1;TRENTO (Autostaz.)         ;;;;;estiva festiva;;x;;;;;;;;;x;;;;;;;;;;; ? 97,50 
589;;578;303;531;14:50;15:40;Centa - Trento;"invernale
lunedç-sabato";26,00;22; 240 ; 6.240,00 ;CLUB DELLAI S.R.L.;FN483MX;23;ED909MM /solo al sabato GC523CS (23);56;ED494MM;57;3790;CENTA                        ;1;TRENTO (Autostaz.)         ;;;;;invernale feriale lu-sa;x;;x;;x;x;x;x;x;x;;;;;;;;;;;; ? 94,02 
590;;579;303;250;16:40;17:25;Trento - Vigolo Vattaro -Centa;"scolastica 
da lunedç a venerdç";21,00;50; 174 ; 3.654,00 ;CLUB DELLAI S.R.L.; ED494MM;57; ED909MM;56;FE585HG;62;1;TRENTO   (Autostaz.)         ;3790;CENTA                        ;;;;;scolastica lu-ve;;;;x;x;x;x;x;x;;;;;;;;;;;;; ? 112,00 
591;;580;303;543;16:45;17:02;Levico -Vigolo vattaro;"scolastica 
da lunedç a venerdç";12,00;22; 174 ; 2.088,00 ;CLUB DELLAI S.R.L.;ER857KZ;23;GC523CS;23;FN483MX;23;  4300IC;Levico T.-Istituto Comprensivo;3740;VIGOLO VATTARO               ;;;;;scolastica lu-ve;;;;x;x;x;x;x;x;;;;;;;;;;;;; ? 62,67 
592;;581;303;537;17:10;18:26;Lavarone-Trento;"festiva 
estiva";39;30; 13 ; 507,00 ;STENGHELE SRL  ;FT534CV ;33;GJ655MK;55;;;3870;LAVARONE CAPPELLA             ;1;TRENTO   (Autostaz.)          ;;;;;estiva festiva;;x;;;;;;;;;x;;;;;;;;;;; ? 175,00 
593;;582;303;553;17:15;17:41;Luserna-Caldonazzo;"estiva
feriale ";19,00;9; 67 ; 1.273,00 ;STENGHELE SRL  ;GH569KX;9;FG963XM;9;;;3895;LUSERNA                      ;  4270FS;Caldonazzo - Staz. FS        ;;;;;estiva feriale lu-sa;;x;x;;x;x;x;x;x;x;;;;;;;;;;;; ? 57,00 
594;;583;303;252;17:30;18:20;Trento-V.Vattaro-Bosentino-Centa;"Invernale 
festiva";23,00;30; 47 ; 1.081,00 ;CLUB DELLAI S.R.L.;ES852SX;31;ED494MM;57;;;1;TRENTO   (Autostaz.)         ;3790;CENTA                        ;;;;;invernale festiva;x;;;;;;;;;;x;;;;;;;;;;; ? 69,00 
595;;584;303;546;17:52;18:17;Caldonazzo  FS-Luserna;"scolastica 
da lunedç a venerdç";19,00;14; 174 ; 3.306,00 ;AUTOFFICINA LUNELLI DI LUNELLI STEFANO & C. S.N.C.;FW770WP;15;GE387VX;9;ES314MS;9;  4270FS;Caldonazzo - Staz. FS        ;3895;LUSERNA                      ;;;;;scolastica lu-ve;;;;x;x;x;x;x;x;;;;;;;;;;;;; ? 57,00 
596;;585;303;554;17:52;18:18;Caldonazzo-Luserna;"estiva
feriale ";19,00;9; 67 ; 1.273,00 ;STENGHELE SRL  ;GH569KX;9;FG963XM;9;;;  4270FS;Caldonazzo - Staz. FS        ;3895;LUSERNA                      ;;;;;estiva feriale lu-sa;;x;x;;x;x;x;x;x;x;;;;;;;;;;;; ? 57,00 
597;;586;303;256;19:15;20:05;Trento-Centa;"invernale
da lunedç a venerdç";23;30; 202 ; 4.646,00 ;AUTONOLEGGI PEGORARO S.N.C. di PEGORARO LUCIANO & C.;FN678GD;57;FE301HG;58;FM522KR;55;1;TRENTO   (Autostaz.)         ;3790;CENTA                        ;;;;;invernale feriale lu-ve;x;;x;;x;x;x;x;x;;;;;;;;;;;;; ? 73,60 
598;;587;305;306;06:15;06:26;S.Giacomo - Brentonico ;"scolastica 
da lunedç a sabato";9,00;4; 208 ; 1.872,00 ;ANDREOLLI FRANCO;FT016JR;7;EM088EK;5;;;3409;Passo S.Valentino            ;3407;BRENTONICO                   ;;;;;scolastica lu-sa;;;;x;x;x;x;x;x;x;;;;;;;;;;;; ? 26,33 
599;;588;305;508;13:55;14:17;Mori - Besagno - Brentonico;"scolastica 
sabato";11,00;19; 34 ; 374,00 ;AUTOSERVIZI ANDREOLLI SNC DI ANDREOLLI PAOLO & C.;FG831XD;21;FV848NS;29;;;  3542UR;Mori di fronte Mc Donald's   ;3407;BRENTONICO                   ;;;;;scolastica sab;;;;x;;;;;;x;;;;;;;;;;;; ? 34,58 
600;;589;305;510;14:05;14:11;Mori FS - Mori Bar Centrale;"scolastica 
da lunedç a venerdç";2,50;19; 174 ; 435,00 ;AUTOSERVIZI ANDREOLLI SNC DI ANDREOLLI PAOLO & C.;FG831XD;21;FV848NS;29;;;3542;Mori (Stazione F.S.)         ;3310;MORI (Bar Centrale)          ;;;;;scolastica lu-ve;;;;x;x;x;x;x;x;;;;;;;;;;;;; ? 7,24 
601;;590;305;508;14:18;14:40;Mori - Besagno - Brentonico;"scolastica 
da lunedç a venerdç";11,00;19; 174 ; 1.914,00 ;AUTOSERVIZI ANDREOLLI SNC DI ANDREOLLI PAOLO & C.;FG831XD;21;FV848NS;29;;;  3542UR;Mori di fronte Mc Donald's   ;3407;BRENTONICO                   ;;;;;scolastica lu-ve;;;;x;x;x;x;x;x;;;;;;;;;;;;; ? 31,84 
602;;591;306;467;06:55;07:10;Guardia di Folgaria - Mezzomonte;"scolastica 
da lunedç a sabato";5,00;19; 208 ; 1.040,00 ;VALDUGA FRANCESCO;FL716HC;23;FT534CV (Stenghele);33;;;3051;Guardia di Folgaria          ;3042;Mezzomonte                   ;;;;;scolastica lu-sa;;;;x;x;x;x;x;x;x;;;;;;;;;;;; ? 75,43 
603;;592;306;51;07:02;07:39;Folgaria - Rovereto F.S.  (corsa bis);"scolastica 
da lunedç a venerdç";24,00;50; 174 ; 4.176,00 ;PEDRINOLLA GRAZIANO s.r.l.; EP148JJ ;55;FL648HC;55;;;  3045SP;FOLGARIA (Palasport)         ;  3100FS;ROVERETO (Staz.F.S.);;;;;scolastica lu-ve;;;;x;x;x;x;x;x;;;;;;;;;;;;; ? 220,00 
604;;593;306;469;07:40;08:18;Guardia di Folgaria - Mezzomonte - Folgaria;"estiva feriale 
solo giorno di martedç";10,00;19; 11 ; 110,00 ;VALDUGA FRANCESCO;FL716HC;23;ED930MM;20;FT534CV (Stenghele);33;3051;Guardia di Folgaria          ;  3045NU;Folgaria - P.le N.Unite      ;;;;;estiva feriale ma;;x;x;;;x;;;;;;;;;;;;;;;; ? 70,51 
605;;594;306;469;07:50;08:28;Guardia di Folgaria - Mezzomonte - Folgaria;"invernale feriale 
solo martedç";12,00;19; 41 ; 492,00 ;VALDUGA FRANCESCO;FL716HC;23;ED930MM;20;FT534CV (Stenghele);33;3051;Guardia di Folgaria          ;  3045NU;Folgaria - P.le N.Unite      ;;;;;invernale feriale ma;x;;x;;;x;;;;;;;;;;;;;;;; ? 74,11 
606;;595;306;36;08:00;08:49;Rovereto - Folgaria;"scolastica 
da lunedç a venerdç";24,00;50; 174 ; 4.176,00 ;TOLLER S.N.C. DI TOLLER CALLISTO E C. ;FN025MX;37;FZ734BE;58;GJ549MK;57;  3100FR;ROVERETO (Staz.F.S.);  3045NU;Folgaria - P.le N.Unite      ;;;;;scolastica lu-ve;;;;x;x;x;x;x;x;;;;;;;;;;;;; ? 220,00 
607;;596;306;471;10:55;11:31;Folgaria - Mezzomonte - Guardia di Fogaria;"feriale 
solo martedç";18,00;19; 52 ; 936,00 ;VALDUGA FRANCESCO;FL716HC;23;ED930MM;20;FT534CV (Stenghele);33;  3045NU;Folgaria - P.le N.Unite      ;3051;Guardia di Folgaria          ;;;;;annuale feriale ma;x;x;x;;;x;;;;;;;;;;;;;;;; ? 74,11 
608;;597;306;57;12:05;12:54;Folgaria - Rovereto ;"Estiva
lunedç-venerdç";24,00;19; 55 ; 1.320,00 ;NICE srl;FN426MX;20;GC658CS;24;GA984ER;23;  3045SP;FOLGARIA (Palasport)         ;  3100FS;ROVERETO (Staz.F.S.);;;;;estiva feriale lu-ve;;x;x;;x;x;x;x;x;;;;;;;;;;;;; ? 72,00 
609;;598;306;509;12:50;14:42;Luserna-Lavarone-Carbonare-Folgaria-Calliano-Rovereto (ore 16:20 dal 26/12/22 al 19/03/23);"invernale 
festiva";52,00;30; 47 ; 2.444,00 ;STENGHELE SRL  ;FT534CV ;33;GJ655MK;55;;;3895;LUSERNA                      ;  3100FS;ROVERETO (Staz.F.S.);;;;;invernale festiva;x;;;;;;;;;;x;;;;;;;;;;; ? 156,00 
610;;599;306;470;13:05;13:20;Mezzomonte-Guardia di Folgaria;"feriale 
solo martedç";5,00;19; 52 ; 260,00 ;VALDUGA FRANCESCO;FL716HC;23;ED930MM;20;FT534CV (Stenghele);33;3042;Mezzomonte                   ;3051;Guardia di Folgaria          ;;;;;annuale feriale ma;x;x;x;;;x;;;;;;;;;;;;;;;; ? 70,51 
611;;600;306;468;14:04;14:19;Mezzomonte - Guardia di Folgaria;"scolastica 
da lunedç a sabato";5,00;19; 208 ; 1.040,00 ;VALDUGA FRANCESCO;FL716HC;23;FT534CV (Stenghele);33;;;3042;Mezzomonte                   ;3051;Guardia di Folgaria          ;;;;;scolastica lu-sa;;;;x;x;x;x;x;x;x;;;;;;;;;;;; ? 75,43 
612;;601;306;517;14:20;16:12;Luserna-Lavarone-Carbonare-Folgaria-Calliano-Rovereto,;"festiva 
estiva";52,00;30; 13 ; 676,00 ;STENGHELE SRL  ;FT534CV ;33;GJ655MK;55;;;3895;LUSERNA                      ;  3100FS;ROVERETO (Staz.F.S.);;;;;estiva festiva;;x;;;;;;;;;x;;;;;;;;;;; ? 156,00 
613;;602;306;518;16:50;18:41;Rovereto-Calliano-Folgaria-Carbonare-Lavarone-Luserna (ore 18:15 dal 26/12/22 al 19/03/23);"invernale + estiva
festiva";52,00;30; 58 ; 3.016,00 ;STENGHELE SRL  ;FT534CV ;33;GJ655MK;55;;;  3100FR;ROVERETO (Staz.F.S.);3895;LUSERNA                      ;;;;;annuale festiva;x;x;;;;;;;;;x;;;;;;;;;;; ? 156,00 
614;;603;310;93;06:55;07:34;Valle S.Felice - Rovereto (c.sa bis);"scolastica 
da lunedç a venerdç";18,00;50; 174 ; 3.132,00 ;NICE srl;GE453VX;57;GG008PL;50;GE452VX;36;3381;VALLE S.FELICE               ;  3100PC;Rovereto - Ist. don Milani   ;;;;;scolastica lu-ve;;;;x;x;x;x;x;x;;;;;;;;;;;;; ? 54,00 
615;frequenza corretta da capitolato;604;310;183;08:40;09:34;Ronzo-V.S.Felice.Mori-Rovereto;"feriale invernale
da lunedç a venerdç";30,00;30; 202 ; 6.060,00 ;NICE srl;GE453VX;57;GG008PL;50;GE452VX;36;3389;RONZO CHIENIS                ;3100;ROVERETO (Via Manzoni)       ;;;;;invernale feriale lu-ve;x;;x;;x;x;x;x;x;;;;;;;;;;;;; ? 90,00 
616;;605;311;797;17:20;17:38;Aldeno - Pomarolo;"scolastica 
da lunedç a venerdç";12,00;16; 174 ; 2.088,00 ;NICE srl;FR792WP;16;GA984ER;23;GG008PL;50;3640;ALDENO                       ;3103;Pomarolo                     ;;;;;scolastica lu-ve;;;;x;x;x;x;x;x;;;;;;;;;;;;; ? 30,00 
617;;606;312;365;06:20;06:47;Pian delle Fugazze - Raossi;"scolastica 
da lunedç a sabato";15,50;20,00; 208 ; 3.224,00 ;FERSINA TOUR S.R.L;EY732LP;17;;;;;3169;PIAN DELLE FUGAZZE           ;3164;RAOSSI                       ;;;;;scolastica lu-sa;;;;x;x;x;x;x;x;x;;;;;;;;;;;; ? 56,61 
618;;607;312;601;08:40;08:50;Raossi - Valmorbia;"feriale 
solo lunedç e giovedç";6,00;19; 98 ; 588,00 ;FERSINA TOUR S.R.L;EY732LP;17;;;;;3164;RAOSSI                       ;3159;Valmorbia                    ;;;;;annuale feriale lu, gio;x;x;x;;x;;;x;;;;;;;;;;;;;; ? 13,04 
619;;608;312;600;08:50;09:00;Valmorbia - Raossi;"feriale 
solo lunedç e giovedç";6,50;19; 98 ; 637,00 ;FERSINA TOUR S.R.L;EY732LP;17;;;;;3159;Valmorbia                    ;3164;RAOSSI                       ;;;;;annuale feriale lu, gio;x;x;x;;x;;;x;;;;;;;;;;;;;; ? 14,12 
620;;609;312;604;09:10;09:34;Raossi - Piano Vallarsa -P. Fugazze - Camposilvano;"feriale 
solo lunedç e giovedç";14,00;19; 98 ; 1.372,00 ;FERSINA TOUR S.R.L;EY732LP;17;;;;;3164;RAOSSI                       ;3166;  CAMPOSILVANO                 ;;;;;annuale feriale lu, gio;x;x;x;;x;;;x;;;;;;;;;;;;;; ? 30,42 
621;;610;312;605;09:34;09:55;Camposilvano - Speccheri  - Raossi ;"feriale 
solo lunedç e giovedç";12,50;19; 98 ; 1.225,00 ;FERSINA TOUR S.R.L;EY732LP;17;;;;;3166;  CAMPOSILVANO                 ;3164;RAOSSI                       ;;;;;annuale feriale lu, gio;x;x;x;;x;;;x;;;;;;;;;;;;;; ? 27,16 
622;;611;312;603;10:35;10:56;Raossi - Vanza (in estate ore 10.35);"feriale 
solo lunedç e giovedç";12,00;19; 98 ; 1.176,00 ;FERSINA TOUR S.R.L;EY732LP;17;;;;;3164;RAOSSI                       ;  3155SP;Vanza paese incr. SP50       ;;;;;annuale feriale lu, gio;x;x;x;;x;;;x;;;;;;;;;;;;;; ? 26,07 
623;;612;312;602;10:56;11:21;Vanza - Anghebeni-S.Anna.-Anghebeni-Raossi ;"feriale 
solo lunedç e giovedç";12,00;19; 98 ; 1.176,00 ;FERSINA TOUR S.R.L;EY732LP;17;;;;;  3155SP;Vanza SP50                   ;3164;RAOSSI                       ;;;;;annuale feriale lu, gio;x;x;x;;x;;;x;;;;;;;;;;;;;; ? 38,07 
624;;613;312;606;11:30;12:00;Raossi - Pian delle Fugazze;"feriale 
solo lunedç e giovedç";17,50;19; 98 ; 1.715,00 ;FERSINA TOUR S.R.L;EY732LP;17;;;;;3164;RAOSSI                       ;3169;PIAN DELLE FUGAZZE           ;;;;;annuale feriale lu, gio;x;x;x;;x;;;x;;;;;;;;;;;;;; ? 38,02 
625;;614;312;607;12:00;12:14;Pian delle Fugazze - Camposilvano- Speccheri- Raossi;"feriale 
solo lunedç e giovedç";14,00;19; 98 ; 1.372,00 ;FERSINA TOUR S.R.L;EY732LP;17;;;;;3169;PIAN DELLE FUGAZZE           ;3164;RAOSSI                       ;;;;;annuale feriale lu, gio;x;x;x;;x;;;x;;;;;;;;;;;;;; ? 30,42 
626;NUOVA;615;312;298;16:15;17:00;Rovereto - Pozzacchio;"scolastica 
da lunedç a venerdç";17,20;19; 174 ; 2.992,80 ;TODESCHI AUTONOLEGGI SRL;GA901ZZ;16;FG707GA;21;CJ625MG;15;  3100SV;ROVERETO (Via Savioli)       ;3253;POZZACCHIO                   ;;;;;scolastica lu-ve;;;;x;x;x;x;x;x;;;;;;;;;;;;; ? 51,60 
627;;616;312;110;17:27;18:44;Rovereto-Camposilvano;"feriale 
da lunedç a venerdç";36;19; 252 ; 9.072,00 ;NICE srl;GA984ER;23;FN426MX;20;;;  3100SV;ROVERETO (Via Savioli)       ;3166;  CAMPOSILVANO                 ;;;;;annuale feriale lu-ve;x;x;x;;x;x;x;x;x;;;;;;;;;;;;; ? 72,00 
628;;617;312;128;18:20;19:05;Rovereto-Pozzacchio;"scolastica 
da lunedç a sabato";17;19; 208 ; 3.536,00 ;NICE srl;GC658CS;24;FN426MX;20;;;  3100SV;ROVERETO (Via Savioli)       ;3253;POZZACCHIO                   ;;;;;scolastica lu-sa;;;;x;x;x;x;x;x;x;;;;;;;;;;;; ? 34,00 
629;;618;312;130;19:30;20:15;Rovereto-Pozzacchio;"feriale 
da lunedç a venerdç";17;19; 252 ; 4.284,00 ;NICE srl;GA984ER;23;FN426MX;20;GC658CS;24;  3100SV;ROVERETO (Via Savioli)       ;3253;POZZACCHIO                   ;;;;;annuale feriale lu-ve;x;x;x;;x;x;x;x;x;;;;;;;;;;;;; ? 34,00 
630;;619;314;115;06:30;07:25;Ometto - Rovereto;"feriale non scolastica
da lunedç a sabato";27,00;20,00; 29 ; 783,00 ;FERSINA TOUR S.R.L;EY732LP;17;;;;;3240;OMETTO                       ;  3100VP;ROVERETO (Aut.-V.Paoli)      ;;;;;invernale feriale no scol lu-sa;x;;x;;;;;;;;;;;;x;x;x;x;x;x;; ? 65,43 
631;;620;314;114;07:25;08:10;Rovereto - Raossi;"feriale non scolastica 
da lunedç a venerdç";25,00;20,00; 26 ; 650,00 ;FERSINA TOUR S.R.L;EY732LP;17;;;;;3100;ROVERETO  (Autostaz.)        ;3164;RAOSSI                       ;;;;;invernale feriale no scol lu-ve;x;;x;;;;;;;;;;;;x;x;x;x;x;;; ? 50,00 
632;;621;314;608;08:40;09:02;Raossi -Ometto;"feriale 
solo martedç mercoledç e venerdç";12,00;19; 156 ; 1.872,00 ;FERSINA TOUR S.R.L;EY732LP;17;;;;;3164;RAOSSI                       ;3240;OMETTO                       ;;;;;annuale feriale ma, me, ve;x;x;x;;;x;x;;x;;;;;;;;;;;;; ? 28,00 
633;;622;314;609;09:02;09:23;Ometto - Raossi;"feriale 
solo martedç mercoledç e venerdç";12,00;19; 156 ; 1.872,00 ;FERSINA TOUR S.R.L;EY732LP;17;;;;;3240;OMETTO                       ;3164;RAOSSI                       ;;;;;annuale feriale ma, me, ve;x;x;x;;;x;x;;x;;;;;;;;;;;;; ? 28,00 
634;;623;314;613;09:25;09:49;Raossi - Albaredo;"feriale 
solo martedç mercoledç e venerdç";15,00;19; 156 ; 2.340,00 ;FERSINA TOUR S.R.L;EY732LP;17;;;;;3164;RAOSSI                       ;3231;Albaredo                     ;;;;;annuale feriale ma, me, ve;x;x;x;;;x;x;;x;;;;;;;;;;;;; ? 35,00 
635;;624;314;612;09:49;10:13;Albaredo - Raossi;"feriale 
solo martedç mercoledç e venerdç";15,00;19; 156 ; 2.340,00 ;FERSINA TOUR S.R.L;EY732LP;17;;;;;3231;Albaredo                     ;3164;RAOSSI                       ;;;;;annuale feriale ma, me, ve;x;x;x;;;x;x;;x;;;;;;;;;;;;; ? 35,00 
636;;625;314;610;10:30;10:52;Raossi - Ometto;"feriale 
solo martedç mercoledç e venerdç";12,00;19; 156 ; 1.872,00 ;FERSINA TOUR S.R.L;EY732LP;17;;;;;3164;RAOSSI                       ;3240;OMETTO                       ;;;;;annuale feriale ma, me, ve;x;x;x;;;x;x;;x;;;;;;;;;;;;; ? 28,00 
637;;626;314;611;10:52;11:13;Ometto - Raossi;"feriale 
solo martedç mercoledç e venerdç";12,00;19; 156 ; 1.872,00 ;FERSINA TOUR S.R.L;EY732LP;17;;;;;3240;OMETTO                       ;3164;RAOSSI                       ;;;;;annuale feriale ma, me, ve;x;x;x;;;x;x;;x;;;;;;;;;;;;; ? 28,00 
638;;627;314;615;11:30;11:54;Raossi - Albaredo;"feriale 
solo martedç mercoledç e venerdç";15,00;19; 156 ; 2.340,00 ;FERSINA TOUR S.R.L;EY732LP;17;;;;;3164;RAOSSI                       ;3231;Albaredo                     ;;;;;annuale feriale ma, me, ve;x;x;x;;;x;x;;x;;;;;;;;;;;;; ? 35,00 
639;;628;314;614;11:54;12:18;Albaredo - Raossi;"feriale 
solo martedç mercoledç e venerdç";15,00;19; 156 ; 2.340,00 ;FERSINA TOUR S.R.L;EY732LP;17;;;;;3231;Albaredo                     ;3164;RAOSSI                       ;;;;;annuale feriale ma, me, ve;x;x;x;;;x;x;;x;;;;;;;;;;;;; ? 35,00 
640;;629;315;99;06:35;07:18;Serrada - Terragnolo - Rovereto F.S.;"festiva 
estiva";20,00;19; 13 ; 260,00 ;VALDUGA FRANCESCO;ED930MM;20;FL716HC;23;FT534CV (Stenghele);33;  3047RR;SERRADA;  3100FS;ROVERETO (Staz.F.S.);;;;;estiva festiva;;x;;;;;;;;;x;;;;;;;;;;; ? 63,39 
641;;630;315;333;06:53;07:03;Geroli - Piazza di Terragnolo - Zencheri           (ore 6.50 prolungamento per Valle e Costa);"scolastica 
da lunedç a sabato";13,00;17; 208 ; 2.704,00 ;VALDUGA FRANCESCO;ED930MM;20;GE316VX (Busmania);31;FN191MX (Pedrinolla Gr.);29;3213;Geroli                       ;3209;PIAZZA DI TERRAGNOLO         ;;;;;scolastica lu-sa;;;;x;x;x;x;x;x;x;;;;;;;;;;;; ? 61,25 
642;;631;315;951;09:00;09:38;Zoreri-Piazza Terragnolo-Rovereto;"feriale invernale 
martedç e giovedç";20,00;19; 80 ; 1.600,00 ;VALDUGA FRANCESCO;ED930MM;20;GE316VX (Busmania);31;FN191MX (Pedrinolla Gr.);29;3210;Zoreri-Soldati               ;  3100FS;ROVERETO (Staz.F.S.);;;;;invernale feriale ma, gio;x;;x;;;x;;x;;;;;;;;;;;;;; ? 40,00 
643;;632;315;951;09:00;09:38;Zoreri-Piazza Terragnolo-Rovereto;"estiva 
martedç feriale";20,00;29; 11 ; 220,00 ;VALDUGA FRANCESCO;ED930MM;20;GE316VX (Busmania);31;FN191MX (Pedrinolla Gr.);29;3210;Zoreri-Soldati               ;  3100FS;ROVERETO (Staz.F.S.);;;;;estiva feriale ma;;x;x;;;x;;;;;;;;;;;;;;;; ? 60,00 
644;;633;315;94;10:10;11:05;Rovereto-Terragnolo - Serrada - Folgaria;"festiva 
estiva";25,00;19; 13 ; 325,00 ;VALDUGA FRANCESCO;ED930MM;20;FL716HC;23;;;  3100FR;ROVERETO (Staz.F.S.);  3045PG;Folgaria (Via Battisti)      ;;;;;estiva festiva;;x;;;;;;;;;x;;;;;;;;;;; ? 63,39 
645;;634;315;952;11:30;12:08;Rovereto-Piazza Terragnolo - Zoreri;"feriale invernale 
martedç e giovedç";20,00;19; 80 ; 1.600,00 ;VALDUGA FRANCESCO;ED930MM;20;GE316VX (Busmania);31;FN191MX (Pedrinolla Gr.);29;  3100FR;ROVERETO (Staz.F.S.);3210;Zoreri-Soldati               ;;;;;invernale feriale ma, gio;x;;x;;;x;;x;;;;;;;;;;;;;; ? 40,00 
646;;635;315;952;11:30;12:08;Rovereto-Piazza Terragnolo - Zoreri;"estiva 
martedç feriale";20,00;29; 11 ; 220,00 ;VALDUGA FRANCESCO;ED930MM;20;GE316VX (Busmania);31;FN191MX (Pedrinolla Gr.);29;  3100FR;ROVERETO (Staz.F.S.);3210;Zoreri-Soldati               ;;;;;estiva feriale ma;;x;x;;;x;;;;;;;;;;;;;;;; ? 60,00 
647;;636;315;335;14:00;14:32;Piazza di Terragnolo -Zoreri - Geroli;"scolastica 
da lunedç a sabato";7,00;17; 208 ; 1.456,00 ;VALDUGA FRANCESCO;ED930MM;20;GE316VX (Busmania);31;FN191MX (Pedrinolla Gr.);29;3209;PIAZZA DI TERRAGNOLO         ;3213;Geroli                       ;;;;;scolastica lu-sa;;;;x;x;x;x;x;x;x;;;;;;;;;;;; ? 42,43 
648;;637;315;953;15:45;16:23;Zoreri-Piazza Terragnolo-Rovereto;"invernale
da lunedç a venerdç";20,00;19; 202 ; 4.040,00 ;BUS MANIA SRL ;EX673MT;21;GE316VX;31;FN191MX (Pedrinolla Gr.);29;3210;Zoreri-Soldati               ;  3100FS;ROVERETO (Staz.F.S.);;;;;invernale feriale lu-ve;x;;x;;x;x;x;x;x;;;;;;;;;;;;; ? 40,00 
649;;638;315;954;16:35;17:13;Rovereto-Piazza Terragnolo - Zoreri;"invernale
da lunedç a venerdç";20,00;19; 202 ; 4.040,00 ;BUS MANIA SRL ;EX673MT;21;GE316VX;31;FN191MX (Pedrinolla Gr.);29;  3100FR;ROVERETO (Staz.F.S.);3210;Zoreri-Soldati               ;;;;;invernale feriale lu-ve;x;;x;;x;x;x;x;x;;;;;;;;;;;;; ? 40,00 
650;;639;334;539;08:17;08:26;Vï Sinistro - Ala Fs;"scolastica 
da lunedç a sabato";4;19; 208 ; 832,00 ;PEDRINOLLA GRAZIANO s.r.l.;FV978FS;22;FN191MX;29;FH120DD;21;  3358PL;Vo' Sinistro (Pass.Livello)  ;  3346FS;ALA (Staz. FS)               ;;;;;scolastica lu-sa;;;;x;x;x;x;x;x;x;;;;;;;;;;;; ? 6,11 
651;km corretti da capitolato;640;334;276;09:39;09:53;Ala Fs - Avio;"scolastica 
da lunedç a sabato";16;19; 208 ; 3.328,00 ;PEDRINOLLA GRAZIANO s.r.l.;FV978FS;22;FN191MX;29;FH120DD;21;  3346FS;ALA (Staz. FS)               ;  3350VB;AVIO (Via M.Baldo)           ;;;;;scolastica lu-sa;;;;x;x;x;x;x;x;x;;;;;;;;;;;; ? 24,44 
652;;641;334;405;09:59;10:29;Avio - Ala Fs;"scolastica 
da lunedç a sabato";19,3;19; 208 ; 4.014,40 ;PEDRINOLLA GRAZIANO s.r.l.;FV978FS;22;FN191MX;29;FH120DD;21;  3350CC;Avio (carabinieri)           ;  3346FS;ALA (Staz. FS)               ;;;;;scolastica lu-sa;;;;x;x;x;x;x;x;x;;;;;;;;;;;; ? 29,48 
653;;642;334;87;11:05;11:28;Ala Fs-Serravalle-Chizzola-Pilcante;"scolastica 
da lunedç a venerdç";14;19; 174 ; 2.436,00 ;PEDRINOLLA GRAZIANO s.r.l.;FV978FS;22;FN191MX;29;FH120DD;21;  3346FS;ALA (Staz. FS)               ;3367;Pilcante                     ;;;;;scolastica lu-ve;;;;x;x;x;x;x;x;;;;;;;;;;;;; ? 53,23 
654;;643;334;197;13:56;14:04;Vï Sinistro - Ala Fs;"scolastica 
da lunedç a sabato";4;19; 208 ; 832,00 ;PEDRINOLLA GRAZIANO s.r.l.;FV978FS;22;FN191MX;29;FH120DD;21;  3358PL;Vo' Sinistro (Pass.Livello)  ;  3346FS;ALA (Staz. FS)               ;;;;;scolastica lu-sa;;;;x;x;x;x;x;x;x;;;;;;;;;;;; ? 15,21 
655;;644;334;201;14:31;15:02;Avio CC - Ala FS;"scolastica 
da lunedç a venerdç";19,3;19; 174 ; 3.358,20 ;PEDRINOLLA GRAZIANO s.r.l.;FV978FS;22;FN191MX;29;FH120DD;21;  3350CC;Avio (carabinieri)           ;  3346FS;ALA (Staz. FS)               ;;;;;scolastica lu-ve;;;;x;x;x;x;x;x;;;;;;;;;;;;; ? 29,48 
656;sostituita da corsa 401 linea 334 da Avio dal 05/11/2022;645;334;401;16:37;16:46;Vï Sinistro - Ala Fs;"scolastica 
 sabato";10;19; 34 ; 340,00 ;PEDRINOLLA GRAZIANO s.r.l.;FV978FS;22;FN191MX;29;FH120DD;21;  3350VB;AVIO (Via M.Baldo)           ;  3346FS;ALA (Staz. FS)               ;;04/11/2022;;;scolastica sab;;;;x;;;;;;x;;;;;;;;;;;;
657;;646;334;278;17:54;18:09;Avio - Masi d'Avio;"scolastica 
da lunedç a venerdç";10,3;19; 174 ; 1.792,20 ;PEDRINOLLA GRAZIANO s.r.l.;FV978FS;22;FN191MX;29;FH120DD;21;  3350VB;AVIO (Via M.Baldo)           ;3354;MASI D'AVIO                  ;;;;;scolastica lu-ve;;;;x;x;x;x;x;x;;;;;;;;;;;;; ? 15,73 
658;;647;334;211;18:10;18:23;Masi d'Avio - Ala Fs;"scolastica 
da lunedç a venerdç";8;19; 174 ; 1.392,00 ;PEDRINOLLA GRAZIANO s.r.l.;FV978FS;22;FN191MX;29;FH120DD;21;3354;MASI D'AVIO                  ;  3346FS;ALA (Staz. FS)               ;;;;;scolastica lu-ve;;;;x;x;x;x;x;x;;;;;;;;;;;;; ? 12,22 
659;;648;334;402;18:29;18:44;Avio - Masi d'Avio;"scolastica 
da lunedç a sabato";10,3;19; 208 ; 2.142,40 ;PEDRINOLLA GRAZIANO s.r.l.;FV978FS;22;FN191MX;29;FH120DD;21;  3350VB;AVIO (Via M.Baldo)           ;3354;MASI D'AVIO                  ;;;;;scolastica lu-sa;;;;x;x;x;x;x;x;x;;;;;;;;;;;; ? 15,73 
660;;649;307;282;09:40;10:12;Ala-Serravalle-Chizzola-Ala;"scolastica 
da lunedç a venerdç";17;19; 174 ; 2.958,00 ;PEDRINOLLA GRAZIANO s.r.l.;FV978FS;22;FN191MX;29;FH120DD;21;  3346OR;ALA (Ospedale bivio);  3346OR;ALA (Ospedale bivio).        ;;;;;scolastica lu-ve;;;;x;x;x;x;x;x;;;;;;;;;;;;; ? 64,64 
661;;650;335;182;10:46;10:55;Ala Fs - Vï Sinistro;"scolastica 
da lunedç a sabato";4;19; 208 ; 832,00 ;PEDRINOLLA GRAZIANO s.r.l.;FV978FS;22;FN191MX;29;FH120DD;21;  3346FS;ALA (Staz. FS)               ;  3358PL;Vo' Sinistro (Pass.Livello)  ;;;;;scolastica lu-sa;;;;x;x;x;x;x;x;x;;;;;;;;;;;; ? 15,21 
662;;651;335;198;15:45;15:54;Ala Fs - Vï Sinistro;"scolastica 
da lunedç a sabato";4;19; 208 ; 832,00 ;PEDRINOLLA GRAZIANO s.r.l.;FV978FS;22;FN191MX;29;FH120DD;21;  3346FS;ALA (Staz. FS)               ;  3358PL;Vo' Sinistro (Pass.Livello)  ;;;;;scolastica lu-sa;;;;x;x;x;x;x;x;x;;;;;;;;;;;; ? 15,21 
663;;652;335;208;19:05;19:42;Ala Fs-Avio;"scolastica 
da lunedç a sabato";19,3;19; 208 ; 4.014,40 ;PEDRINOLLA GRAZIANO s.r.l.;FV978FS;22;FN191MX;29;FH120DD;21;  3346FS;ALA (Staz. FS)               ;  3350VB;AVIO (Via M.Baldo)           ;;;;;scolastica lu-sa;;;;x;x;x;x;x;x;x;;;;;;;;;;;; ? 29,48 
664;km corretti da capitolato;653;335;208;19:42;19:54;Avio-Ala Fs;"scolastica 
da lunedç a sabato";19,3;19; 208 ; 4.014,40 ;PEDRINOLLA GRAZIANO s.r.l.;FV978FS;22;FN191MX;29;FH120DD;21;  3350VB;AVIO (Via M.Baldo)           ;  3346FS;ALA (Staz. FS)               ;;;;;scolastica lu-sa;;;;x;x;x;x;x;x;x;;;;;;;;;;;; ? 29,48 
665;;654;335;210;19:58;20:27;Ala Fs-Avio;"scolastica 
da lunedç a sabato";19,3;19; 208 ; 4.014,40 ;PEDRINOLLA GRAZIANO s.r.l.;FV978FS;22;FN191MX;29;FH120DD;21;  3346FS;ALA (Staz. FS)               ;  3350CC;Avio (carabinieri)           ;;;;;scolastica lu-sa;;;;x;x;x;x;x;x;x;;;;;;;;;;;; ? 29,48 
666;;655;336;791;06:33;06:49;Ronchi di Ala (Ponzolotti) - Ala F.S.;"scolastica 
da lunedç a sabato";9,50;8; 208 ; 1.976,00 ;PEDRINOLLA FABRIZIO;FT944AZ;9;GA991ZZ;9;FW865WP;9;  3337PO;Ponzolotti                   ;  3346FS;ALA (Staz. FS)               ;;;;;scolastica lu-sa;;;;x;x;x;x;x;x;x;;;;;;;;;;;; ? 30,37 
667;;656;336;786;07:05;07:19;Ala F.S.- Ronchi di Ala;"invernale
lunedç-sabato";6,70;29; 240 ; 1.608,00 ;PEDRINOLLA GRAZIANO s.r.l.;FV978FS;22;FN191MX;29;FH120DD;21;  3346FS;ALA (Staz. FS)               ;3337;Ronchi di Ala                ;;;;;invernale feriale lu-sa;x;;x;;x;x;x;x;x;x;;;;;;;;;;;; ? 21,77 
668;;657;336;787;07:23;07:50;Ronchi di Ala (Ponzolotti) - Ala F.S.;feriale;7,00;29; 304 ; 2.128,00 ;PEDRINOLLA GRAZIANO s.r.l.;FV978FS;22;FN191MX;29;FH120DD;21;  3337PO;Ponzolotti                   ;  3346FS;ALA (Staz. FS)               ;;;;;annuale feriale lu-sa;x;x;x;;x;x;x;x;x;x;;;;;;;;;;;; ? 29,41 
669;;658;336;788;13:10;13:29;Ala - Ronchi di Ala -Ponzolotti;feriale;7,70;29; 304 ; 2.340,80 ;PEDRINOLLA GRAZIANO s.r.l.;FV978FS;22;FN191MX;29;FH120DD;21;  3346FS;ALA (Staz. FS)               ;  3337PO;Ponzolotti                   ;;;;;annuale feriale lu-sa;x;x;x;;x;x;x;x;x;x;;;;;;;;;;;; ? 29,41 
670;;659;336;789;13:30;13:45;Ponzolotti - Ronchi di Ala -  Ala F.S.;feriale;7,70;29; 304 ; 2.340,80 ;PEDRINOLLA GRAZIANO s.r.l.;FV978FS;22;FN191MX;29;FH120DD;21;  3337PO;Ponzolotti                   ;  3346FS;ALA (Staz. FS)               ;;;;;annuale feriale lu-sa;x;x;x;;x;x;x;x;x;x;;;;;;;;;;;; ? 18,05 
671;;660;336;794;14:10;14:30;Ala F.S. - Ronchi di Ala + (Ponzolotti);"scolastica 
da lunedç a sabato";7,70;8; 208 ; 1.601,60 ;PEDRINOLLA FABRIZIO;FT944AZ;9;GA991ZZ;9;FW865WP;9;  3346FS;ALA (Staz. FS)               ;  3337PO;Ponzolotti                   ;;;;;scolastica lu-sa;;;;x;x;x;x;x;x;x;;;;;;;;;;;; ? 15,40 
672;;661;336;803;14:30;14:45;(Ponzolotti) + Ronchi di Ala - Ala F.S.;"scolastica 
da lunedç a sabato";7,70;8; 208 ; 1.601,60 ;PEDRINOLLA FABRIZIO;FT944AZ;9;GA991ZZ;9;FW865WP;9;  3337PO;Ponzolotti                   ;  3346FS;ALA (Staz. FS)               ;;;;;scolastica lu-sa;;;;x;x;x;x;x;x;x;;;;;;;;;;;; ? 15,40 
673;;662;336;790;17:10;17:27;Ala F.S. - Ronchi di Ala ( Ponzolotti);"scolastica 
da lunedç a venerdç; 
non scolastici 
solo lun-merc-ven  ";7,70;8; 188 ; 1.447,60 ;PEDRINOLLA GRAZIANO s.r.l.;FV978FS;22;FN191MX;29;FH120DD  FY870HP;21                                    9;  3346FS;ALA (Staz. FS)               ;  3337PO;Ponzolotti                   ;;;;;scolastica lu-ve + non scol lu, me, ve;;;;x;x;x;x;x;x;;;;;;x;;x;;x;;; ? 24,00 
674;;663;336;805;17:27;17:42;(Ponzolotti)+Ronchi di Ala - Ala F.S.;"scolastica 
da lunedç a venerdç; 
non scolastici 
solo lun-merc-ven  ";7,70;8; 188 ; 1.447,60 ;PEDRINOLLA GRAZIANO s.r.l.;FV978FS;22;FN191MX;29;FH120DD  FY870HP;21                                    9;3337;Ronchi di Ala                ;  3346FS;ALA (Staz. FS)               ;;;;;scolastica lu-ve + non scol lu, me, ve;;;;x;x;x;x;x;x;;;;;;x;;x;;x;;; ? 15,40 
675;;664;401;122;06:50;07:19;Levico T. - Borgo V.;scolastica solo sabato;17;19; 34 ; 578,00 ;MARTINA MATTEO;EK645JA;33;EJ855RC (Fersina Tour);34;;;4300;LEVICO T.  (Autostaz.)       ;  4400VA;BORGO VALS. (Valli)          ;;;;;scolastica sab;;;;x;;;;;;x;;;;;;;;;;;; ? 385,00 
676;;665;401;122;06:50;07:19;Levico T. - Borgo V.;invernale non scolastico lunedç-venerdç;17;19; 26 ; 442,00 ;MARTINA MATTEO;EK645JA;33;EJ855RC (Fersina Tour);34;;;4300;LEVICO T.  (Autostaz.)       ;  4400VA;BORGO VALS. (Valli)          ;;;;;invernale feriale no scol lu-ve;x;;x;;;;;;;;;;;;x;x;x;x;x;;; ? 132,05 
677;;666;401;507;07:55;08:50;Borgo-Levico-Caldonazzo-Trento;"invernale
da lunedç a venerdç";49,00;50; 202 ; 9.898,00 ;MARTINA MATTEO ;FF601CS;61;FR576WM;62;;;4400;BORGO V.(C.Intermodale)      ;1;TRENTO (Autostaz.)         ;;;;;invernale feriale lu-ve;x;;x;;x;x;x;x;x;;;;;;;;;;;;; ? 88,20 
678;;667;401;134;10:15;11:21;Trento-Pergine-gallerie-Levico-Borgo;"festiva 
estiva";37,00;40; 13 ; 481,00 ;CLUB DELLAI S.R.L.;FF899CS;42;FA981GW (Planchel);45;FA989GW (Perini);48;1;TRENTO   (Autostaz.)         ;4400;BORGO V.(C.Intermodale)      ;;;;;estiva festiva;;x;;;;;;;;;x;;;;;;;;;;; ? 111,00 
679;;668;401;147;11:30;12:43;Borgo-Levico-Caldonazzo-Trento;"festiva 
estiva";41,00;40; 13 ; 533,00 ;CLUB DELLAI S.R.L.;FF899CS;42;FA981GW (Planchel);45;FA989GW (Perini);48;4400;BORGO V.(C.Intermodale)      ;1;TRENTO (Autostaz.)         ;;;;;estiva festiva;;x;;;;;;;;;x;;;;;;;;;;; ? 123,00 
680;;669;401;153;13:10;14:20;Borgo-Levico-Caldonazzo-Trento;"feriale estiva
da lunedç a venerdç";49,00;50; 55 ; 2.695,00 ;MARTINA MATTEO ;FF601CS;61;FR576WM;62;;;  4400VA;BORGO VALS. (Valli)          ;1;TRENTO (Autostaz.)         ;;;;;estiva feriale lu-ve;;x;x;;x;x;x;x;x;;;;;;;;;;;;; ? 88,20 
681;;670;401;266;16:50;17:15;Levico - Borgo Valsugana;"estiva feriale 
dal lunedç al venerdç";17,50;8; 55 ; 962,50 ;MARGON DIEGO;EP445NZ;9;EX952HC;9;FL739HC;9;4300;LEVICO T.  (Autostaz.)       ;4400;BORGO V.(C.Intermodale)      ;;;;;estiva feriale lu-ve;;x;x;;x;x;x;x;x;;;;;;;;;;;;; ? 35,00 
682;;671;401;410;18:35;18:57;Trento - Pergine;"Estiva
lunedç-venerdç";11,50;50; 55 ; 632,50 ;FERSINA TOUR S.R.L;FR777WP;57+18 in piedi;FE205HG;57;FY999HP;56;1;TRENTO   (Autostaz.)         ;  4100CI;PERGINE (C.Intermodale)      ;;;;;estiva feriale lu-ve;;x;x;;x;x;x;x;x;;;;;;;;;;;;; ? 34,50 
683;;672;401;172;19:15;20:22;Trento-Borgo V.;"feriale 
da lunedç a venerdç";41;50; 252 ; 10.332,00 ;MARTINA MATTEO;FF601CS;61;FR576WM;62;;;1;TRENTO   (Autostaz.)         ;  4400VA;BORGO VALS. (Valli)          ;;;;;annuale feriale lu-ve;x;x;x;;x;x;x;x;x;;;;;;;;;;;;; ? 196,29 
684;;673;401;172;19:15;20:22;Trento-Pergine-Levico-Borgo;"invernale feriale 
solo sabato";41,00;50; 38 ; 1.558,00 ;AUTONOLEGGI PEGORARO S.N.C. di PEGORARO LUCIANO & C.;GA844ER;55;FN678GD;57;;;1;TRENTO   (Autostaz.)         ;  4400VA;BORGO VALS. (Valli)          ;;;;;invernale feriale sab;x;;x;;;;;;;x;;;;;;;;;;;; ? 123,00 
685;;674;402;254;06:17;06:43;Baselga P.-Rizzolaga (prolungamento c.sa x Sover);"scolastica 
da lunedç a venerdç";2,40;22; 174 ; 417,60 ;GROFF  ALFREDO;GH502KX;17;FR981TK (Groff Tour);18;;;  4025UP;BASELGA P. (Municipio)       ;4043;Rizzolaga                    ;;;;;scolastica lu-ve;;;;x;x;x;x;x;x;;;;;;;;;;;;; ? 22,75 
686;;675;402;254;06:22;06:50;Rizzolaga-Sover;"scolastica 
da lunedç a venerdç";15,50;22; 174 ; 2.697,00 ;GROFF  ALFREDO;GH502KX;17;FR981TK (Groff Tour);18;;;4043;Rizzolaga                    ;1122;SOVER                        ;;;;;scolastica lu-ve;;;;x;x;x;x;x;x;;;;;;;;;;;;; ? 56,54 
687;;676;402;108;12:20;12:58;Trento-Baselga;"festiva 
estiva";18;30; 13 ; 234,00 ;GROFF  ALFREDO;EZ997DM;30;FN554MX (MDL);36;;;1;TRENTO   (Autostaz.)         ;  4025UP;BASELGA P. (Municipio)       ;;;;;estiva festiva;;x;;;;;;;;;x;;;;;;;;;;; ? 103,28 
688;;677;402;113;13:40;14:18;Baselga-Trento;"festiva 
estiva";18;30; 13 ; 234,00 ;GROFF  ALFREDO;EZ997DM;30;FN554MX (MDL);36;;;  4025UP;BASELGA P. (Municipio)       ;1;TRENTO (Autostaz.)         ;;;;;estiva festiva;;x;;;;;;;;;x;;;;;;;;;;; ? 103,28 
689;;678;402;639;15:35;16:53;Trento- Giro CittÖ-Nogarä-Baselga-Montesover;"scolastica 
da lunedç a venerdç";38,5;50; 174 ; 6.699,00 ;AUTONOLEGGI PEGORARO S.N.C. di PEGORARO LUCIANO & C.;FN678GD;57;FM522KR;55;;;1;TRENTO   (Autostaz.)         ;4070;MONTESOVER                   ;;;;;scolastica lu-ve;;;;x;x;x;x;x;x;;;;;;;;;;;;; ? 115,50 
690;;679;403;517;17:55;18:46;Baselga-Trento;"festiva 
estiva";25;30; 13 ; 325,00 ;GROFF  ALFREDO;EZ997DM;30;FN554MX (MDL);36;;;  4025UP;BASELGA P. (Municipio)       ;1;TRENTO (Autostaz.)         ;;;;;estiva festiva;;x;;;;;;;;;x;;;;;;;;;;; ? 143,44 
691;;680;403;410;18:35;19:28;Trento-Pergine-Baselga Pinä;"festiva 
estiva";25,00;40; 13 ; 325,00 ;CLUB DELLAI S.R.L.;FF899CS;42;FA981GW (Planchel);45;FA989GW (Perini);48;1;TRENTO   (Autostaz.)         ;  4025UP;BASELGA P. (Municipio)       ;;;;;estiva festiva;;x;;;;;;;;;x;;;;;;;;;;; ? 75,00 
692;;681;404;633;06:45;06:56;Fiorä - Baselga di Pinä;"scolastica 
da lunedç a sabato";3,50;6; 208 ; 728,00 ;GROFF  ALFREDO;GC624CS;9; EM401DR (Groff Tour);5;FY975HP;9;4037;Fiore'                       ;  4025UP;BASELGA P. (Municipio)       ;;;;;scolastica lu-sa;;;;x;x;x;x;x;x;x;;;;;;;;;;;; ? 24,02 
693;;682;404;638;13:10;13:21;Baselga di Pinä - Fiorä;"scolastica 
solo sabato";3,50;8; 34 ; 119,00 ;GROFF  ALFREDO;GC624CS;9;FY975HP;9; EM401DR (Groff Tour);5;  4025UP;BASELGA P. (Municipio)       ;4037;Fiore'                       ;;;;;scolastica sab;;;;x;;;;;;x;;;;;;;;;;;; ? 10,32 
694;;683;404;635;13:26;13:37;Fiorä - Baselga di Pinä;"scolastica 
solo sabato";4,50;8; 34 ; 153,00 ;GROFF  ALFREDO;GC624CS;9;FY975HP;9; EM401DR (Groff Tour);5;4037;Fiore'                       ;  4025UP;BASELGA P. (Municipio)       ;;;;;scolastica sab;;;;x;;;;;;x;;;;;;;;;;;; ? 11,46 
695;;684;404;640;14:05;14:16;Baselga di Pinä - Fiorä;"scolastica 
da lunedç a venerdç";3,50;8; 174 ; 609,00 ;GROFF  ALFREDO;GC624CS;9;FY975HP;9; EM401DR (Groff Tour);5;  4025UP;BASELGA P. (Municipio)       ;4037;Fiore'                       ;;;;;scolastica lu-ve;;;;x;x;x;x;x;x;;;;;;;;;;;;; ? 10,32 
696;;685;404;637;14:16;14:27;Fiorä - Baselga di Pinä;"scolastica 
da lunedç a venerdç";3,50;8; 174 ; 609,00 ;GROFF  ALFREDO;GC624CS;9;FY975HP;9; EM401DR (Groff Tour);5;4037;Fiore'                       ;  4025UP;BASELGA P. (Municipio)       ;;;;;scolastica lu-ve;;;;x;x;x;x;x;x;;;;;;;;;;;;; ? 10,32 
697;;686;406;27;07:00;07:45;Samone-Borgo;"estiva
sabato ";19;19; 12 ; 228,00 ;MARTINA MATTEO;EK645JA;33;EJ855RC (Fersina Tour);34;;;4497;SAMONE                       ;4400;BORGO V.(C.Intermodale)      ;;;;;estiva feriale sab;;x;x;;;;;;;x;;;;;;;;;;;; ? 189,57 
698;;687;407;74;17:20;17:45;Borgo-Torcegno;"Estiva
lunedç-venerdç";8;30; 55 ; 440,00 ;MARTINA MATTEO;EK645JA;33;EJ855RC (Fersina Tour);34;;;4400;BORGO V.(C.Intermodale)      ;4464;TORCEGNO                     ;;;;;estiva feriale lu-ve;;x;x;;x;x;x;x;x;;;;;;;;;;;;; ? 79,82 
699;;688;407;75;17:50;18:10;Torcegno-Borgo;"Estiva
lunedç-venerdç";8;30; 55 ; 440,00 ;MARTINA MATTEO;EK645JA;33;EJ855RC (Fersina Tour);34;;;4464;TORCEGNO                     ;4400;BORGO V.(C.Intermodale)      ;;;;;estiva feriale lu-ve;;x;x;;x;x;x;x;x;;;;;;;;;;;;; ? 79,82 
700;;689;407;76;19:05;19:25;Borgo -Torcegno;"invernale
da lunedç a venerdç";8;19; 202 ; 1.616,00 ;ANGELI CAMILLO;FZ904BE;21;FR820WP (Fersina Tour);21;;;4400;BORGO V.(C.Intermodale)      ;4464;TORCEGNO                     ;;;;;invernale feriale lu-ve;x;;x;;x;x;x;x;x;;;;;;;;;;;;; ? 16,00 
701;;690;408;36;07:25;07:31;Borgo-Olle;"scolastica 
da lunedç a sabato";3;40; 208 ; 624,00 ;MARTINA MATTEO ;FF601CS;61;FR576WM;62;EK645JA;33;4400;BORGO V.(C.Intermodale)      ;4410;OLLE                         ;;;;;scolastica lu-sa;;;;x;x;x;x;x;x;x;;;;;;;;;;;; ? 14,36 
702;;691;408;36;07:25;07:31;Borgo-Olle;invernale non scolastica feriale;3;19; 29 ; 87,00 ;MARTINA MATTEO ;FF601CS;61;FR576WM;62;EK645JA;33;4400;BORGO V.(C.Intermodale)      ;4410;OLLE                         ;;;;;invernale feriale no scol lu-sa;x;;x;;;;;;;;;;;;x;x;x;x;x;x;; ? 23,30 
703;;692;408;41;07:32;07:38;Olle-Borgo;"scolastica 
da lunedç a sabato";3;40; 208 ; 624,00 ;MARTINA MATTEO ;FF601CS;61;FR576WM;62;EK645JA;33;4410;OLLE                         ;4400;BORGO V.(C.Intermodale)      ;;;;;scolastica lu-sa;;;;x;x;x;x;x;x;x;;;;;;;;;;;; ? 14,36 
704;;693;408;41;07:32;07:38;Olle-Borgo;invernale non scolastica feriale;3;19; 29 ; 87,00 ;MARTINA MATTEO ;FF601CS;61;FR576WM;62;EK645JA;33;4410;OLLE                         ;4400;BORGO V.(C.Intermodale)      ;;;;;invernale feriale no scol lu-sa;x;;x;;;;;;;;;;;;x;x;x;x;x;x;; ? 23,30 
705;;694;409;613;09:20;10:00;Ronchi Valsugana  giro masi - Borgo vals.;"feriale 
solo mercoledç";20,00;16; 52 ; 1.040,00 ;CLUB DELLAI S.R.L.;FF723CS;17;FN117MX;21;;;4442;Ronchi (Zurli)               ;  4400VA;BORGO VALS. (Valli)          ;;;;;annuale feriale me;x;x;x;;;;x;;;;;;;;;;;;;;; ? 69,95 
706;;695;409;612;11:15;11:55; Borgo vals. - Ronchi Valsugana  giro masi;"feriale 
solo mercoledç";20,00;16; 52 ; 1.040,00 ;CLUB DELLAI S.R.L.;FF723CS;17;FN117MX;21;;;  4400VA;BORGO VALS. (Valli)          ;4442;Ronchi (Zurli)               ;;;;;annuale feriale me;x;x;x;;;;x;;;;;;;;;;;;;;; ? 69,95 
707;;696;409;56;18:16;18:36;Borgo-Ronchi;"invernale
da lunedç a venerdç";10;19; 202 ; 2.020,00 ;ANGELI CAMILLO;FZ904BE;21;FR820WP (Fersina Tour);21;;;4400;BORGO V.(C.Intermodale)      ;4440;RONCHI VALSUGANA             ;;;;;invernale feriale lu-ve;x;;x;;x;x;x;x;x;;;;;;;;;;;;; ? 20,00 
708;;697;409;56;18:20;18:41;Borgo V. - Ronchi;"estiva
sabato ";10,00;19; 12 ; 120,00 ;ANGELI CAMILLO;FZ904BE;21;FR820WP (Fersina Tour);21;;;4400;BORGO V.(C.Intermodale)      ;4440;RONCHI VALSUGANA             ;;;;;estiva feriale sab;;x;x;;;;;;;x;;;;;;;;;;;; ? 30,00 
709;;698;409;55;18:40;19:00;Ronchi Borgo;"invernale
da lunedç a venerdç";10;19; 202 ; 2.020,00 ;ANGELI CAMILLO;FZ904BE;21;FR820WP (Fersina Tour);21;;;4440;RONCHI VALSUGANA             ;4400;BORGO V.(C.Intermodale)      ;;;;;invernale feriale lu-ve;x;;x;;x;x;x;x;x;;;;;;;;;;;;; ? 20,00 
710;;699;409;55;18:44;19:04;Ronchi - Borgo V.;"estiva
sabato ";10,00;19; 12 ; 120,00 ;ANGELI CAMILLO;FZ904BE;21;FR820WP (Fersina Tour);21;;;4440;RONCHI VALSUGANA             ;4400;BORGO V.(C.Intermodale)      ;;;;;estiva feriale sab;;x;x;;;;;;;x;;;;;;;;;;;; ? 30,00 
711;;700;417;225;07:16;07:39;S. Orsola Mantovani- Mala - Viarago - Pergine (corsa bis);"scolastica 
da lunedç a venerdç";10,50;41; 174 ; 1.827,00 ;FERSINA TOUR S.R.L;FR777WP;57+18 in piedi;FS143ZG;50;;;  4123RR;S.ORSOLA;  4100SA;Pergine V. Scuole Andreatta  ;;;;;scolastica lu-ve;;;;x;x;x;x;x;x;;;;;;;;;;;;; ? 217,02 
712;;701;417;225;07:36;07:47;"Serso-Pergine V. 
C.sa bis L.417";"scolastica 
da lunedç a venerdç";5,50;19; 174 ; 957,00 ;FONTANARI SERGIO;FC109RJ;21;FY964HP;31;FN676GD;38;4120;Serso                        ;  4100CI;PERGINE (C.Intermodale)      ;;;;;scolastica lu-ve;;;;x;x;x;x;x;x;;;;;;;;;;;;; ? 16,50 
713;;702;417;307;15:20;15:57;Paló del Fersina - Viarago - Pergine ;"scolastica 
da lunedç a venerdç";14,50;22; 174 ; 2.523,00 ;VALBUS S.R.L.;FP560ED;23;FL786HC;24;ER857KZ (Club dellai);23;4126;PALU' del F.                 ;  4100CI;PERGINE (C.Intermodale)      ;;;;;scolastica lu-ve;;;;x;x;x;x;x;x;;;;;;;;;;;;; ? 29,00 
714;;703;417;256;16:07;16:49;Pergine-Paló del Fersina;"scolastica 
da lunedç a venerdç";17,50;30; 174 ; 3.045,00 ;FONTANARI SERGIO;FY964HP;31;FC109RJ;21;FN676GD;38;  4100CI;PERGINE (C.Intermodale)      ;4126BA;Battisti;;;;;scolastica lu-ve;;;;x;x;x;x;x;x;;;;;;;;;;;;; ? 52,50 
715;frequenza corretta da capitolato;704;418;89;06:07;06:12;Maso Tingherla-Kamauz (prolungamento c.sa x Roveda bv);"invernale scolastico
lunedç-sabato";3,00;9; 208 ; 624,00 ;PERGBUS DI FUCHS MARIO E C. S.N.C.;FE293HG;9;FN143MX;9;;;4116;Maso Tingherla               ;4115;KAMAUZ                       ;;;;;scolastica lu-sa;;;;x;x;x;x;x;x;x;;;;;;;;;;;; ? 20,00 
716;;705;418;169;06:10;06:45;Hacleri-Canezza Bar al Sole-Pergine;"scolastica 
da lunedç a sabato";15,7;30; 208 ; 3.265,60 ;FONTANARI SERGIO;FY964HP;31;FC109RJ;21;FN676GD;38;4143;Hacleri                      ;  4100CI;PERGINE (C.Intermodale)      ;;;;;scolastica lu-sa;;;;x;x;x;x;x;x;x;;;;;;;;;;;; ? 47,10 
717;;706;418;169;06:10;06:45;Hacleri-Pergine;invernale non scolastica feriale;14;19; 29 ; 406,00 ;FONTANARI SERGIO;FC109RJ;21;FY964HP;31;FN676GD;38;4143;Hacleri                      ;  4100CI;PERGINE (C.Intermodale)      ;;;;;invernale feriale no scol lu-sa;x;;x;;;;;;;;;;;;x;x;x;x;x;x;; ? 28,00 
718;;707;418;169;06:10;06:45;Hacleri-pergine;estiva feriale;14;19; 67 ; 938,00 ;FONTANARI SERGIO;FC109RJ;21;FY964HP;31;FN676GD;38;4143;Hacleri                      ;  4100CI;PERGINE (C.Intermodale)      ;;;;;estiva feriale lu-sa;;x;x;;x;x;x;x;x;x;;;;;;;;;;;; ? 28,00 
719;;708;418;89;06:12;06:25;Kamauz - Roveda Bivio;feriale;6,00;19; 304 ; 1.824,00 ;PERGBUS DI FUCHS MARIO E C. S.N.C.;FE293HG;9;FN143MX;9;;;4115;KAMAUZ                       ;4113;Roveda bivio                 ;;;;;annuale feriale lu-sa;x;x;x;;x;x;x;x;x;x;;;;;;;;;;;; ? 20,00 
720;NUOVA;709;418;169;06:58;07:05;Maso S. Lorenzo - S. Felice  Fierozzo;"scolastica 
da lunedç a venerdç";2,50;5; 174 ; 435,00 ;FONTANARI SERGIO;FB779BJ;8;FC109RJ;21;FN217MX (Corn Adolfo);9;  4142SL;S.Felice Fierozzo Maso Lorenzo;4142;S. Felice Fierozzo;;;;;scolastica lu-ve;;;;x;x;x;x;x;x;;;;;;;;;;;;; ? 20,00 
721;;710;418;95;07:02;07:20;Maso Tingherla-Kamauz - Roveda Bivio;"scolastica 
da lunedç a sabato";9,00;19; 208 ; 1.872,00 ;PERGBUS DI FUCHS MARIO E C. S.N.C.;FE293HG;9;FN143MX;9;;;4116;Maso Tingherla               ;4113;Roveda bivio                 ;;;;;scolastica lu-sa;;;;x;x;x;x;x;x;x;;;;;;;;;;;; ? 27,00 
722;;711;418;91;07:17;07:52;"Kamauz - Canezza - Pergine
+1,8km prolungamento bar sole";feriale;15,30;25; 304 ; 4.651,20 ;PERGBUS DI FUCHS MARIO E C. S.N.C.;FR781WP;31;EJ941ZA;20;;;4115;KAMAUZ                       ;  4100CI;PERGINE (C.Intermodale)      ;;;;;annuale feriale lu-sa;x;x;x;;x;x;x;x;x;x;;;;;;;;;;;; ? 35,35 
723;eliminata dal 05/03/2023;712;418;274/275;08:50;10:07;Pergine-Fierozzo-Palu' F.-S.Orsola-Pergine;Festiva;32,50;30; 58 ; 1.885,00 ;PLANCHEL RENATO;GG487PS;33;FL606HC;55;;;  4100CI;PERGINE (C.Intermodale)      ;  4100CI;PERGINE (C.Intermodale)      ;;26/02/2023;;;annuale festiva;x;x;;;;;;;;;x;;;;;;;;;;;
724;;713;418;92;12:40;13:17;Pergine - Canezza - Kamauz;estiva feriale;13,50;25; 67 ; 904,50 ;PERGBUS DI FUCHS MARIO E C. S.N.C.;FR781WP;31;EJ941ZA;20;;;  4100CI;PERGINE (C.Intermodale)      ;4115;KAMAUZ                       ;;;;;estiva feriale lu-sa;;x;x;;x;x;x;x;x;x;;;;;;;;;;;; ? 32,11 
725;;714;418;92;12:45;13:20;Pergine - Canezza - Kamauz;"invernale
lunedç-sabato";13,50;25; 240 ; 3.240,00 ;PERGBUS DI FUCHS MARIO E C. S.N.C.;FR781WP;31;EJ941ZA;20;;;  4100CI;PERGINE (C.Intermodale)      ;4115;KAMAUZ                       ;;;;;invernale feriale lu-sa;x;;x;;x;x;x;x;x;x;;;;;;;;;;;; ? 32,11 
726;;715;418;180;12:55;13:30;Pergine - Frassilongo - Fierozzo - Hacleri;"scolastica 
da lunedç a sabato";12,00;22; 208 ; 2.496,00 ;FERSINA TOUR S.R.L;GG078PN;21;EY732LP;17;;;  4100CI;PERGINE (C.Intermodale)      ;4143;Hacleri                      ;;;;;scolastica lu-sa;;;;x;x;x;x;x;x;x;;;;;;;;;;;; ? 37,74 
727;eliminata dal 05/03/2023;716;418;276/277;13:10;14:27;Pergine-Fierozzo-Palu' F.-S.Orsola-Pergine (estate ore 12.45);Festiva;32,50;30; 58 ; 1.885,00 ;PLANCHEL RENATO;GG487PS;33;FL606HC;55;;;  4100CI;PERGINE (C.Intermodale)      ;  4100CI;PERGINE (C.Intermodale)      ;;26/02/2023;;;annuale festiva;x;x;;;;;;;;;x;;;;;;;;;;;
728;;717;418;456;13:35;13:48;Roveda bivio - Kamauz;"scolastica 
da lunedç a sabato";6,00;19; 208 ; 1.248,00 ;PERGBUS DI FUCHS MARIO E C. S.N.C.;EJ941ZA;20;FN143MX;9;;;4113;Roveda bivio                 ;4115;KAMAUZ                       ;;;;;scolastica lu-sa;;;;x;x;x;x;x;x;x;;;;;;;;;;;; ? 12,00 
729;;718;418;93;13:59;14:12;Kamuz - Roveda Bivio;feriale;6,00;20; 304 ; 1.824,00 ;PERGBUS DI FUCHS MARIO E C. S.N.C.;FE293HG;9;FN143MX;9;;;4115;KAMAUZ                       ;4113;Roveda bivio                 ;;;;;annuale feriale lu-sa;x;x;x;;x;x;x;x;x;x;;;;;;;;;;;; ? 14,27 
730;;719;418;458;14:12;14:25;Roveda bivio - Kamauz;"scolastica 
da lunedç a sabato";6,00;8; 208 ; 1.248,00 ;PERGBUS DI FUCHS MARIO E C. S.N.C.;FE293HG;9;FN143MX;9;;;4113;Roveda bivio                 ;4115;KAMAUZ                       ;;;;;scolastica lu-sa;;;;x;x;x;x;x;x;x;;;;;;;;;;;; ? 16,65 
731;;720;418;458;14:25;14:30;Kamauz - Maso Tingerla (prolungamento);"scolastica 
da lunedç a sabato";3,00;8; 208 ; 624,00 ;PERGBUS DI FUCHS MARIO E C. S.N.C.;FE293HG;9;FN143MX;9;;;4115;KAMAUZ                       ;4116;Maso Tingherla               ;;;;;scolastica lu-sa;;;;x;x;x;x;x;x;x;;;;;;;;;;;; ? 8,33 
732;;721;418;306;14:40;15:20;Pergine - Fierozzo - Hacleri - Paló del Fersina;"scolastica 
da lunedç a venerdç";19,50;22; 174 ; 3.393,00 ;VALBUS S.R.L.;FP560ED;23;FL786HC;24;ER857KZ (Club dellai);23;  4100CI;PERGINE (C.Intermodale)      ;4126;PALU' del F.                 ;;;;;scolastica lu-ve;;;;x;x;x;x;x;x;;;;;;;;;;;;; ? 39,00 
733;;722;418;460;15:00;15:18;Roveda bivio - Kamauz-Maso Tingherla;"scolastica 
da lunedç a venerdç";9,00;19; 174 ; 1.566,00 ;PERGBUS DI FUCHS MARIO E C. S.N.C.;FE293HG;9;FN143MX;9;;;4113;Roveda bivio                 ;4116;Maso Tingherla               ;;;;;scolastica lu-ve;;;;x;x;x;x;x;x;;;;;;;;;;;;; ? 27,00 
734;;723;418;272;16:07;16:42;Pergine-Hacleri;"scolastica 
da lunedç a venerdç";14,00;19; 174 ; 2.436,00 ;FONTANARI SERGIO;FC109RJ;21;FY964HP;31;FN676GD;38;  4100CI;PERGINE (C.Intermodale)      ;4143;Hacleri                      ;;;;;scolastica lu-ve;;;;x;x;x;x;x;x;;;;;;;;;;;;; ? 42,00 
735;eliminata dal 05/03/2023;724;418;278/279;17:40;18:57;Pergine-Fierozzo-Palu' F.-S.Orsola-Pergine;Festiva;32,50;30; 58 ; 1.885,00 ;PLANCHEL RENATO;GG487PS;33;FL606HC;55;;;  4100CI;PERGINE (C.Intermodale)      ;  4100CI;PERGINE (C.Intermodale)      ;;26/02/2023;;;annuale festiva;x;x;;;;;;;;;x;;;;;;;;;;;
736;;725;418;168;17:40;18:15;Pergine-Hacleri;"scolastica 
da lunedç a venerdç";14,00;19; 174 ; 2.436,00 ;PERGBUS DI FUCHS MARIO E C. S.N.C.;EJ941ZA;20;FR781WP;31;;;  4100CI;PERGINE (C.Intermodale)      ;4143;Hacleri                      ;;;;;scolastica lu-ve;;;;x;x;x;x;x;x;;;;;;;;;;;;; ? 31,11 
737;;726;418;94;18:35;19:05;Pergine - Canezza - Kamauz;feriale;13,50;25; 304 ; 4.104,00 ;PERGBUS DI FUCHS MARIO E C. S.N.C.;FR781WP;31;EJ941ZA;20;;;  4100CI;PERGINE (C.Intermodale)      ;4115;KAMAUZ                       ;;;;;annuale feriale lu-sa;x;x;x;;x;x;x;x;x;x;;;;;;;;;;;; ? 32,11 
738;;727;418;184;19:03;19:38;Pergine-Hacleri ;feriale;14;19; 304 ; 4.256,00 ;FONTANARI SERGIO;FC109RJ;21;FY964HP;31;FN676GD;38;  4100CI;PERGINE (C.Intermodale)      ;4143;Hacleri                      ;;;;;annuale feriale lu-sa;x;x;x;;x;x;x;x;x;x;;;;;;;;;;;; ? 42,00 
739;;728;418;94;19:05;19:12;Kamauz - Maso Tingerla (prolungamento);"scolastica 
da lunedç a sabato";3,00;8; 208 ; 624,00 ;PERGBUS DI FUCHS MARIO E C. S.N.C.;EJ941ZA;20;FN143MX;9;;;4115;KAMAUZ                       ;4116;Maso Tingherla               ;;;;;scolastica lu-sa;;;;x;x;x;x;x;x;x;;;;;;;;;;;; ? 8,93 
740;;729;423;177;07:39;07:49;"Ischia-Pergine V
(c.sa bis a L.423)";"scolastica 
da lunedç a venerdç";6,00;19; 174 ; 1.044,00 ;GROFF PAOLO;FL561HC;21;FR820WP (Fersina Tour);21;;;4210;ISCHIA DI PERGINE            ;  4100CI;PERGINE (C.Intermodale)      ;;;;;scolastica lu-ve;;;;x;x;x;x;x;x;;;;;;;;;;;;; ? 12,00 
741;;730;423;202;19:38;20:06;Pergine - Tenna - Levico;"scolastica 
da lunedç a venerdç";14,00;19; 174 ; 2.436,00 ;VALBUS S.R.L.;FP560ED;23;FL786HC;24;ER857KZ (Club dellai);23;  4100CI;PERGINE (C.Intermodale)      ;  4300PM;LEVICO T.( Via Avancini)     ;;;;;scolastica lu-ve;;;;x;x;x;x;x;x;;;;;;;;;;;;; ? 48,25 
742;;731;425;438;09:35;09:57;Pergine - Falesina;"feriale 
solo giovedç";12,50;20; 50 ; 625,00 ;ITALBUS S.N.C. DI CASAGRANDE ARMANDO E CHRISTIAN & C.;EV877GJ;21;GE440VX;24;;;  4100CI;PERGINE (C.Intermodale)      ;4136;Falesina                     ;;;;;annuale feriale gio;x;x;x;;;;;x;;;;;;;;;;;;;; ? 25,00 
743;;732;425;465;10:00;10:22;Falesina - Pergine;"feriale 
solo giovedç";12,50;20; 50 ; 625,00 ;ITALBUS S.N.C. DI CASAGRANDE ARMANDO E CHRISTIAN & C.;EV877GJ;21;GE440VX;24;;;4136;Falesina                     ;  4100CI;PERGINE (C.Intermodale)      ;;;;;annuale feriale gio;x;x;x;;;;;x;;;;;;;;;;;;;; ? 25,00 
744;;733;425;440;11:45;12:07;Pergine - Falesina;"feriale 
solo giovedç";12,50;20; 50 ; 625,00 ;ITALBUS S.N.C. DI CASAGRANDE ARMANDO E CHRISTIAN & C.;EV877GJ;21;GE440VX;24;;;  4100CI;PERGINE (C.Intermodale)      ;4136;Falesina                     ;;;;;annuale feriale gio;x;x;x;;;;;x;;;;;;;;;;;;;; ? 25,00 
745;;734;425;467;12:10;12:32;Falesina - Pergine;"feriale 
solo giovedç";12,50;20; 50 ; 625,00 ;ITALBUS S.N.C. DI CASAGRANDE ARMANDO E CHRISTIAN & C.;EV877GJ;21;GE440VX;24;;;4136;Falesina                     ;  4100CI;PERGINE (C.Intermodale)      ;;;;;annuale feriale gio;x;x;x;;;;;x;;;;;;;;;;;;;; ? 25,00 
746;;735;429;19;06:58;07:05;Regnana Alta-Centrale B.;"scolastica 
da lunedç a sabato";3,00;19; 208 ; 624,00 ;SVALDI PIERINO ;ES278NX;17;GH441KX;9;;;  4048AL;Regnana Alta                 ;4046;CENTRALE DI BEDOLLO          ;;;;;scolastica lu-sa;;;;x;x;x;x;x;x;x;;;;;;;;;;;; ? 20,00 
747;;736;429;21;13:15;13:20;Regnana-Centrale;"scolastica 
da lunedç a venerdç";2,00;9; 174 ; 348,00 ;SVALDI PIERINO ;ES278NX;17;GH441KX;9;;;4048;REGNANA                      ;4046;CENTRALE DI BEDOLLO          ;;;;;scolastica lu-ve;;;;x;x;x;x;x;x;;;;;;;;;;;;; ? 4,00 
748;;737;429;16;13:35;13:40;Centrale-Regnana;"scolastica 
da lunedç a venerdç";2,00;9; 174 ; 348,00 ;SVALDI PIERINO ;ES278NX;17;GH441KX;9;;;4046;CENTRALE DI BEDOLLO          ;4048;REGNANA                      ;;;;;scolastica lu-ve;;;;x;x;x;x;x;x;;;;;;;;;;;;; ? 4,00 
749;;738;431;1;07:00;07:10;S.Mauro - Baselga di Pinä;"scolastica 
da lunedç a sabato";4,50;22; 208 ; 936,00 ;GROFF  ALFREDO;FY975HP;9;GE457VX (Groff Tour);9;GC624CS;9;4030;S.MAURO                      ;4025;BASELGA di PINE' (Lago)      ;;;;;scolastica lu-sa;;;;x;x;x;x;x;x;x;;;;;;;;;;;; ? 29,54 
750;;739;431;4;17:47;17:58;Baselga di Pinä - S.Mauro ;"scolastica 
da lunedç a venerdç";4,50;22; 174 ; 783,00 ;GROFF  ALFREDO;EZ997DM;30;;;;;4025;BASELGA di PINE' (Lago)      ;4030;S.MAURO                      ;;;;;scolastica lu-ve;;;;x;x;x;x;x;x;;;;;;;;;;;;; ? 27,98 
751;;740;433;530;09:00;09:52;Roncegno giro Masi - Borgo Vals. ;"estivo feriale
solo giorni di lunedç e mercoledç ";17,00;20; 22 ; 374,00 ;ANGELI CAMILLO;FZ904BE;21;FR820WP (Fersina Tour);21;;;4380;RONCEGNO TERME               ;  4400OS;BORGO VALS.(Ospedale)        ;;;;;estiva feriale lu, me;;x;x;;x;;x;;;;;;;;;;;;;;; ? 50,28 
752;;741;433;530;09:00;09:52;Roncegno giro Masi - Borgo Vals. ;"invernale feriale 
solo lunedç e mercoledç ";17,00;20; 78 ; 1.326,00 ;ANGELI CAMILLO;FZ904BE;21;FR820WP (Fersina Tour);21;;;4380;RONCEGNO TERME               ;  4400OS;BORGO VALS.(Ospedale)        ;;;;;invernale feriale lu, me;x;;x;;x;;x;;;;;;;;;;;;;;; ? 46,43 
753;;742;433;532;11:15;12:07;Borgo Vals. - Roncegno giro masi;"feriale solo 
lunedç e mercoledç ";17,00;20; 100 ; 1.700,00 ;ANGELI CAMILLO;FZ904BE;21;FR820WP (Fersina Tour);21;;;  4400OS;BORGO VALS.(Ospedale)        ;4380;RONCEGNO TERME               ;;;;;annuale feriale lu, me;x;x;x;;x;;x;;;;;;;;;;;;;;; ? 47,23 
754;;743;504;8;17:19;17:32;Lausen polo scol. - Canal S.Bovo - Ronco Chiesa;"scolastica 
da lunedç a venerdç";5,00;16; 174 ; 870,00 ;HOTEL AL BIVIO SRL;FZ987BE;21;FB913BJ;8;;;5117;CANAL S.BOVO                 ;5119;RONCO CHIESA                 ;;;;;scolastica lu-ve;;;;x;x;x;x;x;x;;;;;;;;;;;;; ? 48,42 
755;;744;512;476;05:52;06:25;Trento-Levico (prolungamento c.sa per Feltre ;"scolastica 
lunedç + post festivi";25,00;56; 36 ; 900,00 ;FERSINA TOUR S.R.L;FE205HG;57;FS143ZG;50;;;  0001FS;TRENTO (Stazione FS)         ;  4300BB; LEVICO TERME(SP.228)         ;;;;;scolastica lu + postfest;;;;x;x;;;;;;;x;;;;;;;;;; ? 75,00 
756;;745;512;476;06:25;08:00;Levico (S.P. 228 maso Rosso) - Borgo - Feltre Vellai;"scolastica 
da lunedç a sabato";65,80;56; 208 ; 13.686,40 ;FERSINA TOUR S.R.L;FE205HG;57;FS143ZG;50;;;  4300BB;LEVICO TERME(SP.228)         ;5015;Feltre-Vellai                ;;;;;scolastica lu-sa;;;;x;x;x;x;x;x;x;;;;;;;;;;;; ? 263,24 
757;;746;601;695;06:32;07:03;Dermulo FTM-Mezzocorona FS;"scolastica 
da lunedç a venerdç";21,50;30; 174 ; 3.741,00 ;ERIKA TOURS SRL;EV659LA;56;FF849CS;60;FZ833BE (Trentinobus);54;6200;DERMULO                      ;  6100FS;  MEZZOCORONA (St. FS)         ;;;;;scolastica lu-ve;;;;x;x;x;x;x;x;;;;;;;;;;;;; ? 64,50 
758;;746 bis;601;695;06:32;07:03;Dermulo FTM-Mezzocorona FS;scolastica il sabato;21,50;30; 34 ; 731,00 ;VITO DI PEDRON VITTORIA;FH992YZ;31;FK451EC (Erika Tours);31;;;6200;DERMULO                      ;  6100FS;  MEZZOCORONA (St. FS)         ;;;;;scolastica sab;;;;x;;;;;;x;;;;;;;;;;;; ? 64,50 
759;;747;601;616;20:45;21:17;Trento FTM - Lavis - Mezzolombardo;"Estiva
lunedç-sabato";22,00;19; 67 ; 1.474,00 ;VITO DI PEDRON VITTORIA;FV001FA;24;EW959KB;21;FC321RJ;21;  0001FS;TRENTO (Stazione FS)         ;6120;  MEZZOLOMBARDO                ;;;;;estiva feriale lu-sa;;x;x;;x;x;x;x;x;x;;;;;;;;;;;; ? 55,00 
760;;748;611;387;06:15;06:50;Cavedago-Fai-Andalo-Molveno;"scolastica 
da lunedç a sabato";19,10;50; 208 ; 3.972,80 ;FABIO VIAGGI SRL;ED770MM 9 pp + FZ898BE 55pp;55; FZ898BE;55; FZ906BE;46;6133;Cavedago                     ;  0956RR;MOLVENO;;;;;scolastica lu-sa;;;;x;x;x;x;x;x;x;;;;;;;;;;;; ? 57,30 
761;;749;611;71;06:15;07:09;Molveno-Mezzocorona;"Estiva
lunedç-sabato";27,00;19; 67 ; 1.809,00 ;VITO DI PEDRON VITTORIA;FV001FA;24;EW959KB;21;FC321RJ;21;  0956RR;MOLVENO;  6100FS;  MEZZOCORONA (St. FS)         ;;;;;estiva feriale lu-sa;;x;x;;x;x;x;x;x;x;;;;;;;;;;;; ? 67,50 
762;;750;611;49;06:33;07:03;Santel-Mezzolombardo;"estiva
lunedi-venerdç";14,00;19; 55 ; 770,00 ;OSCAR VIAGGI DI FORMOLO OSCAR;GJ181FP;21;GC466NL;24;GK082FC;42;6136;Santel (S.p. 64)             ;6120;  MEZZOLOMBARDO                ;;;;;estiva feriale lu-ve;;x;x;;x;x;x;x;x;;;;;;;;;;;;; ? 28,00 
763;;751;611;71;06:44;07:24;Spormaggiore-Trento;scolastica lunedç;26,5;50; 33 ; 874,50 ;MDL s.r.l.;FL557HC;53;FH962KW;54;;;6131;SPORMAGGIORE                 ;1;TRENTO (Autostaz.)         ;;;;;scolastica lu;;;;x;x;;;;;;;;;;;;;;;;; ? 60,71 
764;;752;611;229;07:20;07:24;Mezzocorona Fs-S.Michele a/A;"Estiva
lunedç-venerdç";4,00;19; 55 ; 220,00 ;VITO DI PEDRON VITTORIA;FV001FA;24;EW959KB;21;FC321RJ;21;  6100FS;  MEZZOCORONA (St. FS)         ;954;S.Michele a/Adige            ;;;;;estiva feriale lu-ve;;x;x;;x;x;x;x;x;;;;;;;;;;;;; ? 12,00 
765;;753;611;620;13:00;13:40;Crescino-Spormaggiore-Molveno;"scolastica 
da lunedç a sabato";21,00;19; 208 ; 4.368,00 ;FABIO VIAGGI SRL;FZ894BE;23; FZ901BE;21;FZ896BE;37;6140;Crescino             ;  0956RR;MOLVENO;;;;;scolastica lu-sa;;;;x;x;x;x;x;x;x;;;;;;;;;;;; ? 63,00 
766;;754;611;60;13:00;14:02;S. Michele-Mezzolombardo-Spormaggire-Molveno;"scolastica 
da lunedç a venerdç";30,00;53; 174 ; 5.220,00 ;FABIO VIAGGI SRL;FZ898BE;55;FZ897BE;57;FZ896BE;37;  0954IA;S.Michele a/A.- Ist. Agrario ;  0956RR;MOLVENO;;;;;scolastica lu-ve;;;;x;x;x;x;x;x;;;;;;;;;;;;; ? 90,00 
767;;755;132;641;13:24;13:29;"Mezzocorona FS-S. Michele Ist. Agrario
prolungamento c.sa per Cembra";"scolastica 
da lunedç a venerdç";3,00;41; 174 ; 522,00 ;MONAUNI CARLO S.N.C. DI MONAUNI GERARDO E C. ;EX037JY;46;FE091HG;47;;;  6100FS;  MEZZOCORONA (St. FS)         ;  0954IA;S.Michele a/A.- Ist. Agrario ;;;;;scolastica lu-ve;;;;x;x;x;x;x;x;;;;;;;;;;;;; ? 9,00 
768;;756;611;577;16:40;17:25;Molveno-Andalo-Mezzolombardo;"invernale
da lunedç a venerdç";23,00;50; 202 ; 4.646,00 ;FABIO VIAGGI SRL;FZ906BE;46; FZ901BE;21;FZ896BE;37;  0956RR;MOLVENO;6120;  MEZZOLOMBARDO                ;;;;;invernale feriale lu-ve;x;;x;;x;x;x;x;x;;;;;;;;;;;;; ? 69,00 
769;;757;611;95;17:40;18:31;Molveno-Fai-Mezzocorona;"scolastica 
da lunedç a venerdç";27;30; 174 ; 4.698,00 ;FABIO VIAGGI SRL;FZ898BE;55;FZ897BE;57;FZ896BE;37;  0956RR;MOLVENO;  6100FS;  MEZZOCORONA (St. FS)         ;;;;;scolastica lu-ve;;;;x;x;x;x;x;x;;;;;;;;;;;;; ? 59,40 
770;;758;611;92;17:56;18:21;Mezzolombardo-Fai-Santel;"scolastica 
da lunedç a venerdç";14;19; 174 ; 2.436,00 ;FABIO VIAGGI SRL;FZ906BE;46;FZ901BE;21;FZ896BE;37;6120;  MEZZOLOMBARDO                ;6136;Santel (S.p. 64)             ;;;;;scolastica lu-ve;;;;x;x;x;x;x;x;;;;;;;;;;;;; ? 28,00 
771;;759;611;98;18:50;19:40;Mezzocorona-Spormaggiore-Molveno;"scolastica 
da lunedç a venerdç";27;30; 174 ; 4.698,00 ;FABIO VIAGGI SRL;FZ906BE;46;FZ898BE;55;FZ896BE;37;  6100FS;  MEZZOCORONA (St. FS)         ;  0956RR;MOLVENO;;;;;scolastica lu-ve;;;;x;x;x;x;x;x;;;;;;;;;;;;; ? 59,40 
772;;760;611;100;18:55;19:25;"Mezzolombardo-Fai-
Andalo Maso Toscana";"invernale
da lunedç a venerdç";17;19; 202 ; 3.434,00 ;OSCAR VIAGGI DI FORMOLO OSCAR;GJ181FP;21;GK082FC;42;GC466NL;24;6120;  MEZZOLOMBARDO                ;  6137MT;Andalo - Maso Toscana        ;;;;;invernale feriale lu-ve;x;;x;;x;x;x;x;x;;;;;;;;;;;;; ? 40,83 
773;;761;611;100;19:15;19:45;"Mezzolombardo-Fai-
Andalo Maso Toscana";"invernale feriale
sabato";17;19; 38 ; 646,00 ;OSCAR VIAGGI DI FORMOLO OSCAR;GJ181FP;21;GK082FC;42;GC466NL;24;6120;  MEZZOLOMBARDO                ;  6137MT;Andalo - Maso Toscana        ;;;;;invernale feriale sab;x;;x;;;;;;;x;;;;;;;;;;;; ? 40,83 
774;;762;615;518/509;06:03;06:33;Raut-Toss-Mezzolombardo;"scolastica 
da lunedç a venerdç";13;19; 174 ; 2.262,00 ;OSCAR VIAGGI DI FORMOLO OSCAR;GJ181FP;21;GC466NL;24;;;  6126RA;Raut                         ;6120;  MEZZOLOMBARDO                ;;;;;scolastica lu-ve;;;;x;x;x;x;x;x;;;;;;;;;;;;; ? 31,22 
775;km corretti da capitolato;763;615;510;06:50;07:05;Mezzolombardo-Toss;"estiva
sabato ";10,00;19; 12 ; 120,00 ;OSCAR VIAGGI DI FORMOLO OSCAR;GJ181FP;21;GK082FC;42;GC466NL;24;6120;  MEZZOLOMBARDO                ;6127;TOSS                         ;;;;;estiva feriale sab;;x;x;;;;;;;x;;;;;;;;;;;; ? 25,00 
776;km corretti da capitolato;764;615;511;07:06;07:28;Toss-Mezzolombardo;"estiva
sabato ";12,00;19; 12 ; 144,00 ;OSCAR VIAGGI DI FORMOLO OSCAR;GJ181FP;21;GK082FC;42;GC466NL;24;6127;TOSS                         ;6120;  MEZZOLOMBARDO                ;;;;;estiva feriale sab;;x;x;;;;;;;x;;;;;;;;;;;; ? 30,00 
777;;765;615;546;14:20;14:40;Mezzolombardo-Vigo di Ton-Toss;"Estiva
lunedç-sabato";10,00;19; 67 ; 670,00 ;VITO DI PEDRON VITTORIA;EW959KB;21;FV001FA;24;FC321RJ;21;6120;  MEZZOLOMBARDO                ;6127;TOSS                         ;;;;;estiva feriale lu-sa;;x;x;;x;x;x;x;x;x;;;;;;;;;;;; ? 30,00 
778;km corretti da capitolato;766;615;524;13:53;14:10;Denno FTM-Moncovo-Truzzi bivio-Toss;"scolastica 
da lunedç a venerdç";8,00;19; 174 ; 1.392,00 ;OSCAR VIAGGI DI FORMOLO OSCAR;GC466NL;24;GJ181FP;21;GK082FC;42;  6150TM;Denno  FTM                  ;6127;TOSS                         ;;;;;scolastica lu-ve;;;;x;x;x;x;x;x;;;;;;;;;;;;; ? 24,00 
779;;767;615;524;14:10;14:15;"Toss-Raut 
(prolungamento c.sa da Denno FTM-Toss)";"scolastica 
lun+merc+ven ";2,60;19; 105 ; 273,00 ;OSCAR VIAGGI DI FORMOLO OSCAR;GC466NL;24;GJ181FP;21;GK082FC;42;6127;TOSS                         ;  6126RA;Raut                         ;;;;;scolastica lu, me, ve;;;;x;x;;x;;x;;;;;;;;;;;;; ? 7,80 
780;;768;615;522;17:10;17:30;Mezzolombardo-Toss;"scolastica 
da lunedç a venerdç";10,00;15; 174 ; 1.740,00 ;OSCAR VIAGGI DI FORMOLO OSCAR;GC466NL;24;FV001FA (Vito Viaggi) ;24;;;6120;  MEZZOLOMBARDO                ;6127;TOSS                         ;;;;;scolastica lu-ve;;;;x;x;x;x;x;x;;;;;;;;;;;;; ? 30,00 
781;;769;615;520;18:05;18:25;Mezzolombardo-Toss;"estiva
sabato ";22,00;19; 12 ; 264,00 ;VITO DI PEDRON VITTORIA;FV001FA;24;EW959KB;21;;;6120;  MEZZOLOMBARDO                ;6127;TOSS                         ;;;;;estiva feriale sab;;x;x;;;;;;;x;;;;;;;;;;;; ? 55,00 
782;;770;615;520;18:05;18:25;Mezzolombardo-Toss;"invernale
lunedç-sabato";10;19; 240 ; 2.400,00 ;OSCAR VIAGGI DI FORMOLO OSCAR;GC466NL;24;GK082FC;42;;;6120;  MEZZOLOMBARDO                ;6127;TOSS                         ;;;;;invernale feriale lu-sa;x;;x;;x;x;x;x;x;x;;;;;;;;;;;; ? 24,02 
783;;771;615;515;18:26;18:51;Toss-Mezzolombardo;"invernale
lunedç-sabato";12;19; 240 ; 2.880,00 ;OSCAR VIAGGI DI FORMOLO OSCAR;GC466NL;24;GK082FC;42;;;6127;TOSS                         ;6120;  MEZZOLOMBARDO                ;;;;;invernale feriale lu-sa;x;;x;;x;x;x;x;x;x;;;;;;;;;;;; ? 28,82 
784;;772;615;517;18:26;18:51;Toss-Mezzolombardo;"estiva
sabato ";22,00;19; 12 ; 264,00 ;VITO DI PEDRON VITTORIA;FV001FA;24;EW959KB;21;;;6127;TOSS                         ;6120;  MEZZOLOMBARDO                ;;;;;estiva feriale sab;;x;x;;;;;;;x;;;;;;;;;;;; ? 55,00 
785;;773;620;230;06:14;06:58;Lover - Dercolo-Cles (tratta Lover - Dercolo extracap.);"scolastica 
da lunedç a venerdç";18,00;19; 174 ; 3.132,00 ;FABIO VIAGGI SRL;FZ894BE;23;FZ901BE;21;;;6146;Dercolo (Bivio)              ;6220;CLES (Autostaz.)             ;;;;;scolastica lu-ve;;;;x;x;x;x;x;x;;;;;;;;;;;;; ? 56,40 
786;;774;620;223;06:28;07:34;Cles-Campodenno-Mezzocorona FS;"Estiva
lunedç-venerdç";32,50;30; 55 ; 1.787,50 ;VITO DI PEDRON VITTORIA;FH992YZ;31;FZ833BE (Trentinobus);54;;;6220;CLES (Autostaz.)             ;  6100FS;  MEZZOCORONA (St. FS)         ;;;;;estiva feriale lu-ve;;x;x;;x;x;x;x;x;;;;;;;;;;;;; ? 97,50 
787;;775;620;237;12:54;13:00;Lover - Sporminore ;"scolastica 
da lunedç a sabato";3,00;8; 208 ; 624,00 ;VIAGGI FORMOLO S.A.S. DI FORMOLO ANGELO & C.; GE371BA;9;FJ988YE;9;GC698CS;9;6144;Lover                        ;6143;Sporminore                   ;;;;;scolastica lu-sa;;;;x;x;x;x;x;x;x;;;;;;;;;;;; ? 7,91 
788;;776;620;420;13:28;13:45;Crescino - Dercolo - Quetta - Campodenno - Sporminore;"scolastica 
da lunedç a sabato";11,40;8; 208 ; 2.371,20 ;VIAGGI FORMOLO S.A.S. DI FORMOLO ANGELO & C.;FJ988YE;9;GC698CS;9;ER846KZ;9;6140;Crescino             ;6143;Sporminore                   ;;;;;scolastica lu-sa;;;;x;x;x;x;x;x;x;;;;;;;;;;;; ? 38,65 
789;;777;620;420;13:28;13:35;Crescino Sporminore (bis corsa diretta);"scolastica 
da lunedç a sabato";3,90;8; 208 ; 811,20 ;VIAGGI FORMOLO S.A.S. DI FORMOLO ANGELO & C.; GE371BA;9;GC698CS;9;GK204AA;9;6140;Crescino             ;6143;Sporminore                   ;;;;;scolastica lu-sa;;;;x;x;x;x;x;x;x;;;;;;;;;;;; ? 11,70 
790;;778;620;973;13:58;15:04;Cles-Campodenno-Mezzocorona FS;"estiva
sabato ";32,50;30; 12 ; 390,00 ;GENZIANA S.r.l.;GK152EV;23;FS248ZL;23;GA057TM;21;6220;CLES (Autostaz.)             ;  6100FS;  MEZZOCORONA (St. FS)         ;;;;;estiva feriale sab;;x;x;;;;;;;x;;;;;;;;;;;; ? 97,50 
791;;779;620;646;13:58;14:05;Crescino - Sporminore;"scolastica 
da lunedç a sabato";3,90;8; 208 ; 811,20 ;VIAGGI FORMOLO S.A.S. DI FORMOLO ANGELO & C.; GE371BA;9;FJ988YE;9;GC698CS;9;6140;Crescino             ;  6143OT;Sporminore civ. 86           ;;;;;scolastica lu-sa;;;;x;x;x;x;x;x;x;;;;;;;;;;;; ? 12,88 
792;;780;620;426;14:33;14:40;Crescino - Sporminore;"scolastica 
da lunedç a sabato";3,90;8; 208 ; 811,20 ;VIAGGI FORMOLO S.A.S. DI FORMOLO ANGELO & C.; GE371BA;9;FJ988YE;9;GC698CS;9;6140;Crescino             ;  6143OT;Sporminore civ. 86           ;;;;;scolastica lu-sa;;;;x;x;x;x;x;x;x;;;;;;;;;;;; ? 12,88 
793;;781;620;982;14:53;15:59;Mezzocorona FS-Campodenno-Cles;"estiva
feriale ";32,50;30; 67 ; 2.177,50 ;VITO DI PEDRON VITTORIA;FH992YZ;31;FZ833BE (Trentinobus);54;;;  6100FS;  MEZZOCORONA (St. FS)         ;6220;CLES (Autostaz.)             ;;;;;estiva feriale lu-sa;;x;x;;x;x;x;x;x;x;;;;;;;;;;;; ? 97,50 
794;;782;620;982;14:53;15:59;Mezzocorona FS-Campodenno-Cles;"invernale
lunedç-sabato";32,50;30; 240 ; 7.800,00 ;VITO DI PEDRON VITTORIA;FH992YZ;31;FZ833BE (Trentinobus);54;;;  6100FS;  MEZZOCORONA (St. FS)         ;6220;CLES (Autostaz.)             ;;;;;invernale feriale lu-sa;x;;x;;x;x;x;x;x;x;;;;;;;;;;;; ? 97,50 
795;;783;620;984;15:53;16:41;Mezzocorona FS-Denno-Cles;"estiva
sabato ";29,00;19; 12 ; 348,00 ;GENZIANA S.r.l.;GK152EV;23;FS248ZL;23;GA057TM;21;  6100FS;  MEZZOCORONA (St. FS)         ;6220;CLES (Autostaz.)             ;;;;;estiva feriale sab;;x;x;;;;;;;x;;;;;;;;;;;; ? 87,00 
796;;784;620;979;16:03;17:09;Cles-Campodenno-Mezzocorona FS;"estiva
feriale ";32,50;30; 67 ; 2.177,50 ;VITO DI PEDRON VITTORIA;FH992YZ;31;FZ833BE (Trentinobus);54;;;6220;CLES (Autostaz.)             ;  6100FS;  MEZZOCORONA (St. FS)         ;;;;;estiva feriale lu-sa;;x;x;;x;x;x;x;x;x;;;;;;;;;;;; ? 97,50 
797;;785;620;979;16:03;17:09;Cles-Campodenno-Mezzocorona FS;"invernale
lunedç-sabato";32,50;30; 240 ; 7.800,00 ;VITO DI PEDRON VITTORIA;FH992YZ;31;FZ833BE (Trentinobus);54;;;6220;CLES (Autostaz.)             ;  6100FS;  MEZZOCORONA (St. FS)         ;;;;;invernale feriale lu-sa;x;;x;;x;x;x;x;x;x;;;;;;;;;;;; ? 97,50 
798;;786;620;226;16:52;17:09;Crescino-Sporminore;"scolastica 
da lunedç a venerdç";9,40;19; 174 ; 1.635,60 ;OSCAR VIAGGI DI FORMOLO OSCAR;GJ181FP;21;FV001FA (Vito Viaggi) ;24;;;6140;Crescino             ;6143;Sporminore                   ;;;;;scolastica lu-ve;;;;x;x;x;x;x;x;;;;;;;;;;;;; ? 34,20 
799;;787;620;228;17:50;18:32;Mezzolombardo - Denno -Cles;"feriale invernale
sabato";26,00;30; 38 ; 988,00 ;VITO DI PEDRON VITTORIA;FH992YZ;31;FZ833BE (Trentinobus);54;;;6120;  MEZZOLOMBARDO                ;6220;CLES (Autostaz.)             ;;;;;invernale feriale sab;x;;x;;;;;;;x;;;;;;;;;;;; ? 78,00 
800;;788;620;228;17:50;18:29;Mezzolombardo-Denno-Cles;"estiva
sabato ";26,00;30; 12 ; 312,00 ;VITO DI PEDRON VITTORIA;FH992YZ;31;FZ833BE (Trentinobus);54;;;6120;  MEZZOLOMBARDO                ;6220;CLES (Autostaz.)             ;;;;;estiva feriale sab;;x;x;;;;;;;x;;;;;;;;;;;; ? 78,00 
801;;789;620;988;18:32;19:07;Mezzzolombardo-Termon;"invernale
lunedç-sabato";16,00;19; 240 ; 3.840,00 ;VITO DI PEDRON VITTORIA;EW959KB;21;FH992YZ;31;FZ833BE (Trentinobus);54;6120;  MEZZOLOMBARDO                ;6147;Termon                       ;;;;;invernale feriale lu-sa;x;;x;;x;x;x;x;x;x;;;;;;;;;;;; ? 48,00 
802;;790;620;988;18:40;19:15;Mezzolombardo-Termon;"estiva
feriale ";16,00;19; 67 ; 1.072,00 ;VITO DI PEDRON VITTORIA;FC321RJ;21;EW959KB;21;;;6120;  MEZZOLOMBARDO                ;6147;Termon                       ;;;;;estiva feriale lu-sa;;x;x;;x;x;x;x;x;x;;;;;;;;;;;; ? 48,00 
803;;791;620;983;19:05;20:10;Cles-Campodenno-Mezzocorona FS;"estiva
sabato ";32,50;30; 12 ; 390,00 ;VITO DI PEDRON VITTORIA;FH992YZ;31;FZ833BE (Trentinobus);54;;;6220;CLES (Autostaz.)             ;  6100FS;  MEZZOCORONA (St. FS)         ;;;;;estiva feriale sab;;x;x;;;;;;;x;;;;;;;;;;;; ? 97,50 
804;;792;620;983;19:05;20:11;Cles-Campodenno-Mezzocorona FS;"scolastica 
da lunedç a sabato";32,50;30; 208 ; 6.760,00 ;VITO DI PEDRON VITTORIA;EW959KB;21;FH992YZ;31;FC321RJ;21;6220;CLES (Autostaz.)             ;  6100FS;  MEZZOCORONA (St. FS)         ;;;;;scolastica lu-sa;;;;x;x;x;x;x;x;x;;;;;;;;;;;; ? 97,50 
805;;793;620;214;20:53;21:41;Mezzocorona FS-Denno-Cles;"scolastica 
da lunedç a venerdç";29,00;16; 174 ; 5.046,00 ;VITO DI PEDRON VITTORIA;EW959KB;21;FH992YZ;31;FC321RJ;21;  6100FS;  MEZZOCORONA (St. FS)         ;6220;CLES (Autostaz.)             ;;;;;scolastica lu-ve;;;;x;x;x;x;x;x;;;;;;;;;;;;; ? 87,00 
806;;794;621;197/198;07:11;07:42;Mezzolombardo-Nave S.Rocco-Mezzolombardo ;"scolastica 
da lunedç a venerdç";15,00;54; 174 ; 2.610,00 ;ERIKA TOURS SRL ;EV659LA;57;FF849CS ;60;FK451EC;31;6120;  MEZZOLOMBARDO                ;  6120SM;Mezzolombardo Sc. Media      ;;;;;scolastica lu-ve;;;;x;x;x;x;x;x;;;;;;;;;;;;; ? 218,07 
807;;795;621;968;09:55;10:19;Lavis FTM-Nave S.Rocco-Mezzolombardo;"invernale
lunedç-sabato";13,20;19; 240 ; 3.168,00 ;OSCAR VIAGGI DI FORMOLO OSCAR;GJ181FP;21;GK082FC;42;GC466NL;24;  1010MT;LAVIS (Staz. FTM)            ;6120;  MEZZOLOMBARDO                ;;;;;invernale feriale lu-sa;x;;x;;x;x;x;x;x;x;;;;;;;;;;;; ? 39,60 
808;;796;621;989;11:30;11:49;Mezzolombardo-Nave S.Rocco-Lavis FTM;"invernale
lunedç-sabato";11,30;19; 240 ; 2.712,00 ;OSCAR VIAGGI DI FORMOLO OSCAR;GJ181FP;21;GK082FC;42;GC466NL;24;6120;  MEZZOLOMBARDO                ;  1010MT;LAVIS (Staz. FTM)            ;;;;;invernale feriale lu-sa;x;;x;;x;x;x;x;x;x;;;;;;;;;;;; ? 33,90 
809;;797;621;991;17:20;17:39;Mezzolombardo-Nave S.Rocco-Lavis FTM;"estiva
feriale ";11,30;19; 67 ; 757,10 ;OSCAR VIAGGI DI FORMOLO OSCAR;GJ181FP;21;GK082FC;42;;;6120;  MEZZOLOMBARDO                ;  1010MT;LAVIS (Staz. FTM)            ;;;;;estiva feriale lu-sa;;x;x;;x;x;x;x;x;x;;;;;;;;;;;; ? 33,90 
810;;798;623;256;17:20;17:47;Cles-Portolo;"invernale
lunedç-sabato";12;19; 240 ; 2.880,00 ;GENZIANA S.r.l.;GM061DZ;20;FZ000KS (Erika Tours);21;;;6220;CLES (Autostaz.)             ;6216;PORTOLO                      ;;;;;invernale feriale lu-sa;x;;x;;x;x;x;x;x;x;;;;;;;;;;;; ? 21,20 
811;;799;623;264;17:20;17:47;Cles-Tuenno-Portolo;"Estiva
lunedç-sabato";12;19; 67 ; 804,00 ;GENZIANA S.r.l.;GM061DZ;20;FZ000KS (Erika Tours);21;;;6220;CLES (Autostaz.)             ;6216;PORTOLO                      ;;;;;estiva feriale lu-sa;;x;x;;x;x;x;x;x;x;;;;;;;;;;;; ? 21,60 
812;;800;623;261;17:52;18:07;Portolo-Cles;"invernale
lunedç-sabato";10;19; 240 ; 2.400,00 ;GENZIANA S.r.l.;GM061DZ;20;FZ000KS (Erika Tours);21;;;6216;PORTOLO                      ;6220;CLES (Autostaz.)             ;;;;;invernale feriale lu-sa;x;;x;;x;x;x;x;x;x;;;;;;;;;;;; ? 17,67 
813;;801;623;261;17:50;18:05;Portolo-Tuenno-Cles;"Estiva
lunedç-sabato";10;19; 67 ; 670,00 ;GENZIANA S.r.l.;GM061DZ;20;FZ000KS (Erika Tours);21;;;6216;PORTOLO                      ;6220;CLES (Autostaz.)             ;;;;;estiva feriale lu-sa;;x;x;;x;x;x;x;x;x;;;;;;;;;;;; ? 18,00 
814;;802;624;272;07:21;07:27;Cles piazza Fiera - Mechel;"scolastica 
da lunedç a venerdç";4,00;50; 174 ; 696,00 ;VIAGGI CICOLINI S.R.L .; FL916HC;51; FE599HG;58;EW792KB;45;  6220PF;Cles (Piazza Fiera)          ;6157;MECHEL                       ;;;;;scolastica lu-ve;;;;x;x;x;x;x;x;;;;;;;;;;;;; ? 30,77 
815;;802 bis;624;272;07:21;07:27;Cles piazza Fiera - Mechel;scolastica il sabato;4,00;50; 34 ; 136,00 ;TAXI VIAGGI VALENTINELLI DI VALENTINELLI GIORGIO & C. SNC;FJ097PL;21;GG128PN;21;FZ889KY;24;  6220PF;Cles (Piazza Fiera)          ;6157;MECHEL                       ;;;;;scolastica sab;;;;x;;;;;;x;;;;;;;;;;;; ? 12,46 
816;;803;624;271;07:28;07:41;Mechel Cles;"scolastica 
da lunedç a venerdç";3,00;50; 174 ; 522,00 ;VIAGGI CICOLINI S.R.L .; FL916HC;51; FE599HG;58;EW792KB;45;6157;MECHEL                       ;6220;CLES (Autostaz.)             ;;;;;scolastica lu-ve;;;;x;x;x;x;x;x;;;;;;;;;;;;; ? 23,08 
817;;803 bis;624;271;07:28;07:41;Mechel Cles;scolastica il sabato;3,00;50; 34 ; 102,00 ;TAXI VIAGGI VALENTINELLI DI VALENTINELLI GIORGIO & C. SNC;FJ097PL;21;GG128PN;21;FZ889KY;24;6157;MECHEL                       ;6220;CLES (Autostaz.)             ;;;;;scolastica sab;;;;x;;;;;;x;;;;;;;;;;;; ? 9,35 
818;;804;624;276;18:20;18:27;Cles-Mechel;"Estiva
lunedç-sabato";4;19; 67 ; 268,00 ;GENZIANA S.r.l.;FX036WC;21;;;;;6220;CLES (Autostaz.)             ;6157;MECHEL                       ;;;;;estiva feriale lu-sa;;x;x;;x;x;x;x;x;x;;;;;;;;;;;; ? 8,00 
819;;805;624;276;18:22;18:28;Cles-Mechel;"invernale
lunedç-sabato";4;19; 240 ; 960,00 ;GENZIANA S.r.l.;GM061DZ;20;FZ000KS (Erika Tours);21;;;6220;CLES (Autostaz.)             ;6157;MECHEL                       ;;;;;invernale feriale lu-sa;x;;x;;x;x;x;x;x;x;;;;;;;;;;;; ? 7,07 
820;;806;624;275;18:28;18:33;Mechel-Cles;"invernale
lunedç-sabato";4;19; 240 ; 960,00 ;GENZIANA S.r.l.;GM061DZ;20;FZ000KS (Erika Tours);21;;;6157;MECHEL                       ;6220;CLES (Autostaz.)             ;;;;;invernale feriale lu-sa;x;;x;;x;x;x;x;x;x;;;;;;;;;;;; ? 7,07 
821;;807;624;275;18:28;18:35;Mechel-Cles;"Estiva
lunedç-sabato";4;19; 67 ; 268,00 ;GENZIANA S.r.l.;FX036WC;21;;;;;6157;MECHEL                       ;6220;CLES (Autostaz.)             ;;;;;estiva feriale lu-sa;;x;x;;x;x;x;x;x;x;;;;;;;;;;;; ? 8,00 
822;;808;625;583;06:55;07:05;Tres - Taio;"scolastica 
da lunedç a sabato";5,00;36; 208 ; 1.040,00 ;TAXI VIAGGI VALENTINELLI DI VALENTINELLI GIORGIO & C. SNC;EX903HC;43;FN391MX;54;DT209DB FZ889KY;55 24;  6191TA;Tres Via Predaia inc. V.Tavana;  6190SM;Taio (Plesso Scolastico)     ;;;;;scolastica lu-sa;;;;x;x;x;x;x;x;x;;;;;;;;;;;; ? 21,12 
823;;809;625;581;07:12;07:22;Tres (Predaia)-Tres - Taio;"scolastica 
da lunedç a venerdç";5,00;36; 174 ; 870,00 ;TAXI VIAGGI VALENTINELLI DI VALENTINELLI GIORGIO & C. SNC;EX903HC;43;FN391MX;54;DT209DB;55;  6191TA;Tres Via Predaia inc. V.Tavana;  6190SM;Taio (Plesso Scolastico)     ;;;;;scolastica lu-ve;;;;x;x;x;x;x;x;;;;;;;;;;;;; ? 21,12 
824;;810;625;506;17:30;18:01;Mollaro-Tres;"invernale
lunedç-sabato";14;19; 240 ; 3.360,00 ;TAXI VIAGGI VALENTINELLI DI VALENTINELLI GIORGIO & C. SNC;"
FZ889KY
";24;GG128PN;21;FJ097PL;21;  6170ST;MOLLARO (Staz.FTM)           ;6191;Tres                         ;;;;;invernale feriale lu-sa;x;;x;;x;x;x;x;x;x;;;;;;;;;;;; ? 28,00 
825;;811;625;701;18:01;18:20;Tres-Cles;"invernale
lunedç-sabato";14;19; 240 ; 3.360,00 ;TAXI VIAGGI VALENTINELLI DI VALENTINELLI GIORGIO & C. SNC;"
FZ889KY
";24;GG128PN;21;FJ097PL;21;6191;Tres                         ;6220;CLES (Autostaz.)             ;;;;;invernale feriale lu-sa;x;;x;;x;x;x;x;x;x;;;;;;;;;;;; ? 28,00 
826;;812;627;403;06:03;06:30;Credaia-Sfruz-Tavon-Dermulo;"scolastica 
da lunedç a venerdç";12,00;19; 174 ; 2.088,00 ;GENZIANA S.r.l.;FX036WC;21;FS248ZL;23;FZ889KY (Valentinelli) / FK451EC (Erika Tours);24/31;6504CR;Credai;6200;DERMULO                      ;;;;;scolastica lu-ve;;;;x;x;x;x;x;x;;;;;;;;;;;;; ? 48,00 
827;;813;627;403;06:05;06:30;Sfruz-Tavon-Dermulo;"scolastica
sabato";11;19; 34 ; 374,00 ;GENZIANA S.r.l.;FX036WC;21;FS248ZL;23;FZ889KY (Valentinelli) / FK451EC (Erika Tours);24/31;6504;SFRUZ                        ;6200;DERMULO                      ;;;;;scolastica sab;;;;x;;;;;;x;;;;;;;;;;;; ? 38,00 
828;;814;627;243;06:55;07:21;Tavon - Cles - Cles piazza Fiera;"scolastica 
da lunedç a venerdç";13,00;54; 174 ; 2.262,00 ;VIAGGI CICOLINI S.R.L .  ; FL916HC;51; FE599HG;58;EW792KB;45;6502;Tavon                        ;  6220PF;Cles (Piazza Fiera)          ;;;;;scolastica lu-ve;;;;x;x;x;x;x;x;;;;;;;;;;;;; ? 100,00 
829;;815;627;778;13:12;13:37;Dermulo - Coredo - Sfruz ;"scolastica 
solo sabato";14,00;36; 34 ; 476,00 ;TAXI VIAGGI VALENTINELLI DI VALENTINELLI GIORGIO & C. SNC; EX903HC;43; FZ889KY;24;DT209DB;55;6200;DERMULO                      ;6504;SFRUZ                        ;;;;;scolastica sab;;;;x;;;;;;x;;;;;;;;;;;; ? 42,00 
830;;816;627;778;13:25;13:50;Dermulo - Coredo - Sfruz ;"scolastica 
da lunedç a venerdç";14,00;36; 174 ; 2.436,00 ;TAXI VIAGGI VALENTINELLI DI VALENTINELLI GIORGIO & C. SNC; EX903HC;43;FN391MX;54;DT209DB;55;6200;DERMULO                      ;6504;SFRUZ                        ;;;;;scolastica lu-ve;;;;x;x;x;x;x;x;;;;;;;;;;;;; ? 42,00 
831;;817;627;778;13:50;13:53;"Sfuz- Credai 
(prolungamento c.sa Dermulo - Coredo - Sfruz) ";"scolastica 
martedç-mercoledç-venerdç";1,00;36; 106 ; 106,00 ;TAXI VIAGGI VALENTINELLI DI VALENTINELLI GIORGIO & C. SNC; EX903HC;43;FN391MX;54;DT209DB;55;6504;SFRUZ                        ;6504CR;Credai;;;;;scolastica ma, me, ve;;;;x;;x;x;;x;;;;;;;;;;;;; ? 3,00 
832;;818;627;916;14:50;15:08;Dermulo-Coredo-Sfruz;"scolastica 
da lunedç a venerdç";12,00;30; 174 ; 2.088,00 ;GENZIANA S.r.l.;FX036WC;21;FS248ZL;23;EV659LA (Erika Tours) / FK451EC (Erika Tours);57/31;6200;DERMULO                      ;6504;SFRUZ                        ;;;;;scolastica lu-ve;;;;x;x;x;x;x;x;;;;;;;;;;;;; ? 24,00 
833;;819;627;246;17:08;17:46;Cles-Coredo-Merlonga-Sfruz;"scolastica 
da lunedç a venerdç";14,5;30; 174 ; 2.523,00 ;ERIKA TOURS SRL ;EV659LA;57;FF849CS;60;FK451EC;31;  6220PF;Cles (Piazza Fiera)          ;6504;SFRUZ                        ;;;;;scolastica lu-ve;;;;x;x;x;x;x;x;;;;;;;;;;;;; ? 28,60 
834;;820;627;247;17:47;18:15;Sfruz-Cles;"scolastica 
da lunedç a venerdç";12;30; 174 ; 2.088,00 ;ERIKA TOURS SRL ;EV659LA;57;FF849CS;60;FK451EC;31;6504;SFRUZ                        ;6220;CLES (Autostaz.)             ;;;;;scolastica lu-ve;;;;x;x;x;x;x;x;;;;;;;;;;;;; ? 26,40 
835;;821;627;248;18:35;18:59;Dermulo-Tavon-Sfruz;"scolastica 
da lunedç a sabato";11;19; 208 ; 2.288,00 ;GENZIANA S.r.l.;GK152EV;23;GA057TM;21;GH911KX (Gorini);29;6200;DERMULO                      ;6504;SFRUZ                        ;;;;;scolastica lu-sa;;;;x;x;x;x;x;x;x;;;;;;;;;;;; ? 22,00 
836;;822;627;249;19:00;19:20;Sfruz-Dermulo;"scolastica 
da lunedç a sabato";7;19; 208 ; 1.456,00 ;GENZIANA S.r.l.;GK152EV;23;GA057TM;21;GH911KX (Gorini);29;6504;SFRUZ                        ;6200;DERMULO                      ;;;;;scolastica lu-sa;;;;x;x;x;x;x;x;x;;;;;;;;;;;; ? 14,00 
837;;823;630;121;15:45;16:26;Fondo-Romeno-Dermulo-Cles;"scolastica 
solo Venerdç";23,00;19; 36 ; 828,00 ;GENZIANA S.r.l.;FX036WC;21;GA057TM;21;;;  6580CA;FONDO (Via Garibaldi)        ;6220;CLES (Autostaz.)             ;;;;;scolastica ve;;;;x;;;;;x;;;;;;;;;;;;; ? 69,00 
838;;824;630;117;17:20;17:54;Fondo-Dermulo;"invernale
lunedç-sabato";17;19; 240 ; 4.080,00 ;GENZIANA S.r.l.;GA057TM;21;GH911KX (Gorini);29;;;  6580CA;FONDO (Via Garibaldi)        ;6200;DERMULO                      ;;;;;invernale feriale lu-sa;x;;x;;x;x;x;x;x;x;;;;;;;;;;;; ? 34,00 
839;;825;630;578;17:42;18:24;Dermulo - Dambel - Cavareno - Don - Cavareno - Fondo;"scolastica 
da lunedç a venerdç";25,50;36; 174 ; 4.437,00 ;TAXI VIAGGI VALENTINELLI DI VALENTINELLI GIORGIO & C. SNC;EX903HC;43;FN391MX;54;DT209DB;55;6200;DERMULO                      ;  6580CA;FONDO (Via Garibaldi)        ;;;;;scolastica lu-ve;;;;x;x;x;x;x;x;;;;;;;;;;;;; ? 82,14 
840;;826;630;116;18:25;19:28;Cles-Mendola;"invernale
lunedç-sabato";33;30; 240 ; 7.920,00 ;ERIKA TOURS SRL ;EV659LA;57;FF849CS;60;FK451EC;31;6220;CLES (Autostaz.)             ;6630;PASSO MENDOLA                ;;;;;invernale feriale lu-sa;x;;x;;x;x;x;x;x;x;;;;;;;;;;;; ? 84,56 
841;;827;630;119;19:30;19:49;Mendola-Fondo;"invernale
lunedç-sabato";12;30; 240 ; 2.880,00 ;ERIKA TOURS SRL ;EV659LA;57;FF849CS;60;FK451EC;31;6630;PASSO MENDOLA                ;  6580CA;FONDO (Via Garibaldi)        ;;;;;invernale feriale lu-sa;x;;x;;x;x;x;x;x;x;;;;;;;;;;;; ? 30,75 
842;;828;630;118;19:35;20:24;Cles-Dermulo-Romeno-Fondo;"invernale
da lunedç a venerdç";24,00;19; 202 ; 4.848,00 ;GENZIANA S.r.l.;GK152EV;23;GA057TM;21;GH911KX (Gorini);29;6220;CLES (Autostaz.)             ;  6580CA;FONDO (Via Garibaldi)        ;;;;;invernale feriale lu-ve;x;;x;;x;x;x;x;x;;;;;;;;;;;;; ? 48,00 
843;;829;632;153;06:30;07:05;Castelfondo - Revï - Cles;"scolastica 
da lunedç a sabato";18,5;40; 208 ; 3.848,00 ;GENZIANA S.r.l.;FS198ZG;23;FX036WC;21;;;6686;Castelfondo                  ;6220;CLES (Autostaz.)             ;;;;;scolastica lu-sa;;;;x;x;x;x;x;x;x;;;;;;;;;;;; ? 131,41 
844;;830;632;776;06:48;06:53;Fondo (Vasio) - Fondo ;"scolastica 
da lunedç a sabato";2,00;8; 208 ; 416,00 ;GENZIANA S.r.l.;FC395RJ;9;GA057TM;21;;;6579;Fondo loc. Vasio             ;  6580CA;FONDO (Via Garibaldi)        ;;;;;scolastica lu-sa;;;;x;x;x;x;x;x;x;;;;;;;;;;;; ? 20,00 
845;;831;632;737;06:48;07:05;Salobbi - Brez;"scolastica 
da lunedç a sabato";4,00;22; 208 ; 832,00 ;GENZIANA S.r.l.;FS248ZL;23;FS198ZG;23;FX036WC;21;  6675AN;Salobbi  Bacheca Comunale    ;6675;Brez                         ;;;;;scolastica lu-sa;;;;x;x;x;x;x;x;x;;;;;;;;;;;; ? 48,25 
846;;832;637;747;07:00;07:15;Tregiovo - Revï;"scolastica 
da lunedç a sabato";9,00;20; 208 ; 1.872,00 ;GENZIANA S.r.l.;GK152EV;23;FX036WC;21;;;6640;Tregiovo                     ;6655;Revo'                        ;;;;;scolastica lu-sa;;;;x;x;x;x;x;x;x;;;;;;;;;;;; ? 18,00 
847;;833;632;135;07:17;07:32;Romallo-Cles;"scolastica
sabato";7;50; 34 ; 238,00 ;VIAGGI CICOLINI S.R.L .  ; FL916HC;51; FE599HG;58;;;6660;Romallo                      ;6220;CLES (Autostaz.)             ;;;;;scolastica sab;;;;x;;;;;;x;;;;;;;;;;;; ? 285,51 
848;;834;632;736;12:55;13:15;Brez - Salobbi;"scolastica 
da lunedç a sabato";4,00;22; 208 ; 832,00 ;GENZIANA S.r.l.;FS248ZL;23;FS198ZG;23;;;6675;Brez                         ;  6675AN;Salobbi  Bacheca Comunale    ;;;;;scolastica lu-sa;;;;x;x;x;x;x;x;x;;;;;;;;;;;; ? 48,25 
849;frequenza corretta da capitolato;835;632;777;13:05;13:15;Fondo  - Fondo (Vasio)  - Fondo;"scolastica 
solo martedç ";2,00;8; 34 ; 68,00 ;GENZIANA S.r.l.;GA057TM;21;GK152EV;23;;;  6580CA;FONDO (Via Garibaldi)        ;6579;Fondo loc. Vasio             ;;;;;scolastica ma;;;;x;;x;;;;;;;;;;;;;;;; ? 9,30 
850;;836;632;712;13:10;13:45;Cles - Castelfondo;"scolastica 
da lunedç a venerdç";19,00;54; 174 ; 3.306,00 ;VIAGGI CICOLINI S.R.L .  ; FE599HG;58; FL916HC;51;EW792KB;45;6220;CLES (Autostaz.)             ;6686;Castelfondo                  ;;;;;scolastica lu-ve;;;;x;x;x;x;x;x;;;;;;;;;;;;; ? 146,15 
851;frequenza corretta da capitolato;837;632;780;13:15;13:25;Fondo  - Fondo (Vasio)  - Fondo;"scolastica 
solo giovedç";5,00;8; 34 ; 170,00 ;GENZIANA S.r.l.;GA057TM;21;GK152EV;23;;;  6580CA;FONDO (Via Garibaldi)        ;6579;Fondo loc. Vasio             ;;;;;scolastica gio;;;;x;;;;x;;;;;;;;;;;;;; ? 10,00 
852;NUOVA;838;632;730;13:50;14:00;Brez - Salobbi;"scolastica 
da lunedç a venerdç";4,00;19; 174 ; 696,00 ;GENZIANA S.r.l.;GK152EV;23;FS248ZL;23;FC384RJ;9;6675;Brez                         ;6675SA;Salobbi   ;;;;;scolastica lu-ve;;;;x;x;x;x;x;x;;;;;;;;;;;;; ? 12,00 
853;;839;632;151;16:27;16:40;Romallo-Cles;scolastica dal lunedç al giovedç ;7;19; 138 ; 966,00 ;ALPINABUS DI MARTINTONI MAURO;GA014HT;18;FP041BC;21;EJ947ZA;17;6660;Romallo                      ;6220;CLES (Autostaz.)             ;;;;;scolastica lu, ma, me, gio;;;;x;x;x;x;x;;;;;;;;;;;;;; ? 10,38 
854;;840;632;152;16:30;16:49;Cles-Romallo;"estiva 
da lunedç a giovedç";7;19; 44 ; 308,00 ;GENZIANA S.r.l.;GM061DZ;20;FZ000KS (Erika Tours);21;;;6220;CLES (Autostaz.)             ;6660;Romallo                      ;;;;;estiva feriale lu-gio;;x;x;;x;x;x;x;;;;;;;;;;;;;; ? 12,37 
855;;841;632;147;16:45;17:00;Romallo-Cles;"estiva 
da lunedç a giovedç";6;19; 44 ; 264,00 ;GENZIANA S.r.l.;GM061DZ;20;FZ000KS (Erika Tours);21;;;6660;Romallo                      ;6220;CLES (Autostaz.)             ;;;;;estiva feriale lu-gio;;x;x;;x;x;x;x;;;;;;;;;;;;;; ? 10,60 
856;frequenza corretta da capitolato;842;632;147;17:00;17:47;Fondo-Cles;feriale invernale;23;19; 240 ; 5.520,00 ;GENZIANA S.r.l.;FX036WC;21;FS248ZL;23;;;  6580CA;FONDO (Via Garibaldi)        ;6220;CLES (Autostaz.)             ;;;;;invernale feriale lu-sa;x;;x;;x;x;x;x;x;x;;;;;;;;;;;; ? 46,00 
857;;843;632;143;17:20;18:07;Fondo-Cles;"feriale
estiva";23;40; 67 ; 1.541,00 ;GENZIANA S.r.l.;FX036WC;21;;;;;  6580CA;FONDO (Via Garibaldi)        ;6220;CLES (Autostaz.)             ;;;;;estiva feriale lu-sa;;x;x;;x;x;x;x;x;x;;;;;;;;;;;; ? 69,00 
858;;844;632;152;18:42;19:17;Cles - Castelfondo;"invernale
lunedç-sabato";18,5;50; 240 ; 4.440,00 ;GENZIANA S.r.l.;FX036WC;21;;;;;6220;CLES (Autostaz.)             ;6686;Castelfondo                  ;;;;;invernale feriale lu-sa;x;;x;;x;x;x;x;x;x;;;;;;;;;;;; ? 94,01 
859;;845;632;148;19:30;20:15;Cles-Fondo;"feriale
estiva";23;19; 67 ; 1.541,00 ;GENZIANA S.r.l.;FX036WC;21;;;;;6220;CLES (Autostaz.)             ;  6580CA;FONDO (Via Garibaldi)        ;;;;;estiva feriale lu-sa;;x;x;;x;x;x;x;x;x;;;;;;;;;;;; ? 46,00 
860;frequenza corretta da capitolato;846;632;148;19:52;20:37;Cles-Fondo;feriale invernale;23;19; 240 ; 5.520,00 ;GENZIANA S.r.l.;FX036WC;21;FS248ZL;23;;;6220;CLES (Autostaz.)             ;  6580CA;FONDO (Via Garibaldi)        ;;;;;invernale feriale lu-sa;x;;x;;x;x;x;x;x;x;;;;;;;;;;;; ? 68,91 
861;;847;633;170;07:02;07:17;Cles - Cis;"scolastica 
da lunedç a venerdç";7,50;40; 174 ; 1.305,00 ;TAXI VIAGGI VALENTINELLI DI VALENTINELLI GIORGIO & C. SNC;FJ097PL;21;GG128PN;21;"
FZ889KY
";24;6220;CLES (Autostaz.)             ;6700;CIS                          ;;;;;scolastica lu-ve;;;;x;x;x;x;x;x;;;;;;;;;;;;; ? 22,50 
862;;848;633;171;07:18;07:33;Cis - Cles;"scolastica 
solo sabato";7,50;19; 34 ; 255,00 ;TAXI VIAGGI VALENTINELLI DI VALENTINELLI GIORGIO & C. SNC;"
FZ889KY
";24;FJ097PL;21;GG128PN;21;6700;CIS                          ;6220;CLES (Autostaz.)             ;;;;;scolastica sab;;;;x;;;;;;x;;;;;;;;;;;; ? 15,00 
863;aggiornato percorso;849;633;171;07:18;07:33;Cis - Cles + Sc. Medie (+2¯ mezzo 7:12 Cis - 7:17 Mostizzolo);"scolastica 
da lunedç a venerdç";8,50;40; 174 ; 1.479,00 ;TAXI VIAGGI VALENTINELLI DI VALENTINELLI GIORGIO & C. SNC;"FZ889KY + FJ097PL
";24 + 21;GG128PN;21;;;6700;CIS                          ;46.36513832853683, 11.029254119523086;15 Via delle Scuole;;;;;scolastica lu-ve;;;;x;x;x;x;x;x;;;;;;;;;;;;; ? 32,38 
864;;850;633;172;13:10;13:25;Cles - Cis ;"scolastica 
da lunedç a venerdç";7,00;19; 174 ; 1.218,00 ;ALPINABUS DI MARTINTONI MAURO;FP041BC;21;GA014HT;18;EJ947ZA;17;6220;CLES (Autostaz.)             ;6700;CIS                          ;;;;;scolastica lu-ve;;;;x;x;x;x;x;x;;;;;;;;;;;;; ? 21,00 
865;;851;633;173;13:25;13:40;Cis - Cles ;"scolastica 
da lunedç a venerdç";7,00;19; 174 ; 1.218,00 ;ALPINABUS DI MARTINTONI MAURO;FP041BC;21;GA014HT;18;EJ947ZA;17;6700;CIS                          ;6220;CLES (Autostaz.)             ;;;;;scolastica lu-ve;;;;x;x;x;x;x;x;;;;;;;;;;;;; ? 21,00 
866;;852;633;174;16:25;16:40;Cles-Cis;estiva dal lunedç al venerdç feriale;7;19; 55 ; 385,00 ;ALPINABUS DI MARTINTONI MAURO;GA014HT;18;FP041BC;21;EJ947ZA;17;6220;CLES (Autostaz.)             ;6700;CIS                          ;;;;;estiva feriale lu-ve;;x;x;;x;x;x;x;x;;;;;;;;;;;;; ? 10,38 
867;;853;633;175;16:45;16:59;Cis-Cles;estiva dal lunedç al venerdç feriale;7;19; 55 ; 385,00 ;ALPINABUS DI MARTINTONI MAURO;GA014HT;18;FP041BC;21;EJ947ZA;17;6700;CIS                          ;6220;CLES (Autostaz.)             ;;;;;estiva feriale lu-ve;;x;x;;x;x;x;x;x;;;;;;;;;;;;; ? 10,38 
868;;854;633;174;17:10;17:25;Cles-Cis;"scolastica 
da lunedç a sabato";7;19; 208 ; 1.456,00 ;ALPINABUS DI MARTINTONI MAURO;FP041BC;21;GA014HT;18;EJ947ZA;17;6220;CLES (Autostaz.)             ;6700;CIS                          ;;;;;scolastica lu-sa;;;;x;x;x;x;x;x;x;;;;;;;;;;;; ? 10,38 
869;;855;633;175;17:26;17:41;Cis-Cles;"scolastica 
da lunedç a sabato";7;19; 208 ; 1.456,00 ;ALPINABUS DI MARTINTONI MAURO;FP041BC;21;GA014HT;18;EJ947ZA;17;6700;CIS                          ;6220;CLES (Autostaz.)             ;;;;;scolastica lu-sa;;;;x;x;x;x;x;x;x;;;;;;;;;;;; ? 10,38 
870;;856;634;533;06:03;06:32;Bresimo-Livo-Cles;"invernale
lunedç-sabato";20;19; 240 ; 4.800,00 ;ALPINABUS DI MARTINTONI MAURO;FP041BC;21;GA014HT;18;EJ947ZA;17;6765;BRESIMO                      ;6220;CLES (Autostaz.)             ;;;;;invernale feriale lu-sa;x;;x;;x;x;x;x;x;x;;;;;;;;;;;; ? 29,66 
871;;857;634;533;07:04;07:20;Lanza-Livo;estiva feriale;9;19; 67 ; 603,00 ;ALPINABUS DI MARTINTONI MAURO;FP041BC;21;GA014HT;18;EJ947ZA;17;6755;LANZA DI RUMO                ;6715;LIVO                         ;;;;;estiva feriale lu-sa;;x;x;;x;x;x;x;x;x;;;;;;;;;;;; ? 13,35 
872;;858;634;541;13:35;14:07;Bresimo-Livo-Cles;estiva feriale;28;19; 67 ; 1.876,00 ;ALPINABUS DI MARTINTONI MAURO;FP041BC;21;GA014HT;18;EJ947ZA;17;6765;BRESIMO                      ;6220;CLES (Autostaz.)             ;;;;;estiva feriale lu-sa;;x;x;;x;x;x;x;x;x;;;;;;;;;;;; ? 41,52 
873;;859;634;536;17:25;17:57;Cles-Lanza;"feriale
estiva";20;19; 67 ; 1.340,00 ;ALPINABUS DI MARTINTONI MAURO;GA014HT;18;FP041BC;21;EJ947ZA;17;6220;CLES (Autostaz.)             ;6755;LANZA DI RUMO                ;;;;;estiva feriale lu-sa;;x;x;;x;x;x;x;x;x;;;;;;;;;;;; ? 29,66 
874;;860;634;540;17:50;18:24;Cles-Lanza;"invernale
lunedç-sabato";20;19; 240 ; 4.800,00 ;ALPINABUS DI MARTINTONI MAURO;FP041BC;21;GA014HT;18;EJ947ZA;17;6220;CLES (Autostaz.)             ;6755;LANZA DI RUMO                ;;;;;invernale feriale lu-sa;x;;x;;x;x;x;x;x;x;;;;;;;;;;;; ? 29,66 
875;;861;634;538;18:20;18:48;Cles-Livo-Bresimo;"feriale
estiva";15;19; 67 ; 1.005,00 ;GENZIANA S.r.l.;GM061DZ;20;FZ000KS (Erika Tours);21;;;6220;CLES (Autostaz.)             ;6765;BRESIMO                      ;;;;;estiva feriale lu-sa;;x;x;;x;x;x;x;x;x;;;;;;;;;;;; ? 26,50 
876;;862;634;545;18:35;19:09;Lanza-Cles;"invernale
lunedç-sabato";20;19; 240 ; 4.800,00 ;ALPINABUS DI MARTINTONI MAURO;FP041BC;21;GA014HT;18;EJ947ZA;17;6755;LANZA DI RUMO                ;6220;CLES (Autostaz.)             ;;;;;invernale feriale lu-sa;x;;x;;x;x;x;x;x;x;;;;;;;;;;;; ? 29,66 
877;;863;634;542;18:37;19:05;Cles-Livo-Bresimo;"invernale
lunedç-sabato";15;19; 240 ; 3.600,00 ;GENZIANA S.r.l.;GM061DZ;20;FZ000KS (Erika Tours);21;;;6220;CLES (Autostaz.)             ;6765;BRESIMO                      ;;;;;invernale feriale lu-sa;x;;x;;x;x;x;x;x;x;;;;;;;;;;;; ? 26,50 
878;;864;634;543;18:10;18:40;Lanza-Cles;"feriale
estiva";20;19; 67 ; 1.340,00 ;ALPINABUS DI MARTINTONI MAURO;GA014HT;18;FP041BC;21;EJ947ZA;17;6755;LANZA DI RUMO                ;6220;CLES (Autostaz.)             ;;;;;estiva feriale lu-sa;;x;x;;x;x;x;x;x;x;;;;;;;;;;;; ? 29,66 
879;;865;634;547;19:07;19:36;Bresimo-Livo-Cles;"invernale
lunedç-sabato";15;19; 240 ; 3.600,00 ;GENZIANA S.r.l.;GM061DZ;20;FZ000KS (Erika Tours);21;;;6765;BRESIMO                      ;6220;CLES (Autostaz.)             ;;;;;invernale feriale lu-sa;x;;x;;x;x;x;x;x;x;;;;;;;;;;;; ? 26,50 
880;;866;634;545;19:12;19:41;Bresimo-Livo-Cles;"feriale
estiva";15;19; 67 ; 1.005,00 ;GENZIANA S.r.l.;GM061DZ;20;FZ000KS (Erika Tours);21;;;6765;BRESIMO                      ;6220;CLES (Autostaz.)             ;;;;;estiva feriale lu-sa;;x;x;;x;x;x;x;x;x;;;;;;;;;;;; ? 26,50 
881;;867;634;540;18:45;19:19;Cles-Lanza;"feriale
estiva";20;19; 67 ; 1.340,00 ;ALPINABUS DI MARTINTONI MAURO;GA014HT;18;FP041BC;21;EJ947ZA;17;6220;CLES (Autostaz.)             ;6755;LANZA DI RUMO                ;;;;;estiva feriale lu-sa;;x;x;;x;x;x;x;x;x;;;;;;;;;;;; ? 29,66 
882;;868;634;546;19:52;20:26;Cles-Lanza;"invernale
lunedç-sabato";20;19; 240 ; 4.800,00 ;ALPINABUS DI MARTINTONI MAURO;FP041BC;21;GA014HT;18;EJ947ZA;17;6220;CLES (Autostaz.)             ;6755;LANZA DI RUMO                ;;;;;invernale feriale lu-sa;x;;x;;x;x;x;x;x;x;;;;;;;;;;;; ? 29,66 
883;;869;637;745;05:10;05:34;Terzolas Revï o 12.15 Terzolas Revï per turni alternati ;"invernale 
da lun a sab 
(sospesa gg chiusura magazzino Melinda)";17,00;20; 152 ; 2.584,00 ;TAXI VIAGGI VALENTINELLI DI VALENTINELLI GIORGIO & C. SNC;GG128PN;21;"
FZ889KY
";24;FJ097PL;21;6290;Terzolas (Bivio paese)       ;  6655ME;Revo'  (Magazzino Melinda)   ;;;;;invernale feriale lu-sa a turni melinda;x;;x;;x;x;x;x;x;x;;;;;;;;;;;; ? 70,43 
884;;870;637;751;05:10;05:34;Terzolas Revï o 12.20 Terzolas Revï per turni alternati ;estiva da lun a sab (sospesa gg chiusura magazzino Melinda);17,00;20; 67 ; 1.139,00 ;TAXI VIAGGI VALENTINELLI DI VALENTINELLI GIORGIO & C. SNC;GG128PN;21;"
FZ889KY
";24;FJ097PL;21;6290;Terzolas (Bivio paese)       ;  6655ME;Revo'  (Magazzino Melinda)   ;;;;;estiva feriale lu-sa melinda;;x;x;;x;x;x;x;x;x;;;;;;;;;;;; ? 70,43 
885;;871;637;639;07:10;07:40;Terzolas - Revï turno a giornata  ;estiva da lunedç a venerdç corsa operai (sospesa gg chiusura magazzino Melinda);17,00;20; -   ; -   ;TAXI VIAGGI VALENTINELLI DI VALENTINELLI GIORGIO & C. SNC;GG128PN;21;"
FZ889KY
";24;FJ097PL;21;6290;Terzolas (Bivio paese)       ;  6655ME;Revo'  (Magazzino Melinda)   ;;;;;estiva feriale lu-ve melinda;;x;x;;x;x;x;x;x;;;;;;;;;;;;; ? 70,43 
886;;872;637;629;07:00;07:24;Terzolas - Revï turno a giornata     ;"invernale
da lunedç a venerdç (sospesa gg chiusura magazzino Melinda)";17,00;20; 73 ; 1.241,00 ;TAXI VIAGGI VALENTINELLI DI VALENTINELLI GIORGIO & C. SNC;GG128PN;21;"
FZ889KY
";24;FJ097PL;21;6290;Terzolas (Bivio paese)       ;  6655ME;Revo'  (Magazzino Melinda)   ;;;;;invernale feriale lu-ve melinda;x;;x;;x;x;x;x;x;;;;;;;;;;;;; ? 70,43 
887;;873;637;746;12:45;13:00;Revï-Tregiovo;"scolastica 
mar-gio-ven-sab";9,00;8; 138 ; 1.242,00 ;FIABA VIAGGI SNC DI FANTI MILVA;FN293MX;9;FC200RJ;9;;;6655;Revo'                        ;6640;Tregiovo                     ;;;;;scolastica ma, gio, ve, sab;;;;x;;x;;x;x;x;;;;;;;;;;;; ? 27,00 
888;;874;637;742;12:45;13:04;Revï - Terzolas o 20.00 Terzolas - Revï per turni alternati;"invernale 
da lun a sab 
(sospesa gg chiusura magazzino Melinda)";17,00;20; 152 ; 2.584,00 ;TAXI VIAGGI VALENTINELLI DI VALENTINELLI GIORGIO & C. SNC;GG128PN;21;"
FZ889KY
";24;FJ097PL;21;  6655ME;Revo'  (Magazzino Melinda)   ;6290;Terzolas (Bivio paese)       ;;;;;invernale feriale lu-sa a turni melinda;x;;x;;x;x;x;x;x;x;;;;;;;;;;;; ? 70,43 
889;;875;637;748;12:45;13:04;Revï - Terzolas o 20.00 Terzolas - Revï per turni alternati;estiva da lun a sab (sospesa gg chiusura magazzino Melinda);17,00;20; 67 ; 1.139,00 ;TAXI VIAGGI VALENTINELLI DI VALENTINELLI GIORGIO & C. SNC;GG128PN;21;"
FZ889KY
";24;FJ097PL;21;  6655ME;Revo'  (Magazzino Melinda)   ;6290;Terzolas (Bivio paese)       ;;;;;estiva feriale lu-sa melinda;;x;x;;x;x;x;x;x;x;;;;;;;;;;;; ? 70,43 
890;;876;637;738;13:25;13:40;Revï - Tregiovo;"scolastica 
da lunedç a venerdç";9,00;20; 174 ; 1.566,00 ;GENZIANA S.r.l.;GK152EV;23;FX036WC;21;FS248ZL;23;6655;Revo'                        ;6640;Tregiovo                     ;;;;;scolastica lu-ve;;;;x;x;x;x;x;x;;;;;;;;;;;;; ? 18,00 
891;;877;637;748;17:30;17:45;Revï - Tregiovo;"scolastica 
da lunedç a venerdç";9,00;20; 174 ; 1.566,00 ;GENZIANA S.r.l.;GK152EV;23;FS198ZG;23;FX036WC;21;6655;Revo'                        ;6640;Tregiovo                     ;;;;;scolastica lu-ve;;;;x;x;x;x;x;x;;;;;;;;;;;;; ? 53,22 
892;;878;637;751;17:46;18:00;Tregiovo - Revï;"scolastica 
da lunedç a venerdç";9,00;20; 174 ; 1.566,00 ;GENZIANA S.r.l.;GK152EV;23;FX036WC;21;;;6640;Tregiovo                     ;6655;Revo'                        ;;;;;scolastica lu-ve;;;;x;x;x;x;x;x;;;;;;;;;;;;; ? 18,00 
893;;879;637;640;18:05;18:24;Revï - Terzolas turno a giornata ;"feriale 
da lunedç a venerdç corsa operai 
(sospesa gg chiusura magazzino Melinda)";17,00;20; 73 ; 1.241,00 ;TAXI VIAGGI VALENTINELLI DI VALENTINELLI GIORGIO & C. SNC;GG128PN;21;"
FZ889KY
";24;FJ097PL;21;  6655ME;Revo'  (Magazzino Melinda)   ;6290;Terzolas (Bivio paese)       ;;;;;annuale feriale lu-ve a giornata melinda;x;x;x;;x;x;x;x;x;;;;;;;;;;;;; ? 70,43 
894;km corretti da capitolato;880;640;630;14:00;14:35;Malä-Somrabbi;"scolastica 
solo venerdç ";18,50;15; 36 ; 666,00 ;TAXI VIAGGI VALENTINELLI DI VALENTINELLI GIORGIO & C. SNC;"
FZ889KY
";24;GG128PN;21;FJ097PL;21;6300;MALE'                        ;6328;SOMRABBI                     ;;;;;scolastica ve;;;;x;;;;;x;;;;;;;;;;;;; ? 37,00 
895;;881;641;385;06:45;07:05;Bolentina - Malä;"scolastica 
solo giorno di sabato";7,50;8; 34 ; 255,00 ;TAXI VIAGGI VALENTINELLI DI VALENTINELLI GIORGIO & C. SNC;FB912BJ;9;GG128PN;21;"
FZ889KY
";24;6302;BOLENTINA                    ;6300;MALE'                        ;;;;;scolastica sab;;;;x;;;;;;x;;;;;;;;;;;; ? 20,00 
896;;882;641;382;12:45;13:00;Malä - Bolentina;"scolastica 
da lunedç a sabato";7,00;8; 208 ; 1.456,00 ;TAXI VIAGGI VALENTINELLI DI VALENTINELLI GIORGIO & C. SNC;FB912BJ;9;GG128PN;21;"
FZ889KY
";24;6300;MALE'                        ;6302;BOLENTINA                    ;;;;;scolastica lu-sa;;;;x;x;x;x;x;x;x;;;;;;;;;;;; ? 17,74 
897;;883;641;383;13:00;13:20;Bolentina - Montes -Malä;"scolastica 
da lunedç a sabato";7,00;8; 208 ; 1.456,00 ;TAXI VIAGGI VALENTINELLI DI VALENTINELLI GIORGIO & C. SNC;FB912BJ;9;GG128PN;21;"
FZ889KY
";24;6302;BOLENTINA                    ;6300;MALE'                        ;;;;;scolastica lu-sa;;;;x;x;x;x;x;x;x;;;;;;;;;;;; ? 17,74 
898;;884;642;349;06:20;07:00;6.20 S.Antonio di Mavignola-Campiglio-Dimaro;"scolastica 
da lunedç a sabato";25,00;19; 208 ; 5.200,00 ;BUCELLA IVANO ;FR770WP;23;FR346WN;9;FW902WP;8;2470;S.Antonio di Mavignola       ;  6340ST;DIMARO (Staz. FTM)           ;;;;;scolastica lu-sa;;;;x;x;x;x;x;x;x;;;;;;;;;;;; ? 75,00 
899;;885;642;348;14:02;14:42;Dimaro staz.FTM-Campiglio-S.A.Mavignola;"scolastica 
da lunedç a venerdç";25,00;19; 174 ; 4.350,00 ;VIAGGI CORNELIO DI FLESSATI NICOLA E C. S.N.C.;GH106PC;21;FF891CS;17;;;  6340ST;DIMARO (Staz. FTM)           ;  2470RR;S.Antonio di Mavignola;;;;;scolastica lu-ve;;;;x;x;x;x;x;x;;;;;;;;;;;;; ? 75,00 
900;;886;643;395;06:35;06:52;Marilleva 1400 - Marilleva 900;"scolastica 
da lunedç a sabato";9,50;8; 208 ; 1.976,00 ;"BIANCANEVE VIAGGI DI
 DALLATORRE MARCO";FZ783BE;8;GC751CS;5;;;  6382SO;MARILLEVA 1400               ;6381;Marilleva 900                ;;;;;scolastica lu-sa;;;;x;x;x;x;x;x;x;;;;;;;;;;;; ? 31,95 
901;;887;643;390;09:10;09:55;Malä-Marrilleva 1400;"Estiva
lunedç-sabato";22,00;20; 67 ; 1.474,00 ;TONALE VIAGGI DI PANIZZA CLAUDIO ;FW832WP;24;EC937AD;20;;;6300;MALE'                        ;  6382SS;MARILLEVA 1400 Solaria       ;;;;;estiva feriale lu-sa;;x;x;;x;x;x;x;x;x;;;;;;;;;;;; ? 98,14 
902;;888;643;391;10:00;10:45;Marilleva 1400 - Malä;"Estiva
lunedç-sabato";22,00;20; 67 ; 1.474,00 ;TONALE VIAGGI DI PANIZZA CLAUDIO ;FW832WP;24;EC937AD;20;;;  6382SS;MARILLEVA 1400 Solaria       ;6300;MALE'                        ;;;;;estiva feriale lu-sa;;x;x;;x;x;x;x;x;x;;;;;;;;;;;; ? 98,14 
903;;889;644;311;06:25;06:43;Menas - Pellizzano;"scolastica 
da lunedç a sabato";9,00;16; 208 ; 1.872,00 ;TAXI-MINIBUS-AUTOBUS PANIZZA S.A.S. DI ZENDELI ILIR ;GA903ER;17;GA900ER;17;GA902ER;23;6391;MENAS                        ;6386;PELLIZZANO                   ;;;;;scolastica lu-sa;;;;x;x;x;x;x;x;x;;;;;;;;;;;; ? 36,80 
904;;890;644;370;08:20;08:38;Pellizzano-Menas;estiva dal lunedç al venerdç feriale;8;19; 55 ; 440,00 ;TAXI-MINIBUS-AUTOBUS PANIZZA S.A.S. DI ZENDELI ILIR ;GA903ER;17;GA900ER;17;;;6386;PELLIZZANO                   ;6391;MENAS                        ;;;;;estiva feriale lu-ve;;x;x;;x;x;x;x;x;;;;;;;;;;;;; ? 32,71 
905;;891;644;371;08:43;09:01;Menas-Pellizzano;estiva dal lunedç al venerdç feriale;8;19; 55 ; 440,00 ;TAXI-MINIBUS-AUTOBUS PANIZZA S.A.S. DI ZENDELI ILIR ;GA903ER;17;GA900ER;17;;;6391;MENAS                        ;6386;PELLIZZANO                   ;;;;;estiva feriale lu-ve;;x;x;;x;x;x;x;x;;;;;;;;;;;;; ? 32,71 
906;;892;644;374;11:05;11:23;Pellizzano-Castello-Menas;"Feriale invernale
giovedç";8,20;15; 39 ; 319,80 ;TAXI-MINIBUS-AUTOBUS PANIZZA S.A.S. DI ZENDELI ILIR ;ER747KZ;9;ER506KZ;9;GA902ER;23;6386;PELLIZZANO                   ;6391;MENAS                        ;;;;;invernale feriale gio;x;;x;;;;;x;;;;;;;;;;;;;; ? 33,53 
907;;893;644;372;11:20;11:38;Pellizzano-Menas;"estiva feriale 
solo giorno di giovedç";8;19; 11 ; 88,00 ;TONALE VIAGGI DI PANIZZA CLAUDIO ;FW832WP;24;EC937AD;20;;;6386;PELLIZZANO                   ;6391;MENAS                        ;;;;;estiva feriale gio;;x;x;;;;;x;;;;;;;;;;;;;; ? 35,69 
908;;894;644;375;11:23;11:41;Menas-Castello-Pellizzano;"Feriale invernale
giovedç";8,20;15; 39 ; 319,80 ;TAXI-MINIBUS-AUTOBUS PANIZZA S.A.S. DI ZENDELI ILIR ;ER747KZ;9;ER506KZ;9;GA902ER;23;6391;MENAS                        ;6386;PELLIZZANO                   ;;;;;invernale feriale gio;x;;x;;;;;x;;;;;;;;;;;;;; ? 33,53 
909;;895;644;373;11:43;12:01;Menas-Pellizzano;"estiva feriale 
solo giorno di giovedç";8;19; 11 ; 88,00 ;TONALE VIAGGI DI PANIZZA CLAUDIO ;FW832WP;24;EC937AD;20;;;6391;MENAS                        ;6386;PELLIZZANO                   ;;;;;estiva feriale gio;;x;x;;;;;x;;;;;;;;;;;;;; ? 35,69 
910;;896;644;374;12:20;12:38;Pellizzano-Menas;"Estiva
lunedç-venerdç";8;19; 55 ; 440,00 ;TONALE VIAGGI DI PANIZZA CLAUDIO ;FW832WP;24;EC937AD;20;;;6386;PELLIZZANO                   ;6391;MENAS                        ;;;;;estiva feriale lu-ve;;x;x;;x;x;x;x;x;;;;;;;;;;;;; ? 35,69 
911;;897;644;375;12:43;13:01;Menas-Pellizzano;"Estiva
lunedç-venerdç";8;19; 55 ; 440,00 ;TONALE VIAGGI DI PANIZZA CLAUDIO ;FW832WP;24;EC937AD;20;;;6391;MENAS                        ;6386;PELLIZZANO                   ;;;;;estiva feriale lu-ve;;x;x;;x;x;x;x;x;;;;;;;;;;;;; ? 35,69 
912;;898;644;378;13:55;14:13;Pellizzano-Claiano bv.-Menas;"invernale
da lunedç a venerdç";8,00;15; 202 ; 1.616,00 ;TAXI-MINIBUS-AUTOBUS PANIZZA S.A.S. DI ZENDELI ILIR ;GA903ER;17;GA900ER;17;;;6386;PELLIZZANO                   ;6391;MENAS                        ;;;;;invernale feriale lu-ve;x;;x;;x;x;x;x;x;;;;;;;;;;;;; ? 32,71 
913;;899;644;660;18:20;18:36;Claiano bv-Ortisä-Menas;"scolastica
lun+merc+giov+ven";6,50;9; 140 ; 910,00 ;TAXI-MINIBUS-AUTOBUS PANIZZA S.A.S. DI ZENDELI ILIR ;GA903ER;17;GA900ER;17;;;6387;Claiano Bivio                ;6391;MENAS                        ;;;;;scolastica lu, me, gio, ve;;;;x;x;;x;x;x;;;;;;;;;;;;; ? 26,58 
914;;900;645;784;06:20;06:25;Celentino Bivio - Strombiano - Celentino Paese;"scolastica 
 sabato";2,50;8; 34 ; 85,00 ;PATERNOSTER LORENZO;GH464KX;9;FL803HC;8;;;6402;Celentino Bivio              ;  6402PA;Celentino paese              ;;;;;scolastica sab;;;;x;;;;;;x;;;;;;;;;;;; ? 20,00 
915;;901;645;639;06:26;06:30;Celentino paese - Celentino Bivio;"scolastica 
 sabato";2,50;8; 34 ; 85,00 ;PATERNOSTER LORENZO;GH464KX;9;FL803HC;8;;;  6402PA;Celentino paese              ;6402;Celentino Bivio              ;;;;;scolastica sab;;;;x;;;;;;x;;;;;;;;;;;; ? 20,00 
916;;902;645;784;06:30;06:35;Celentino Bivio - Strombiano - Celentino Paese;"scolastica 
da lunedç a venerdç";2,50;8; 174 ; 435,00 ;PATERNOSTER LORENZO;GH464KX;9;FL803HC;8;;;6402;Celentino Bivio              ;  6402PA;Celentino paese              ;;;;;scolastica lu-ve;;;;x;x;x;x;x;x;;;;;;;;;;;;; ? 20,00 
917;;903;645;639;06:35;06:40;Celentino paese - Celentino Bivio;"scolastica 
da lunedç a venerdç";2,50;8; 174 ; 435,00 ;PATERNOSTER LORENZO;GH464KX;9;FL803HC;8;;;  6402PA;Celentino paese              ;6402;Celentino Bivio              ;;;;;scolastica lu-ve;;;;x;x;x;x;x;x;;;;;;;;;;;;; ? 20,00 
918;;904;645;639;06:35;06:38;Strombiano- Celentino Bivio;"scolastica 
 sabato";1,50;8; 34 ; 51,00 ;PATERNOSTER LORENZO;GH464KX;9;FL803HC;8;;;  6402ST;Strombiano                   ;6402;Celentino Bivio              ;;;;;scolastica sab;;;;x;;;;;;x;;;;;;;;;;;; ? 20,00 
919;;905;645;418;06:55;06:58;Deggiano-Mastellina FTM;"scolastica 
da lunedç a sabato";2,00;9; 208 ; 416,00 ;VIAGGI CORNELIO DI FLESSATI NICOLA E C. S.N.C.;EN920NH;9;FF891CS;17;FL934HC;7;  6350DP;Deggiano Paese               ;6350;Mastellina   Staz. FTM                ;;;;;scolastica lu-sa;;;;x;x;x;x;x;x;x;;;;;;;;;;;; ? 20,00 
920;;906;645;43;08:40;08:50;Cavizzana - Malä;"estiva
2¯ e 4¯ mercoledç feriale";6,00;23; 4 ; 24,00 ;TAXI VIAGGI VALENTINELLI DI VALENTINELLI GIORGIO & C. SNC;"
FZ889KY
";24;FJ097PL;21;;;6270TM;Cavizzana;6300;MALE'                        ;;;;;estiva feriale me (solo 2¯ e 4¯ mese);;x;x;;;;x;;;;;;;;;;;;;;; ? 18,00 
921;;907;645;739;08:40;09:00;Comasine - Cogolo;"feriale 
solo martedç e venerdç";9,00;19; 104 ; 936,00 ;PATERNOSTER LORENZO;FS184ZG;23;EL182VV;21;;;  6403PA;Comasine paese               ;6405;COGOLO                       ;;;;;annuale feriale ma, ve;x;x;x;;;x;;;x;;;;;;;;;;;;; ? 50,17 
922;;908;645;741;11:00;11:20;Cogolo - Celentino paese;"feriale 
solo martedç e venerdç";9,00;19; 104 ; 936,00 ;PATERNOSTER LORENZO;FS184ZG;23;EL182VV;21;;;6405;COGOLO                       ;  6402PA;Celentino paese              ;;;;;annuale feriale ma, ve;x;x;x;;;x;;;x;;;;;;;;;;;;; ? 50,17 
923;;909;645;44;11:00;11:10;Malä - Cavizzana;"estiva
2¯ e 4¯ mercoledç feriale";6,00;23; 4 ; 24,00 ;TAXI VIAGGI VALENTINELLI DI VALENTINELLI GIORGIO & C. SNC;"
FZ889KY
";24;FJ097PL;21;;;6300;MALE'                        ;6270TM;Cavizzana;;;;;estiva feriale me (solo 2¯ e 4¯ mese);;x;x;;;;x;;;;;;;;;;;;;;; ? 18,00 
924;;910;645;786;13:06;13:08;Comasine bv-Comasine paese-Comasine bv;"scolastica 
da lunedç a sabato";3,00;19; 208 ; 624,00 ;PATERNOSTER LORENZO;EL182VV GH464KX (9);21;FS184ZG  FL803HC (9);23;;;6403;Comasine bivio               ;6403;Comasine bivio               ;;;;;scolastica lu-sa;;;;x;x;x;x;x;x;x;;;;;;;;;;;; ? 9,00 
925;;911;645;786;13:08;13:16;Comasine bv.-Strombiano-Celentino;"scolastica
solo mart-merc-ven";3,10;15; 107 ; 331,70 ;PATERNOSTER LORENZO;EL182VV;21;FS184ZG;23;GH464KX;9;6403;Comasine bivio               ;  6402PA;Celentino paese              ;;;;;scolastica ma, me, ve;;;;x;;x;x;;x;;;;;;;;;;;;; ? 6,20 
926;;912;645;682;13:18;14:22;Cles-Mezzana-Fucine-Peio;"scolastica 
da lunedç a venerdç";44,70;54; 174 ; 7.777,80 ;PATERNOSTER LORENZO;EV696LA;61;GE374VX;45;FE599HG (Viaggi Cicolini);58;  6220MS;Cles - Negozio Mascotti      ;6407;PEIO                         ;;;;;scolastica lu-ve;;;;x;x;x;x;x;x;;;;;;;;;;;;; ? 134,10 
927;;913;645;314;18:19;18:43;Fucine - Pejo;"invernale
lunedç-sabato";12,40;16; 240 ; 2.976,00 ;VIAGGI CORNELIO DI FLESSATI NICOLA E C. S.N.C.;FF891CS;17;GH106PC;21;;;6401;FUCINE                       ;6407;PEIO                         ;;;;;invernale feriale lu-sa;x;;x;;x;x;x;x;x;x;;;;;;;;;;;; ? 31,00 
928;;914;645;312;19:00;19:38;Mezzana FTM - Pejo;"Estiva
lunedç-sabato";19,00;19; 67 ; 1.273,00 ;TONALE VIAGGI DI PANIZZA CLAUDIO ;FW832WP;24;EC937AD;20;;;  6380MT;Mezzana (staz FTM)           ;6407;PEIO                         ;;;;;estiva feriale lu-sa;;x;x;;x;x;x;x;x;x;;;;;;;;;;;; ? 84,76 
929;;915;645;418;19:10;19:59;Malä-Cogolo;"invernale
lunedç-sabato";25,70;15; 240 ; 6.168,00 ;TONALE VIAGGI DI PANIZZA CLAUDIO ;FW832WP;24;FR853MY;56;EC937AD;20;6300;MALE'                        ;6405;COGOLO                       ;;;;;invernale feriale lu-sa;x;;x;;x;x;x;x;x;x;;;;;;;;;;;; ? 114,65 
930;;916;645;419;19:40;20:04;Pejo - Fucine;"Estiva
lunedç-sabato";12,00;19; 67 ; 804,00 ;TONALE VIAGGI DI PANIZZA CLAUDIO ;FW832WP;24;EC937AD;20;;;6407;PEIO                         ;6401;FUCINE                       ;;;;;estiva feriale lu-sa;;x;x;;x;x;x;x;x;x;;;;;;;;;;;; ? 53,53 
931;;917;646;653;06:10;06:25;Passo Tonale - Stavel - Vermiglio;"scolastica 
da lunedç a sabato";14,00;16; 208 ; 2.912,00 ;TAXI-MINIBUS-AUTOBUS PANIZZA S.A.S. DI ZENDELI ILIR ;GA903ER;17;GA900ER;17;GA902ER;23;6410;PASSO TONALE                 ;6408;VERMIGLIO                    ;;;;;scolastica lu-sa;;;;x;x;x;x;x;x;x;;;;;;;;;;;; ? 57,24 
932;;918;646;682;14:10;14:31;Vermiglio-Stavel-Vallon-Passo Tonale;"scolastica 
da lunedç a venerdç";15,00;16; 174 ; 2.610,00 ;TAXI-MINIBUS-AUTOBUS PANIZZA S.A.S. DI ZENDELI ILIR ;ER747KZ;9;GA900ER;17;ER506KZ;9;  6408NO;Vermiglio nord               ;6410;PASSO TONALE                 ;;;;;scolastica lu-ve;;;;x;x;x;x;x;x;;;;;;;;;;;;; ? 61,33 
933;;919;646;445;14:35;14:56;Passo Tonale - Vermiglio ;"scolastica 
da lunedç a venerdç";11,00;16; 174 ; 1.914,00 ;TAXI-MINIBUS-AUTOBUS PANIZZA S.A.S. DI ZENDELI ILIR ;ER747KZ;9;GA900ER;17;ER506KZ;9;6410;PASSO TONALE                 ;6408;VERMIGLIO                    ;;;;;scolastica lu-ve;;;;x;x;x;x;x;x;;;;;;;;;;;;; ? 44,97 
934;;920;646;655;15:22;16:23;Passo Tonale - Vermiglio - Fucine -Pellizzano - Mezzana -  Dimaro ;"scolastica 
da lunedç a venerdç";27,00;16; 174 ; 4.698,00 ;TAXI-MINIBUS-AUTOBUS PANIZZA S.A.S. DI ZENDELI ILIR ;ER747KZ;9;GA900ER;17;;;6410;PASSO TONALE                 ;  6340PT;DIMARO (Ponte)               ;;;;;scolastica lu-ve;;;;x;x;x;x;x;x;;;;;;;;;;;;; ? 110,39 
935;;921;646;650;16:05;16:35;Cusiano - Passo Tonale;"scolastica 
da lunedç a giovedç";17,00;15; 137 ; 2.329,00 ;TAXI-MINIBUS-AUTOBUS PANIZZA S.A.S. DI ZENDELI ILIR ;GA903ER;17;GA900ER;17;;;6395;Cusiano                      ;6410;PASSO TONALE                 ;;;;;scolastica lu, ma, me, gio;;;;x;x;x;x;x;;;;;;;;;;;;;; ? 69,51 
936;;922;646;319;17:35;17:57;"Vermiglio - Mezzana
(periodo NON di intensificazione: fino al 7/12 e dopo Pasqua circa)";"invernale
lunedç-sabato";11,50;16; 240 ; 2.760,00 ;VIAGGI CORNELIO DI FLESSATI NICOLA E C. S.N.C.;FF891CS;17;GH106PC;21;;;  6408NO;Vermiglio nord               ;  6380MT;Mezzana (staz FTM)           ;;07/12/2022;20/03/2023;;invernale feriale lu-sa (eccetto intensificazione linea 646);x;;x;;x;x;x;x;x;x;;;;;;;;;;;; ? 28,75 
937;;923;646;406;17:40;19:05;Ponte di Legno - Fucine - Malä;"scolastica 
da lunedç a venerdç";43,00;19; 174 ; 7.482,00 ;TONALE VIAGGI DI PANIZZA CLAUDIO ;FW832WP;24;FR853MY;56;EC937AD;20;46.25536943397489, 10.509713206468964;Ponte di Legno - P.le Cida ;6300;MALE'                        ;;;;;scolastica lu-ve;;;;x;x;x;x;x;x;;;;;;;;;;;;; ? 191,83 
938;frequenza corretta da capitolato;924;646;319;17:45;17:57;"Fucine - Mezzana
(periodo di intensificazione: dal 8/12 a Pasqua circa)";invernale lunedç-venerdç;6,00;16; 225 ; 1.350,00 ;VIAGGI CORNELIO DI FLESSATI NICOLA E C. S.N.C.;FF891CS;17;GH106PC;21;;;6401;FUCINE                       ;  6380MT;Mezzana (staz FTM)           ;08/12/2022;19/03/2023;;;invernale feriale lu-ve (in intensificazione linea 646);x;;x;;x;x;x;x;x;;;;;;;;;;;;; ? 28,75 
939;;925;646;314;18:27;18:55;Vermiglio-Stavel-Vallon-Passo Tonale;"scolastica 
mart+merc+giov+ven";15,00;16; 141 ; 2.115,00 ;TAXI-MINIBUS-AUTOBUS PANIZZA S.A.S. DI ZENDELI ILIR ;ER747KZ;9;ER506KZ;9;;;  6408NO;Vermiglio nord               ;6410;PASSO TONALE                 ;;;;;scolastica ma, me, gio, ve;;;;x;;x;x;x;x;;;;;;;;;;;;; ? 61,33 
940;;926;646;314;18:38;18:46;Fucine - Vermiglio;"invernale festivo 
no durante intensificazione: Ponte Immacolata-1¯ decade aprile)";7,00;8; 30 ; 210,00 ;TONALE VIAGGI DI PANIZZA CLAUDIO ;FW832WP;24;FR853MY;56;EC937AD;20;6401;FUCINE                       ;  6408NO;Vermiglio nord               ;;07/12/2022;20/03/2023;;invernale festivo (eccetto intensificazione linea 646);x;;;;;;;;;;x;;;;;;;;;;; ? 31,23 
941;;927;646;418;19:49;19:57;Fucine - Vermiglio;"invernale
lunedç-sabato";4,50;16; 240 ; 1.080,00 ;VIAGGI CORNELIO DI FLESSATI NICOLA E C. S.N.C.;FF891CS;17;GH106PC;21;;;6401;FUCINE                       ;  6408NO;Vermiglio nord               ;;;;;invernale feriale lu-sa;x;;x;;x;x;x;x;x;x;;;;;;;;;;;; ? 11,25 
942;;928;401;124;07:16;07:52;"Calceranica-Caldonazzo-Levico-Borgo
(C.sa bis sostitutiva treno)";"scolastica 
da lunedç a sabato";22,50;50; 208 ; 4.680,00 ;AUTONOLEGGI PEGORARO S.N.C. di PEGORARO LUCIANO & C.;FN678GD;57;;;;;4260Z936W929:Z944X952W941:Z944W626:Z944;Calceranica al Lago          ;4400;BORGO V.(C.Intermodale)      ;;;;;scolastica lu-sa;;;;x;x;x;x;x;x;x;;;;;;;;;;;; ? 182,50 
943;capitolato sostituzione dal 24/06/2023;sost. riga 21 22;123;170;08:20;08:43;Moena - S.Pellegrino;estiva giornaliera;12,00;50; 80 ; 960,00 ;DESILVESTRO TAXI E VIAGGI SRL;FJ845YE;56;"FZ047KX GC807JF
";23+20;GK008EV;57;  1250AT;Moena (Albergo Trentino)     ;  1253CM;  P.S.PELLEGRINO (FUN.)        ;24/06/2023;;;;estiva giornaliera;;x;;;x;x;x;x;x;x;x;;;;;;;;;;; ? 36,00 
944;capitolato sostituzione dal 24/06/2023;sost. riga 23 24;123;171;08:46;09:09;S. Pellegrino - Moena;estiva giornaliera;12,00;50; 80 ; 960,00 ;DESILVESTRO TAXI E VIAGGI SRL;FJ845YE;56;"FZ047KX GC807JF
";23+20;GK008EV;57;  1253CM;P.S.PELLEGRINO (FUN.)        ;  1250AT;Moena (Albergo Trentino)     ;24/06/2023;;;;estiva giornaliera;;x;;;x;x;x;x;x;x;x;;;;;;;;;;; ? 36,00 
945;capitolato sostituzione dal 24/06/2023;sost. riga 21 22;123;172;09:20;09:43;Moena - S.Pellegrino;estiva giornaliera;12,00;50; 80 ; 960,00 ;DESILVESTRO TAXI E VIAGGI SRL;FJ845YE;56;"FZ047KX GC807JF
";23+20;GK008EV;57;  1250AT;Moena (Albergo Trentino)     ;  1253CM;  P.S.PELLEGRINO (FUN.)        ;24/06/2023;;;;estiva giornaliera;;x;;;x;x;x;x;x;x;x;;;;;;;;;;; ? 36,00 
946;capitolato sostituzione dal 24/06/2023;sost. riga 23 24;123;173;09:46;10:09;S. Pellegrino - Moena;estiva giornaliera;12,00;50; 80 ; 960,00 ;DESILVESTRO TAXI E VIAGGI SRL;FJ845YE;56;"FZ047KX GC807JF
";23+20;GK008EV;57;  1253CM;P.S.PELLEGRINO (FUN.)        ;  1250AT;Moena (Albergo Trentino)     ;24/06/2023;;;;estiva giornaliera;;x;;;x;x;x;x;x;x;x;;;;;;;;;;; ? 36,00 
947;capitolato sostituzione dal 24/06/2023;sost. riga 41 42;123;182;16:20;16:43;Moena - S.Pellegrino;estiva giornaliera;12,00;50; 80 ; 960,00 ;DESILVESTRO TAXI E VIAGGI SRL;FJ845YE;56;"FZ047KX GC807JF
";23+20;GK008EV;57;  1250AT;Moena (Albergo Trentino)     ;  1253CM;  P.S.PELLEGRINO (FUN.)        ;24/06/2023;;;;estiva giornaliera;;x;;;x;x;x;x;x;x;x;;;;;;;;;;; ? 36,00 
948;capitolato sostituzione dal 24/06/2023;sost. riga 43 44;123;183;16:46;17:09;S. Pellegrino - Moena;estiva giornaliera;12,00;50; 80 ; 960,00 ;DESILVESTRO TAXI E VIAGGI SRL;FJ845YE;56;"FZ047KX GC807JF
";23+20;GK008EV;57;  1253CM;P.S.PELLEGRINO (FUN.)        ;  1250AT;Moena (Albergo Trentino)     ;24/06/2023;;;;estiva giornaliera;;x;;;x;x;x;x;x;x;x;;;;;;;;;;; ? 36,00 
949;NUOVA PREV. N. 02/2022;extra;645;307;06:48;06:55;Loc. Roncio - Mezzana FTM;"scolastica 
da lunedç a sabato";2,80;8; 208 ; 582,40 ;VIAGGI CORNELIO DI FLESSATI NICOLA E C. S.N.C.;FL934HC;7;EN920NH;9;;;  6380RO;  LocalitÖ Roncio               ;6380TM;MEZZANA FTM                  ;;;;;scolastica lu-sa;;;;x;x;x;x;x;x;x;;;;;;;;;;;; ? 22,73 
950;NUOVA PREV. N. 03/2022;extra;101;57;14:00;16:00;Pozza di Fassa - Trento Autost.;scolastica di venerdç a settimane alterne;92,00;19; 18 ; 1.656,00 ;DOLOMITI RENT A CAR S.N.C. DI ROMOR MARSHA & C.;FE926YK;21;FT217LV;24;;;1300IA;Pozza di Fassa-Istituto Arte  ;1;TRENTO Autostaz.              ;;;;;scolastica ve a settimane alterne;;;;x;;;;;x;;;;;;;;;;;;; ? 276,00 
951;NUOVA PREV. N. 03/2022;extra;101;57;14:00;16:00;Pozza di Fassa - Trento Autost.;scolastica di venerdç a settimane alterne;92,00;19; 18 ; 1.656,00 ;VIAGGI VALFASSA S.R.L.;FR796WP;23;FR320WN;16;FR797WP;21;1300IA;Pozza di Fassa-Istituto Arte  ;1;TRENTO Autostaz.              ;;;;;scolastica ve a settimane alterne;;;;x;;;;;x;;;;;;;;;;;;; ? 276,00 
952;NUOVA PREV. N. 03/2022;extra;101;50;18:18;20:18;Trento Autost. - Pozza di Fassa;festivi esclusi precedenti a vacanza scol a settimane alterne;92,00;19; 18 ; 1.656,00 ;DOLOMITI RENT A CAR S.N.C. DI ROMOR MARSHA & C.;FE926YK;21;FT217LV;24;;;1;TRENTO Autostaz.              ;1300UP;POZZA DI FASSA ;;;;;scolastica festiva a settimane alterne;;;;x;;;;;;;x;;;;;;;;;;; ? 276,00 
953;NUOVA PREV. N. 03/2022;extra;101;50;18:18;20:18;Trento Autost. - Pozza di Fassa;festivi esclusi precedenti a vacanza scol a settimane alterne;92,00;19; 18 ; 1.656,00 ;VIAGGI VALFASSA S.R.L.;FR796WP;23;FR320WN;16;FR797WP;21;1;TRENTO Autostaz.              ;1300UP;POZZA DI FASSA ;;;;;scolastica festiva a settimane alterne;;;;x;;;;;;;x;;;;;;;;;;; ? 276,00 
954;dal 26/09/2022 era solo mar+mer;extra;102;145;14:11;14:28;Capriana-Grauno;Scolastica lun+gio+ven;8,00;9; 97 ; 776,00 ;AUTONOLEGGIO DI GUADAGNINI FERDINANDO E ZAMPIERI DAVID S.N.C.;ER906KZ;9;FY974HP;9;;;1084;CAPRIANA;1082;  GRAUNO                        ;26/09/2022;;;;scolastica lu, gio, ve;;;;x;x;;;x;x;;;;;;;;;;;;; ? 45,00 
955;dal 28/09/2022 era solo lu+ma+gio;extra;210;458;16:30;16:59;Ponte Arche - Cavrasto - Bivedo;scolastica mercoledç;11,00;44; 34 ; 374,00 ;TRENTINOBUS SRL;GC420NL;29;FG405XM;29;GG015PN;25;2180;PONTE ARCHE (Autost.)        ;2208;BIVEDO                       ;28/09/2022;;;;scolastica me;;;;x;;;x;;;;;;;;;;;;;;; ? 33,00 
956;dal 11/10/2022 nuova;extra;645;682;13:18;14:00;Cles-Mezzana-Fucine;scolastica di martedç e giovedç;31,50;54; 54 ; 1.701,00 ;"BIANCANEVE VIAGGI DI
 DALLATORRE MARCO";FP633ED;21;FM515LT;31;GC951CS;57;  6220MS;Cles - Negozio Mascotti      ;6401;FUCINE ;11/10/2022;;;;scolastica ma, gio;;;;x;;x;;x;;;;;;;;;;;;;; ? 94,50 
957;dal 21/11/2022 nuova;extra;634;548;13:58;14:38;Cles - Lanza di Rumo;"scolastica 
da lunedç a venerdç";20,00;19; 144 ; 2.880,00 ;ALPINABUS DI MARTINTONI MAURO;FP041BC;21;GA014HT;18;EJ947ZA;17;6220;CLES (Autostaz.);6755;LANZA DI RUMO;21/11/2022;;;;scolastica lu-ve;;;;x;x;x;x;x;x;;;;;;;;;;;;; ? 60,00 
958;dal 30/11/2022 nuova;extra;205;368;17:15;17:32;Sarche-Lago Cavedine Trebi;invernale lunedç-venerdç;9,00;19; 143 ; 1.287,00 ;SARCATOUR s.r.l.;FL596HC;17;FN308MX;37;;;2120;SARCHE (Cassa Rurale)        ;  2058TB;Lago di Cavedine (Trebi)     ;30/11/2022;;;;invernale feriale lu-ve;x;;x;;x;x;x;x;x;;;;;;;;;;;;; ? 27,00 
959;dal 30/11/2022 nuova;extra;205;366;16:52;16:57;Sarche-Pergolese;scolastica;4,00;19; 120 ; 480,00 ;SARCATOUR s.r.l.;FL596HC;17;FN308MX;37;;;2120;SARCHE (Cassa Rurale)        ;2122;Pergolese;30/11/2022;;;;scolastica lu-sa;;;;x;x;x;x;x;x;x;;;;;;;;;;;; ? 12,00 
960;dal 28/11/2022 nuova;extra;102-103;645;07:42;08:15;Cembra-Sevignano-Civezzano sc. Media;"scolastica 
da lunedç a venerdç";22,00;24; 139 ; 3.058,00 ;BAZZAVAN S.A.S. DI BAZZANELLA ANDREA;GG058PN;23;GC917HM;22;;;1078;CEMBRA;1100OX;Civezzano Scuola Media;28/11/2022;;;;scolastica lu-ve;;;;x;x;x;x;x;x;;;;;;;;;;;;; ? 66,00 
961;dal 28/11/2022 nuova;extra;646;406;16:00;16:46;Ponte di Legno - Vermiglio;scolastica il lunedç;22,00;19; 23 ; 506,00 ;TONALE VIAGGI DI PANIZZA CLAUDIO ;FW832WP;24;FR853MY;56;EC937AD;20;46.25536943397489, 10.509713206468964;Ponte di Legno - P.le Cida ;6408NO;Vermiglio nord;28/11/2022;;;;scolastica lu;;;;x;x;;;;;;;;;;;;;;;;; ? 98,14 
962;dal 29/11/2022 nuova;extra;644;660;18:20;18:36;Claiano bv-Ortisä-Menas;scolastica il martedç;6,50;9; 23 ; 149,50 ;TAXI-MINIBUS-AUTOBUS PANIZZA S.A.S. DI ZENDELI ILIR ;GA903ER;17;GA900ER;17;;;6387;Claiano Bivio                ;6391;MENAS                        ;29/11/2022;;;;scolastica ma;;;;x;;x;;;;;;;;;;;;;;;; ? 19,50 
963;dal 30/11/2022 nuova;extra;103;203;14:30;14:48;Stramentizzo bv - Sover;scolastica martedç e mercoledç;12,50;19; 48 ; 600,00 ;BAZZAVAN S.A.S. DI BAZZANELLA ANDREA;GC917HM;22;GG058PN;23;FF736CSB (ditta Taxizeta);17;1087FL;Stramentizzo (Bivio);1122;SOVER;30/11/2022;;;;scolastica ma, me;;;;x;;x;x;;;;;;;;;;;;;;; ? 37,50 
964;sostituisce corsa 401 linea 334 da Avio dal 05/11/2022;extra;334;401;16:37;16:46;Vï Sinistro - Ala Fs;"scolastica 
 sabato";4;19; 34 ; 136,00 ;PEDRINOLLA GRAZIANO s.r.l.;FV978FS;22;FN191MX;29;FH120DD;21;  3350VB;AVIO (Via M.Baldo)           ;  3346FS;ALA (Staz. FS)               ;05/11/2022;;;;scolastica sab;;;;x;;;;;;x;;;;;;;;;;;; ? 6,11 
965;sostituisce corsa 131 linea 102;extra;611;757;07:15;07:40;Santel - Mezzolombardo;"scolastica 
da lunedç a venerdç";13,50;55; 174 ; 2.349,00 ;ATP SRLS;GL689HS;57;GE453VX (Nice srl);57;FE205HG (ditta Fersina);57;6136;Santel (S.p. 64);6120;  MEZZOLOMBARDO                ;02/11/2022;;;;scolastica lu-ve;;;;x;x;x;x;x;x;;;;;;;;;;;;; ? 153,79 
966;dal 01/03/2023 nuova;extra;205;803;07:50;07:58;Riva del Garda - Arco;scolastica da martedç a venerdç esclusi postfest;6;50; 21 ; 126,00 ;SARCATOUR s.r.l.;FA895BD;57;FE629SK;54;FK791WG;55;960;RIVA DEL G. Autostaz.         ;  3520LR;  Arco Piazza Italia           ;01/03/2023;;;;scolastica ma, me, gio, ve no postfest;;;;x;;x;x;x;x;;;;;;;;;;;;; ? 150,00 
967;dal 01/03/2023 nuova;extra;205;358;19:20;20:09;Sarche - Riva del Garda;"scolastica 
da lunedç a venerdç";23;50; 26 ; 598,00 ;SARCATOUR s.r.l.;FA895BD;57;FE629SK;54;FK791WG;55;  2120RR;SARCHE (Centro Comm.)        ;960;RIVA DEL G. Autostaz.         ;01/03/2023;;;;scolastica lu-ve;;;;x;x;x;x;x;x;;;;;;;;;;;;; ? 69,00 
968;dal 01/03/2023 nuova;extra;205;197;20:30;21:16;Riva del Garda - Sarche;"scolastica 
da lunedç a venerdç";23;50; 26 ; 598,00 ;SARCATOUR s.r.l.;FA895BD;57;FE629SK;54;FK791WG;55;960;RIVA DEL G. Autostaz.         ;  2120RR;SARCHE (Centro Comm.)        ;01/03/2023;;;;scolastica lu-ve;;;;x;x;x;x;x;x;;;;;;;;;;;;; ? 69,00 
969;dal 01/03/2023 nuova;extra;205;360;21:20;22:09;Sarche - Riva del Garda;"scolastica 
da lunedç a venerdç";23;50; 26 ; 598,00 ;SARCATOUR s.r.l.;FA895BD;57;FE629SK;54;FK791WG;55;  2120RR;SARCHE (Centro Comm.)        ;960;RIVA DEL G. Autostaz.         ;01/03/2023;;;;scolastica lu-ve;;;;x;x;x;x;x;x;;;;;;;;;;;;; ? 69,00 
970;dal 20/03/2023 nuova;extra;620;223;06:30;07:07;Termon - Mezzolombardo;"scolastica 
da lunedç a venerdç";16,00;31; 54 ; 864,00 ;VITO DI PEDRON VITTORIA;FH992YZ;31;;;;;6147;Termon                       ;6120;  MEZZOLOMBARDO                ;20/03/2023;;;;scolastica lu-ve;;;;x;x;x;x;x;x;;;;;;;;;;;;; ? 48,00 
971;dal 23/03/2023 al 09/06/2023;extra;332;798;18:26;18:46;Riva del Garda - Bolognano;"scolastica 
da lunedç a venerdç";7,00;50; 51 ; 357,00 ;NICE srl;GE453VX;57;GG008PL;50;;;960;RIVA DEL G. Autostaz.;3530;BOLOGNANO;23/03/2023;;;;scolastica lu-ve;;;;x;x;x;x;x;x;;;;;;;;;;;;; ? 21,00 
972;dal 23/03/2023 al 09/06/2023;extra;332;245;19:20;20:31;Bolognano - Rovereto;"scolastica 
da lunedç a venerdç";31,00;50; 51 ; 1.581,00 ;NICE srl;GE453VX;57;GG008PL;50;;;3530;BOLOGNANO;3100VP;ROVERETO Via Paoli ;23/03/2023;;;;scolastica lu-ve;;;;x;x;x;x;x;x;;;;;;;;;;;;; ? 93,00 
973;dal 23/03/2023 al 09/06/2023;extra;332;388;20:53;21:59;Rovereto - Bolognano;"scolastica 
da lunedç a venerdç";30,00;50; 51 ; 1.530,00 ;NICE srl;GE453VX;57;GG008PL;50;;;3100;ROVERETO Via Manzoni;3530;BOLOGNANO;23/03/2023;;;;scolastica lu-ve;;;;x;x;x;x;x;x;;;;;;;;;;;;; ? 90,00 
974;dal 23/03/2023 al 09/06/2023;extra;332;525;21:59;22:30;Bolognano - Riva del Garda;"scolastica 
da lunedç a venerdç";7,20;50; 51 ; 367,20 ;NICE srl;GE453VX;57;GG008PL;50;;;3530;BOLOGNANO;960;RIVA DEL G. Autostaz.;23/03/2023;;;;scolastica lu-ve;;;;x;x;x;x;x;x;;;;;;;;;;;;; ? 21,60 
975;dal 19/06 al 10/09/2023;extra;314;671;12:18;13:08;Piano di Vallarsa - Rovereto;estiva dal lunedç al venerdç feriale;28,00;19; 60 ; 1.680,00 ;FERSINA TOUR S.R.L;EY732LP;16;;;;;3168;  PIANO DI VALLARSA            ;  3100VP;ROVERETO Via Paoli            ;19/06/2023;;;;estiva feriale dal lunedç al venerdç;;x;;;x;x;x;x;x;;;;;;;;;;;;; ? 84,00 
976;dal 21/07/2023 al 11/08/2023;extra;202;210;08:45;09:00;Lasino-Lagolo;estiva ma-ve;10,00;19; 7 ; 70,00 ;PEDERZOLLI DENIS;GH078PC;21;ET415HZ;17;;;2049;Lasino                       ;2670;LAGOLO                       ;21/07/2023;11/08/2023;;;estiva feriale ma e ve;;;;;;;;;;;;;;;;;;;;;; ? 30,00 
977;dal 21/07/2023 al 11/08/2024;extra;202;211;09:15;09:30;Lagolo-Lasino;estiva ma-ve;10,00;19; 7 ; 70,00 ;PEDERZOLLI DENIS;GH078PC;21;ET415HZ;17;;;2670;LAGOLO                       ;2049;Lasino                       ;21/07/2023;11/08/2023;;;estiva feriale ma e ve;;;;;;;;;;;;;;;;;;;;;; ? 30,00 
978;dal 21/07/2023 al 11/08/2025;extra;202;216;11:55;12:10;Lasino-Lagolo;estiva ma-ve;10,00;19; 7 ; 70,00 ;PEDERZOLLI DENIS;GH078PC;21;ET415HZ;17;;;2049;Lasino                       ;2670;LAGOLO                       ;21/07/2023;11/08/2023;;;estiva feriale ma e ve;;;;;;;;;;;;;;;;;;;;;; ? 30,00 
979;dal 21/07/2023 al 11/08/2026;extra;202;212;17:15;17:30;Lasino-Lagolo;estiva ma-ve;10,00;19; 7 ; 70,00 ;PEDERZOLLI DENIS;GH078PC;21;ET415HZ;17;;;2049;Lasino                       ;2670;LAGOLO                       ;21/07/2023;11/08/2023;;;estiva feriale ma e ve;;;;;;;;;;;;;;;;;;;;;; ? 30,00 
980;dal 21/07/2023 al 11/08/2027;extra;202;213;17:50;18:15;Lagolo-Lasino-Vezzano;estiva ma-ve;17,50;19; 7 ; 122,50 ;PEDERZOLLI DENIS;GH078PC;21;ET415HZ;17;;;2670;LAGOLO                       ;  2040RR;VEZZANO (Piazza);21/07/2023;11/08/2023;;;estiva feriale ma e ve;;;;;;;;;;;;;;;;;;;;;; ? 52,50 
