"N°","Ragione sociale","Sede legale indirizzo","Sede legale CAP","Sede legale località","Sede legale comune","Sede legale provincia","Sede legale nazione","Sede legale telefono","Sede amministrativa indirizzo","Sede amministrativa CAP","Sede amministrativa località","Sede amministrativa comune","Sede amministrativa provincia","Sede amministrativa nazione","Sede amministrativa telefono","Codice Busstop","FAX","P. IVA","Telefono","Cellulare","Email","Email aggiuntive","Email PEC","Password","Note","Dati commerciali da diffondere","Zone","Forma giuridica","Gestore trasporti","Procura notarile per assemblee","Servizi appalto","Individuazione operatore per scolastico","Posizione INPS","Posizione INAIL","Numero REN","Contratto applicato","Pagina libro soci","Data sottoscrizione quota consortile","N° quote consortili possedute","Subentro","Ragione sociale di riferimento","Codice SQL per viaggi2","Scadenza firma digitale","Certificazione di qualità ambientale","Cognome rappresentante legale","Nome rappresentante legale","Paese nascita rappresentante legale","Provincia nascita rappresentante legale","Comune nascita rappresentante legale","Data nascita rappresentante legale","Paese residenza rappresentante legale","Provincia residenza rappresentante legale","Comune residenza rappresentante legale","Indirizzo residenza rappresentante legale","N° civico residenza rappresentante legale","N° telefono rappresentante legale","Codice fiscale rappresentante legale","Scad. doc. identità rappresentante legale","Quota rappresentante legale","Nominativo socio 1","Residenza socio 1","Quota socio 1","Scad. documento socio 1","N. telefono socio1","Nominativo socio 2","Residenza socio 2","Quota socio 2","Scad. documento socio 2","N. telefono socio2","Nominativo socio 3","Residenza socio 3","Quota socio 3","Scad. documento socio 3","N. telefono socio3","Nominativo socio 4","Residenza socio 4","Quota socio 4","Scad. documento socio 4","N. telefono socio4","Descrizione rimessa 1","Indirizzo rimessa 1","Data comunicazione rimessa 1","Descrizione rimessa 2","Indirizzo rimessa 2","Data comunicazione rimessa 2","Descrizione rimessa 3","Indirizzo rimessa 3","Data comunicazione rimessa 3"
"1","A.BOSCH DI BOSCHETTO ELIO & C. S.A.S.","VIA BARATIERI, N. 2","38033","CAVALESE","CAVALESE","TN","IT","333 4220000",,,,,,,,"47204",,"02424410229","333 4220000","Elio 333 4220000","eliobosch@gmail.com",,"a.bosch@pec.it","cavalese.54","IMPRESA ARTIGIANA NR. TN-60994","SI","Valle di Fiemme, Fassa, Cembra, Altopiano di Pinè","Società in accomandita semplice (S.a.s.)",,,"SCUOLE","IRENE","14948695 SR","019866425/39",,,"2015-5","23-08-2016","1","31","BOSCHETTO ELIO","IIKN0-GG4I5-KDKJ6-DFJO4","04-11-2024",,"Elio","Boschetto","Italia","TN","Cavalese","14-11-1954","Italia","TN","Cavalese","Via Baratieri","4","333 4220000","BSCLEI54S14C372H","14-11-2031","0.00","SARTORI DOLORES","Cavalese (TN) Via Baratieri, 4",,"07-11-2024","socio accomandante",,,,,,,,,,,,,,,,"Rimessa 1","VIA BARATIERI, N. 2","28-09-2016","Rimessa 2","CAVALESE P.ED. 2083","28-09-2016",,,
"2","AGOSTINI MARCELLO ","VIA DI CASALINA, N. 83","38029","PIZZANO","VERMIGLIO","TN","IT","349 0839771",,,,,,,,"46085","0463 758228","01077140224","349 0839771","Marcello 349 0839771","agostini.m.api@gmail.com",,"agostini.marcello@pec.it","vermiglio.63",,"SI","Valle di Sole, Non, Rotaliana Andalo e Denno","Impresa individuale",,,"SCUOLE","LUANA","13458741/BZ","25864763/94",,,"16","13-07-1999","1",,,"OICF0-H5DC5-J8DL3-DPGH6","20-11-2022",,"Marcello","Agostini","Svizzera","Zurigo","Zurigo","19-05-1963","Italia","TN","Vermiglio","Frazione Pizzano, Via di Casalina","83","349 0839771","GSTMCL63E19Z133D","19-05-2027","0.00",,,,,,,,,,,,,,,,,,,,,"Rimessa 1","VIA DI CASALINA, N. 83","01-09-2016","Rimessa 2","VERMIGLIO P.ED. 981 SUBALTERNO 17","01-09-2016",,,
"3","ALBATROS DI SARDAGNA CHIARA","VIA VASSELAE, N. 17/G","38030","PANCHIA'","PANCHIA'","TN","IT","349 4779094",,,,,,,,"47692","0462 813544","02591130220","349 4779094","Chiara 349 4779094","chiara.sardagna@hotmail.it",,"chiara.sardagna@legalmail.it","cavalese.84",,"SI","Valle di Fiemme, Fassa, Cembra, Altopiano di Pinè","Impresa individuale",,,"NESSUN SERVIZIO IN APPALTO",,"16879203SU",,,,"2015-24","08-09-2020","1","97","SARDAGNA NATALE","DH770-JECM4-FAMD9-7BA85","15-12-2023",,"Chiara","Sardagna","Italia","TN","Cavalese","24-07-1984","Italia","TN","Panchià","Via Vasselae","17/g","349 4779094","SRDCHR84L64C372F","24-07-2030","0.00",,,,,,,,,,,,,,,,,,,,,"garage","via vasselae 17/g Panchiá: P.e. 536","22-08-2022","garage","via revignana 1 Cavalese: P.e. 1881","22-08-2022",,,
"4","ALPINABUS DI MARTINTONI MAURO","VIA ALLE MADDALENE, N. 3","38020","MARCENA","RUMO","TN","IT","349 7199504",,,,,,,,"46490","0463 530630","01933580225","349 7199504","Mauro 349 7199504","info@alpinabus.it",,"info@pec.alpinabus.it","marcena.78",,"SI","Valle di Sole, Non, Rotaliana Andalo e Denno","Impresa individuale","Martintoni Mauro",,"SCUOLE/LINEE","LUANA","15600197SY","14150792/76","P52898","C.C.N.L. AUTORIMESSE E NOLEGGIO AUTOMEZZI","158","17-10-2005","1","78","PATERNOSTER REMO","CE7H0-CH5P5-BM3E0-QDAA6","26-04-2024",,"Mauro","Martintoni","Italia","TN","Cles","06-09-1978","Italia","TN","Rumo","Via alle Maddalene fraz Marcena","3","349 7199504","MRTMRA78P06C794T","06-09-2023","0.00",,,,,,,,,,,,,,,,,,,,,"Rimessa 1","FRAZIONE MARCENA N° 36","27-09-2016","Rimessa 2","RUMO P.ED. 300","27-09-2016",,,
"5","ANDREOLLI FRANCO","VIA 2 MAGGIO N. 7","38060","BRENTONICO","BRENTONICO","TN","IT","348 6004245",,,,,,,,"47477",,"02515270227","348 6004245","Franco 348 6004245","franco.andreolli@hotmail.it",,"franco.andreolli@pec.it","brentonico.59",,"SI","Vallagarina, Alto Garda e Ledro","Impresa individuale","NON ISCRITTA REN",,"SCUOLE/LINEE","GLORIA","13117520","2000433/04",,,"2015-13","18-12-2018","1",,,"E8A90-CF7F5-FLBM1-ALLJ8","22-11-2022",,"Franco","Andreolli","Italia","TN","Brentonico","11-05-1959","Italia","TN","Brentonico","Via 2 Maggio","7","348 6004245","NDRFNC59E11B153Z","11-05-2032","0.00",,,,,,,,,,,,,,,,,,,,,"GARAGE","CC 44 - P.ED. 263/ FOGLIO 10 - CC BRENTONICO","16-08-2022",,,,,,
"6","ANGELI CAMILLO","VIA ANGELI, 1","38050","MARTER","RONCEGNO TERME","TN","IT","348 2572798","SEDE NOLEGGIO: VIA NAZIONALE 3","38050","MARTER","RONCEGNO TERME","TN","IT","0461 764232","46108","0461 771085","00378270227","348 2572798","Camillo 337 452851; Cinzia 348 2572798   ","info@angeli.tn.it",,"angelicamillo@autotrasporti-pec.it","cinzia.2020",,"SI","Bassa e Alta Valsugana","Impresa individuale","De Gasperis Cinzia",,"SCUOLE/LINEE","PATTY","12650412/GX","25852409/93","P55628","C.C.N.L. AUTORIMESSE E NOLEGGIO AUTOMEZZI","19","13-07-1999","1",,,"LFEM0-266E4-OJA89-F1AF0","01-09-2024",,"Camillo","Angeli","Italia","TN","Roncegno","15-02-1958","Italia","TN","Roncegno","Fraz. Marter  Via Angeli ","1","337 452851","NGLCLL58B15H528T","15-02-2025","0.00",,,,,,,,,,,,,,,,,,,,,"Rimessa 1","VIA NAZIONALE, N. 114","09-09-2016","Rimessa 2","NOVALEDO C.C. 257 P.ED. 327/3","09-09-2016",,,
"7","ATP S.R.L.S.","Via Santi Cosma e Damiano, 38","38121","Trento","Trento","TN","IT","339 4507049",,,,,,,,"47866",,"02682740226","339 4507049","339 4507049","atpsrls@atpssrl.it",,"atpsrls@legalmail.it","polonia.88",,"NO","Trento Valle dei Laghi","Società a responsabilità limitata semplificata (S.r.l.s.)","Pedron Riccardo",,"SCUOLE/LINEE","PATTY","8308630741","21001911 Contro Codice 16","N58863","C.C.N.L. AUTORIMESSE E NOLEGGIO AUTOMEZZI","2015/32",,"1",,"TOMASPEED",,"28-10-2022",,"FARON","DOMINIKA ANNA","Polonia","Krynica-Zdroj","Krynica-Zdroj","02-04-1988","Italia","Trento","Trento","Via Roma ","50",,"FRNDNK88D42Z127O","02-04-2025","0.00",,,,,,,,,,,,,,,,,,,,,,,,,,,,,
"8","AUTOFFICINA LUNELLI DI LUNELLI STEFANO & C. S.N.C.","VIA TRIESTE, N. 65 - ZONA ARTIGIANALE","38046","LAVARONE","LAVARONE","TN","IT","335 6454469",,,,,,,,"46304","0464 080530","01476860224","335 6454469","Stefano 335 6454469; Silvia 347 8462741; Antonio 349 7781132","autofficinalunelli@gmail.com",,"autofficinalunelli@pec.trovarti.it","trento.67",,"SI","Vallagarina, Alto Garda e Ledro","Società a nome collettivo (S.n.c.)","Lunelli Stefano",,"SCUOLE/LINEE","GLORIA","83053530/43","08900185/54","P55575",,"142","11-03-2003","2","36;70","CIECH SILVANO; MENIN CLAUDIO","CRBP0-249H5-HRFB3-6MSF6","03-05-2022",,"Stefano","Lunelli ","Italia","TN","Trento","21-11-1967","Italia","TN","Lavarone","Frazione Azzolini","8","335 6454469","LNLSFN67S21L378P","21-11-2031","33.00","LUNELLI MIRKO","Lavarone (TN) Frazione Tobia Via Azzolini,7","33,00","11-02-2030","legale rappresentante","LUNELLI ANTONIO","Lavarone (TN) Frazione Azzolini,7","33,00","21-08-2032","legale rappresentante",,,,,,,,,,,"Rimessa 1","VIA TRIESTE, N. 65 - ZONA ARTIGIANALE","06-09-2016","Rimessa 2","LAVARONE P.ED. 1504","06-09-2016",,,
"9","AUTONOLEGGI FILIPPI S.R.L. UNIPERSONALE","VIA G. PRATI N. 28","38077","DASINDO","COMANO TERME","TN","IT","340 4839546",,,,,,,,"46470","0465 701033","01928350220","0465 701033","Sergio 340 4839546 ","info@viaggifilippi.it",,"filippigroup@lamiapec.it","rivadelgarda.70",,"SI","Rendena, Chiese e Lomaso","Società a responsabilità limitata (S.r.l.)","Filippi Sergio",,"SCUOLE/LINEE","LUANA","8306179389","91764048/55","P52043","C.C.N.L. AUTORIMESSE E NOLEGGIO AUTOMEZZI","157","05-09-2005","1","51","FILIPPI SERGIO","EHCD0-4B7G5-MIBA0-6MCI1","31-08-2023",,"Sergio","Filippi","Italia","TN","Riva del Garda","06-02-1970","Italia","TN","Comano Terme","Dasindo","16","340 4839546","FLPSRG70B06H330F","06-02-2025","100.00",,,,,,,,,,,,,,,,,,,,,"Rimessa 1","VIA G. PRATI N. 28","28-09-2016","Rimessa 2","DASINDO P.ED. 139 E P.F. 179","28-09-2016",,,
"10","AUTONOLEGGI PEGORARO SNC DI PEGORARO LUCIANO & C.","VIA CERVIA, N. 15","38056","LEVICO TERME","LEVICO TERME","TN","IT","0461 702100",,,,,,,,"47203","0461 706555","02433350226","0461 702100","Luciano 335 7469203; Moglie 335/7469201;Sebastiano 349/5569542;Luciana 348/0356265","info@autonoleggipegoraro.it","amministrazioneautonol.pegoraro@gmail.com","pegoraro@pec.trovarti.it","grigno.45",,"SI","Bassa e Alta Valsugana","Società a nome collettivo (S.n.c.)","Pegoraro Luciano",,"SCUOLE/LINEE","PATTY","8307855611","22775436/06","N57564","C.C.N.L. AUTORIMESSE E NOLEGGIO AUTOMEZZI","2015-04","23-08-2016","2","83; 84","PEGORARO LUCIANO; PEGORARO MAGGIORINO","LJBA0-CC3C5-CLGK0-DIB98","04-11-2025",,"Luciano","Pegoraro","Italia","TN","Grigno","05-03-1945","Italia","TN","Levico Terme","Via Cervia ","15","335 7469203","PGRLCN45C05E178E","05-03-2025","50.00","PEGORARO VERA","Levico Terme (TN) Via Tonelli, 13","16,00","25-09-2025",,"PEGORARO LUCIANA","Levico Terme (TN) Via Cervia, 15","16,00","27-06-2031",,"PEGORARO SEBASTIANO","Levico Terme (TN) Via Cervia, 15","16,00","29-01-2031",,,,,,,"Rimessa 1","VIA CERVIA, N. 15","31-08-2016","Rimessa 2","LEVICO TERME P.ED. 1621","31-08-2016",,,
"11","AUTONOLEGGI SORDO S.A.S. DI SORDO STEFANO & C.","VIA CESARE BATTISTI, N. 08","38053","CASTELLO TESINO","CASTELLO TESINO","TN","IT","327 9166071",,,,,,,,"46905",,"02209980222","0461 594344","Stefano 327 9166071","stesor.1979@gmail.com",,"autonoleggisordo@legalmail.it","borgovalsugana.79",,"SI","Bassa e Alta Valsugana","Società in accomandita semplice (S.a.s.)","Sordo Stefano",,"SCUOLE","PATTY","16225770/RT","18853915/81","P55214","C.C.N.L. AUTORIMESSE E NOLEGGIO AUTOMEZZI","185","02-05-2011","1","102","SORDO BRUNO","JFBL0-B19E4-KFJ19-G5EB0","01-06-2022",,"Stefano","Sordo","Italia","TN","Borgo Valsugana","05-01-1979","Italia","TN","Castello Tesino","Località Trentello","1","327 9166071","SRDSFN79A05B006H","05-01-2028","95.00","SORDO ILARIA","Castello Tesino (TN) Località Trentello 1","1,00","23-05-2023","socio accomandante",,,,,,,,,,,,,,,,"Capannone","P.ed. 2263/1 e p.ed. 2263/5.","16-08-2022",,,,,,
"12","AUTONOLEGGI TRI-FOGLIO DI DEPAOLI ROBERTO","VIA DELLA CERVARA, 33","38121","TRENTO","TRENTO","TN","IT","335 6759255",,,,,,,,"47264",,"02451230227","335 6759255","Roberto 335 6759255","robertodepaoli69@tiscali.it",,"autonoleggitrifoglio@legalmail.it","trento.69",,"SI","Trento Valle dei Laghi","Impresa individuale",,,"NESSUN SERVIZIO IN APPALTO",,"14221766","Codice ditta inail 0932788;  PAT inail 22898656/88",,,"173","03-12-2008","1","20","AUTONOLEGGIO BIEFFE","JESK0-INGO5-GEO96-NE976","25-04-2022",,"Roberto","Depaoli","Italia","TN","Trento","16-12-1969","Italia","TN","Trento","Via della Cervara","33","335 6759255","DPLRRT69T16L378M","21-12-2023","0.00",,,,,,,,,,,,,,,,,,,,,,,,,,,,,
"13","AUTONOLEGGI VISINTAINER DI VISINTAINER FRANCESCO","VIA GARIBALDI, N. 09","38045","CIVEZZANO","CIVEZZANO","TN","IT","348 6502037",,,,,,,,"46459","0461 850138","01906520224","0461 858174","Francesco 348 6502037","francescovisintainer1@virgilio.it",,"visintainerfrancesco69@pec.it","trento.1969",,"SI","Valle di Fiemme, Fassa, Cembra, Altopiano di Pinè","Impresa individuale","Visintainer Francesco",,"SCUOLE/LINEE","IRENE","8306128374","91618870/86","P51772","C.C.N.L. AUTOTRASPORTO MERCI ARTIGIANATO - INDUSTRIA - COOPERATIVE E LOGISTICA","154","01-01-2005","1",,,"ONH90-KFAJ5-OD6B3-FG5F0","29-04-2022",,"Francesco","Visintainer","Italia","TN","Trento","04-10-1969","Italia","TN","Civezzano","Via Fersina Avisio","19/a","348 6502037","VSNFNC69R04L378E","04-10-2032","0.00",,,,,,,,,,,,,,,,,,,,,"Rimessa 1","VIA GARIBALDI, N. 09","07-09-2016","Rimessa 2","CIVEZZANO P.ED. 979","07-09-2016",,,
"14","AUTONOLEGGIO DI GUADAGNINI FERDINANDO E ZAMPIERI DAVID S.N.C.","VIA NAZIONALE, N. 22","38099","VILLE DI FIEMME","VILLE DI FIEMME","TN","IT","380 7111559",,,,,,,,"46853",,"02159350228","0462 231311","David 380 7111559","david@galleriaeuropa.it",,"davidzampieri@pec.it","bolzano.74",,"SI","Valle di Fiemme, Fassa, Cembra, Altopiano di Pinè","Società a nome collettivo (S.n.c.)",,,"SCUOLE/LINEE","IRENE","8304739242","001195163/25",,"C.C.N.L. AUTORIMESSE E NOLEGGIO AUTOMEZZI","182","02-03-2010","1","63","GUADAGNINI FERDINANDO","5G9H0-DFF54-E4BF7-DIB65","13-07-2022",,"David","Zampieri","Italia","BZ","Bolzano","20-02-1974","Italia","TN","Tesero","Via Stava","75/a","380 7111559","ZMPDVD74B20A952F","20-02-2031","50.00","GUADAGNINI FERDINANDO","Ville di Fiemme (TN) Via Nazionale 22/1","50,00","30-07-2023","legale rappresentante",,,,,,,,,,,,,,,,"Rimessa 1","VIA NAZIONALE, N. 22","09-09-2016","Rimessa 2","CARANO C.C. 69 P.ED. 602","09-09-2016",,,
"15","AUTONOLEGGIO DI MAISTRELLI  MARIARITA","VIA FONTANA NUOVA, 7","38020","BRESIMO","BRESIMO","TN","IT","347 1910895",,,,,,,,"46188","0463 539053","01675570228","0463 539053","Maria Rita 347 1910895","mariarita.maistrelli@gmail.com",,"maistrelli.mariarita@pec.trovarti.it","cles.1964",,"SI","Valle di Sole, Non, Rotaliana Andalo e Denno","Impresa individuale",,,"SCUOLE","LUANA","15002621/BH","1941422",,,"128","17-04-2000","1",,,"84BH0-E8E45-LHE60-RCIP8","21-11-2022",,"Mariarita","Maistrelli","Italia","TN","Cles","22-10-1964","Italia","TN","Predaia ","Frazione Coredo, Via Zambaroni","3","347 1910895","MSTMRT64R62C794I","22-10-2026","0.00",,,,,,,,,,,,,,,,,,,,,"Rimessa 1","VIA FONTANA NUOVA, 16","02-09-2016","Rimessa 2","BRESIMO P.ED. 437/2","02-09-2016","Rimessa 3","RABBI P.ED. 1637","02-09-2016"
"16","AUTONOLEGGIO FABBRO SNC DI FABBRO DANILO & C.","VIA VITTORIO STAUDACHER, 15","38059","IVANO FRACENA","CASTEL IVANO","TN","IT","335 5283100",,,,,,,,"46037","0461 1592918","01421450220","0461 762273","Danilo 335 5283100;Gabriele 335 6967516; Nerino 335 7474508","info@fabbro.it",,"autonoleggiofabbro@pec.it","borgovalsugana.68",,"SI","Bassa e Alta Valsugana","Società a nome collettivo (S.n.c.)","Fabbro Danilo",,"SCUOLE","PATTY","8304813492","90549901/53","P51979","C.C.N.L. AUTOTRASPORTO MERCI ARTIGIANATO - INDUSTRIA - COOPERATIVE E LOGISTICA","21","13-07-1999","1",,,"B64M0-587K4-FCGC7-ACIC8","30-11-2022",,"Danilo","Fabbro","Italia","TN","Borgo Valsugana","02-09-1968","Italia","TN","Castel Ivano","Via Piazza di Ivano","16","335 5283100","FBBDNL68P02B006S","02-09-2030","95.00","FABBRO NERINO","Castel Ivano (TN) Fraz. Ivano Fracena Via Ivano 58","5,00","28-11-2021",,,,,,,,,,,,,,,,,"Rimessa 1","VIA VITTORIO STAUDACHER, 15","06-09-2016","Rimessa 2","CASTEL IVANO P.ED. 156 - 249 e P.ED. 110/2","06-09-2016",,,
"17","AUTONOLEGGIO FELIX DI FELICETTI ENRICO & C. S.N.C. ","FRAZIONE ALBA VIA STREDA DE COSTA, N. 50","38032","CANAZEI","CANAZEI","TN","IT","336 356961",,,,,,,,"46261",,"01793350222","0462 601470","Enrico 336 356961","plazze@alice.it","felixpordoi@yahoo.it;","autonoleggiofelixsnc@cgn.legalmail.it","bolzano.70",,"SI","Valle di Fiemme, Fassa, Cembra, Altopiano di Pinè","Società a nome collettivo (S.n.c.)",,,"SCUOLE","IRENE","15287323/NK","90958067/61",,,"48","13-07-1999","1",,,"CEGG0-G8565-LNI93-ERFM0","17-06-2022",,"Enrico","Felicetti","Italia","BZ","Bolzano ","19-02-1970","Italia","TN","Canazei","Streda do Ruf (lungo Rio) de Antermont","1","336 356961","FLCNRC70B19A952S","19-02-2032","75.00","BERTAGNOLLI NICOLETTA","Canazei (TN) Streda do Ruf (lungo Rio) de Antermont 1","25,00","05-07-2030","legale rappresentante",,,,,,,,,,,,,,,,"Rimessa 1","FRAZIONE ALBA VIA STREDA DE COSTA, N. 50","07-09-2016","Rimessa 2","CANAZEI P.ED. 963.39","07-09-2016","Rimessa 3","CAMPITELLO P.ED. 712","07-09-2016"
"18","AUTONOLEGGIO VANZO DI VANZO PATRIZIO & C. S.N.C. ","VIA VANZETTA, N. 11","38030","ZIANO DI FIEMME","ZIANO DI FIEMME","TN","IT","347 7939377",,,,,,,,"46126","0462 571675","01168120226","0462 571675","Patrizio 347 7939377; Moglie 368 3253528","info@taxieviaggi-vanzo.it",,"autonoleggiovanzosnc@ticertifica.it","zianodifiemme.65",,"SI","Valle di Fiemme, Fassa, Cembra, Altopiano di Pinè","Società a nome collettivo (S.n.c.)","Vanzo Patrizio",,"SCUOLE","IRENE","8305553366","3862027","P53123","C.C.N.L. AUTOTRASPORTO MERCI ARTIGIANATO - INDUSTRIA - COOPERATIVE E LOGISTICA","22","13-07-1999","1",,,"GO2R0-KJAO5-EGC83-GBBJ7","16-06-2022",,"Patrizio","Vanzo","Italia","TN","Ziano di Fiemme","13-04-1965","Italia","TN","Ziano di Fiemme","Via Prof. Vanzetta","11","347 7939377","VNZPRZ65D13M173Z","13-04-2032","99.00","GIACOMOZZI SANDRA","Ziano di Fiemme (TN) Via Prof. Vanzetta, 13","1,00",,,,,,,,,,,,,,,,,,"Rimessa 1","VIA VANZETTA, N. 11","05-09-2016","Rimessa 2","ZIANO C.C. 445 P.ED. 909","05-09-2016",,,
"19","AUTOSERVIZI ANDREOLLI S.N.C. DI ANDREOLLI PAOLO & C.","VIA 2 MAGGIO N. 2/a","38060","BRENTONICO","BRENTONICO","TN","IT","348 6004246","VIA OTTONE BRENTARI","38060","BRENTONICO","BRENTONICO","TN","IT",,"46124","0464 395140","01340310224","0464 395140","Paolo 348 6004246;Luca 348 6004247","info@andreolli.it",,"andreolli@pec.it","rovereto.67",,"SI","Vallagarina, Alto Garda e Ledro","Società a nome collettivo (S.n.c.)","Andreolli Paolo",,"SCUOLE/LINEE","GLORIA","13117520/HF","25910734/32","P53127","C.C.N.L. AUTORIMESSE E NOLEGGIO AUTOMEZZI","14","18-06-1999","1",,,"CL120-EJ6A5-M4CE0-ERGO6","04-08-2022",,"Paolo","Andreolli","Italia","TN","Rovereto","18-06-1967","Italia","TN","Brentonico","Via 2 Maggio","7","348 6004246","NDRPLA67H18H612H","18-06-2025","60.00","ANDREOLLI LUCA","Brentonico via 2 Maggio 2/a","40,00","28-11-2025",,,,,,,,,,,,,,,,,"Rimessa 1","VIA 2 MAGGIO N. 7","07-09-2016","Rimessa 2","BRENTONICO P.ED. 2028 PORZIONE 1 - 2","07-09-2016",,,
"20","AUTOSERVIZI BRENA SNC DI BRENA PIERO & C. ","MADICE, N. 36","38071","BLEGGIO SUPERIORE","BLEGGIO SUPERIORE","TN","IT","330 903159",,,,,,,,"46051","0465 779836","01618110223","0465 779836","Piero 330 903159; Luigi 368 975223","info@autoservizibrena.it",,"autoservizibrena@ticertifica.it","bleggiosup.67",,"SI","Rendena, Chiese e Lomaso","Società a nome collettivo (S.n.c.)","Brena Piero",,"SCUOLE","LUANA","14876867/UL","25861077/49","P50677",,"23","13-07-1999","1",,,"GCB30-HC3F4-CAE08-LMI82","12-07-2022",,"Piero","Brena","Italia","TN","Bleggio Superiore","02-04-1967","Italia","TN","Bleggio Superiore","Frazione Madice","36","330 903159","BRNPRI67D02A902Y","02-04-2023","70.00","BRENA LUIGI","Bleggio Superiore (TN) Fraz. Madice, 36","30,00","09-07-2024",,,,,,,,,,,,,,,,,"Rimessa 1","MADICE CIVICO, N. 36","01-09-2016","Rimessa 2","MADICE P.ED. 72 (CONTRATTO COMODATO D'USO)","01-09-2016",,,
"21","AUTOSERVIZI DI MIRCO ZUCCATI & C. S.N.C.","VIA CASTELLETTO INFERIORE, N. 84","38086","MADONNA DI CAMPIGLIO","PINZOLO","TN","IT","339 1901106",,,,,,,,"46497","0465 442440","01947690226","0465 442440","Mirco 339 1901106","taximirco@email.it",,"zuccati.autoservizi@pec.it","clestn.77",,"SI","Rendena, Chiese e Lomaso","Società a nome collettivo (S.n.c.)","Zuccati Mirco",,"SCUOLE","LUANA","ZUCCATI MIRCO 15628421/W - ZUCCATI MARIANO 15825155/JR","91891794/66","P54724",,"159","21-12-1999","1","124","BORDATI EZIO","F29G0-I98J5-B8DL0-5DLR3","22-10-2023",,"Mirco","Zuccati","Italia","TN","Cles","02-10-1977","Italia","TN","Pinzolo","Madonna di Campiglio, Via Castelletto Inferiore","84","339 1901106","ZCCMRC77R02C794W","02-10-2025","95.00","ZUCCATI MARIANO","Pinzolo Madonna di Campiglio (TN) Via Castelletto Inferiore 84","5,00","01-03-2026",,,,,,,,,,,,,,,,,"Rimessa 1","VIA CASTELLETTO INFERIORE, N. 84","06-09-2016","Rimessa 2","PINZOLO P.ED. 1637","06-09-2016",,,
"22","AUTOSERVIZI MATTUZZI CLAUDIO & C. S.N.C. ","VIA SAN TOMASO, N. 67","38066","RIVA DEL GARDA","RIVA DEL GARDA","TN","IT","348 3918707",,,,,,,,"46049","0464 556855","01088590227","0464 553044","Claudio 348 3918707; Monica 348 3918706 o 3358086561 335/7161964; alessandro 3483406968","info@mattuzzi.com",,"mattuzziautoservizi@pec.it","rivadelgarda.67",,"SI","Vallagarina, Alto Garda e Ledro","Società a nome collettivo (S.n.c.)","Valzolgher Monica",,"SCUOLE/LINEE","GLORIA","8303124533","25902914/88","P51847","C.C.N.L. AUTORIMESSE E NOLEGGIO AUTOMEZZI","25","13-07-1999","1",,,"AKE30-DGDG5-H17E0-JPFA1","12-02-2024",,"Claudio","Mattuzzi","Italia","TN","Riva del Garda","14-11-1967","Italia","TN","Riva del Garda","Località S. Tomaso","67","348 3918707","MTTCLD67S14H330S","14-11-2032","50.00","VALZOLGHER MONICA","Riva del Garda (TN) Via San Tomaso, 67","50,00","29-12-2031","legale rappresentante",,,,,,,,,,,,,,,,"Rimessa 1","RIVA DEL GARDA P.ED. 3549 foglio 9 sub. 7","30-09-2016",,,,,,
"23","AUTOSERVIZI ORIGANO SNC DI ORIGANO FLAVIO & C.","PIAZZA STIL, 14","38054","SIROR","PRIMIERO SAN MARTINO DI CASTROZZA","TN","IT","3471237504",,,,,,,,"47867",,"01638500221","3471237504","3471237504","info@origanotours.it",,"origanotours@ticertifica.it",,,"NO","Primiero","Società a nome collettivo (S.n.c.)",,,"NESSUN SERVIZIO IN APPALTO",,,,"P51759",,,,"1","ROPELATO MAURIZ",,,,,"ORIGANO","REMO","ITALIA","BL","FELTRE","09-03-1978","ITALIA","TN","MEZZANO","VIA DLLE GIARE","51",,"RGNRME78C09D530O","09-03-2029","50.00","ORIGANO TATIANA","MEZZANO (TN) VIA DI SOPRA 36","50,00",,,,,,,,,,,,,,,,,,,,,,,,,,
"24","AUTOSERVIZI PETERLINI ERIKA","VIA CAMPAGNOLA, N. 16","38063","AVIO","AVIO","TN","IT","338 3011544",,,,,,,,"46325","0464 684022","01707760227","0464 684022","Peterlini Erika 338 3011544; Peterlini Angelo 335 8326885","peterliniavio@gmail.com",,"autoservizipeterlinierika@pec.trovarti.it","rovereto.73",,"SI","Vallagarina, Alto Garda e Ledro","Impresa individuale","Peterlini Erika",,"SCUOLE","GLORIA","15069104CV","002349089/72",,,"2015-10","28-03-2018","1",,,"8GI50-J8BE5-K7NK2-HDGJ2","26-11-2022",,"Erika","Peterlini ","Italia","TN","Rovereto","12-11-1973","Italia","TN","Avio","Via Campagnola","16","338 3011544","PTRRKE73S52H612T","12-11-2023","0.00",,,,,,,,,,,,,,,,,,,,,"Garage","P.ED. 1205","16-08-2022",,,,,,
"25","AUTOSERVIZI ZANTEDESCHI DI ZANTEDESCHI LUCIANO","VIA DELL'ARTIGLIERE, N. 47","37020","SANT'ANNA D'ALFAEDO - FRAZ. CERNA","SANT'ANNA D'ALFAEDO - FRAZ. CERNA","VR","IT","348 5602078",,,,,,,,"46863","045 7545977","03910620230","348 5602078","Luciano 348 5602078","Luciano.zantedeschi@gmail.com",,"zantedeschiviaggi@pec.it","negrar.71",,"SI","Vallagarina, Alto Garda e Ledro","Impresa individuale","Zantedeschi Luciano",,"SCUOLE/LINEE","GLORIA","9010631578","18566234","P53276","C.C.N.L. AUTORIMESSE E NOLEGGIO AUTOMEZZI","190","28-08-2012","1","133","EUROPE LINE","MADE0-0O614-K8K94-13919","01-09-2023",,"Luciano","Zantedeschi ","Italia","VR","Negrar","06-08-1971","Italia","VR","San Pietro in Cariano","Via Monte Pasubio","13","348 5602078","ZNTLCN71M06F861E","06-08-2029","0.00",,,,,,,,,,,,,,,,,,,,,"Rimessa 1","VIA DELL'ARTIGLIERE, N. 47","26-09-2016","Rimessa 2","S. ANNA D'ALFAEDO FOGLIO 45 MAPPALE 959 SUB 3 - 4 - 5","26-09-2016","Rimessa 3","TERRAGNOLO P.ED. 773","26-09-2016"
"26","AUTOSERVIZI ZENI MANUEL","VIA CASANOVA, N. 5","38010","ANDALO","ANDALO","TN","IT","335 6645313",,,,,,,,"46387",,"01830940225","0461 585608","Manuel 335 6645313","autoservizi.zeni@gmail.com",,"manuelzeni@pec.it","trento.75",,"SI","Valle di Sole, Non, Rotaliana Andalo e Denno","Impresa individuale",,,"NESSUN SERVIZIO IN APPALTO",,"14790184/XS","91093529/43",,,"145","09-10-2003","1",,,"KCDO0-4CDH4-L95H9-7C8D5","26-07-2021",,"Manuel","Zeni","Italia","TN","Trento","05-03-1975","Italia","TN","Andalo","Via Toscana","14","335 6645313","ZNEMNL75C05L378Q","05-03-2024","0.00",,,,,,,,,,,,,,,,,,,,,,,,,,,,,
"27","BAZZAVAN S.A.S. DI BAZZANELLA ANDREA","FRAZIONE STEDRO, 52","38047","SEGONZANO","SEGONZANO","TN","IT","349 7120098",,,,,,,,"47599",,"02552870228","349 7120098","Andrea 349 7120098; Fabio 345/4177695","elbazza85@hotmail.it",,"bazzavan@pec.trovarti.it","trento.85",,"SI","Valle di Fiemme, Fassa, Cembra, Altopiano di Pinè","Società in accomandita semplice (S.a.s.)","Bazzanella Andrea",,"SCUOLE","IRENE","16821636hh","956212282/16","N58387","C.C.N.L. AUTOTRASPORTO MERCI ARTIGIANATO - INDUSTRIA - COOPERATIVE E LOGISTICA","2015-16","27-08-2019","1","186","FORADORI RUGGERO","HOEE0-HD894-PHG99-1A3B6","21-11-2022",,"Andrea","Bazzanella","Italia","TN","Trento","29-10-1985","Italia","TN","Altavalle","Grumes via Nogare","11","349 7120098","BZZNDR85R29L378C","29-10-2031","40.00","BAZZANELLA FABIO","Segonzano (TN) Frazione Stedro, 52","60,00",,"socio accomandante",,,,,,,,,,,,,,,,"Rimessa 1","1532/1- 1532/4","12-08-2022",,,,,,
"28","BELLAN DI BELLAN SAMUEL & C. S.N.C.","VIA SEGHERIE, N. 58","38030","CASTELLO - MOLINA DI FIEMME","CASTELLO - MOLINA DI FIEMME","TN","IT","380 7084499",,,,,,,,"46189","178-2274891","01705320222","380 7084499","Massimiliano 347 3108259;Samuel 380 7084499; Gianluca 380 7194592 ","sam_ael77@yahoo.it",,"bellansnctrento@pec.it","cavalese.77",,"NO","Valle di Fiemme, Fassa, Cembra, Altopiano di Pinè","Società a nome collettivo (S.n.c.)",,,"SCUOLE","IRENE","8305727969","00058878/06",,,"155","24-01-2005","1","26","BELLAN FILIBERTO","KCDO0-4CDH4-L95H9-7C8D5",,,"Samuel","Bellan","Italia","TN","Cavalese","20-09-1977","Italia","TN","Castello Molina di Fiemme","Via Segherie","58","380 7084499","BLLSML77P20C372J","20-09-2026","76.00","FRANZOSO ELENA","Santa Giustina (BL) Via della Roda, 1","24,00","10-01-2026","legale rappresentante",,,,,,,,,,,,,,,,"Rimessa 1","VICOLO BOSIN 7","04-10-2016","Rimessa 2","MOLINA DI FIEMME P.ED. 724/2","04-10-2016",,,
"29","BEZ FRANCO ","STRADA ENROJADIRA, N. 5","38035","MOENA","MOENA","TN","IT","368 516685",,,,,,,,"46062","0462 573241","01505630226","0462 573241","Franco 368 516685","bezfranco@libero.it",,"franco.bez@pec.trovarti.it","predazzo.66",,"SI","Valle di Fiemme, Fassa, Cembra, Altopiano di Pinè","Impresa individuale",,,"SCUOLE","IRENE","MK14607997","334583",,,"29","13-07-1999","1",,,"CEA50-H9794-GOAK9-CBGG6","21-11-2022",,"Franco","Bez","Italia","TN","Predazzo","02-04-1966","Italia","TN","Moena","Strada Enrojadira","5","368 516685","BZEFNC66D02H018S","02-04-2028","0.00",,,,,,,,,,,,,,,,,,,,,"Rimessa 1","STRADA ENROJADIRA, N. 5","05-09-2016","Rimessa 2","MOENA P.F. 320/2 PARTITA TAVOLARE 1143","05-09-2016",,,
"30","BUCELLA IVANO","VIA DEL CASTAGNER, N. 14","38086","PINZOLO","PINZOLO","TN","IT","347 6058964",,,,,,,,"47612",,"01804030227","347 6058964","Ivano 347 6058964","info@bucellaviaggi.com",,"bucellaviaggi@pec.it","tione.1960",,"SI","Rendena, Chiese e Lomaso","Impresa individuale","Bucella Ivano",,"LINEA",,"8306977945/00","14200","N56704",,"2015-19","23-10-2019","1",,,"ALIB0-3FBC5-LIID2-HP6I5","01-04-2024",,"Ivano","Bucella","Italia","TN","Tione di Trento","07-10-1960","Italia","TN","Pinzolo","Via del Castagner","14","347 6058964","BCLVNI60R07L174S","07-10-2022","0.00",,,,,,,,,,,,,,,,,,,,,"Piazzale","VIA DEL CASTAGNER, N. 14 p.ed. 1593","30-08-2022",,,,,,
"31","BUS MANIA S.R.L. SEMPLIFICATA","VIA VANNETTI, N. 8","38068","ROVERETO","ROVERETO","TN","IT","348 2559408",,,,,,,,"47443",,"02479710226","348 2559408","Davide 348 2559408","busmaniasrls@gmail.com",,"bus.mania@pec.it","aldeno.45",,"SI","Vallagarina, Alto Garda e Ledro","Società a responsabilità limitata semplificata (S.r.l.s.)","Folgarait Roberto (scadenza C.I. 10/07/2029)",,"SCUOLE/LINEE","GLORIA","8308131701","CODICE DITTA INAIL: 20282892/14; PAT INAIL: 95396461/99","N58040","C.C.N.L. AUTORIMESSE E NOLEGGIO AUTOMEZZI","2015-8","28-03-2018","1","160","MULTIBUS","13GI0-GIEC5-P9DG2-MJBJ0","25-09-2023",,"Paolo","Baldo ","Italia","TN","Aldeno","01-03-1945","Italia","TN","Rovereto","Viale Zugna","38",,"BLDPLA45C01A178E","01-03-2027","100.00",,,,,,,,,,,,,,,,,,,,,"Piazzale","C.C. BESENELLO P.F. 1508/1 - 1509/1 - 1510/1","26-10-2022",,,,,,
"32","CANDIOLI GINO","VIA NANGHEL, N.1","38096","VEZZANO - VALLELAGHI","VEZZANO - VALLELAGHI","TN","IT","335 211994",,,,,,,,"46825",,"01662860228","335 211994","Gino 335 211994","candioli.gino@hotmail.it",,"candioli.gino@pec.it","trento.79",,"SI","Trento Valle dei Laghi","Impresa individuale",,,"NESSUN SERVIZIO IN APPALTO",,"14965510/AD","495889",,,"180","17-11-2009","1","123","TOMASI VIGILIO","CLH90-6C6G4-DF4N9-5L9F2","06-11-2022",,"Gino","Candioli","Italia","TN","Trento","12-09-1979","Italia","TN","Vezzano - Vallelaghi","Via Nanghel","1","335 211994","CNDGNI79P12L378I","12-09-2025","0.00",,,,,,,,,,,,,,,,,,,,,"Rimessa 1","VIA NAZIONALE, N. 12","27-09-2016","Rimessa 2","VOLANO P.ED. 225/06 E P.ED. 40/3 E P.F. 2133/3","27-09-2016","Rimessa 3","TRENTO P.ED. 4503","27-09-2016"
"33","CLUB DELLAI S.R.L.","LOC. SALETTI, N. 44 - VIGOLO VATTARO","38049","ALTOPIANO DELLA VIGOLANA","ALTOPIANO DELLA VIGOLANA","TN","IT","0461 848139",,,,,,,,"46094","0461 845235","01473070223","0461 848139","Giorgio 335 6376664; Jessica 348 7336196; Francesco 335 7793001","autonoleggi@clubdellai.com",,"clubdellai@pec.unione.tn.it","GDell@i2020",,"SI","Bassa e Alta Valsugana","Società a responsabilità limitata (S.r.l.)","Dellai Giorgio",,"SCUOLE/LINEE","PATTY ","8304797228","08902376/79","P53218","C.C.N.L. AUTORIMESSE E NOLEGGIO AUTOMEZZI","37","13-07-1999","1",,,"KEI90-9FBL5-KLA91-K2JA6","27-10-2022","UNI EN ISO 14001:2015 PRIMA EMISSIONE 13/03/2008; UNI EN ISO 9001:2015 PRIMA EMISSIONE 07/01/2008","Giorgio","Dellai","Italia","TN","Trento","12-10-1967","Italia","TN","Altopiano della Vigolana","Via Madonna del Feles ","41/A","335 6376664","DLLGRG67R12L378S","12-10-2026","85.00","DELLAI EMILIO","Altopiano della Vigolana (TN)  Via Madonna del Feles 41/a","15,00",,,"DELLAI ENZO",,,,"carica cessata 01/06/2021","DELLAI BRUNO",,,,"carica cessata 01/06/2021","DELLAI FIORENZA",,,,"carica cessata 01/06/2021","Rimessa 1","VIGOLO VATTARO P.ED. 1017; P.F. 2800; P.F. 2801; P.F. 2802/1","01-09-2016","Rimessa 2","GARDOLO P.ED. 1897 PM3","01-09-2016","Rimessa 3","NOVALEDO  P.ED. 405","26-08-2022"
"34","CONTRINI STEFANO","SALITA DEL ZOP, 3","38078","SAN LORENZO DORSINO","SAN LORENZO DORSINO","TN","IT","347 7995140",,,,,,,,"47051","0465 734602","02364010229","0465 734602","Contrini Stefano 347 7995140; Bellotti Rosanna 329 5627340","stefanocontrini72@gmail.com",,"stefanocontrini@pec.trovarti.it","rovereto.72",,"SI","Rendena, Chiese e Lomaso","Impresa individuale",,,"SCUOLE","LUANA","16529053/MY","22255417/61",,,"199","22-01-2015","1","127","BELLOTTI ROSANNA","MEES0-2IFN5-KE682-8L8G5","16-06-2022",,"Stefano","Contrini","Italia","TN","Rovereto","26-12-1972","Italia","TN","San Lorenzo Dorsino","Salita del Zop","3","347 7995140","CNTSFN72T26H612Y","26-12-2024","0.00",,,,,,,,,,,,,,,,,,,,,"Rimessa 1","SALITA DEL ZOP, 3","01-09-2016","Rimessa 2","TAVODO P.ED. 64","01-09-2016",,,
"35","CORN ADOLFO","MASO RONCA, N. 7","38050","FIEROZZO S. FELICE ","FIEROZZO S. FELICE ","TN","IT","335 6604398",,,,,,,,"46106",,"01523540225","335 6604398","Adolfo 335 6604398","cornadolfo72@gmail.com",,"cornadolfo@pec.it","trento.72",,"SI","Bassa e Alta Valsugana","Impresa individuale","Corn Adolfo",,"SCUOLE","PATTY","14608039/UX","611431","P52409",,"39","13-07-1999","1",,,"EPB50-D8964-FAHD9-AIOA6","21-05-2022",,"Adolfo","Corn","Italia","TN","Trento","03-10-1972","Italia","TN","Fierozzo","Frazione S. Felice, Maso Ronca","7","335 6604398","CRNDLF72R03L378C","03-10-2025","0.00",,,,,,,,,,,,,,,,,,,,,"Rimessa 1","MASO RONCA, N. 7","30-09-2016","Rimessa 2","FIEROZZO P.ED. 571","30-09-2016",,,
"36","CROCE ANTONIO","STRADA LARSECH, N. 54 int. 1","38036","POZZA DI FASSA","POZZA DI FASSA","TN","IT","339 1932157",,,,,,,,"46458","0462 764346","01522540226","0462 764346","Antonio 339 1932157","antoniocroce.gm@gmail.com",,"croceantonio@legalmail.it","cavalese.1967",,"SI","Valle di Fiemme, Fassa, Cembra, Altopiano di Pinè","Impresa individuale","Croce Antonio",,"SCUOLE","IRENE","14687898TK","08904506/22","P54572","C.C.N.L. AUTORIMESSE E NOLEGGIO AUTOMEZZI","40","13-07-1999","1",,,"7D8J0-GH8C4-NFDD8-A78A7","18-03-2025",,"Antonio","Croce","Italia","TN","Cavalese","13-01-1967","Italia","TN","Pozza di Fassa","Strada Larsech","54/1","339 1932157","CRCNTN67A13C372P","13-01-2024","0.00",,,,,,,,,,,,,,,,,,,,,"Piazzale","STRADA LARSECH, N. 54 P.ED. 824","21-09-2022",,,,,,
"37","D'AMICO VIAGGI S.R.L.","VIA NAZIONALE 180/B","38123","TRENTO","TRENTO","TN","IT","349 6563893",,,,,,,,"47765","0461 842533","02637180221","0461 842533","Antonio 380 2307558; Vincenzo 349 3154125; Angela 349 6563893; ","info@damicoviaggi.it",,"damicoviaggi@pec.it","maglie.92",,"SI","Trento Valle dei Laghi","Società a responsabilità limitata (S.r.l.)","D'Amico Vincenzo",,"SCUOLE/LINEE","PATTY","8308480827","20790192/25","N58711","C.C.N.L. AUTORIMESSE E NOLEGGIO AUTOMEZZI","189","06-03-2012","1",,"QUOTA CEDUTA DA MDL","5GHE0-BBH24-D7837-HCFJ5","01-07-2024",,"Antonio ","D'Amico","Italia","LE","Maglie","08-06-1992","Italia","TN","Cimone","Frazione Petrolli","7","3802307558","DMCNTN92H08E815E","08-06-2027","49.00","D'Amico Angela","Terre d'Adige (TN) Via 4 Novembre, 21","48,00","01-06-2023",,"D'Amico Vincenzo","Frazione Petrolli, 7 Cimone (TN)","3,00","25-05-2033",,,,,,,,,,,,"Rimessa 1","FRAZIONE PETROLLI, N. 7","09-09-2016","Rimessa 2","C.C. 101 CIMONE P.ED. 476/2","09-09-2016",,,
"38","DALLA TORRE MARCO","VIA NOVA, 26","38020","CELLEDIZZO","PEIO","TN","IT","338 3685394",,,,,,,,"47708",,"02001360227","338 3685394","Marco 338 3685394","viaggibiancaneve@gmail.com",,"marco.dallatorre@pec.it","cles.1970",,"SI","Valle di Sole, Non, Rotaliana Andalo e Denno","Impresa individuale","Dalla Torre Marco",,"LINEA","LUANA","8307049973","20376006/04","N55346","C.C.N.L. AUTORIMESSE E NOLEGGIO AUTOMEZZI","2015-25","08-09-2020","1","33","RAOSS","7G6I0-AA3O4-A6HH9-5ILK6","01-10-2024",,"Marco","Dalla Torre","Italia","TN","Cles","06-06-1970","Italia","TN","Peio ","Via Nova ","26","338 3685394","DLLMRC70H06C794A","06-06-2028","0.00",,,,,,,,,,,,,,,,,,,,,"GARAGE + PIAZZALE","Celledizzo 092 Ped n 370 Sub 6  garage 60 mt Sub 2-3 garage 50 mt ","19-08-2022",,,,,,
"39","DESILVESTRO TAXI E VIAGGI S.R.L.","STRADA DE LE CHIESURE, N. 2","38035","MOENA","MOENA","TN","IT","335 7605170",,,,,,,,"47069","0462 573734","02379660224","0462 573734","Franco 335 7605170; Cesare 3201942673","desilvestro@gmail.com",,"taxi-e-viaggi@pec.desilvestro.it","moena.55",,"SI","Valle di Fiemme, Fassa, Cembra, Altopiano di Pinè","Società a responsabilità limitata (S.r.l.)","Desilvestro Franco",,"SCUOLE/LINEE","IRENE","8307694685","22368025/83","N57139","C.C.N.L. AUTOTRASPORTO MERCI ARTIGIANATO - INDUSTRIA - COOPERATIVE E LOGISTICA","2015-01","11-05-2015","1","3","DESILVESTRO FRANCO","EPB50-D8964-FAHD9-AIOA6","12-02-2023",,"Franco","Desilvestro","Italia","TN","Moena","14-08-1955","Italia","TN","Moena","Strada de le Chiesure","2/2","335 7605170","DSLFNC55M14F263V","14-08-2026","55.00","CROCE LETIZIA","Moena (TN) Strada de le Chiesure 2/2","25,00",,,"DESILVESTRO CESARE","Soraga di fassa (TN) Strada da Molin 25","20,00",,"legale rappresentante",,,,,,,,,,,"Rimessa 1","C.C.356 - SORAGA I - SORAGA P.ED 501","11-08-2022","Rimessa 2","MOENA P.ED. 1541","27-09-2016",,,
"40","DMG NOLEGGIO CON CONDUCENTE DI GIACOMELLI DANIELE","VIA DELLA ARESTIEZZA, N. 40","38038","TESERO","TESERO","TN","IT","342 8544055",,,,,,,,"47023",,"02327700221","342 8544055","Daniele 342 8544055","daniele.giacomelli@yahoo.it",,"dmgncc@pec.it","trento.1978",,"SI","Valle di Fiemme, Fassa, Cembra, Altopiano di Pinè","Impresa individuale","Giacomelli Daniele",,"SCUOLE/LINEE","IRENE","15825825UB","19471302","N56694","C.C.N.L. AUTORIMESSE E NOLEGGIO AUTOMEZZI","197","20-08-2014","1",,,"K4JM0-DN5M5-GEBE2-8AQA5","22-11-2022",,"Daniele ","Giacomelli","Italia","TN","Trento","06-12-1978","Italia","TN","Tesero","Via Arestiezza","40","342 8544055","GCMDNL78T06L378L","06-12-2024","0.00",,,,,,,,,,,,,,,,,,,,,"CAPANNONE","PREDAZZO P.ED. 2400/1","16-08-2022",,,,,,
"41","DOLOMITI RENT A CAR S.N.C. DI ROMOR MARSHA & C.","STRADA DE PRA DAL MONECH, N. 14 VIGO DI FASSA","38036","SAN GIOVANNI DI FASSA SEN JAN","SAN GIOVANNI DI FASSA SEN JAN","TN","IT","335 6454755",,,,,,,,"46761","0462 763239","01926720226","0462 763738","Andrea 335 6454755","info@dolomitirentacar.com",,"dolomitirentacar@pec.it","australia.75",,"SI","Valle di Fiemme, Fassa, Cembra, Altopiano di Pinè","Società a nome collettivo (S.n.c.)","Baldan Andrea",,"SCUOLE/LINEE","IRENE","8306812585","20520393/65","P53766","C.C.N.L. AUTORIMESSE E NOLEGGIO AUTOMEZZI","174","26-01-2009","1",,,"R7580-G36N4-A6EB8-IIBB2","22-03-2022",,"Andrea","Baldan ","Italia","VE","Dolo","12-08-1972","Italia","TN","San Giovanni di Fassa- Sen Jan","Strada Dolomites","22","335 6454755","BLDNDR72M12D325T","12-08-2024","42.00","ROMOR MARSHA","Strada Dolomites, 22 San Giovanni di Fassa- Sen Jan (TN)","42,00","22-05-2028","legale rappresentante","BALDAN GIORGIA","Strada Dolomites, 22 San Giovanni di Fassa- Sen Jan (TN)","16,00","02-09-2028",,,,,,,,,,,,"Rimessa","PREDAZZO P.ED. 2320","26-08-2022",,,,,,
"42","DRIVER SERVICE S.R.L.","PIAZZA GENERAL A. CANTORE, 21","38121","TRENTO","TRENTO","TN","IT","340 3952840",,,,,,,,"47694",,"02572190227","340 3952840","Rudy 340 3952840","rudycasagranda@live.it",,"driver-service@pec.it","trento.79",,"SI","Trento Valle dei Laghi","Società a responsabilità limitata (S.r.l.)",,,"NESSUN SERVIZIO IN APPALTO",,,,,,"2015-26","08-09-2020","1",,,"KE7K0-NKG75-GGR11-5N4A7","06-11-2022",,"Rudy","Casagranda ","Italia","TN","Trento","21-12-1979","Italia","TN","Roverè della Luna","Via Indipendenza","4","340 3952840","CSGRDY79T21L378Q","21-12-2030","90.00","MANDOLFO CORRADO","Levico Terme (TN) via delle Alte, 30","10,00","17-03-2032",,,,,,,,,,,,,,,,,,,,,,,,,
"43","ERIKA TOURS SRL A SOCIO UNICO","MASO SEPPI, 12","38010","RUFFRE' MENDOLA","RUFFRE' MENDOLA","TN","IT","348 5500615",,,,,,,,"46332","0463 839063 ","01816950222","0463 830363","Mario 340/7071703; Christian 348/5500615","info@erikatours.it",,"erikatours@pec.it","bolzano.81",,"SI","Valle di Sole, Non, Rotaliana Andalo e Denno","Società a responsabilità limitata (S.r.l.)","Larcher Christian",,"SCUOLE/LINEE","LUANA","8305772873","0025862913/69","P51705","C.C.N.L. AUTORIMESSE E NOLEGGIO AUTOMEZZI",,,"1","101","da verificare se serve nuovo foglio libro soci","MI8G0-A6654-G5NC8-BAGA2","21-03-2024",,"Christian","Larcher","Italia","BZ","Bolzano","06-07-1981","Italia","TN","Ruffrè - Mendola","Maso Seppi ","12","348 5500615","LRCCRS81L06A952U","06-07-2032","100.00",,,,,,,,,,,,,,,,,,,,,"Rimessa 1","MASO SEPPI, 12","14-09-2016","Rimessa 2","RUFFRE' MENDOLA P.ED. 393","14-09-2016","Rimessa 3","GARDOLO P.ED. 1066/3","14-09-2016"
"44","EUROTOUR - SERVICE (IN SIGLA E.T.S.) DI AZZOLINI LUCA & C. S.N.C. ","VIA SANT'ANDREA, 16/o","38062","ARCO","ARCO","TN","IT","347 8039998",,,,,,,,"46169",,"01622420220","0464 505999","Luca 335 8008544; Bruno 347 8039998","info@eurotourservice.com",,"info@pec.eurotourservice.com","rovereto.84",,"SI","Vallagarina, Alto Garda e Ledro","Società a nome collettivo (S.n.c.)",,,"SCUOLE/LINEE","GLORIA","8305643173","7134501/74",,,"125","21-12-1999","1",,,"O8LE0-L59A5-CFC90-GJH77","09-12-2024",,"Buno","Azzolini","Italia","TN","Rovereto","19-05-1984","Italia","TN","Nago Torbole ","Via Strada Piccola","29","347 8039998","ZZLBRN84E19H612A","19-05-2032","99.00","AZZOLINI LUCA","Riva del Garda (TN) Via S. Alessandro 4/a","1,00",,,,,,,,,,,,,,,,,,"Rimessa 1","ARCO P.ED. 1104","12-08-2022",,,,,,
"45","FABIO VIAGGI S.R.L.","VIA PRADEL, 13","38010","ANDALO","ANDALO","TN","IT","0461 585236",,,,,,,,"47651","0461 589203","02570440228","0461 585236","Fabio 335 7596436; Karen 338 5905343; Giulia 338 3808513; cell per sms turismo 346 7598690","info@fabioviaggi.com",,"fabioviaggi@legalmail.it","andalo.36",,"SI","Valle di Sole, Non, Rotaliana Andalo e Denno","Società a responsabilità limitata (S.r.l.)","Bottamedi Giulia",,"SCUOLE/LINEE","LUANA","8308280302","95751229 64","N58465","C.C.N.L. AUTORIMESSE E NOLEGGIO AUTOMEZZI","2015-22","09-12-2019","2",,"BOTTAMEDI FABIO","DHBC0-IEEK4-89879-IICB8","18-07-2023",,"Giulia","Bottamedi","Italia","TN","Mezzolombardo","15-11-1977","Italia","TN","Andalo","Via Don Faustino Tenaglia","4","338 3808513","BTTGLI77S55F187F","15-11-2030","100.00","BOTTAMEDI FABIO","Via Don Faustino Tenaglia, 4 Andalo (TN)",,"07-12-2023","legale rappresentante",,,,,,,,,,,,,,,,"CAPANNONE","ANDALO P. ED. 594","16-08-2022",,,,,,
"46","FACCHINI FRANCESCO","STRADA DE BARBIDE, 27","38030","SORAGA DI FASSA","SORAGA DI FASSA","TN","IT","348 7129588",,,,,,,,"47715",,"02206890226","348 7129588","Francesco 348 7129588","viaggietaxifranz@gmail.com","francesco-facchini@alice.it; ","taxifranz@pec.it","cavalese.71",,"SI","Valle di Fiemme, Fassa, Cembra, Altopiano di Pinè","Impresa individuale","Facchini Francesco",,"SCUOLE","IRENE","8307260400","21194278/62","N57726","C.C.N.L. AUTORIMESSE E NOLEGGIO AUTOMEZZI","2015-27","23-12-2020","1","171","TABA","AJ940-B1CJ5-MPCF1-AILF1","15-03-2024",,"Francesco","Facchini","Italia","TN","Cavalese","21-04-1971","Italia","TN","Soraga di Fassa","Strada de Barbide","27","348 7129588","FCCFNC71D21C372R","21-04-2027","0.00",,,,,,,,,,,,,,,,,,,,,,,,,,,,,
"47","FERSINA TOUR S.R.L.","PIAZZA GARBARI, 2","38057","PERGINE VALSUGANA","PERGINE VALSUGANA","TN","IT","335 234078",,,,,,,,"46150","0461 534291","00677610222","0461 534291","Lorenzo 335 234078; Terragnolo Giorgio 348 3166754; autista Cembra (Renzo) 368 7036044; Sicher 338 6944481; Stefano (faver) 347 9417974; Alberto 340 8104303; Maurizio 371 1136806; Massimo Taba 345 8290890; Birti Giampaolo 348 5622456; Francesca 347 5398538; Giannina 338 8933884; Francesco 335 8085597; Spagnolli Massimo 347 9391169","info@lanerviaggi.it","giorgioterragnolo@gmail.com","lanerviaggi@pec.it","frassilongo.66",,"SI","Bassa e Alta Valsugana","Società a responsabilità limitata (S.r.l.)","Laner Lorenzo",,"SCUOLE/LINEE","PATTY","8304861770/00","0890062/19","P52719","C.C.N.L. AUTOTRASPORTO MERCI ARTIGIANATO - INDUSTRIA - COOPERATIVE E LOGISTICA","49","13-07-1999","1",,,"GMMA0-87B55-LB9E0-FKGC7","15-09-2022",,"Lorenzo","Laner","Italia","TN","Trento","26-03-1966","Italia","TN","Pergine Valsugana","Piazza Garbari","2","335 234078","LNRLNZ66C26L378M","26-03-2031","90.00","MOSER GIANNINA","Pergine Valsugana (TN) Piazza Garbari,2","10,00","19-05-2032",,,,,,,,,,,,,,,,,"Rimessa 1","PIAZZA GARBARI, 2","08-09-2016","Rimessa 2","VIGALZANO P.ED. 864","08-09-2016","Rimessa 3","GRUMES P.F. 224/2","08-09-2016"
"48","FIABA VIAGGI S.N.C. DI FANTI MILVA E BARONCINI STEFANO","VIA PER TRENTO, 20","38020","MARCENA","RUMO","TN","IT","348 9330525",,,,,,,,"47545",,"02548170220","0463 530145","Milva 348 9330525; Baroncini Stefano 338 4472233","tn004.fanti@gmail.com",,"tn004.fanti@pec.trovarti.it","cles.1965",,"SI","Valle di Sole, Non, Rotaliana Andalo e Denno","Società a nome collettivo (S.n.c.)",,,"SCUOLE/LINEE","LUANA","16940941","20416843/24",,,"2015-15","14-05-2019","2","47; 143","FANTI MILVA; BACCA","B1EC0-PH6T5-79SE1-EHAC4","24-11-2022",,"Milva","Fanti","Italia","TN","Cles","10-07-1965","Italia","TN","Rumo","Marcena, Via per Trento","18","348 9330525","FNTMLV65L50C794O","10-07-2024","50.00","Baroncini Stefano","Via San Lorenzo 21 Frazione Mione - Rumo (TN)","50,00",,"legale rappresentante",,,,,,,,,,,,,,,,"Rimessa 1","FRAZ. MARCENA, N. 33","06-09-2016","Rimessa 2","RUMO P.ED. 297 SUB 4","06-09-2016",,,
"49","FILIPPI RENATO ","VIA AMPOLA, N. 32/A","38060","TIARNO DI SOPRA","LEDRO","TN","IT","340 7677318",,,,,,,,"46117",,"01307150225","0464 596132","Renato 340/7677318; Laura 348/3217873; Gabriele  347 4260866","info@carpenteriafilippi.it",,"renato.f@cgn.legalmail.it","rivadelgarda.65",,"SI","Vallagarina, Alto Garda e Ledro","Impresa individuale",,,"SCUOLE","GLORIA","8304258981","007128623/79",,"C.C.N.L. AUTORIMESSE E NOLEGGIO AUTOMEZZI; C.C.N.L. METALMECCANICA ARTIGIANATO","50","13-07-1999","1",,,"FGEP0-8NG75-OCIM4-IBFG8","09-03-2024",,"Renato","Filippi","Italia","TN","Riva del Garda","22-08-1965","Italia","TN","Tiarno di Sopra","Via Bri","19","340 7677318","FLPRNT65M22H330Q","30-08-2028","0.00",,,,,,,,,,,,,,,,,,,,,"Rimessa 1","VIA AMPOLA, N. 32/A - LOC. TIARNO DI SOPRA","06-09-2016","Rimessa 2","C.C. 394 TIARNO DI SOPRA  P.ED. 449","06-09-2016",,,
"50","FONTANARI MATTEO","VIA MASO SOA, 2/A","38050","FIEROZZO  ","FIEROZZO","TN","IT","340 5220404",,,,,,,,"46719",,"02035440227","340 5220404","Matteo 340 5220404","matteotaxi@gmail.com",,"fontanarimatteo@pec.trovarti.it","trento.79",,"NO","Bassa e Alta Valsugana","Impresa individuale","Fontanari Matteo",,"SCUOLE","PATTY","16206715MQ","COD 014568175/18  POS. 92387063","N54768","C.C.N.L. AUTOTRASPORTO MERCI ARTIGIANATO - INDUSTRIA - COOPERATIVE E LOGISTICA","181","25-11-2009","2","64","ITALBUS - BRUGNARA PAOLO (seconda quota)","0DFI0-E6GE4-EG1J9-O99E0","05-07-2022",,"Matteo","Fontanari","Italia","TN","Trento","03-10-1979","Italia","TN","Fierozzo","Via Maso Soa","2/A","340 5220404","FNTMTT79R03L378O","03-10-2022","0.00",,,,,,,,,,,,,,,,,,,,,"Rimessa 1","MASO SOA, 2/A","30-09-2016","Rimessa 2","FIEROZZO P.ED 819","30-09-2016",,,
"51","FONTANARI SERGIO","VIA ZERI, N. 10","38050","S. FELICE","FIEROZZO","TN","IT","339 1943219",,,,,,,,"46070","0461 551194-551370","00681740221","0461 551194","Sergio 339 1943219; Alessandro 348 5696083","autonoleggiatorefontanari@gmail.com",,"fontanari@pec.trovarti.it","fierozzo.68",,"SI","Bassa e Alta Valsugana","Impresa individuale","Fontanari Sergio",,"SCUOLE/LINEE","PATTY","14876889XH","08903999/38","P53943",,"53","13-07-1999","1",,,"G89C0-SCA25-LAMC1-GCIH3","21-10-2022",,"Sergio","Fontanari","Italia","TN","Pergine Valsugana","28-08-1968","Italia","TN","Fierozzo","Frazione S. Felice, Maso Zeri","10","339 1943219","FNTSRG68M28G452D","28-08-2024","0.00",,,,,,,,,,,,,,,,,,,,,"Rimessa 1","VIA ZERI, N. 10","26-09-2016","Rimessa 2","FIEROZZO P.ED. 440 E 786","26-09-2016","Rimessa 3","GARDOLO P.ED. 1066/3","26-09-2016"
"52","FRUNER VIAGGI IN EUROPA SAS DI TATIANA E SIMONE FRUNER","FRAZ. BALLINO, N. 15 ","38075","BALLINO","FIAVE'","TN","IT","349 8121209","VIA DELL' ALBOLA 63","38066","RIVA DEL GARDA","RIVA DEL GARDA","TN","IT","349 8121209","47561","0464 551592","02550710228","0464 551592","Tatiana 349 8121209; Osvaldo 348 2226704; moglie 340 4014918; Simone 340 7003097","info@frunerviaggi.com",,"frunerviaggi@pec.trovarti.it","rivadelgarda.80",,"SI","Rendena, Chiese e Lomaso","Società in accomandita semplice (S.a.s.)","Lorenzi Nicoletta",,"SCUOLE/LINEE","GLORIA","14077566/MN","1109621","P51945","C.C.N.L. AUTOTRASPORTO MERCI ARTIGIANATO - INDUSTRIA - COOPERATIVE E LOGISTICA","2015-14","14-05-2019","1","56","FRUNER OSVALDO","JLOM0-DEDO5-FCCL4-64OH9","22-05-2022",,"Tatiana ","Fruner","Italia","TN","Riva del Garda","05-04-1980","Italia","TN","Riva del Garda","Via dell'Albola","63","349 8121209","FRNTTN80D45H330B","05-04-2032","0.00","FRUNER SIMONE","Fraz. ballino, 15 Fiave' (TN)",,"23-10-2027","socio accomandatario","LORENZI NICOLETTA","Via dell'Albola, 63 Riva del Garda (TN)",,"15-12-2022","socio accomandante",,,,,,,,,,,"Rimessa 2","BALLINO P.ED. 22/2 PM 14 SUB 5","27-09-2016","Rimessa 3","RIVA DEL GARDA P.ED. 3446 SUB1 CAT. C03","27-09-2016",,,
"53","GENZIANA S.R.L.","VIA MOLIN, N. 2","38010","RUFFRE'-MENDOLA","RUFFRE'-MENDOLA","TN","IT","0463 830220","VIA G.MARCONI, 16","38011","SARNONICO","SARNONICO","TN","IT","348 2242094","46088","0463 839399","01307460228","0463 830220","Giovanni 348 2242094; Pio 339 5215477; Roberta 392 3595948","info@genzianaviaggi.com",,"info@pec.genzianaviaggi.com","ruffre.64",,"SI","Valle di Sole, Non, Rotaliana Andalo e Denno","Società a responsabilità limitata (S.r.l.)","Seppi Giovanni Romedio",,"SCUOLE/LINEE","LUANA","8304818543","25850833/00","P53171","C.C.N.L. AUTORIMESSE E NOLEGGIO AUTOMEZZI","58","13-07-1999","1",,,"7FK80-LEAN5-HD1K0-4M3H3","15-07-2024",,"Giovanni Romedio","Seppi","Italia","TN","Ruffrè","03-02-1964","Italia","TN","Cavareno","Via Alpina","13/2","348 2242094","SPPGNN64B03H634Z","03-02-2033","0.00","SEPPI PIO","Maso Molin,2/1 Ruffrè-Mendola (TN)",,"26-10-2022","consigliere in genziana erappresentante F.lli Seppi","SEPPI ANTONELLO","Via Pegorar, 29 Andalo (TN)",,"12-01-2033","consigliere genziana e F.lli Seppi","SEPPI GIOVANNI ROMEDIO","Sarnonico (TN) Via Guglielmo Marconi, 16","100,00",,"rappresentante in genziana e consigliere in F.lli Seppi",,,,,,"Rimessa 1","VIA MOLIN, N. 2","26-09-2016","Rimessa 2","SARNONICO P.ED. 312 VIA G. MARCONI","26-09-2016","Rimessa 3","DERMULO P.F. 187/3","26-09-2016"
"54","GHETTA VITTORIO","TROI DE VICH, N. 44 int.1","38036","POZZA DI FASSA","SAN GIOVANNI DI FASSA-SEN JAN","TN","IT","336 485022",,,,,,,,"46122","0462 763455","01219220223","0462 763455","Vittorio 336 485022","info@taxivittorio.it",,"vittorio.ghetta@pec.trovarti.it","cavalese.61",,"SI","Valle di Fiemme, Fassa, Cembra, Altopiano di Pinè","Impresa individuale","Ghetta Vittorio",,"SCUOLE","IRENE","13860270/RU","01221790/29","P50198",,"59","13-07-1999","1",,,"RHOK0-FC9I5-GDBC5-KMGA0","01-06-2025",,"Vittorio","Ghetta","Italia","TN","Cavalese","04-11-1961","Italia","TN","Pozza di Fassa","Troi de Vich","44","336 485022","GHTVTR61S04C372Q","04-11-2024","0.00",,,,,,,,,,,,,,,,,,,,,"Rimessa 1","TROI DE VICH, N. 44 int.1","28-09-2016","Rimessa 2","POZZA DI FASSA P.ED. 686","28-09-2016",,,
"55","GIACOMELLI BUS S.R.L.","VIA DELL'ARTIGIANATO 3/A","38037","PREDAZZO","PREDAZZO","TN","IT","0462 501927",,,,,,,,"46655","0462 507434","02033970225","0462 501927","0462 501927","info@giacomellibus.it",,"giacomellibus@pec.it","predazzo.55",,"SI","Valle di Fiemme, Fassa, Cembra, Altopiano di Pinè","Società a responsabilità limitata (S.r.l.)",,,"SCUOLE/LINEE","IRENE","8306564176","20235542/33","P53178","C.C.N.L. AUTORIMESSE E NOLEGGIO AUTOMEZZI","165","20-07-2007","1","60","GIACOMELLI RENZO","FGPG0-G93J5-IKSF4-AAQF9","14-07-2023",,"Antonio","De Bartolomeo","Italia","TA","Taranto","20-10-1960","Italia","RM","Roma","Via Carlo Calcaterra","124",,"DBRNTN60R20L049P","15-08-2031","0.00","TRT HOLDING S.R.L.","Roma (RM) Via Falvio Domiziano 9","100,00",,"Ciarniello Trotta Livio; Ciarniello Trotta Giuseppe; Ciarniello Trotta Mauro","DE BARTOLOMEO ANTONIO","Roma (RM) Via Carlo Calcaterra 124",,"20-10-2027","legale rappresentante",,,,,,,,,,,"Rimessa 1","VIA DELL'ARTIGIANATO, N. 3/A","30-09-2016","Rimessa 2","PREDAZZO P.ED. 2400/1","30-09-2016",,,
"56","GILLI PAOLO","VIA S. ANTONIO,29","38041","ALBIANO","ALBIANO","TN","IT","349 7514747",,,,,,,,"46704","0461 686340","02017230224","0461 686340","Alma Zorzan  347 9046603; PAOLO 349 7514747","officinagilli@gmail.com",,"paologilli@pec.it","trento.66",,"SI","Valle di Fiemme, Fassa, Cembra, Altopiano di Pinè","Impresa individuale",,,"SCUOLE","IRENE","15899183/pl","18231953/87",,,"170","13-07-1999","1","61","GILLI ARMANDO","7N830-BKG14-CB896-9DK98","28-11-2022",,"Paolo","Gilli","Italia","TN","Trento","15-07-1966","Italia","TN","Segonzano","Fraz. Piazzo","27","349 7514747","GLLPLA66L15L378C","15-07-2025","0.00",,,,,,,,,,,,,,,,,,,,,"Rimessa 1","VIA S. ANTONIO,23","30-09-2016","Rimessa 2","ALBIANO P.ED. 421 SUB 1","30-09-2016",,,
"57","GIULIA SAS DI URECHE GEORGIANA & C.","VIA SAN FRANCESCO D'ASSISI, 7","38017","MEZZOLOMBARDO","MEZZOLOMBARDO","TN","IT","348 2252140",,,,,,,,"47600",,"01962510226","348 2252140","Oscar 348 2252140","russooscar77@yahoo.it","russooscar77@hotmail.it","bargiuliatnsas@pec.it","mezzolombardo.77",,"SI","Valle di Sole, Non, Rotaliana Andalo e Denno","Società in accomandita semplice (S.a.s.)","Ureche Georgiana",,"NESSUN SERVIZIO IN APPALTO",,"8307744498","14354787/16","N58715",,"2015-17","27-08-2019","1","144","BEZZI MAURO",,"17-11-2022",,"Georgiana","Ureche ","Romania",,"Bucarest (Romania)","01-09-1977","Italia","TN","Mezzolombardo","Via Carlo Devigili","30/b","348 2252140","RCHGGN77P41Z129K","01-09-2025","98.00","fino al 11052022 OPREA ISABELL ALONDRA","Mezzolombardo (TN) Via Carlo Devigili 30/b","2,00","16-10-2032",,"RUSSO ALESSIA","San Michele all'Adige (TN) via Giuseppe Sebesta, 15","2,00",,"socio accomandante",,,,,,,,,,,"RIMESSA 1","VIA ROMA MEZZOLOMBARDO","12-08-2022","RIMESSA 2","VIA DEL TEROLDEGO MEZZOCORONA","12-08-2022",,,
"58","GORINI LUIGI","FRAZIONE PREDAIA VIA MIRAMONTI, N. 5","38012","COREDO","PREDAIA","TN","IT","333 3858898",,,,,,,,"47745",,"02610030229","333 3858898","Francesco 335 6064255; Luigi 333 3858898","taxibuspredaia@gmail.com","info@taxibuspredaia.it; gigig8103@gmail.com ","goriniluigi@pec.it","merate.81",,"SI","Valle di Sole, Non, Rotaliana Andalo e Denno","Impresa individuale","Gorini Luigi",,"SCUOLE/LINEE","LUANA","8308417799","20694626/39","N58819","C.C.N.L. AUTORIMESSE E NOLEGGIO AUTOMEZZI","2015-28","21-01-2021","1","62","AFFITTO AZIENDA GORINI FRANCESCO","CK9P0-IMID5-NILF7-POBA2","07-02-2025",,"Luigi","Gorini","Italia","CO","Merate ","10-03-1981","Italia","TN","Predaia ","Coredo Via Miramonti","5","333 3858898","GRNLGU81C10F133K","10-03-2032","0.00","GORINI FRANCESCO",,,,"carica cessata 02/02/2021",,,,,,,,,,,,,,,,"Piazzale","COREDO: P.ED. 477: SUB. a/1-2 Beni comuni non censibili ai sub. 1-2-4-5 (andito) comune amministrativo PREDAIA","26-10-2022",,,,,,
"59","GROFF  ALFREDO","VIA CESARE BATTISTI, N. 77","38042","TRESSILLA","BASELGA DI PINE'","TN","IT","335 221722",,,,,,,,"46026","0461 558678","01211020225","0461 557515","Alfredo 335 221722; Gianluca 335 6063278","grofftour@gmail.com",,"groffalfredo@pec.it","bedollo.51",,"SI","Valle di Fiemme, Fassa, Cembra, Altopiano di Pinè","Impresa individuale","Groff Alfredo",,"SCUOLE/LINEE","IRENE","8304242324","25869957/55","P52505","C.C.N.L. AUTORIMESSE E NOLEGGIO AUTOMEZZI","8","18-06-1999","1",,,"CL640-GAF54-C75E6-D9DH7","29-10-2024",,"Alfredo","Groff","Italia","TN","Bedollo","03-11-1951","Italia","TN","Baselga di Pinè","Via Cesare Battisti ","77","335 221722","GRFLRD51S03A730R","03-11-2023","0.00",,,,,,,,,,,,,,,,,,,,,"Rimessa 1","BASELGA DI PINE' P.ED.1772 TRESSILLA","22-08-2022",,,,,,
"60","GROFF PAOLO","LOC. SALINA 31","38056","LEVICO TERME","LEVICO TERME","TN","IT","347 2721271",,,,,,,,"46703","0461 1866454","02048830224","347 2721271","Paolo 347 2721271","paologroff@gmail.com",,"paologroff@pec.trovarti.it","trento.1975",,"SI","Bassa e Alta Valsugana","Impresa individuale","Groff Paolo",,"SCUOLE/LINEE","PATTY","14755868HW","01318412/21","P55205",,"169","18-12-2007","1",,,"B92I0-CF894-LCAO7-DE927","26-11-2022",,"Paolo","Groff","Italia","TN","Trento","26-12-1975","Italia","TN","Levico Terme","Loc. Salina","31","347 2721271","GRFPLA75T26L378F","26-12-2029","0.00",,,,,,,,,,,,,,,,,,,,,"Rimessa 3","LEVICO TERME P.ED. 2771 SUB 7","18-08-2022",,,,,,
"61","GROFF TOUR DI TATTI CARLA","VIA CESARE BATTISTI, 77","38042","TRESSILLA","BASELGA DI PINE'","TN","IT","335 6063241",,,,,,,,"46701","0461 558678","00855860227","0461 557515","Carla 335 6063241","grofftour@gmail.com",,"grofftour@pec.it","roma.1958",,"SI","Valle di Fiemme, Fassa, Cembra, Altopiano di Pinè","Impresa individuale","Tatti Carla",,"SCUOLE/LINEE","IRENE","25414197TA / 8303715401 RELATIVA DIP.","25871635/59","P55440","C.C.N.L. AUTORIMESSE E NOLEGGIO AUTOMEZZI","167","18-12-2007","1","94","ROSSI SANDRO","9O940-BEGA4-B6HC7-AN374","29-10-2024",,"Carla","Tatti","Italia","RM","Roma","08-02-1958","Italia","TN","Baselga di Pinè","Via Cesare Battisti","77","335 6063241","TTTCRL58B48H501C","08-02-2032","0.00",,,,,,,,,,,,,,,,,,,,,"Rimessa 1","BASELGA DI PINE' P.ED.1772 TRESSILLA","22-08-2022",,,,,,
"62","HOTEL AL BIVIO S.R.L.","VIA NAZIONALE, N. 167","38050","IMER","IMER","TN","IT","329 2269382",,,,,,,,"46140","0439 67080","00661260224","0439 67080","Loris 329 2269382; Nicola 340 2166684","info@albiviohotel.it",,"bikedolomite@pec.it","transacqua.58",,"SI","Primiero","Società a responsabilità limitata (S.r.l.)","Fontan Cristina",,"SCUOLE/LINEE","GLORIA","83052102/01","08909659/63","P51909","C.C.N.L. AUTORIMESSE E NOLEGGIO AUTOMEZZI","17","13-07-1999","1",,,"D3910-CG494-L8F95-E6FD6","26-11-2022",,"Loris","Bettega","Italia","TN","Transacqua","11-12-1958","Italia","TN","Imer","Via Nazionale","167","329 2269382","BTTLRS58T11L329R","11-12-2024","5.00","FONTAN CRISTINA","Imer (TN) Via Nazionale, 167","55,00","12-09-2024",,"BETTEGA LEONARDO","Imer (TN) Via Nazionale, 167","20,00","09-09-2031",,"BETTEGA NICOLA","Imer (TN) Via Nazionale, 167","20,00","08-04-2030",,,,,,,"Rimessa 1","VIA NAZIONALE, N. 167","30-09-2016","Rimessa 2","IMER P.ED. 432","30-09-2016",,,
"63","IL GIGLIO DI ZANETEL MATTIA","VIA ROMA 25","38054","TONADICO","PRIMIERO SAN MARTINO DI CASTROZZA","TN","IT","+393492473970",,,,,,,,"47769",,"02608920225","349 2473970","Mattia 349 2473970","serviceilgiglio@gmail.com",,"serviceilgiglio@pec.trovarti.it","feltre.1992","IMPRESA ARTIGIANA NR. TN-64425","SI","Primiero","Impresa individuale",,,"SCUOLE","GLORIA","830846182",,,"C.C.N.L. AUTOTRASPORTO MERCI ARTIGIANATO - INDUSTRIA - COOPERATIVE E LOGISTICA",,,"1",,,,"13-05-2024",,"Zanetel","Mattia","Italia","BL","Feltre","04-03-1992","Italia","TN","Primiero San Martino di Castrozza","Fraz. Tonadico Via Roma","25","349 2473970","ZNTMTT92C04D530W","04-03-2027","0.00",,,,,,,,,,,,,,,,,,,,,"CAPANNONE","514/1","03-11-2022",,,,,,
"64","ITALBUS S.N.C. DI CASAGRANDE ARMANDO E CHRISTIAN & C.","LOC. CIRE' - VIA AL DOS DE LA RODA, N. 12","38057","PERGINE VALSUGANA","PERGINE VALSUGANA","TN","IT"," 336 356720",,,,,,,,"46045"," 0461 534531","01455410223","0461 534531","Armando 348 7845700; Christian 336 356720; Luca 375 5590721","info@italbustn.it","christian@italbustn.it; luca@italbustn.it","italbus@arubapec.it","trento.74",,"SI","Valle di Fiemme, Fassa, Cembra, Altopiano di Pinè","Società a nome collettivo (S.n.c.)","Casagrande Christian",,"SCUOLE/LINEE","PATTY","8304590531","8900139/01","P50620","C.C.N.L. AUTORIMESSE E NOLEGGIO AUTOMEZZI","64","13-07-1999","1","34","CASAGRANDE ARMANDO","657A0-E3BD4-E7CC6-FL6L5","04-07-2022",,"Christian","Casagrande","Italia","TN","Trento","23-07-1974","Italia","TN","Pergine Valsugana","Madrano, Via Aiol, 26","1","336 356720","CSGCRS74L23L378O","23-07-2031","33.00","CASAGRANDE ARMANDO","Pergine Valsugana, Via Spolverine, 62","67,00","21-02-2029",,"CASAGRANDE LUCA",,,,"carica cessata 29/10/2021",,,,,,,,,,,"Rimessa 1","LOC. CIRE' - VIA AL DOS DE LA RODA, N. 12","22-08-2016","Rimessa 2","VIGALZANO - PERGINE VALSUGANA LOC. CIRE' VIA AL DOS DE LA RODA 12 P.ED. 675","22-08-2016",,,
"65","LA RUOTA S.R.L.","VIA ALTO ADIGE, NR. 5","38121","TRENTO","TRENTO","TN","IT","335 234078",,,,,,,,"47636","0461 821551","01246740227","0461 824633","Federica Capucci 340 7417718","amministrazione@laruotasrl.it",,"laruota@pec.laruotasrl.it","frassilongo.66",,"SI","Trento Valle dei Laghi","Società a responsabilità limitata (S.r.l.)","Grossi Elio",,"SCUOLE",,"8303840363","92942146","P53546","C.C.N.L. COOPERATIVE SOCIALI","2015-21","12-11-2019","1",,,"FB420-9M4E5-GJNI0-CJFD4","15-09-2022","UNI EN ISO 9001:2015 PRIMA EMISSIONE 03/03/2008","Lorenzo","Laner","Italia","TN","Trento","26-03-1966","Italia","TN - Trento","Pergine Valsugana","Piazza Garbari","2","335 234078","LNRLNZ66C26L378M","26-03-2031","0.00","MERLO MAURO",,,,"procuratore e legale rappresentante","SEPPI GIOVANNI ROMEDIO",,,,"legale rappresentante",,,,,,,,,,,"piazzale scoperta","COMUNE CATASTALE GARDOLO In P.T. 420, p.ed. 611, foglio 4, Zona Censuaria 2, Via Bolzano - Gardolo n. 69, Piani T-1, Categoria D/8","20-09-2022",,,,,,
"66","LORENGO S.A.S. DI LORENGO GIOVANNI & C. ","FRAZ. S. BERNARDO, N. 186","38020","RABBI","RABBI","TN","IT","339 1378998",,,,,,,,"46069","0463 985402","01415430220","0463 985402","Giovanni 339 3849472; Vanna 339 1378998","carr.lorengo@gmail.com","vannalorengo@yahoo.it","lorengosnc@ticertifica.it","cles.1982",,"SI","Valle di Sole, Non, Rotaliana Andalo e Denno","Società in accomandita semplice (S.a.s.)","Lorengo Giovanni",,"SCUOLE","LUANA","8304508310","25868133/62","P55223",,"67","13-07-1999","1",,,"ECD20-PECM5-BJ561-MJAK4","01-09-2024",,"Stefano","Lorengo","Italia","TN","Cles","25-01-1982","Italia","TN","Rabbi","Fraz.ne S.Bernardo","186/D",,"LRNSFN82A25C794D","25-01-2024","60.00","LORENGO GIOVANNI","Rabbi, Frazione S. Bernardo, 186/d",,"15-10-2026","socio accomandatario","LORENGO VANNA","Rabbi, Frazione S. Bernardo, 186/d","40,00","03-07-2029","socio accomandante",,,,,,,,,,,"Rimessa 1","FRAZ. S. BERNARDO, N. 186","01-09-2016","Rimessa 2","C.C. 300 RABBI P.ED. 1509","01-09-2016",,,
"67","LORENZETTI SERGIO","VIALE MARCONI, N. 7","38086","PINZOLO","PINZOLO","TN","IT","336 787969",,,,,,,,"46061","0465 501760","00620850222","0465 501760","Sergio 336 787969; Mattia 333 7688956","info@taxipinzolocampiglio.it",,"sergio.lorenzetti@pec.it","pinzolo.60",,"SI","Rendena, Chiese e Lomaso","Impresa individuale","Lorenzetti Sergio",,"SCUOLE","LUANA","13458974/FX","001558058/CC/84","P54700",,"68","13-07-1999","1",,,"6LBP0-AFFE5-EFE91-EOK27","26-11-2022",,"Sergio","Lorenzetti","Italia","TN","Pinzolo","12-07-1960","Italia","TN","Pinzolo","Viale Marconi","7","336 787969","LRNSRG60L12G681X","12-07-2026","0.00",,,,,,,,,,,,,,,,,,,,,"Rimessa 1","PINZOLO P.ED. 4224/1","12-08-2022",,,,,,
"68","M.G.M. DI CASARI MARCO","VIA ROMA, N. 47","38030","CASTELLO - MOLINA DI FIEMME","CASTELLO - MOLINA DI FIEMME","TN","IT","328 1066424",,,,,,,,"46408","0462 341561","01796540225","0462 230708","Marco 328 1066424","marco.casari1@libero.it",,"marcocasari@pec.it","levico.76",,"SI","Valle di Fiemme, Fassa, Cembra, Altopiano di Pinè","Impresa individuale",,,"SCUOLE/LINEE","IRENE","15479026 VN","13936356/83",,,"148","14-04-2004","1",,,"I8D90-EMHC5-8BFL0-6HK76","18-03-2025",,"Marco","Casari","Italia","TN","Levico Terme","07-07-1976","Italia","TN","Castello Molina di Fiemme","Via Roma","43","328 1066424","CSRMRC76L07E565D","07-07-2026","0.00",,,,,,,,,,,,,,,,,,,,,"Rimessa 1","VIA ROMA, N. 47","28-09-2016","Rimessa 2","CASTELLO DI FIEMME P.ED. 839","28-09-2016",,,
"69","MAESTRI AUGUSTO & C. S.N.C. ","VIA LEVIDO, N. 28","38085","CRETO","PIEVE DI BONO-PREZZO","TN","IT","392 6720901",,,,,,,,"46024","0465 670410","01100070224","0465 674034","Aldo 335 5382652; Michela 335 7596159; Paola 392 6720901","info@maestribus.it",,"maestribus@ticertifica.it","pieve.1951",,"SI","Rendena, Chiese e Lomaso","Società a nome collettivo (S.n.c.)","Maestri Aldo",,"SCUOLE/LINEE","LUANA","8303100490/00","25838299/21","P50140","C.C.N.L. AUTORIMESSE E NOLEGGIO AUTOMEZZI","69","13-07-1999","1",,,"IAEB0-MC5C5-H6EP1-EMB90","26-10-2023",,"Aldo","Maestri","Italia","TN","Pieve di Bono","24-07-1951","Italia","TN","Pieve di Bono - Prezzo","Fraz. Creto Via Levido","28","335 5382652","MSTLDA51L24G641S","24-07-2023","40.00","MAESTRI MICHELA","Pinzolo (TN) Via allo Stadio, 5","30,00",,"legale rappresentante","MAESTRI PAOLA","Pieve di Bono-Prezzo (TN) Frazione Creto Via Levido 28","30,00",,"legale rappresentante",,,,,,,,,,,"Rimessa 1","VIA LEVIDO, N. 28","01-09-2016","Rimessa 2","CIMEGO P.ED. 455","01-09-2016",,,
"70","MAHLKNECHT J. S.R.L.","VIA PRINCIPALE / HAUPTSTRASSE ,39 ","39053","COLLEPIETRA/STEINEGG","CORNEDO ALL'ISARCO/KARNEID","BZ","IT","335 205879",,,,,,,,"46310","0471 376480","00669110215","0471 376562","Johannes 335 205879","mail@mahlknecht.com",,"mahlknecht@legalmail.it","bolzano.70",,"SI",,"Società a responsabilità limitata (S.r.l.)","Mahlknecht Johannes",,"NESSUN SERVIZIO IN APPALTO",,"1410022147","3544129","P52432","C.C.N.L. AUTOFERROTRANVIERI","139","22-11-2002","1",,,"LFD70-GQ785-DBLB1-DM8G6","05-04-2023",,"Johannes","Mahlknecht ","Italia","BZ","Bolzano","07-07-1970","Italia","BZ","Cornedo all'Isarco","Collepietra, Via Principale","39","335 205879","MHLJNN70L07A952K","07-07-2030","100.00",,,,,,,,,,,,,,,,,,,,,,,,,,,,,
"71","MARGON DIEGO","VIA MARGONI, 2/A","38050","NOVALEDO","NOVALEDO","TN","IT","339 6565744",,,,,,,,"46796","0461 721117","02106700228","0461 721117","Diego 339 6565744 o 335 7088210","diegomargon70@gmail.com",,"diegomargon@pec.trovarti.it","valsugana.70",,"SI","Bassa e Alta Valsugana","Impresa individuale",,,"SCUOLE/LINEE","PATTY","8306899250","20648047/51",,"C.C.N.L. AUTOTRASPORTO MERCI ARTIGIANATO - INDUSTRIA - COOPERATIVE E LOGISTICA","198","19-08-2009","1","74","PALLAORO LINO","JILG0-2BEH5-E7A42-JQQA2","16-04-2024",,"Diego","Margon","Italia","TN","Borgo Valsugana","06-11-1970","Italia","TN","Novaledo","Via Margoni","2/A","339 6565744","MRGDGI70S06B006H","06-11-2030","0.00",,,,,,,,,,,,,,,,,,,,,"RIMESSA 1","NOVALEDO P.ED. 464","02-09-2016","Rimessa 2","LEVICO TERME P.ED. 2859","02-09-2016","Rimessa 3","LEVICO TERME P.ED. 2242","12-08-2022"
"72","MARTINA MATTEO ","VIA CESARE BATTISTI, N. 26","38056","LEVICO TERME ","LEVICO TERME","TN","IT","348 8846918",,,,,,,,"46317",,"01770280228","0461 706503","Matteo 348 8846918; Loris 347 2979625","info@betulleviaggi.com",,"martinamatteo@pec.it","venezia.75",,"SI","Bassa e Alta Valsugana","Impresa individuale","Martina Matteo",,"SCUOLE/LINEE","PATTY","27426657/LK","13383513/CC/79","P55568","C.C.N.L. AUTOTRASPORTO MERCI ARTIGIANATO - INDUSTRIA - COOPERATIVE E LOGISTICA","136","14-10-2002","2",,"SECONDA QUOTA DA PARADISI","AN8N0-EG6E5-LAMQ3-CDEG6","30-06-2022",,"Matteo","Martina","Italia","VE","Venezia","20-01-1975","Italia","TN","Levico Terme","Via Cesare Battisti","26","348 8846918","MRTMTT75A20L736K","20-01-2024","0.00",,,,,,,,,,,,,,,,,,,,,"Rimessa 1","VIA CESARE BATTISTI, N. 26","06-09-2016","Rimessa 2","LEVICO TERME P.ED. 3073 VIALE VENEZIA 92","06-09-2016","Rimessa 3","BORGO VALSUGANA P.ED. 1079 VIA GOZZER 2","06-09-2016"
"73","MDL SRL","FRAZIONE COSTA 12","38060","CIMONE","CIMONE","TN","IT","347 2356646",,,,,,,,"46569","0461 855524","01962790224","0461 855524","Annamaria 347 2356646; Francesco 347 0186156; Armando 333 8395570","info@mdlviaggi.it",,"mdlviaggi@ticertifica.it","cimone.64",,"SI","Trento Valle dei Laghi","Società a responsabilità limitata (S.r.l.)","Marchi Annamaria",,"SCUOLE/LINEE","PATTY","8306526293","1/9197563791/9124","P51510","C.C.N.L. AUTORIMESSE E NOLEGGIO AUTOMEZZI","162","17-10-2006","1","93; 163","ROSO ZANOTTI MARIO; GIORDANI","GGA30-LMG74-94FE8-N26G8","18-01-2024",,"Annamaria","Marchi","Italia","TN","Trento","29-07-1964","Italia","TN","Cimone","Frazione Costa","12","347 2356646","MRCNMR64L69L378A","29-07-2032","67.00","LINARDI FRANCESCO","Cimone (TN) Frazione Costa, 12","33,00","15-02-2026",,,,,,,,,,,,,,,,,"Rimessa 2","CIMONE P.ED. 392","02-09-2016","Rimessa 3","ALDENO P.F. 172/1 E 172/2","02-09-2016",,,
"74","MONAUNI CARLO S.N.C. DI MONAUNI GERARDO E C. ","VIA PRINCIPE UMBERTO, N. 08","38030","VERLA","GIOVO","TN","IT","348 8324678",,,,,,,,"46020","0461 684021","00937980225","0461 684021","Gerardo 347 8033184; (fuorizona 333 5612843) Stefano 348 8324678","monauniviaggi@gmail.com",,"monauni@legalmail.it","giovo.49",,"SI","Valle di Fiemme, Fassa, Cembra, Altopiano di Pinè","Società a nome collettivo (S.n.c.)","Monauni Gerardo",,"SCUOLE/LINEE","IRENE","8303456384","3716314","P51045","C.C.N.L. AUTORIMESSE E NOLEGGIO AUTOMEZZI","71","13-07-1999","1",,,"DGAJ0-HB9M4-90MI9-5K852","29-11-2024",,"Gerardo","Monauni","Italia","TN","Giovo","18-09-1949","Italia","TN","Giovo"," Verla, Via Principe Umberto","6","347 8033184","MNNGRD49P18E048H","18-09-2031","33.00","MICHELON MARTA","Giovo frazione Verla Via Principe Umberto,6","33,00","23-08-2024",,"MONAUNI FABRIZIO","Giovo frazione Verla Via Principe Umberto,6","33,00","10-12-2024",,,,,,,,,,,,"Rimessa 1","VIA PRINCIPE UMBERTO, N. 08","27-09-2016","Rimessa 2","GIOVO P.ED. 861 E 919","27-09-2016",,,
"75","MORATTI FILIPPO","VIA CASSINA, N. 31","38023","CLES","CLES","TN","IT","340 7740458",,,,,,,,"46970","0463 421595 ","02274400221","0463 421595","Filippo 340 7740458; Valerio 338 4501025","clesium.taxi@gmail.com",,"filippomoratti@legalmail.it","cles.1983",,"SI","Valle di Sole, Non, Rotaliana Andalo e Denno","Impresa individuale",,,"SCUOLE","LUANA","8307412041","21646125/CC/37",,"C.C.N.L. AUTORIMESSE E NOLEGGIO AUTOMEZZI","191","18-12-2012","1","72","MORATTI VALERIO","F9QC0-CO7G4-J84H9-C3D61","01-12-2022",,"Filippo","Moratti","Italia","TN","Cles","11-01-1983","Italia","TN","Cles","Via Cassina","31","340 7740458","MRTFPP83A11C794D","11-01-2030","0.00",,,,,,,,,,,,,,,,,,,,,"Rimessa 1","VIA CASSINA, N. 31","28-09-2016","Rimessa 2","CLES P.ED. 751","28-09-2016",,,
"76","NICE S.R.L.","VIA PARTELI 1/C","38068","ROVERETO","ROVERETO","TN","IT","0464 430000","VIA PARTELI 1/B","38068","ROVERETO","ROVERETO","TN","IT",,"47444",,"02483900227","0464 430000","Andrea 339 5612969 o 348 9360167 Lia 346 3547236","nicerovereto@gmail.com",,"nicerovereto@pec.it","malcesine.42",,"SI","Vallagarina, Alto Garda e Ledro","Società a responsabilità limitata (S.r.l.)","Ventola Giovanni (c.i. scade 25/12/2026)",,"SCUOLE/LINEE","GLORIA","8308099878","9533638890","N58021","C.C.N.L. AUTORIMESSE E NOLEGGIO AUTOMEZZI","2015-9","28-03-2018","1","85","PETERLINI ANDREA","1EGL0-LG855-JBDE2-PLHI8","06-06-2022","UNI EN ISO 9001:2015 PRIMA EMISSIONE 16/06/2020","Vittorio","Finotti","Italia","TN","Mori","05-06-1942","Italia","TN","Malcesine","Via Panorama","34/b","0464 012470","FNTVTR42H05F728U","05-05-2028","0.00","DEMATTE' GIUSEPPINA","Rovereto (TN) Via ai Fiori, 21","1,00",,,"PETERLINI SARA rappresentata da PETERLINI ANDREA","Rovereto (TN) Via ai Sabbioni, 2","99,00",,,"PETERLINI ANDREA",,,,"rappresenta minore",,,,,,"Piazzale","CCROVERETO P.ED.1250N","18-08-2022","Capannone","CCTRENTO","18-08-2022",,,
"77","OSCAR VIAGGI DI FORMOLO OSCAR","VIA LOVERNATICO, N. 07","38010","SPORMINORE","SPORMINORE","TN","IT","340 3371820",,,,,,,,"46441","0461 581094","01869860229","0461 641166","Oscar 340 3371820 o 340/8295830; Nicoletta 340 4962427; Marta (Albiano) 349 4212879","oscarviaggi@gmail.com","CONTEGGI  E FATTURE INVIARE A nicoletta.oscarviaggi@gmail.com ","oscarviaggi@pec.trovarti.it","mezzolombardo.80",,"SI","Valle di Sole, Non, Rotaliana Andalo e Denno","Impresa individuale","Formolo Oscar",,"SCUOLE/LINEE","LUANA","8306508918","9160413204","P51936","C.C.N.L. AUTOTRASPORTO MERCI ARTIGIANATO - INDUSTRIA - COOPERATIVE E LOGISTICA","149","15-06-2004","1",,,"QL620-PJAL5-DFBI3-CIEG5","18-12-2023",,"Oscar","Formolo","Italia","TN","Mezzolombardo","13-04-1980","Italia","TN","Sporminore","Via Lovernatico","7","340 3371820","FRMSCR80D13F187W","13-04-2032","0.00",,,,,,,,,,,,,,,,,,,,,"Rimessa 2","SPORMINORE P.F. 1570/1 - 1570/3 -271","18-08-2022",,,,,,
"78","OUTDOOR TOUR DI MONAUNI SERGIO","VIA LAVAT, 32","38030","VERLA","GIOVO","TN","IT","328 1084779",,,,,,,,"46744","0461 684174","02085160220","328 1084779","Sergio 328 1084779","sergio.monauni@hotmail.it",,"sergio.monauni@pec.trovarti.it","trento.73",,"SI","Valle di Fiemme, Fassa, Cembra, Altopiano di Pinè","Impresa individuale",,,"SCUOLE","IRENE","8306825314","20455943/81",,"C.C.N.L. AUTORIMESSE E NOLEGGIO AUTOMEZZI","172","03-12-2008","1",,,"4H520-AECF4-DECK6-99G11","26-11-2022",,"Sergio","Monauni","Italia","TN","Trento","11-05-1973","Italia","TN","Giovo","Verla, Via Lavat ","32","328 1084779","MNNSRG73E11L378B","11-05-2024","0.00",,,,,,,,,,,,,,,,,,,,,"Rimessa 1","VIA LAVAT, 32","09-09-2016","Rimessa 2","GIOVO P.ED. 919/PM 5","09-09-2016",,,
"79","PANIZZA  FLAVIO","VIA BORGONUOVO, N. 32","38029","VERMIGLIO","VERMIGLIO","TN","IT","335 7893455",,,,,,,,"46078","0463 750210","01182350221","0463 751875","Flavio 335 7893455; Marialuisa 336 459943","info@taxipanizza.it",,"taxipanizza@pec.trovarti.it","cles.1964",,"SI","Valle di Sole, Non, Rotaliana Andalo e Denno","Impresa individuale","NON ISCRITTA REN",,"SCUOLE","LUANA","8304933404","8892166","P52982",,"2","18-06-1999","1",,,"7CLG0-GIGF4-EB2B9-FDE32","28-06-2022",,"Flavio","Panizza","Italia","TN","Cles","15-06-1964","Italia","TN","Vermiglio","Via di Borgo Nuovo","32","335 7893455","PNZFLV64H15C794A","15-06-2029","0.00",,,,,,,,,,,,,,,,,,,,,"Rimessa 1","VIA BORGONUOVO, N. 32","01-09-2016","Rimessa 2","OSSANA P.ED. 527 P.F. 1216/1","01-09-2016",,,
"80","PAOLAT GROUP SNC DI PAOLAT GIORGIO & C. ","VIA DELLA ZARGA, N. 17","38015","LAVIS","LAVIS","TN","IT","348 5727260",,,,,,,,"46637","0461 247909","02016590222","0461 246497","Enrico  348 5727260; Bruno  348 5727261; Giorgio 348 5727262","ufficio@paolat.com",,"paolatgroup@pec.paolat.com","rovereto.66",,"SI","Valle di Sole, Non, Rotaliana Andalo e Denno","Società a nome collettivo (S.n.c.)","Paolat Bruno",,"SCUOLE/LINEE","PATTY","8306500837","20175976/39","P51549","C.C.N.L. AUTORIMESSE E NOLEGGIO AUTOMEZZI","164","08-05-2007","1","12","PAOLAT SNC","JBKC0-N9G34-GE738-6CIB8","06-10-2024",,"Enrico","Ravanelli","Italia","TN","Rovereto","28-05-1966","Italia","TN","Lavis","Via Bresadola","9/A","348 5727260","RVNNRC66E28H612V","28-05-2025","66.00","PAOLAT BRUNO","Lavis (TN) Via Segantini, 16","44,00","17-10-2031",,,,,,,,,,,,,,,,,"Rimessa 1","LAVIS P.ED. 1176","06-09-2016","Rimessa 2","LAVIS P.ED 2021/13","06-09-2016","Rimessa 3","GARDOLO P.ED. 1840/3","06-09-2016"
"81","PAOLI FRANCO ","LOC. PINTAREI, N. 25","38050","SANT'ORSOLA TERME","SANT'ORSOLA TERME","TN","IT","335 8241578",,,,,,,,"46110",,"01183970225","335 8241578","Franco 335 8241578","francopaoli62@gmail.com",,"francopaoli@ticertifica.it","Sorsola@2",,"SI","Bassa e Alta Valsugana","Impresa individuale",,,"SCUOLE","PATTY","496395","90270995",,,"75","13-07-1999","1",,,"EJBG0-3JBK5-K87F1-D9KL4","22-09-2022",,"Franco","Paoli","Italia","TN","Trento","21-04-1962","Italia","TN","S. Orsola Terme","Loc. Pintarei","25","335 8241578","PLAFNC62D21L378I","21-04-2025","0.00",,,,,,,,,,,,,,,,,,,,,"Rimessa 1","LOC. PINTAREI, N. 25","19-09-2016","Rimessa 2","S. ORSOLA TERME P.ED. 507 E P.F. 75/1","19-09-2016",,,
"82","PATERNOSTER LORENZO","FRAZ. CELLEDIZZO VIA RIVA, N. 10","38024","PEIO","PEIO","TN","IT","335 6756227",,,,,,,,"46093","0463 754212","01621930229","0463 754118","Lorenzo 335 6756227","info@paternosterviaggi.com",,"paternosterviaggi@pec.it","cles.1975",,"SI","Valle di Sole, Non, Rotaliana Andalo e Denno","Impresa individuale","Paternoster Lorenzo",,"SCUOLE/LINEE","LUANA","8305078469","8907656","P53532","C.C.N.L. AUTOTRASPORTO MERCI ARTIGIANATO - INDUSTRIA - COOPERATIVE E LOGISTICA","77","13-07-1999","1",,,"G3DA0-I0BA4-HO6D9-CLLC5","02-05-2022",,"Lorenzo","Paternoster","Italia","TN","Cles","16-06-1975","Italia","TN","Peio","Frazione Celledizzo, Via Riva","10","335 6756227","PTRLNZ75H16C794W","16-06-2023","0.00",,,,,,,,,,,,,,,,,,,,,"Rimessa 1","FRAZ. CELLEDIZZO VIA RIVA, N. 10","30-09-2016","Rimessa 2","CELLEDIZZO P.ED. 405","30-09-2016","Rimessa 3","RABBI P.ED. 1637","30-09-2016"
"83","PEDERZOLLI DENIS","VIA CESURE, N. 18","38073","CAVEDINE","CAVEDINE","TN","IT","338 1690802",,,,,,,,"46771","0461 568827","01978900221","0461 568827","Denis 335 300997; Segata Aldo 338 1690802","denispederzolli@gmail.com",,"pederzollidenis@pec.it","trento.1981",,"SI","Trento Valle dei Laghi","Impresa individuale","Pederzolli Denis",,"SCUOLE/LINEE","GLORIA","8306833395","2055339906","P55100","C.C.N.L. AUTORIMESSE E NOLEGGIO AUTOMEZZI","176","13-07-1999","1","79","PEDERZOLLI PAOLO","8N9F0-A1H94-KP958-N0EA6","22-11-2022",,"Denis","Pederzolli","Italia","TN","Trento","19-05-1981","Italia","TN","Cavedine","Via Cesure","18","335 300997","PDRDNS81E19L378U","19-05-2032","0.00",,,,,,,,,,,,,,,,,,,,,"Rimessa 1","FRAZ. STRAVINO VIA CESURE, N. 18","09-09-2016","Rimessa 2","CAVEDINE P.ED. 245/2","09-09-2016",,,
"84","PEDRINOLLA FABRIZIO","VIA MONDINI, 19","38061","ALA","ALA","TN","IT","349 2253104 ",,,,,,,,"46911","0464 670074","02218580229","0464 671285","Michela 340 8041631; Fabrizio 349 2253104 ","fabriziopedrinolla1@gmail.com",,"pedrinollafabrizio@pec.it","trentoala.71",,"SI","Vallagarina, Alto Garda e Ledro","Impresa individuale",,,"SCUOLE/LINEE","GLORIA","8307245953","18880534",,"C.C.N.L. AUTORIMESSE E NOLEGGIO AUTOMEZZI","187","12-07-2011","1",,"PEDRINOLLA RINALDO","IHPA0-OLBR5-HOJH5-K3764","14-07-2022",,"Fabrizio","Pedrinolla","Italia","TN","Ala","01-04-1971","Italia","TN","Ala","Via Piazzi","6","349 2253104 ","PDRFRZ71D01A116P","01-04-2033","0.00",,,,,,,,,,,,,,,,,,,,,"Rimessa 1","VIA MONDINI, N. 19","06-09-2016","Rimessa 2","ALA  SEZ. 2 FOGLIO 10 P.ED. 1337 SUB 15","06-09-2016",,,
"85","PEDRINOLLA GRAZIANO S.R.L.","VIA E. FERMI, N. 3","38061","ALA","ALA","TN","IT","335 5370843",,,,,,,,"46972","0464 679004","02272880226","0464 671090","GRAZIANO 335 7769212; MARCO 335 5285666; DAVIDE 335 5370843","marco@pedrinolla.com","servizi@pedrinolla.com","pedrinollagrazianosrl@pec.it","trentoala.39",,"SI","Vallagarina, Alto Garda e Ledro","Società a responsabilità limitata (S.r.l.)","Pedrinolla Graziano",,"SCUOLE/LINEE","GLORIA","8307410324","19172349/26","N55665","C.C.N.L. AUTORIMESSE E NOLEGGIO AUTOMEZZI","194","28-01-2013","2","80; 137","PEDRINOLLA GRAZIANO; PEDRINOLLA MARCO","KGD90-97484-MALK9-HJ496","24-06-2024",,"Graziano","Pedrinolla","Italia","TN","Ala","27-11-1939","Italia","TN","Ala","Via E. Fermi","3","335 7769212","PDRGZN39S27A116P","27-11-2024","20.00","PEDRINOLLA DAVIDE","Ala (TN) Viale Bolzano, 17","40,00","26-05-2023",,"PEDRINOLLA MARCO","Ala (TN) Viale Bolzano, 19","40,00","19-07-2026",,,,,,,,,,,,"Rimessa 1","ALA P. ed.1083/1","30-09-2022","Rimessa 2","ALA P.F. 933/5","12-09-2016",,,
"86","PEDRINOLLA SERENA","VIA BORGO NUOVO, 2","38010","DENNO","DENNO","TN","IT","347 8193757",,,,,,,,"46065","0461 655985","01325510228","0461 655985","Serena 347 8193757","info@pedrinolla.it",,"pedrinolla@pec.it","ala.1967",,"SI","Valle di Sole, Non, Rotaliana Andalo e Denno","Impresa individuale",,,"SCUOLE","LUANA","14177728 KF ","8891566/38",,"C.C.N.L. AUTOTRASPORTO MERCI ARTIGIANATO - INDUSTRIA - COOPERATIVE E LOGISTICA
","82","13-07-1999","1",,,"BLA50-5CIC4-C5L37-A3MF3","28-11-2022",,"Serena","Pedrinolla","Italia","TN","Ala","02-08-1967","Italia","TN","Denno","Via Borgo Nuovo","2","347 8193757","PDRSRN67M42A116O","02-08-2029","0.00",,,,,,,,,,,,,,,,,,,,,"Rimessa 1","VIA BORGO NUOVO, N. 02","20-09-2016","Rimessa 2","DENNO P.ED. 277 P.F. 633/1-3","20-09-2016",,,
"87","PEGORARO SEBASTIANO","VIA CERVIA, N. 15","38056","LEVICO TERME","LEVICO TERME","TN","IT","349 5569542",,,,,,,,"46914","0461 702100","02185150220","0461 702100","Sebastiano 349 5569542","info@autonoleggipegoraro.it",,"pegorarosebastiano@pec.trovarti.it","levico.81",,"SI","Bassa e Alta Valsugana","Impresa individuale","Pegoraro Maggiorino",,"SCUOLE","PATTY","12650227 DZ ","21178989/32","N58717",,"188","26-09-2011","1",,,"GEB70-CAE14-EBNP8-K53E8","01-12-2022",,"Sebastiano","Pegoraro ","Italia","TN","Levico Terme","29-01-1981","Italia","TN","Levico Terme","Località Cervia","15","349 5569542","PGRSST81A29E565Q","29-01-2023","0.00",,,,,,,,,,,,,,,,,,,,,"Rimessa 1","VIA CERVIA, N. 15","31-08-2016","Rimessa 2","LEVICO TERME P.ED. 1621","31-08-2016",,,
"88","PERGBUS DI FUCHS MARIO E C. S.N.C.","MASO BALSEN, 154","38050","ROVEDA","FRASSILONGO","TN","IT","333 3962597",,,,,,,,"46179","0461 549002","01698800222","333 3962597","Mario 339 6209394; Cristina 333 3962597; Flavio 339 7813907","pergbus@gmail.com",,"pergbus@pec.trovarti.it","trento.79",,"SI","Bassa e Alta Valsugana","Società a nome collettivo (S.n.c.)","Fuchs Cristina",,"SCUOLE/LINEE","PATTY","15062595 HG","4208533/55","P51569","C.C.N.L. AUTORIMESSE E NOLEGGIO AUTOMEZZI","129","21-08-2000","1","55","FRONER DAVIDE","GD7J0-FM5B5-94DR3-QREJ5","01-10-2024",,"Cristina","Fuchs","Italia","TN","Trento","14-09-1979","Italia","TN","Pergine Valsugana","Frazione Canzolino, Via della Villa","66","333 3962597","FCHCST79P54L378W","14-09-2032","30.00","NISCHLER GEMMA","Frassilongo Maso Balsen Roveda, 154/1","40,00","11-01-2023",,"FUCHS FLAVIO","Frassilongo Maso Balsen Roveda, 154/1","30,00","25-09-2029",,,,,,,,,,,,"Rimessa 1","FRAZ. ROVEDA MASO BALSEN , N. 154","07-09-2016","Rimessa 2","C.C. 160 FRASSILONGO P.ED. 631","07-09-2016","Rimessa 3","GARDOLO P.ED. 1066/3","07-09-2016"
"89","PERINI FRANCO ","VIA CROZ, N. 2/C","38096","VEZZANO","VALLELAGHI","TN","IT","335 7878947",,,,,,,,"46056","0461 340031","00667210223","0461 340031","Franco 335 7878947 o 335/5630408; Arben 346 5037392; Giulia 347 8603908","info@autonoleggioperini.it",,"periniautonoleggio@pecancit.it","vezzano.70",,"SI","Trento Valle dei Laghi","Impresa individuale","Perini Franco",,"SCUOLE/LINEE","GLORIA","8304260306","8894307/72","P50375","C.C.N.L. AUTORIMESSE E NOLEGGIO AUTOMEZZI","11","18-06-1999","1",,,"GGII0-S3FD5-GI310-CCCH6","16-04-2022",,"Franco","Perini","Italia","TN","Vezzano ","04-10-1960","Italia","TN","Vezzano Vallelaghi ","Via Croz","2","335 7878947","PRNFNC60R04L821B","04-10-2024","0.00",,,,,,,,,,,,,,,,,,,,,"Rimessa 1","VIA CROZ, N. 2/C","26-09-2016","Rimessa 2","VEZZANO P.ED. 400","26-09-2016",,,
"90","PETERLINI S.R.L.","VIA PAOLI, N. 47/A","38068","ROVERETO","ROVERETO","TN","IT","335 7737901",,,,,,,,"46218",,"01663920229","0464 433320","Maria Luisa 335 5205510; Lucio 335 7737901","viaggi@peterlini.it","(PER CONTABILITA') marilena@peterlini.it","peterlininoleggi@pec.it","rovereto.43",,"SI","Vallagarina, Alto Garda e Ledro","Società a responsabilità limitata (S.r.l.)","NON ISCRITTA REN",,"SCUOLE","GLORIA","6012012/27","8305415877",,"C.C.N.L. AUTORIMESSE E NOLEGGIO AUTOMEZZI","131","02-05-2001","1","38","COMPAGNIA TRENTINA PULLMAN","1EPC0-EJEJ5-OTG83-HIB98","24-11-2022",,"Maria Luisa","Francesconi","Italia","TN","Rovereto","06-06-1943","Italia","TN","Rovereto","Via S. Giovanni Bosco","35","0464 433320","FRNMLS43H46H612E","06-06-2031","33.00","PETERLINI MARILENA","Rovereto (TN) Via S. Giovanni Bosco, 35","33,00","28-08-2031",,"PETERLINI UMBERTO","Rovereto (TN) Via S. Giovanni Bosco, 37","33,00","22-01-2023",,,,,,,,,,,,"Rimessa 1","VIA PAOLI, N. 47/A","09-09-2016","Rimessa 2","ROVERETO C.C 322 P.ED. 2002 - 2667","09-09-2016","Rimessa 3","MORI TN","19-08-2022"
"91","PLANCHEL AUTONOLEGGI DI PLANCHEL RENATO & C. S.N.C. ","MASO PUECH, N. 138","38057","FRASSILONGO","FRASSILONGO","TN","IT","338 9742724",,,,,,,,"46103","0461 549014","01606720223","0461 549014","Renato 338 1745388; Fabrizio 338 9742724; Cinzia 335 5921496","planchelautonoleggi@tiscali.it",,"planchelautonoleggisnc@cgn.legalmail.it","frassilongo.50",,"SI","Bassa e Alta Valsugana","Società a nome collettivo (S.n.c.)","Planchel Renato",,"SCUOLE/LINEE","PATTY","8305907745","8897847/98","P51642","C.C.N.L. AUTORIMESSE E NOLEGGIO AUTOMEZZI","89","13-07-1999","1",,,"GD7J0-FM5B5-94DR3-QREJ5","08-10-2022",,"Fabrizio","Planchel","Italia","TN","Trento","17-07-1981","Italia","TN","Frassilongo","Maso Puech","138","338 9742724","PLNFRZ81L17L378C","17-07-2023","0.00","PLANCHEL RENATO","Frassilongo, Maso Puech, 138",,"17-07-2031","legale rappresentante","PINTARELLI CINZIA","Frassilongo, Maso Puech, 140",,"19-04-2030","legale rappresentante",,,,,,,,,,,"Rimessa 1","MASO PUECH, N. 138","30-09-2016","Rimessa 2","PERGINE VALSUGANA P.F. 1952/3 E 1951/2","30-09-2016",,,
"92","RENDENA VIAGGI S.N.C. DI BONAPACE MANLIO E COZZIO MAURO ","LOC. MORTASO, N. 06/a","38088","SPIAZZO","SPIAZZO","TN","IT","377 1125603",,,,,,,,"46080","0465 801764 800543","01307230225","0465 801764","Manlio 335 5246520; Mauro 377 1125603","info@officinabonapace.it","maurone59.mc@gmail.com","rendenaviaggi@pec.it","torino.59",,"NO","Rendena, Chiese e Lomaso","Società a nome collettivo (S.n.c.)","Cozzio Mauro",,"SCUOLE","LUANA","14077542HJ","3958684","P54649",,"10","18-06-1999","1",,,"GGII0-S3FD5-GI310-CCCH6","22-07-2022",,"Alessandro","Bonapace","Italia","TN","Tione di Trento","09-07-1989","Italia","TN","Spiazzo","Fraz. Borzago","21",,"BNPLSN89L09L174C","09-07-2026","24.00","BONAPACE MANLIO","Spiazzo (TN) Frazione Borzago","25,00",,"legale rappresentante","BONAPACE MIRKO","Spiazzo (TN) Frazione Borzago, 6","1,00",,"legale rappresentante","COZZIO MAURO","Spiazzo (TN) Frazione Mortaso 6/a","50,00","14-12-2027","legale rappresentante",,,,,,"Rimessa 1","LOC. MORTASO, N. 06","05-09-2016","Rimessa 2","CADERZONE P.ED. 614 SUB 5","05-09-2016",,,
"93","RIGOTTI FLAVIO","SALITA DI PODREGN, 2","38078","SAN LORENZO DORSINO","SAN LORENZO DORSINO","TN","IT","339 2950824",,,,,,,,"46023","0465 734481","00482340221","0465 734481","Flavio 339 2950824","rigotti_flavio@libero.it",,"rigotti_flavio@pec.trovarti.it","sanlorenzo.56",,"SI","Rendena, Chiese e Lomaso","Impresa individuale","Rigotti Flavio",,"SCUOLE/LINEE","LUANA","8304531343","25856209","P55154","C.C.N.L. AUTOTRASPORTO MERCI ARTIGIANATO - INDUSTRIA - COOPERATIVE E LOGISTICA","90","13-07-1999","1",,,"1EPC0-EJEJ5-OTG83-HIB98","02-12-2022",,"Flavio","Rigotti","Italia","TN","S. Lorenzo in Banale","09-10-1956","Italia","TN","S. Lorenzo Dorsino","Salita di Podregn","2","339 2950824","RGTFLV56R09H966Z","09-10-2030","0.00",,,,,,,,,,,,,,,,,,,,,"Rimessa 1","SALITA DI PODREGN, 2","12-09-2016","Rimessa 2","SAN LORENZO IN BANALE P.ED. 963","12-09-2016",,,
"94","RODLER DI RODLER ROBERTO","VIA PER TRENTO, 17","38057","PERGINE VALSUGANA","PERGINE VALSUGANA","TN","IT","328 1751026",,,,,,,,"47354",,"02476630229","328 1751026","Roberto 328 1751026","robertorodler@gmail.com",,"rodlerroberto@pec.trovarti.it","trento.65",,"SI","Vallagarina, Alto Garda e Ledro","Impresa individuale",,,"SCUOLE","GLORIA","16699138JY","20103599",,,"2015-6","29-08-2017","1",,,"JRN80-04H54-G56N9-CEDB1","21-11-2022",,"Roberto","Rodler ","Italia","TN","Trento","25-07-1965","Italia","TN","Pergine Valsugana","Località Cirè Via per Trento","17","328 1751026","RDLRRT65L25L378M","25-07-2023","0.00",,,,,,,,,,,,,,,,,,,,,"Posto auto","foglio: 3,particella: 297,comune amministrativo: Elkc-Pergine Valsugana,comune catastale:205-Madrano","16-08-2022",,,,,,
"95","ROMEO TOUR DI ZADRA MIRKO","VIA DEI PIAZZI, 12","38057","CANEZZA","PERGINE VALSUGANA","TN","IT","338 3968296",,,,,,,,"46945",,"02242500227","338 3968296","Mirko 338 3968296","romeotour@hotmail.it",,"romeotour@pec.trovarti.it","trento.77",,"SI","Bassa e Alta Valsugana","Impresa individuale","Zadra Mirko",,"SCUOLE","PATTY","16316423UN","19040744","N57981","C.C.N.L. AUTOTRASPORTO MERCI ARTIGIANATO - INDUSTRIA - COOPERATIVE E LOGISTICA
","192","28-01-2013","1","5","PATERNOSTER FERRUCCIO","OH0C0-L2GH4-DBEB9-ECG64","19-05-2022",,"Mirko","Zadra","Italia","TN","Trento","20-05-1977","Italia","TN","Pergine Valsugana","Frazione Canezza,Via dei Piazzi","12","338 3968296","ZDRMRK77E20L378O","20-05-2032","0.00",,,,,,,,,,,,,,,,,,,,,"Rimessa 1","FRAZIONE CANEZZA VIA DEI PIAZZI, 12","30-09-2016","Rimessa 2","GARDOLO P.ED. 1066/3","30-09-2016",,,
"96","S. DUE DI SARTORELLI LUCA","VIA DE GASPERI, N. 19","38123","TRENTO","TRENTO","TN","IT","348 2666405","38074 - DRO - VIA G. MAZZINI 14 (INVIO POSTA)","38123","TRENTO","TRENTO","TN","IT",,"46301","0461-394826","01766100224","0461 925636","Luca 348 2666405; Martina  328 3808849","luca@sartorelli.net","trento@sartorelli.net","sdue@pec.sartorelli.net","arco.1974",,"SI","Trento Valle dei Laghi","Impresa individuale","Sartorelli Luca",,"NESSUN SERVIZIO IN APPALTO","PATTY","8305614988","07128879/06","P50109","C.C.N.L. AUTORIMESSE E NOLEGGIO AUTOMEZZI","134","14-10-2002","1","100","seconda quota da SECCHI GIULIANO tenuta fino ad aprile 2022","4KA60-EACH4-BP5D7-AB9D8","09-06-2023",,"Luca","Sartorelli","Italia","TN","Arco","31-08-1974","Italia","TN","Dro","Vicolo Castello","8","348 2666405","SRTLCU74M31A372K","31-08-2023","0.00",,,,,,,,,,,,,,,,,,,,,"Rimessa 1","VIA ANNA FRANK, N. 3","30-09-2016","Rimessa 2","TRENTP P.ED. 5055","30-09-2016","Rimessa 3","TRENTO P.F. 5813/3","30-09-2016"
"97","SARCATOUR S.R.L.","VIA ARCO, N. 4","38074","CENIGA DI DRO",,"TN","IT","348 3902802",,,,,,,,"46463","0464 544542","01917040220","0464 504224","Dante 348 3902802; Marcello 348 3902804; Matteo 348 3902806 Roberto 348 3902805","info@sarcatour.it",,"info@pec.sarcatour.it","dro.1936",,"SI","Vallagarina, Alto Garda e Ledro","Società a responsabilità limitata (S.r.l.)","Santoni Roberto",,"SCUOLE/LINEE","GLORIA","8306151408","14075749","P51377","C.C.N.L. AUTORIMESSE E NOLEGGIO AUTOMEZZI","156","07-03-2005","1",,,"JOO60-LNH75-II6D2-Q7513","03-03-2025",,"Dante","Santoni","Italia","TN","Dro","23-08-1936","Italia","TN","Dro","Frazione Ceniga, Via Arco","14","348 3902802","SNTDNT36M23D371I","23-08-2030","49.00","SANTONI ROBERTO","Dro (TN) Vicolo Archette, 2/a","25,00","31-12-2029",,"SANTONI MATTEO","Dro (TN) Vicolo Rochette, 2","25,00","30-10-2026",,"E.T.L.I. S.C.AR.L.","Rovereto (TN) Corso Rosmini, 82","1,00",,,,,,,,"Rimessa 1","VIA ARCO, N. 4","30-09-2016","Rimessa 2","DRO P.ED. 1276","30-09-2016",,,
"98","SARTORELLI SOCIETA' A RESPONSABILITA' LIMITATA IN SIGLA SARTORELLI S.R.L.","PIAZZA DELLA REPUBBLICA, 3","38074","DRO","DRO","TN","IT","348 2666401",,,,,,,,"46451","0464 544535","01903690228","0464 504233 o 0464 544067","Eligio 348 2666401; Carla 348 2666402  ","info@sartorelli.net","(AMMINISTRAZIONE PER INVIO FATTURE CONTEGGI ) amministrazione@sartorelli.net","sartorelli@pec.sartorelli.net","dro.1948",,"SI","Vallagarina, Alto Garda e Ledro","Società a responsabilità limitata (S.r.l.)","Sartorelli Eligio","Sartorelli Luca e Consoli Federica con nomina CDA","NESSUN SERVIZIO IN APPALTO","GLORIA","8306135749","91636632","P50506","C.C.N.L. AUTORIMESSE E NOLEGGIO AUTOMEZZI","153","24-12-2004","1","153","SARTORELLI ELIGIO","EI8H0-BC5J4-HC6B9-JCFD7","01-06-2023",,"Eligio","Sartorelli","Italia","TN","Dro","03-01-1948","Italia","TN","Dro","Via al Dosso del Castello","6","348 2666401","SRTLGE48A03D371L","03-01-2028","60.00","SARTORELLI LUCA","Dro (TN) Vicolo Castello, 8","25,00","31-08-2023","legale rappresentante","ISCHIA CARLA","Dro (TN) Via al Dosso del Castello,6","10,00","24-10-2022",,"SARTORELLI FRANCESCA","Dro (TN) Via al Dosso del Castello,6","5,00","08-11-2024",,"CONSOLI FEDERICA","Dro (TN) Vicolo Castello, 8",,"20-08-2028","legale rappresentante","Rimessa 1","PIAZZA REPUBBLICA, 3","30-09-2016","Rimessa 2","DRO P.ED. 1233","30-09-2016","Rimessa 3","DRO P.F. 909/3","30-09-2016"
"99","SIGNORI SI PARTE DI DONINI IORAM","VIA NAZIONALE, 73","38018","MOLVENO","MOLVENO","TN","IT","335 5949531","LAVIS VIA AI VODI 24","38018","MOLVENO","MOLVENO","TN","IT","335 5949531","47609","0461 857057","02563580220","0461 857057","Ioram 335 5949531","amministrazione@signorisiparte.com",,"signorisiparte@pec.it","trento.76",,"SI","Bassa e Alta Valsugana","Impresa individuale","Donini Ioram",,"LINEA","OLIMPIA","8306296765","1419387169","P50546","C.C.N.L. AUTOTRASPORTO MERCI ARTIGIANATO - INDUSTRIA - COOPERATIVE E LOGISTICA","2015-18","23-10-2019","1","99","SARTORI ROSALIO","DH950-K94D5-JAJ91-KKLH3","21-08-2022",,"Ioram","Donini","Italia","TN","Trento","20-01-1976","Italia","TN","Molveno","Via Nazionale","73","335 5949531","DNNRMI76A20L378Y","20-01-2032","0.00",,,,,,,,,,,,,,,,,,,,,"Rimessa 1","LAVIS P.E.D 1291/2 IN P.T. 2797","12-08-2022",,,,,,
"100","SOLETANA VIAGGI S.R.L.","VIA AL RIO 28-1/A","38089","DARZO","STORO","TN","IT","340 3794061",,,,,,,,"46434","0465 680675","01870750229","340 3794061","Luca Beltrami 340 3794061; Mariateresa 340 3761925; Renzo 349 5981334 - 388 1446191","soletanaviaggi@gmail.com",,"soletanaviaggi@pec.it","tione.71",,"SI","Trento Valle dei Laghi","Società a responsabilità limitata (S.r.l.)","Ghizzi Mariateresa",,"SCUOLE/LINEE","LUANA","830699835100","15580861BV","P50706","C.C.N.L. AUTORIMESSE E NOLEGGIO AUTOMEZZI","151","15-06-2004","1",,,"OKBJ0-7N395-BB0C0-KKAC0","10-03-2025",,"Luca","Beltrami","Italia","TN","Tione di Trento","05-07-1971","Italia","TN","Storo","Via al Rio","26","340 3794061","BLTLCU71L05L174T","05-07-2029","100.00",,,,,,,,,,,,,,,,,,,,,"Rimessa 1","VIA AL RIO 28-1/A","02-09-2016","Rimessa 2","STORO C.C. 365 P.ED. 1080/1 P.T. 1936/II","02-09-2016",,,
"101","SRT S.R.L.","Via Mazzini 14/a","38074","DRO","DRO","TN","IT","0464 544067",,,,,,,,"47865","0464 544535","02669780229","0464 544067","Eligio 348 2666401","info@sartorelli.net","(AMMINISTRAZIONE PER INVIO FATTURE CONTEGGI ) amministrazione@sartorelli.net","mail@pec.srt-autolinee.it","dro.1948",,"NO","Vallagarina, Alto Garda e Ledro","Società a responsabilità limitata (S.r.l.)",,,"SCUOLE/LINEE","PATTY","8308619638"," 20985607/31",,"C.C.N.L. AUTORIMESSE E NOLEGGIO AUTOMEZZI","31/2015","11-04-2022","1",,"S2 PER LA QUOTA",,"01-06-2023",,"Sartorelli","Eligio","Italia","TN","Dro","03-01-1948","Italia","Dro","Dro","Via Al Dosso del Castello ","6","348 2666401","SRTLGE48A03D371L","03-01-2028","0.00","TRIVISANI ANTONIO",,,,"Consigliere",,,,,,,,,,,,,,,,"Rimessa","PIAZZA REPUBBLICA, 3 DRO P.ED. 1233  DRO P.F. 909/3","22-09-2022",,,,,,
"102","STABLUM FRANCO","VIA UGO SILVESTRI, N. 42/A","38027","MALE'","MALE'","TN","IT","339 8122893",,,,,,,,"46514","0463 902302","01215830223","0463 902302","Franco 339 8122893","taxistablum@gmail.com",,"taxistablum@pec.it","cles.1962",,"SI","Valle di Sole, Non, Rotaliana Andalo e Denno","Impresa individuale","Stablum Franco",,"IN APPALTO 2016/2020",,"8306971682","2827499","P51415",,"195","22-08-2013","1","18","ALIMONTA","CLGK0-EG9B5-CBG71-1JRA0","09-07-2022",,"Franco","Stablum ","Italia","TN","Cles","07-04-1962","Italia","TN","Malè","Via Ugo Silvestri","42/a","339 8122893","STBFNC62D07C794G","07-04-2029","0.00",,,,,,,,,,,,,,,,,,,,,"Rimessa 1","P. ED. 498 C.C. Malè","12-08-2022",,,,,,
"103","STENGHELE S.R.L.","VIA TRIESTE, N. 18","38046","CHIESA","LAVARONE","TN","IT","340 9284077",,,,,,,,"46115","0464 780528","00167750223","0464 783172","Aldo 336 467047 ; Anna 335 6485268; Alessia 340 9284077","stenghelesnc@tin.it",,"stenghelesnc@legalmail.it","lavarone.55",,"SI","Vallagarina, Alto Garda e Ledro","Società a responsabilità limitata (S.r.l.)","Stenghele Aldo",,"SCUOLE/LINEE","GLORIA","8303553768","25870064/47","P50721","C.C.N.L. METALMECCANICA ARTIGIANATO","1","18-06-1999","1",,,"OCKN0-A46N5-IQCE5-CJJN3","03-05-2024",,"Aldo","Stenghele","Italia","TN","Lavarone","26-09-1955","Italia","TN","Lavarone","Fraz. Chiesa via Trieste","28","336 467047","STNLDA55P26E492E","26-09-2032","100.00",,,,,,,,,,,,,,,,,,,,,"Rimessa 1","FRAZIONE CHIESA VIA TRIESTE, N. 18","09-09-2016","Rimessa 2","C.C. 184 LAVARONE P.ED.  1494 - 827","19-08-2022",,,
"104","SVALDI PIERINO ","VIA C. CAVOUR, 21","38043","CENTRALE","BEDOLLO","TN","IT","335 1203702","VIA VERDI, N. 38","38043","CENTRALE ","BEDOLLO","TN","IT",,"46018","0461 556645 ","00820470227","0461 556645","Pierino 335 6027535; Christian 335 1203702 o 338/1916865; Anita 335 7616512","centraltaxisvaldi@gmail.com",,"centraltaxi@pec.trovarti.it","bedollo.47",,"SI","Valle di Fiemme, Fassa, Cembra, Altopiano di Pinè","Impresa individuale","Svaldi Pierino",,"SCUOLE/LINEE","IRENE","8304807330","8896560/83","P51448",,"103","13-07-1999","1",,,"BHH90-24DM5-H65D0-EGMP1","31-08-2024",,"Pierino","Svaldi","Italia","TN","Bedollo","10-08-1947","Italia","TN","Bedollo","Loc. Centrale Via G. Verdi","38","335 6027535","SVLPRN47M10A730A","10-08-2027","0.00",,,,,,,,,,,,,,,,,,,,,"Rimessa 1","LOCALITA' LAGO PIAZZE","30-09-2016","Rimessa 2","BEDOLLO P.F. 2904/1","30-09-2016",,,
"105","TAMBURINI MARIO ","VIA SAN MARCO, 20","38065","MORI","MORI","TN","IT","338 2621041",,,,,,,,"46068",,"01526010226","0464 911111","Mario 338 2621041","mario.tamburini@virgilio.it",,"autonoleggiotamburinimario@pec.it","rovereto.71",,"SI","Vallagarina, Alto Garda e Ledro","Impresa individuale",,,"SCUOLE","GLORIA","14639383 BT ","2896161",,,"104","13-07-1999","1",,,"QAAH0-GD875-M7CL0-HC2D1","09-06-2022",,"Mario","Tamburini","Italia","TN","Rovereto","03-05-1971","Italia","TN","Mori","Via San Marco ","20","338 2621041","TMBMRA71E03H612E","03-05-2023","0.00",,,,,,,,,,,,,,,,,,,,,"Rimessa 1","VIA GIOVANNI XXIII, N. 21","02-09-2016","Rimessa 2","MORI C.C. 245 P.ED. 1351 E 1382","02-09-2016",,,
"106","TAXI VIAGGI VALENTINELLI DI VALENTINELLI GIORGIO & C. SNC","VIA AI LAUREDI 3","38022","SAMOCLEVO","CALDES","TN","IT","335 7089777",,,,,,,,"47073",,"02390460224","0463 902217","Giorgio 335 7089777; Angela moglie 348 2241134; Gessica 3404293385","info@taxiviaggivalentinelli.com",,"viaggivalentinelli@pec.trovarti.it","caldes.54",,"SI","Valle di Sole, Non, Rotaliana Andalo e Denno","Società a nome collettivo (S.n.c.)","Valentinelli Giorgio",,"SCUOLE/LINEE","LUANA","8307730154","25870795/38","N57217","C.C.N.L. AUTOTRASPORTO MERCI ARTIGIANATO - INDUSTRIA - COOPERATIVE E LOGISTICA","2015-02","01-09-2015","1","112","VALENTINELLI GIORGIO","FJ5D0-GO3F5-JGJI2-5HEJ5","27-09-2024",,"Giorgio","Valentinelli","Italia","TN","Caldes","11-05-1954","Italia","TN","Caldes","Fraz. Samoclevo Via ai Lauredi","3","335 7089777","VLNGRG54E11B400V","11-05-2031","60.00","GENTILINI ANGELA","Caldes (TN) Fraz. Samoclevo Via ai Lauredi 3","20,00","10-08-2031","legale rappresentante","VALENTINELLI GESSICA","Caldes (TN) Via di San Vigilio, 75","10,00","17-04-2031","legale rappresentante","VALENTINELLI MASSIMO","Caldes (TN) Fraz. Samoclevo Via ai Lauredi 3","10,00","02-09-2028","legale rappresentante",,,,,,"Rimessa 1","FRAZ. SAMOCLEVO VIA AI LAUREDI 3","12-09-2016","Rimessa 2","C.C. 136 DIMARO P.ED. 505","12-09-2016","Rimessa 3","CALDES P.ED. 162","12-09-2016"
"107","TAXI ZETA DI ZAMPIERI SERGIO","VICOLO TONETO, N. 04","38030","ZIANO DI FIEMME","ZIANO DI FIEMME","TN","IT","347 8840816",,,,,,,,"46407",,"01855620223","0462 571398","Sergio 347 8840816","iglif.zeta@gmail.com",,"taxizeta@legalmail.it","bolzano.72",,"NO","Valle di Fiemme, Fassa, Cembra, Altopiano di Pinè","Impresa individuale","Trettel Lorena",,"SCUOLE/LINEE","IRENE","15410807TW","91286895/80","P55123",,"150","15-06-2004","1",,,"6OEB0-CPD25-JFGA3-LGRE3","01-09-2023",,"Sergio","Zampieri","Italia","BZ","Bolzano","10-09-1972","Italia","TN","Ziano di Fiemme","Vicolo Toneto ","4","347 8840816","ZMPSRG72P10A952V","10-09-2031","0.00",,,,,,,,,,,,,,,,,,,,,"Rimessa 1","VICOLO TONETO, N. 04","30-09-2016","Rimessa 2","ZIANO DI FIEMME P.F. 5190/1","30-09-2016",,,
"108","TAXI-MINIBUS-AUTOBUS PANIZZA S.A.S. DI ZENDELI ILIR","VIA DELL'ARTIGIANATO, N. 37","38026","FUCINE","OSSANA","TN","IT","348 3746961",,,,,,,,"47699",,"02590170227","348 374696","Ilir 348 3746961; Krenar 351 9444020","info@taxipanizza.com","ilir.zendeli@outlook.com","taxipanizzasas@pec.trovarti.it","cles.1964",,"SI","Valle di Sole, Non, Rotaliana Andalo e Denno","Società in accomandita semplice (S.a.s.)","Panizza Flavio",,"SCUOLE/LINEE","LUANA","5F7B","20608151/13","N58548","C.C.N.L. AUTOTRASPORTO MERCI ARTIGIANATO - INDUSTRIA - COOPERATIVE E LOGISTICA","2015-23","09-06-2020","1",,,"3HAB0-LMB25-GF8R1-FT4E3","04-06-2023",,"Ilir","Zendeli","Macedonia","Simnica","S. Simnica - Gostivar Macedonia","03-05-1976","Italia","TN","Pellizzano","Via G. Battista Ramus","6","348 3746961","ZNDLRI76E03Z148B","03-05-2032","97.00","PANIZZA FLAVIO","Vermiglio (TN) Via di Borgo Nuovo 32","1,00","15-06-2029","legale rappresentante","ZENDELI KRENAR","Ossana (TN) Via Guglielmo Marconi, 10","1,00","25-12-2030","socio accomandante",,,,,,,,,,,"CAPANNONE","P.ed 527","18-08-2022",,,,,,
"109","TECNOBENZ DI VALLE GIOVANNI E GUIDO S.N.C.","Piazza 28 aprile","38064","CARBONARE","FOLGARIA","TN","IT","338 1808005",,,,,,,,"46154","0464 721144","01505310225","0464 721144","Guido 338 1808005; Gianni 349 7389903 ","tecnobenzfolgaria@gmail.com",,"tecnobenz@legalmail.it","trento.66",,"SI","Vallagarina, Alto Garda e Ledro","Società a nome collettivo (S.n.c.)","NON ISCRITTA REN",,"SCUOLE","GLORIA","8304716119","90697980/00",,,"126","07-01-2000","2","76;118","PAON ETTORE; WENINGER ROBERTO","NFB90-BEDH4-IBBB7-355E9","04-03-2025",,"Guido","Valle","Italia","TN","Trento","08-02-1966","Italia","TN","Folgaria","Via A. Toscanini","39","338 1808005","VLLGDU66B08L378M","08-02-2029","50.00","VALLE GIOVANNI","Folgaria (TN) Via Nazioni Unite, 3","50,00","21-04-2031",,,,,,,,,,,,,,,,,"Rimessa 1","FRAZIONE CARBONARE                        PIAZZA 28 APRILE, N. 8","07-09-2016","Rimessa 2","FOLGARIA P.ED. 2947 E P.F. 8229/1","07-09-2016",,,
"110","TI PORTO IO - TRASPORTI INFERMI DI PELLEGRIN ARNALDO","STRADA DON SEPON, N. 29","38030","SORAGA DI FASSA","SORAGA DI FASSA","TN","IT","347 5101060",,,,,,,,"46663","0462 768331","01853240222","0462 768331","Arnaldo 347 5101060","info@dolomititaxi.it",,"pellegrinarnaldo@pec.it","soraga.59",,"SI","Valle di Fiemme, Fassa, Cembra, Altopiano di Pinè","Impresa individuale",,,"SCUOLE","IRENE","8306463752","9131998310",,"C.C.N.L. AUTORIMESSE E NOLEGGIO AUTOMEZZI","166","11-07-2007","1","87","PIFFER MARIA LUIGIA","2FL50-EFFE4-ECNB9-F3I94","06-06-2022",,"Arnaldo","Pellegrin","Italia","TN","Soraga","15-02-1959","Italia","TN","Soraga di Fassa","Strada don Sepon","29","347 5101060","PLLRLD59B15I839Z","15-02-2032","0.00",,,,,,,,,,,,,,,,,,,,,"Garage","P.ED. 394 C.C. 356 FOGLIO 8","27-10-2022",,,,,,
"111","TN SERVICE LORENZI SRL A CAPITALE RIDOTTO","STRADA PROVINCIALE 69, N. 8/B","38089","STORO","STORO","TN","IT","331 5775660",,,,,,,,"46977",,"02273290227","0465 689394","Andrea 331 5775660","info@tnservicelorenzi.it","tnservicelorenzi@gmail.com","tnservicelorenzisrlcr@legalmail.it","gavardo.87",,"SI","Rendena, Chiese e Lomaso","Società a responsabilità limitata a capitale ridotto","Tavelli Andrea",,"SCUOLE/LINEE","LUANA","8307402040","19162121","N55602","C.C.N.L. AUTORIMESSE E NOLEGGIO AUTOMEZZI","193","28-01-2013","1",,,"BSLD0-JL3J5-KIE31-AH498","04-05-2022",,"Andrea","Tavelli ","Italia","BS","Gavardo","30-07-1987","Italia","TN","Storo","Via del Mercato","10","331 5775660","TVLNDR87L30D940J","30-07-2029","75.00","TAVELLI LAURA","Bondone (TN) Via Lago, 28","25,00","03-06-2023","consigliere",,,,,,,,,,,,,,,,"Rimessa 1","STRADA PROVINCIALE 69, N. 8/B","30-09-2016","Rimessa 2","STORO P.ED. 908/1","30-09-2016","Rimessa 3","BONDONE P.ED. 422","30-09-2016"
"112","TODESCHI AUTONOLEGGI S.R.L.","LOC. GIARDINI - VIA DON G.CALZA', N. 9","38060","VILLA LAGARINA","VILLA LAGARINA","TN","IT","335 7721367",,,,,,,,"46768","0464 498217","02100200225","0464 461669","Lorenza 335 7721367; Matteo 335 5606099","info@todeschiautonoleggi.it",,"todeschiautonoleggi@ticertifica.it","villalagarina.31",,"SI","Vallagarina, Alto Garda e Ledro","Società a responsabilità limitata (S.r.l.)","Todeschi Matteo",,"SCUOLE/LINEE","GLORIA","8306830163","92589401/88","P53522","C.C.N.L. AUTOTRASPORTO MERCI ARTIGIANATO - INDUSTRIA - COOPERATIVE E LOGISTICA","175","26-01-2009","1","105","TODESCHI PIO","8LMD0-SGDE5-MEJJ4-45IP9","26-05-2022",,"Pio","Todeschi","Italia","TN","Villa Lagarina","29-12-1931","Italia","TN","Villa Lagarina","Via Daiano","23","335 5606099","TDSPIO31T29L957U","29-12-2025","14.00","TODESCHI MATTEO","Nogaredo (TN) Via per Sasso, 14","48,00","18-06-2023","consigliere","TODESCHI LORENZA","Villa Lagarina (TN) Via del Torchio, 3","38,00","25-07-2032","consigliere",,,,,,,,,,,"Rimessa 1","LOC. GIARDINI - VIA DON G.CALZA', N. 9","09-09-2016","Rimessa 2","VILLALAGARINA P.ED. 454","09-09-2016","Rimessa 3","CASTELLANO P.ED. 392","09-09-2016"
"113","TOLLER S.N.C. DI TOLLER CALLISTO E C. ","VIA MAFFEI, 98","38064","COSTA","FOLGARIA","TN","IT","348 4762007",,,,,,,,"46168","0464 488392","01423210226","0464 721172","Valentino 348 4762007","info@tollerfolgaria.com",,"toller.snc@pec.it","trento.63",,"SI","Vallagarina, Alto Garda e Ledro","Società a nome collettivo (S.n.c.)","Toller Valentino",,"SCUOLE/LINEE","GLORIA","8304397187","2590705806","P50752","C.C.N.L. AUTOTRASPORTO MERCI ARTIGIANATO - INDUSTRIA - COOPERATIVE E LOGISTICA","106","13-07-1999","1",,,"MLCA0-7OCQ4-N2FG9-27849","25-06-2022",,"Valentino","Toller ","Italia","TN","Trento ","07-02-1963","Italia","TN","Folgaria","Frazione Costa Via A. Maffei","98","348 4762007","TLLVNT63B07L378M","07-02-2024","99.00","TOLLER ARIANNA","Folgaria (TN) Frazione Costa Via Andrea Maffei, 98","1,00","15-03-2030",,,,,,,,,,,,,,,,,"Rimessa 1","FRAZIONE COSTA                               VIA MAFFEI, N. 98 ","15-09-2016","Rimessa 2","FOLGARIA P.F. 4685/1","15-09-2016",,,
"114","TOMA SPEED DI TOMASELLI PIERGIORGIO","LOC. LOCHERE N.1/a","38052","CALDONAZZO","CALDONAZZO","TN","IT","348 3001320",,,,,,,,"46804","0461 701552","02120080227","348 3001320","Piergiorgio 348 300132; Cristina 347 2748104; Alessandro 342 6053757","piergiorgiotomaselli@gmail.com","piergiorgiotomaselli@yahoo.it","piergiorgiotomaselli@pec.trovarti.it","trento.1966",,"SI","Bassa e Alta Valsugana","Impresa individuale",,,"SCUOLE/LINEE","PATTY","16033475KL / 830016033475 DLA 09432","14734823/68",,,"179","13-07-1999","1","42; 49","DALI';FERSINA 2° quota tenuta fino aprile 2022 ","5HJE0-DEHA5-HD8E0-LB9J9","18-07-2022",,"Piergiorgio","Tomaselli","Italia","TN","Trento","21-05-1966","Italia","TN","Caldonazzo","Loc. Lochere ","2","348 3001320","TMSPGR66E21L378F","21-05-2026","0.00",,,,,,,,,,,,,,,,,,,,,"Rimessa 2","CALDONAZZO P.ED. 1048","22-08-2022",,,,,,
"115","TONALE VIAGGI DI PANIZZA CLAUDIO","VIA DI S. CATERINA, 5/A","38029","VERMIGLIO","VERMIGLIO","TN","IT","333 5210297",,,,,,,,"47459","0463 759374","02512490224","0463 758522","Antonio 338 5072743; Claudio 333 5210297 ","tonaleviaggi@libero.it",,"tonaleviaggi@pec.it","cles.1980",,"SI","Valle di Sole, Non, Rotaliana Andalo e Denno","Impresa individuale","Panizza Antonio",,"LINEA","OLIMPIA","8308112012","20259930/48.","N58111","C.C.N.L. AUTORIMESSE E NOLEGGIO AUTOMEZZI","2015-11","22-08-2018","1",,,"A4JI0-C8H84-B1734-N4878","13-06-2022",,"Claudio","Panizza","Italia","TN","Cles","06-05-1980","Italia","TN","Ossana","Strada della Fornas","22","333 5210297","PNZCLD80E06C794Y","06-05-2028","0.00",,,,,,,,,,,,,,,,,,,,,"Rimessa 1","VIA S. CATERINA, N. 05/A","04-10-2016","Rimessa 2","OSSANA P.ED. 526","04-10-2016",,,
"116","TORBOLE TOUR S.N.C. DI ZANELLA LUCA E C.","Via San Vigilio, 72","38069","TORBOLE","NAGO-TORBOLE","TN","IT","353 3590457",,,,,,,,"46081",,"01556970224","0464 506149","Luca 353 3590457","info@torboletour.com",,"torboletour@ticertifica.it","rivadelgarda.69",,"SI","Vallagarina, Alto Garda e Ledro","Società a nome collettivo (S.n.c.)","Zanella Luca",,"SCUOLE","GLORIA","14954323","07133261/97","P51359",,"107","13-07-1999","1",,,"FSD90-LL985-IHBB2-CIN68","03-11-2024",,"Luca","Zanella","Italia","TN","Riva del Garda","29-11-1969","Italia","TN","Nago Torbole","Via di Tezze 1","81","353 3590457","ZNLLCU69S29H330X","29-11-2024","95.00","VIVALDI TIZIANA","Brentonico (TN) Via delle Zenge des Bes, 15","5,00","15-10-2024",,,,,,,,,,,,,,,,,"Rimessa 1","FRAZ. TORBOLE          NAGO TORBOLE P.ED. 1423","11-08-2022",,,,,,
"117","TRAINOTTI PAOLO","LOC. SEGA, N. 7","38061","ALA","ALA","TN","IT","335 8299913",,,,,,,,"46105","0464 670108","00835700220","0464 671253","Paolo 335 8299913","paolo.trainotti@albergomontilessini.it",,"trainotti.paolo@pec.it","alatrento.62",,"SI","Vallagarina, Alto Garda e Ledro","Impresa individuale",,,"NESSUN SERVIZIO IN APPALTO","GLORIA","15215789WN","90598771",,,"108","13-07-1999","1",,,"8C6L0-LKDK5-KJCF7-RRKM1",,,"Paolo","Trainotti","Italia","TN","Ala","09-05-1962","Italia","TN","Ala","Loc. Sega","7","335 8299913","TRNPLA62E09A116D","09-05-2025","0.00",,,,,,,,,,,,,,,,,,,,,"Rimessa 1","LOC. SEGA, N. 7","30-09-2016","Rimessa 2","ALA P.ED. 1131 P.F. 2660/45","30-09-2016",,,
"118","TRENTINOBUS S.R.L.","VIA VECIA, 1","38070","STENICO","STENICO","TN","IT","329 0978576","VIA DEL MORO, 4","38070","ANDALO","ANDALO","TN","IT","329 0978576","46329","0461 589459","01076430220","0461 585019","Paolo 329 0978576; Francesca 348 8503279; Silvana 0465 771044","info@trentinobus.it",,"info@pec.trentinobus.it","trento.70",,"SI","Rendena, Chiese e Lomaso","Società a responsabilità limitata (S.r.l.)","Maffei Paolo",,"SCUOLE/LINEE","LUANA","8303781761","3804426","P51693","C.C.N.L. AUTORIMESSE E NOLEGGIO AUTOMEZZI","196","17-01-2014","1","9","MAFFEI VIGILIO","IHHB0-MIGD5-LJAD1-3CJ29","12-07-2024",,"Paolo","Maffei","Italia","TN","Trento","15-04-1970","Italia","TN","Stenico","Via Vecia","1","329 0978576","MFFPLA70D15L378H","15-04-2029","45.00","GIORDANI SILVANA","Stenico (TN) Via Vecia,3","5,00",,,"MAFFEI VIGILIO","Stenico (TN) Via Vecia,3","5,00","06-02-2032",,"MAFFEI FRANCESCA","Stenico (TN) Località Sottocoleo, 4","45,00",,"consigliere",,,,,,"Rimessa 1","VIA VECIA, 1","09-09-2016","Rimessa 2","STENICO P.ED. 832","09-09-2016","Rimessa 3","TRENTO - Loc. Spini di Gardolo (via Linz 61) P.ED.1811/5 in P.T. 3469 C.C. Gardolo","19-08-2022"
"119","VALBUS S.R.L.","VIA MARCONI, N. 79/A","38057","PERGINE VALSUGANA","PERGINE VALSUGANA","TN","IT","335 7792817",,,,,,,,"46780",,"02117210225","0461 511232","Luca 335 7792817; Fabiana 348 2836439","valbussrl@gmail.com",,"valbussrl@pec.it","trieste.90",,"NO","Bassa e Alta Valsugana","Società a responsabilità limitata (S.r.l.)","Trento Luca",,"SCUOLE/LINEE","PATTY","8306867035","18455419/16","P53658","C.C.N.L. AUTORIMESSE E NOLEGGIO AUTOMEZZI","177","05-05-2009","1","110","VALANDRO FRANCO","IDDP0-4B9G5-L78K2-AMFN3","09-12-2024",,"Luca","Trento","Italia","TS","Trieste","28-04-1990","Italia","TN","Pergine Valsugana","Via Francesco Petrarca","38/a","335 7792817","TRNLCU90D28L424L","28-04-2033","34.00","TRENTO PAOLO","Pergine Valsugana (TN) Via Marconi, 79","33,00","05-06-2029",,"DRAGAN FABIANA","Pergine Valsugana (TN) Via Marconi, 79","33,00","21-03-2032",,,,,,,,,,,,"Rimessa 1","CIVEZZANO P.ED. 1646 P.M. 9 SUB. 17","22-08-2022",,,,,,
"120","VALDUGA FRANCESCO","VIA PASUBIO, 125","38064","SERRADA","FOLGARIA","TN","IT","348 2262002",,,,,,,,"46054","0464 727076","00958330227","0464 727000","Francesco 348 2262002; Anna 327 6882711","francesco.valduga@alice.it",,"francesco.valduga@pec.it","folgaria.64",,"SI","Vallagarina, Alto Garda e Ledro","Impresa individuale","Valduga Francesco",,"LINEA","OLIMPIA","133920120 31104300","25912982/24","P55573",,"111","13-07-1999","1",,,"7M4A0-F45B4-B5G05-JAS16","19-01-2024",,"Francesco","Valduga","Italia","TN","Folgaria","03-03-1964","Italia","TN","Folgaria","Serrada Via Pasubio","125","348 2262002","VLDFNC64C03D651F","03-03-2032","0.00",,,,,,,,,,,,,,,,,,,,,"Rimessa 1","FRAZIONE SERRADA                             VIA PASUBIO 125","01-09-2016","Rimessa 2","FOLGARIA p.ed. 2739","01-09-2016",,,
"121","VIAGGI AMANDA SRL","LOC. FORMOL, N. 01","38020","BORGO D'ANAUNIA","BORGO D'ANAUNIA","TN","IT","338 7045525",,,,,,,,"46899","0463 889199","02196530220","0463 889199","Amanda 338 7045525 Vigilio 333 2905798","viaggiamanda@yahoo.it",,"viaggiamanda@ticertifica.it","sarnonico.56",,"SI","Valle di Sole, Non, Rotaliana Andalo e Denno","Società a responsabilità limitata (S.r.l.)","NON ISCRITTA REN","Cologna Vigilio","NESSUN SERVIZIO IN APPALTO","LUANA","8307138679","18778757","P53809","C.C.N.L. AUTORIMESSE E NOLEGGIO AUTOMEZZI","184","25-01-2011","1","15","ABRAM AMANDA","P5HF0-DE415-JA3R0-DQGB7","20-10-2024",,"Amanda","Abram","Italia","TN","Sarnonico","30-12-1956","Italia","TN","Castelfondo","Loc. Formol","1","338 7045525","BRMMND56T70I439W","30-12-2023","50.00","COLOGNA VIGILIO","Borgo D'Anaunia (TN) Loc. Formol,1","30,00","17-01-2031",,"COLOGNA ELISA","Borgo D'Anaunia (TN) Loc. Formol,1","20,00",,,"COLOGNA NICOLA",,,,"amministratore",,,,,,"Rimessa 1","LOC. FORMOL, N. 01","26-09-2016","Rimessa 2","CASTELFONDO P.ED. 476","26-09-2016",,,
"122","VIAGGI BORDATI EZIO & C. S.N.C. ","VIA CASTELLETTO INFERIORE, N. 88","38086","MADONNA DI CAMPIGLIO","PINZOLO","TN","IT","335 237925",,,,,,,,"46114","0465 441718","01583260227","0465 441718","Alessandro 335 237925","info@taxibuscampiglio.com",,"viaggibordati@pec.it","tione.76",,"SI","Rendena, Chiese e Lomaso","Società a nome collettivo (S.n.c.)","Bordati Alessandro",,"SCUOLE","LUANA","14770988 KS","8906196/51","P53271","C.C.N.L. AUTORIMESSE E NOLEGGIO AUTOMEZZI","114","13-07-1999","1",,,"OH4A0-3GCK5-EIAD0-5AIN5","23-03-2023",,"Alessandro","Bordati","Italia","TN","Tione di Trento","30-10-1976","Italia","TN","Pinzolo","Madonna di Campiglio, Via Castelletto Inferiore","88","335 237925","BRDLSN76R30L174S","30-10-2031","100.00","BORDATI EZIO","Pinzolo Madonna di Campiglio (TN) Via Castelletto Inferiore 88",,"09-04-2028",,,,,,,,,,,,,,,,,"Rimessa 1","VIA CASTELLETTO INFERIORE, N. 88","12-09-2016","Rimessa 2","PINZOLO P.ED. 1488 SITA IN CAMPO CARLO MAGNO","12-09-2016",,,
"123","VIAGGI CICOLINI S.R.L.","FRAZIONE PRACORNO, 144","38020","RABBI","RABBI","TN","IT","335 6208670",,,,,,,,"46153",,"01570460228","0463 902119 - CASA 0463 901942","Pietro 335 - 6208670","info@viaggicicolini.com",,"info@pec.viaggicicolini.com","cles.1961",,"SI","Valle di Sole, Non, Rotaliana Andalo e Denno","Società a responsabilità limitata (S.r.l.)","Cicolini Pietro",,"SCUOLE/LINEE","LUANA","8305349507","08905427/58","P50930","C.C.N.L. AUTOTRASPORTO MERCI ARTIGIANATO - INDUSTRIA - COOPERATIVE E LOGISTICA","115","13-07-1999","1",,,"BG970-7H484-LECB8-6M5N1","29-04-2022",,"Pietro","Cicolini","Italia","TN","Cles","29-04-1961","Italia","TN","Rabbi","Fraz. Pracorno","144","335 6208670","CCLPTR61D29C794K","29-04-2023","90.00","ZANON DANIELA","Rabbi (TN) Fraz. Pracorno,144","10,00","10-08-2031",,,,,,,,,,,,,,,,,"Rimessa 1","FRAZIONE PRACORNO                              CIVICO 114/G","30-09-2016","Rimessa 2","RABBI P.ED. 1637","30-09-2016","Rimessa 3","CALDES P.ED. 82/1  E P.ED. 82/2","30-09-2016"
"124","VIAGGI CORNELIO DI FLESSATI NICOLA E C. S.N.C. ","VICOLO ANDRONE, 4","38020","MASTELLINA","COMMEZZADURA","TN","IT","335 6304877",,,,,,,,"46113","0463 978830","01450830227","0463 974470","Nicola 335 6304877 o 337 453939","info@viaggicornelio.it",,"cornelioviaggi@ticertifica.it","verona.77",,"SI","Valle di Sole, Non, Rotaliana Andalo e Denno","Società a nome collettivo (S.n.c.)","Flessati Nicola",,"SCUOLE/LINEE","LUANA","8304493753","25866636","P50932","C.C.N.L. AUTORIMESSE E NOLEGGIO AUTOMEZZI","116","13-07-1999","1",,,"C7S60-655B4-OA7C7-7EFI5","27-05-2022",,"Nicola","Flessati","Italia","VR","Verona","22-12-1977","Italia","TN","Commezzadura","Frazione Mastellina, Via dei Ponti","1","335 6304877","FLSNCL77T22L781Q","22-12-2030","56.00","FLESSATI MIRELLA","Commezzadura Fraz. Almazzago (TN) Via della Fantoma, 23","22,00","22-09-2027",,"FLESSATI ADA","Commezzadura Fraz. Mastellina Via delle Lavinie, 51","22,00","05-09-2032",,,,,,,,,,,,"Rimessa 1","FRAZIONE MASTELLINA                    V.LO DELLE ANDRONE, N. 04","02-09-2016","Rimessa 2","C.C. MASTELLINA I P.ED. 95 SUB 1 E 2","02-09-2016",,,
"125","VIAGGI FORMOLO S.A.S. DI FORMOLO ANGELO & C.","VIA MARON, 22","38010","SPORMINORE","SPORMINORE","TN","IT","333 3128814",,,,,,,,"46391","0461 641001","01852490224","0461 641001","Angelo 333 3128814; Ermanno 349 5958149","angeloformolo@hotmail.it",,"eredidinardelliester@pecimprese.it","trento.82",,"SI","Valle di Sole, Non, Rotaliana Andalo e Denno","Società in accomandita semplice (S.a.s.)","NON ISCRITTA REN",,"SCUOLE/LINEE","LUANA","15404273TK","13687869/21",,"C.C.N.L. AUTORIMESSE E NOLEGGIO AUTOMEZZI",,,"1","147","EREDI DI NARDELLI ESTER","S7DJ0-NGCJ5-HCLO6-NGBE3","05-12-2022",,"Angelo","Formolo","Italia","TN","Trento","18-03-1982","Italia","TN","Sporminore","Via Maron","22","333 3128814","FRMNGL82C18L378V","18-03-2026","45.00","FORMOLO ERMANNO","Sporminore (TN) Via Maron 22","45,00","09-11-2023","socio accomandante","FORMOLO ISABELLA","Predaia (TN) Via della Pineta 12","10,00","03-10-2031","socio accomandante",,,,,,,,,,,"Rimessa 1","VIA MARON, 22","09-09-2016","Rimessa 2","SPORMINORE P.ED. 242 SUB5 - PPMM 1-2","09-09-2016",,,
"126","VIAGGI VALFASSA S.R.L.","STRADA DI RUVES, 12","38036","PERA","SEN JAN DI FASSA","TN","IT","335 5956009",,,,,,,,"47478",,"02522070222","0462 764827","Franco 335 5956009; Monica 340 9320059","info@viaggivalfassa.it","taxifassa@libero.it; monicadesilvestro@yahoo.it","viaggivalfassasrl@legalmail.it","mazzin.59",,"SI","Valle di Fiemme, Fassa, Cembra, Altopiano di Pinè","Società a responsabilità limitata (S.r.l.)","Desilvestro Franco",,"SCUOLE","IRENE","12651923VN",,"N58158","C.C.N.L. AUTOTRASPORTO MERCI ARTIGIANATO - INDUSTRIA - COOPERATIVE E LOGISTICA","2015-12","18-12-2018","1","44","DESILVESTRO FRANCO","8HKD0-8IIA5-8LEE0-7E6K4","12-06-2022",,"Franco","Desilvestro","Italia","TN","Mazzin","06-12-1959","Italia","TN","Sen Jan di Fassa","Pera Strada di Ruves","10 int. 2","335 5956009","DSLFNC59T06F068I","06-12-2027","85.00","DESILVESTRO MONICA","San Giovanni di fassa-Sen Jan (TN) Pera Strada di Ruves 10","15,00","04-05-2032","legale rappresentante",,,,,,,,,,,,,,,,"Rimessa 1","C.C. 272 P.ED 437 FRAZIONE PERA STRADA DOLOMITES 193","21-08-2022",,,,,,
"127","VITO VIAGGI DI PEDRON VITTORIA","VIA S. ANTONIO, 39","38016","MEZZOCORONA","MEZZOCORONA","TN","IT","347 1059408",,,,,,,,"46897","0461 607669","01978470225","0461 603765","Vittoria 347 1059408; Onorio 335 8334935","v.pedron@libero.it",,"v.pedron@pec.trovarti.it","mezzolombardo.72",,"SI","Valle di Sole, Non, Rotaliana Andalo e Denno","Impresa individuale","Pedron Vittoria",,"SCUOLE/LINEE","IRENE","16197650 VM","COD VITA 18765246/50 - POS. 21056044/69","N56296","C.C.N.L. AUTOTRASPORTO MERCI ARTIGIANATO - INDUSTRIA - COOPERATIVE E LOGISTICA","183","31-01-2011","1","122","ZANI ROBERTO","GGN70-KJ4E5-HCBE1-AL4H3","09-08-2022",,"Vittoria","Pedron","Italia","TN","Mezzolombardo","21-02-1972","Italia","TN","Mezzocorona","Via S. Antonio","39","347 1059408","PDRVTR72B61F187R","21-02-2025","0.00",,,,,,,,,,,,,,,,,,,,,"Rimessa 1","VIA S. ANTONIO, 39","30-09-2016","Rimessa 2","MEZZOCORONA P.ED. 564","30-09-2016",,,
"128","VOLTOLINI SNC DI VOLTOLINI LUCA E MARTINO ","VIA NAZIONALE, N. 6","38050","TEZZE DI GRIGNO","TEZZE DI GRIGNO","TN","IT","335 7525644",,,,,,,,"46063","0461 769136","00660690223","0461 769136","Luca 335 7525644","voltolinisnc@tin.it",,"voltolinisnc@ticertifica.it","borgo.62",,"SI","Bassa e Alta Valsugana","Società a nome collettivo (S.n.c.)","Voltolini Luca",,"SCUOLE","PATTY","8304961982","008890406/91","P52030","C.C.N.L. AUTOTRASPORTO MERCI ARTIGIANATO - INDUSTRIA - COOPERATIVE E LOGISTICA","6","18-06-1999","1",,,"MHB50-MKC85-HG9C0-M95E9","04-01-2024",,"Voltolini","Luca","Italia","TN","Borgo Valsugana","31-05-1962","Italia","TN","Grigno","Tezze Via Nazionale","41","335 7525644","VLTLCU62E31B006N","31-05-2023","50.00","VOLTOLINI MARTINO","Grigno Tezze (TN) Via masetto Vecchio, 49","50,00","15-05-2031","legale rappresentante",,,,,,,,,,,,,,,,"Rimessa 1","VIA NAZIONALE, N. 6","12-09-2016","Rimessa 2","GRIGNO P.ED. 1933","12-09-2016",,,
"129","VPT S.R.L.S. UNIPERSONALE","VIA SANTI COSMA E DAMIANO, N. 38","38121","TRENTO","TRENTO","TN","IT","339 4507049",,,,,,,,"47613",,"02513010229","339 4507049","Marco 339 4507049 o 329 9023919  ","vpt@aruba.it",,"vpt@pec.it","polonia.88",,"NO","Trento Valle dei Laghi","Società a responsabilità limitata semplificata (S.r.l.s.)","Pedron Riccardo (scadenza C.I. 26/05/2025)",,"SCUOLE/LINEE","PATTY","8308257177","20475486/62","N58373","C.C.N.L. AUTORIMESSE E NOLEGGIO AUTOMEZZI","2015-20","23-10-2019","1","13","TAXIBUS SRL","JHLK0-H8FJ5-DECB1-3I7C4","28-10-2022",,"Faron","Dominika Anna","Polonia","PL","Krynica-Zdroj","02-04-1988","Italia","TN","Trento","Via delle Cave","17","339 4507049","FRNDNK88D42Z127O","02-04-2025","100.00",,,,,,,,,,,,,,,,,,,,,"Rimessa 1","FRAZIONE GARDOLO VIA DI LAMAR, N. 10","30-09-2016","Rimessa 2","TRENTO P.ED. 4503","30-09-2016","Rimessa 3","TRENTO P.ED. 3193","30-09-2016"
"130","ZAMPEDRI STEFANO ","VIA PARADISO 2","38057","PERGINE VALSUGANA","PERGINE VALSUGANA","TN","IT","348 4205112",,,,,,,,"46044",,"00649960226","0461 531328","Stefano 348 4205112","zampedri@alice.it",,"zampedri13stefano@pec.trovarti.it","trento.67",,"SI","Bassa e Alta Valsugana","Impresa individuale","Zampedri Stefano",,"SCUOLE/LINEE","PATTY","83971138 60520","25870922/79","P52348","C.C.N.L. AUTORIMESSE E NOLEGGIO AUTOMEZZI","120","13-07-1999","1",,,"MTE80-6N6K5-7KI73-NFIF9","20-11-2022",,"Stefano","Zampedri","Italia","TN","Trento","13-09-1967","Italia","TN","Pergine Valsugana","Frazione Canzolino, Via per Montagnaga","2","348 4205112","ZMPSFN67P13L378D","13-09-2029","0.00",,,,,,,,,,,,,,,,,,,,,"Rimessa 1","VIA PARADISO,2","02-09-2016","Rimessa 2","VIGALZANO P.ED. 656 SUB 4","02-09-2016",,,
"131","ZOTTELE FAUSTO & C. SNC ","VIA ROZZATI, N. 14","38050","LOC. S. BRIGIDA ","RONCEGNO TERME","TN","IT","348 9334686",,,,,,,,"46125",,"01262130220","0461 764194","Lorena 348 9334686; Gabriella 335 474840","lorenazottele@gmail.com",,"zottelefausto@pec.trovarti.it","trento.87",,"SI","Bassa e Alta Valsugana","Società a nome collettivo (S.n.c.)",,,"SCUOLE","PATTY","8304481732","8888503/88",,,"121","13-07-1999","1",,,"QEG90-57964-M7859-OEN70","28-11-2022",,"Lorena","Zottele ","Italia","TN","Trento","20-11-1987","Italia","TN","Castel Ivano","Via Colle","31","348 9334686","ZTTLRN87S60L378V","20-11-2028","50.00","ZOTTELE FAUSTO","Roncegno Terme (TN) Loc. S. Brigida Via Rozzati, 14","50,00","23-04-2027","legale rappresentante","CONCI GABRIELLA",,,,"carica cessata 23/07/2020",,,,,,,,,,,"Rimessa 1","LOC. S. BRIGIDA VIA ROZZATI, N. 14","27-09-2016","Rimessa 2","RONCEGNO P.ED. 2197","27-09-2016",,,
