"Cognome","Nome","Vettore","DataDiNascita","LuogoDiNascita","Sesso","CodiceFiscale","CartaIdentità","Fototessera","Appalto","Attivo","Patente","CatPatente","DataRilascio","DataScadenza","CAP_B_Number","CAP_B_ReleaseDate","CAP_B_Expiration","CQC_Number","CQC_ReleaseDate","CQC_Expiration","Pat_B_Rilascio","EnteCheRilascia","Pat_C_Rilascio","Pat_D_Rilascio","Pat_E_Rilascio","Tesserino","DataAssunzione","DataLicenziamento","CodSocio","DescrizioneSocio","Categoria","DescrCategoria","TipoAggiornamento","VariazionePAT","ConsegnaAutocertificazione","DataAggiornamento","NoteAggiornamento","ConsegnaDocumentoIdoneità","Inquadramento","Tipologia","Tp_Pt","Ore","NoAppaltoMaAttivo","PuntiPatente","PuntiPatenteNote","NumeroMulte","NumeroMulteNote","FrequenzaCorsiCapitolato","CasellarioPenale","DataUltimaModifica","Note","IDBusStop","DataInserimento","AutorimesseNoleggioAutomezzi","AutotrasportomerciArtigianato","MetalmeccanicoArtigianato","CCNL_Coop_Sociali","Altro","DocPat_22_25","Anno","DataAggiornamentoUltimo","Medico","EnteUltimo","NuovaVisitaUltimo","TossicodipendenzaUltimo","DriverID"
"BOSCHETTO","ELIO","A.BOSCH di Boschetto Elio & C. S.a.s.","1954-11-14","CAVALESE","M","BSCLEI54S14C372H","True","True","True","True","U16G84407X","B","2018-10-20","2023-11-14","TN8001813","1991-10-18","2023-10-20","","","","","","","","","False","","","47204","A.BOSCH","","Titolare","","2019-04-10 00:00","","","","","","","","","False","","","","","False","True","2023-06-12 11:25","","2246","","False","False","False","False","","","","","","","","","{A5ED56BC-ED0B-47AA-AE52-4EA86D8E1A14}"
"AGOSTINI","MARCELLO","AGOSTINI MARCELLO","1963-05-19","ZURIGO","M","","True","True","True","True","U12H33878S","BC","2018-11-19","2023-11-17","BS8001928","1985-01-16","","","","","","","1983-10-26","","","True","","","46085","AGOSTINI MARCELLO","","Titolare","AGGIORNAMENTO IDONEITA'","2019-10-21 00:00","","","","","","","","","False","","","","","False","True","2023-07-05 22:01","TESSERINO 22-25 ARRIVATO 16/03/2023","0218","","False","False","False","False","","OK","2020","2022-08-03 17:21","GERMANI ROCCO","SAPI","2019-10-14","2019-10-14","{EF2DFD1C-E04D-48F3-89A8-248E35026D8A}"
"DEPETRIS","MARIA ROSA","AGOSTINI MARCELLO","1964-10-24","CLES","F","DPTMRS64R64C794X","True","True","True","True","TN2100935K","B","1984-05-15","2024-10-24","BS8012034","1997-12-19","2023-11-17","","","","","","","","","False","2015-03-23","","46085","AGOSTINI MARCELLO","","coll. Familiare","AGGIORNAMENTO IDONEITA'","2019-11-18 00:00","","2015-03-23 00:00","","","","","","","False","","","","","False","True","2023-06-12 11:25","","2035","","False","False","False","False","","OK","2021","2023-01-18 16:01","GERMANI ROCCO","SAPI","2022-10-06","2022-10-06","{6B3B60EC-F4E3-4370-8EC0-486B640297B0}"
"BARONCINI","STEFANO","ALPINABUS di MARTINTONI MAURO","1966-09-13","TRENTO","M","BRNSFN66P13L378B","True","False","True","True","BZ5412218X","BD","2018-11-30","2023-11-30","TN8010674","2009-09-11","","BZ5412218X95","","2023-04-24","","","","2012-07-17","","True","2013-09-16","","46490","ALPINABUS","","Autista a chiamata","AGGIORNAMENTO IDONEITA'","2019-12-30 00:00","","2013-10-23 00:00","","","C2","DET","","","False","","","","","False","True","2023-06-12 11:25","TESSERINO 22-25 ARRIVATO 27/01/2023","1897","","True","False","False","False","","OK","2022","2022-09-21 10:55","GERMANI ROCCO","SAPI","2022-09-13","2022-09-13","{B509EA35-2FAD-4BC4-B33C-083E814927FB}"
"FEDRIGONI","TIZIANA","ALPINABUS di MARTINTONI MAURO","1955-06-27","RUMO","F","FDRTZN55H67H639B","True","True","True","True","U154B0922E","B","2021-06-25","2026-06-27","TN8010849","2010-04-01","2025-11-13","","","","","","","","","True","2013-10-10","","46490","ALPINABUS","","coll. Familiare","AGGIORNAMENTO IDONEITA'. AGGIORNAMENTO IDONEITA' 23/06/2021","2021-06-23 00:00","","2013-07-08 00:00","","","","","","","False","","","","","False","True","2023-07-04 22:01","TESSERINO 22-25 ARRIVATO 05/01/2023","1115","","False","False","False","False","","OK","2023","2023-06-14 08:42","HAZIZOLLI DRITJON","SAPI","2023-06-13","2023-06-13","{5BA48F06-8D0C-4BAC-83BA-F176762C414D}"
"MARTINTONI","MATTEO","ALPINABUS di MARTINTONI MAURO","1986-07-11","CLES","M","MRTMTT86L11C794F","True","True","True","True","U172M8348T","BD","2023-01-04","2028-01-03","TN8010287 riclassificato TN8010151","2008-10-03","","U172M8348T95","","2025-10-29","","","","2008-02-05","","True","2008-02-05","","46490","ALPINABUS","","coll. Familiare","AGGIORNAMENTO IDONEITA'","2019-12-30 00:00","","2013-07-08 00:00","","","","","","","False","","","","","False","True","2023-06-12 11:25","TESSERINO 22-25 ARRIVATO 08/02/2023","1320","","False","False","False","False","","OK","2022","2022-08-09 00:00","GERMANI ROCCO","SAPI","2022-04-12","2022-04-12","{C52BCDDE-C1DB-4AFF-9D7B-44B3DA532585}"
"MARTINTONI","MAURO","ALPINABUS di MARTINTONI MAURO","1978-09-06","CLES","M","MRTMRA78P06C794T","True","True","True","True","TN5429698K","BCD","2020-02-07","2024-12-20","TN8007825","2007-10-03","","U1G999334U95","","2025-02-04","","","2000-02-14","2000-02-14","","True","","","46490","ALPINABUS","","Titolare","AGGIORNAMENTO IDONEITA'","2019-07-19 00:00","","","","","","","","","False","","","","","False","True","2023-06-12 11:25","TESSERINO 22-25 ARRIVATO 08/02/2023","0948","","False","False","False","False","","OK","2021","2022-08-09 00:00","GERMANI ROCCO","SAPI","2021-09-07","2021-09-07","{995B3140-0445-4003-9487-D53EFD1267E8}"
"ANDREOLLI","FRANCO","ANDREOLLI FRANCO","1959-05-11","BRENTONICO","M","NDRFNC59E11B153Z","True","True","True","True","U180H6370J","B","2022-05-25","2023-05-24","TN8010056","2008-08-26","2023-05-24","","","","","","1982-10-13","1982-10-13","","True","","","47477","ANDREOLLI FRANCO","","Titolare","DUPLICATO TESSERINO ARRIVATO 12/09/2019","2019-04-10 00:00","","2018-11-13 00:00","","","","","","","False","","","","","False","True","2023-06-12 11:25","TESSERINO 22-25 ARRIVATO 16/03/2023","2439","","False","False","False","False","","OK","","","","","","","{7834277C-93B3-42EC-82A0-4CF555996511}"
"ANGELI","CAMILLO","ANGELI CAMILLO","1958-02-15","RONCEGNO","M","","True","True","True","True","TN5443847H","BCD","2020-12-02","2023-02-15","TN8004257","1985-08-24","","TN5443847H95","","2025-11-20","","","","","","True","","","46108","ANGELI CAMILLO","","Titolare","","2019-04-10 00:00","","","","","","","","","False","","","","","False","True","2023-07-05 22:01","TESSERINO 22-25 ARRIVATO 18/10/2022","0422","","False","False","False","False","","OK","2023","2023-03-06 10:39","QUINTARELLI EMANUELE","SAPI","2023-03-04","2023-03-04","{02F229B4-139A-407D-8376-EE1015EF3ED2}"
"ANGELI","STEFANO","ANGELI CAMILLO","1989-03-04","TRENTO","M","NGLSFN89C04L378E","True","True","True","True","TN5423372U","BCDE","2019-10-16","2024-05-31","","","","TN5423372U95","","2024-10-08","","","2007-09-18","2014-06-27","2014-06-27","True","2015-01-26","","46108","ANGELI CAMILLO","","coll. Familiare","AGGIORNAMENTO IDONEITA'","2019-12-23 00:00","","2015-01-26 00:00","","","","","","","False","","","","","False","True","2023-06-12 11:25","TESSERINO 22-25 ARRIVATO 18/10/2022","2016","","False","False","False","False","","OK","2022","2022-08-22 00:00","","SAPI","2022-07-01","2022-07-01","{E1984707-64F4-4554-9DD9-40C9FD07978E}"
"BOCCHER","SANDRO","ANGELI CAMILLO","1978-03-24","BORGO VALSUGANA","M","BCCSDR78C24B006D","True","True","True","True","U174L7908M","BCDE","2022-10-22","2027-10-21","TN8011986","2017-11-17","","U174L7908M95","","2026-09-03","","","1998-09-23","2017-10-25","2017-10-25","True","2017-11-20","","46108","ANGELI CAMILLO","","Dipendente","AGGIORNAMENTO IDONEITA'","2019-12-20 00:00","","2017-12-20 00:00","","","C3","INDET","PT","35,00","False","","","","","False","True","2023-06-12 11:25","TESSERINO 22-25 ARRIVATO 18/10/2022","2341","","True","False","False","False","","OK","2021","2022-08-22 00:00","","SAPI","2021-12-10","2021-12-10","{CB5C2D36-2B3D-4E10-A1CB-31556DFB431A}"
"CAPRA","FABIO","ANGELI CAMILLO","1977-12-15","BORGO VALSUGANA","M","CPRFBA77T15B006Y","True","True","True","True","U1S777882N","B","2016-07-26","2026-12-15","TN8012364","2021-09-22","2026-09-22","","","","","","","","","True","2022-09-01","","46108","ANGELI CAMILLO","","Dipendente","ATTESA CASELLARIO X TESSERINO","","","","","","C3","INDET","PT","28,00","False","","","","","False","True","2023-06-12 11:25","RICHIESTA TESSERINO PAT 22-25  21/12/2022 -TESSERINO ARRIVATO 03/01/2023","2869","2022-09-18 16:14:08.010000000","False","False","False","False","","OK","2022","2022-12-21 09:12","QUINTARELLI EMANUELE","SAPI","2022-11-04","2022-11-04","{77CBDF1F-8087-408D-BECF-CE7B522682D0}"
"DE GASPERIS","CINZIA","ANGELI CAMILLO","1962-02-07","ROVERETO","M","DGSCNZ62B07H612E","True","False","True","True","TN5443846G","BCD","2020-12-02","2025-11-18","TN8006392","2000-10-19","","TN5443846G95","","2025-11-20","","","1985-10-22","1985-10-22","","True","","","46108","ANGELI CAMILLO","","coll. Familiare","AGGIORNAMENTO IDONEITA'","2019-12-20 00:00","","2012-09-28 00:00","","","","","","","False","","","","","False","True","2023-06-12 11:25","TESSERINO 22-25 ARRIVATO 18/10/2022","0423","","False","False","False","False","","OK","2021","2022-08-22 00:00","","SAPI","2021-12-10","2021-12-10","{FF585AA4-366A-4361-9C06-3845A57AA103}"
"POSTAI","GIANPAOLO","ANGELI CAMILLO","1979-09-05","BORGO VALSUGANA","M","PSTGPL79P05B006K","True","False","True","True","U142D9709S","BCD","2021-10-13","2026-10-12","TN8006953","2003-07-22","","U142D9709S95","","2025-11-03","","","","","","True","2017-11-20","","46108","ANGELI CAMILLO","","Dipendente","AGGIORNAMENTO IDONEITA'","2019-12-20 00:00","","2017-11-22 00:00","","","C3","INDET","PT","28,00","False","","","","","False","True","2023-06-12 11:25","TESSERINO 22-25 ARRIVATO 18/10/2022","2333","","True","False","False","False","","OK","2021","2022-08-22 00:00","","SAPI","2021-12-10","2021-12-10","{7FC97FBC-D52A-4846-8BF7-88F03297774C}"
"ROPELATO","MAURIZIO","ANGELI CAMILLO","1959-12-06","SPERA","M","RPLMRZ59T06I889X","True","True","True","True","U118D2262X","BCDE","2021-09-29","2024-12-06","TN8008256","2008-01-09","","U118D2262X95","","2025-09-10","","","","","","True","2022-01-26","","46108","ANGELI CAMILLO","","Autista a chiamata","RICHIESTA TESSERINO 29/07/2022.TESSERINO ARRIVATO 04/08/2022","","","2022-07-29 00:00","","","C2","DET","","","False","","","","","False","True","2023-06-12 11:25","TESSERINO 22-25 ARRIVATO 18/10/2022","2844","2022-08-03 17:21:07.180000000","True","False","False","False","","OK","2022","2022-07-29 00:00","QUINTARELLI EMANUELE","SAPI","2022-07-22","2022-07-22","{F3F7801C-106B-4063-A84F-B374D96E5362}"
"SANDRI","HILLARY","ANGELI CAMILLO","1994-05-02","BORGO VALSUGANA","F","SNDHLR94E42B006Q","True","False","True","True","TN5290370U","B","2013-05-28","2024-05-02","TN8012206","2019-09-17","2024-09-16","","","","","","","","","True","2020-08-21","","46108","ANGELI CAMILLO","","Dipendente","RICHIESTA TESSERINO 14/09/2020; TESSERINO ARRIVATO","2020-09-24 00:00","","2020-09-14 00:00","","","C2","INDET","PT","20,00","False","","","","","False","True","2023-06-12 11:25","TESSERINO 22-25 ARRIVATO 18/10/2022","2660","","True","False","False","False","","OK","2022","2022-09-07 00:00","QUINTARELLI EMANUELE","SAPI","2022-09-06","2022-09-06","{078CFF44-6757-4B9B-88F6-2A78936DA4BF}"
"VETTORAZZI","MARTINO","ANGELI CAMILLO","1965-12-04","TRENTO","M","VTTMTN65T04L378N","True","True","True","True","TN54497065","B","2021-03-24","2026-12-04","TN8012146","2019-03-19","2024-03-19","","","","","","","","","True","2021-09-06","","46108","ANGELI CAMILLO","","Dipendente","RICHIESTA TESSERINO 25/10/2021.TESSERINO ARRIVATO 08/11/2021","2021-10-25 00:00","","2021-10-25 00:00","","","C3","DET","PT","36,00","False","","","","","False","True","2023-06-12 11:25","TESSERINO 22-25 ARRIVATO 18/10/2022","2762","","True","False","False","False","","OK","2021","2021-10-22 00:00","QUINTARELLI EMANUELE","SAPI","2021-10-14","2021-10-14","{2030947B-1B9F-45B6-9B8E-8A7C984685F0}"
"BIASIOLLI","SERGIO","ATP S.R.L.S.","1957-08-09","TRENTO","M","BSLSRG57M09L378B","True","True","True","True","TN5480548G","BCDE","2022-07-19","2023-06-14","","","","TN5480548G95","","2027-06-27","","","","","","False","2022-11-12","","47866","ATP S.R.L.S.","","Dipendente","","","","","","","","","","","True","","","","","False","True","2023-06-12 11:25","ATTESA COPIA VISITA MEDICA","","","False","False","False","False","","OK","2022","2023-03-22 11:23","","SAPI","2022-09-08","2022-09-08","{217716AC-C83E-4EB6-A9DB-6965DB7205EA}"
"DELLAI","RENATO","ATP S.R.L.S.","","","M","","False","False","True","True","","","","","","","","","","","","","","","","False","","","47866","ATP S.R.L.S.","","Dipendente","","","","","","","","","","","True","","","","","False","True","2023-07-05 22:01","","","","False","False","False","False","","","2022","2023-03-24 09:27","BENEDETTI ALESSANDRO","SAPI","2022-08-25","2022-08-25","{0DB7A23C-2516-473A-BC61-B6FC78EC85B4}"
"ECCEL","PAOLO","ATP S.R.L.S.","1963-03-04","TRENTO","M","CCLPLA63C04L378C","True","True","True","True","TN5442217N","BCD","2020-11-07","2025-10-13","","","","TN5442217N95","","2025-10-27","","","","","","False","","","47866","ATP S.R.L.S.","","Dipendente","","","","","","","","","","","True","","","","","False","True","2023-06-12 11:25","","","","False","False","False","False","","","2022","2023-03-24 09:23","BENDETTI ALESSANDRO","SAPI","2022-08-28","2022-08-25","{6986FAAB-608F-4B3C-AA50-5FB2121221B6}"
"PETERLINI ","MARCO","ATP S.R.L.S.","1976-10-07","ROVERETO","M","PTRMRC76R07H612Y","True","True","True","True","U114N0368G","BCD","2023-10-24","2028-01-24","","","","U114N0368G95","","2025-12-18","","","","","","False","","","47866","ATP S.R.L.S.","","Titolare","","","","","","","","","","","True","","","","","False","True","2023-06-12 11:25","","","","False","False","False","False","","OK","2022","2023-01-13 14:59","MORATELLO FRANCESCO","SAPI","2022-08-25","2022-08-25","{96E00F2A-2A72-4C12-BDD4-7587B3496967}"
"RTAIB","MOHAMED","ATP S.R.L.S.","1962-07-21","OULED BHAR SGHAR","M","","True","True","True","True","TN5455771G","BCDE","2021-06-25","2026-06-22","","","","TN5455771G95","","2026-06-23","","","","","","False","2022-12-19","","47866","ATP S.R.L.S.","","Dipendente","","","","","","","","","","","True","","","","","False","True","2023-07-05 22:01","","","","False","False","False","False","","","2022","2023-03-24 09:24","MORATELLO FRANCESCO","SAPI","2022-09-08","2022-09-08","{1EC992B5-A28A-46CA-B92C-A9CE657FA4BE}"
"TONON","ANNAMARIA","ATP S.R.L.S.","1973-04-05","TRENTO","F","TNNNMR73D45L378B","True","True","True","True","TN5438766M","BDE","2020-09-17","2024-08-02","","","","TN5438766M","","2025-09-03","","","","","","True","2023-01-17","","47866","ATP S.R.L.S.","","Dipendente","","","","","","","","","","","True","","","","","False","False","2023-06-12 11:25","TESSERINO 22-25 ARRIVATO 16/03/2023","","","False","False","False","False","","OK","2022","2023-01-19 14:22","BENEDETTI ALESSANDRO","SAPI","2022-09-06","2022-09-06","{769EE663-F670-4736-A7E5-3737DD74814F}"
"LUNELLI","ANTONIO","AUTOFFICINA LUNELLI DI LUNELLI STEFANO & C. S.N.C.","1974-08-21","","M","","True","True","True","True","U166H8651T","BCD","2022-05-19","2027-05-18","","","","U166H8651T95","","2025-10-15","","","1996-12-06","1996-12-06","","True","","","46304","AUTOFFICINA LUNELLI DI LUNELLI STEFANO &","","Socio","AGGIORNAMENTO IDONEITA' 18/09/2019;AGGIORNAMENTO IDONEITA'","2020-09-14 00:00","","2017-09-29 00:00","","","","","","","False","","","","","False","True","2023-07-05 22:01","TESSERINO 22-25 ARRIVATO 18/10/2022","2308","","False","False","False","False","","OK","2022","2022-09-07 00:00","QUINTARELI EMANUELE","SAPI","2022-09-06","2022-09-06","{E300B07F-5425-4E80-A2F9-C9D03133AC85}"
"LUNELLI","MIRKO","AUTOFFICINA LUNELLI DI LUNELLI STEFANO & C. S.N.C.","1973-02-11","","M","","True","True","True","True","U18Z06886X","BCDE","2021-05-20","2026-05-19","VI8011063","2000-01-20","","U18Z06886X95","","2026-05-19","","","","","","False","","","46304","AUTOFFICINA LUNELLI DI LUNELLI STEFANO &","","Socio","AGGIORNAMENTO IDONEITA'","2020-09-14 00:00","","2017-10-11 00:00","","","","","","","False","","","","","False","True","2023-07-05 22:01","","2318","","False","False","False","False","","OK","2022","2022-09-07 00:00","QUINTARELLI EMANUELE","SAPI","2022-09-06","2022-09-06","{778D1C26-51FA-41BD-81F9-E8063837A87B}"
"LUNELLI","STEFANO","AUTOFFICINA LUNELLI DI LUNELLI STEFANO & C. S.N.C.","1967-11-21","","M","","True","True","True","True","U142D9851X","BCD","2021-10-13","2026-10-12","","","","U142D9851X","","2025-10-15","","","","","","True","","","46304","AUTOFFICINA LUNELLI DI LUNELLI STEFANO &","","Titolare Datore di Lavoro","AGGIORNAMENTO IDONEITA' 03/10/2019; AGGIORNAMENTO IDONEITA'","2020-09-14 00:00","","2017-09-29 00:00","","","","","","","False","","","","","False","True","2023-07-05 22:01","TESSERINO 22-25 ARRIVATO 05/01/20223","2306","","False","False","False","False","","OK","2022","2022-09-07 00:00","QUINTARELLI EMANUALE","SAPI","2022-09-06","2022-09-06","{BFF3ED9B-DCA2-49C5-8350-5AE2EE7882A2}"
"BRENA","GIORGIO","AUTONOLEGGI FILIPPI SRL UNIPERSONALE","1962-06-13","","M","","True","True","True","True","U155J0618B","BCDE","2022-06-22","2027-06-21","","","","U155J0618B95","","2025-08-31","","","","","","True","2020-09-13","","46470","AUTONOLEGGI FILIPPI SRL UNIPERSONALE","","Dipendente","RICHIESTA TESSERINO 22/11/2021.TESSERINO ARRIVATO 01/12/2021","2021-11-22 00:00","","2021-11-22 00:00","","","C2","INDET","TP","40,00","False","","","","","False","True","2023-07-05 22:01","TESSERINO 22-25 ARRIVATO 18/10/2022","2747","","True","False","False","False","","OK","2021","2021-11-22 00:00","GIRARDI GIANPIERO","ECO SPES","2021-11-19","2021-11-19","{D84CAB49-0087-48F0-91B2-F9A946F73BC5}"
"BUGOLONI","CLAUDIA","AUTONOLEGGI FILIPPI SRL UNIPERSONALE","1980-07-01","","M","","True","True","True","True","U16H37138N","B","2018-12-14","2029-07-07","TN8011889","2017-02-15","2022-02-13","","","","","","","","","True","2022-01-10","","46470","AUTONOLEGGI FILIPPI SRL UNIPERSONALE","","Dipendente","RICHIESTA TESSERINO 25/01/2022.TESSERINO ARRIVATO 11/04/2022","2022-01-25 00:00","","2022-01-25 00:00","","","C3","DET","PT","25,00","False","","","","","False","True","2023-07-05 22:01","TESSERINO 22-25 ARRIVATO 18/10/2022","2797","","True","False","False","False","","OK","2022","2022-01-25 00:00","GIRARDI GIANPIERO","ECO SPES","2022-01-19","2022-01-19","{ECDC7A89-E3C4-489D-A3B2-FEB328D43BA2}"
"FILIPPI","CLAUDIO","AUTONOLEGGI FILIPPI SRL UNIPERSONALE","1970-02-06","","M","","True","True","True","True","TN5457130X","BCD","2021-07-19","2023-10-10","TN8008215","2007-12-21","","TN5457130X95","2012-12-05","2025-09-29","","","2003-06-09","2003-06-09","","True","2005-05-01","","46470","AUTONOLEGGI FILIPPI SRL UNIPERSONALE","","Autista a chiamata","AGGIORNAMENTO IDONEITA'","2019-07-19 00:00","","2012-09-28 00:00","","","C1","INDET","","","False","","","","","False","True","2023-07-05 22:01","TESSERINO 22-25 ARRIVATO 08/02/2023","0322","","True","False","False","False","","OK","2022","2022-10-12 15:51","GIRARDI GIANPIERO","ECO SPES","2022-10-03","2022-10-03","{AB3A5B7A-773C-4248-8F0C-7DEDB2F156CD}"
"FILIPPI","SERGIO","AUTONOLEGGI FILIPPI SRL UNIPERSONALE","1970-02-06","","M","","True","True","True","True","TN5438265F","BCD","2020-09-09","2024-02-06","TN8008217","2007-12-21","","TN5438265F95","","2025-09-08","","","","","","True","","","46470","AUTONOLEGGI FILIPPI SRL UNIPERSONALE","","Titolare","","2019-04-10 00:00","","","","","","","","","False","","","","","False","True","2023-07-05 22:01","TESSERINO 22-25 ARRIVATO 08/02/2023","0318","","False","False","False","False","","OK","","","","","","","{488C6C60-EF23-4BFA-9C6D-4F2AA157F94B}"
"FILIPPI","STEFANO","AUTONOLEGGI FILIPPI SRL UNIPERSONALE","1966-03-24","","M","","True","True","True","True","U151J3974X","BCDE","2022-06-21","2027-06-20","TN8008216","2007-12-21","","U151J3974X95","","2025-09-08","","","1986-06-30","2001-05-21","","True","2009-04-17","","46470","AUTONOLEGGI FILIPPI SRL UNIPERSONALE","","Dipendente","AGGIORNAMENTO IDONEITA'","2019-07-19 00:00","","2012-09-28 00:00","","","C1","INDET","TP","40,00","False","","","","","False","True","2023-07-05 22:01","TESSERINO 22-25 ARRIVATO 08/02/2023","0323","","True","False","False","False","","OK","2022","2022-09-21 09:03","GIRARDI GIANPIERO","ECO SPES","2022-09-16","2022-09-16","{BA69DC48-7A16-4C74-9B52-4D13FEF04FF3}"
"FILIPPI","THOMAS","AUTONOLEGGI FILIPPI SRL UNIPERSONALE","2000-11-06","","M","","True","True","True","True","TN5456437G","B","2021-07-19","2031-11-06","TN8012379","2021-12-31","2026-12-29","","","","","","","","","True","2019-07-03","","46470","AUTONOLEGGI FILIPPI SRL UNIPERSONALE","","Dipendente","RICHIESTA TESSERINO 25/01/2022..TESSERINO ARRIVATO 02/02/2022","2022-01-25 00:00","","2022-01-25 00:00","","","C3","INDET","PT","20,00","False","","","","","False","True","2023-07-05 22:01","TESSERINO 22-25 ARRIVATO 18/10/2022","2798","","True","False","False","False","","OK","2023","2023-03-13 10:52","GIRARDI GIANPIERO","ECO SPES","2023-02-15","2023-02-15","{FB0B8E84-0104-42D9-BC1D-B3D3A86764A5}"
"OCCULTO","ATTILIO","AUTONOLEGGI FILIPPI SRL UNIPERSONALE","1979-10-21","","M","","True","True","True","True","TN5451396N","BD","2021-05-04","2026-05-04","","","","TN5451396N","","2026-05-04","","","","","","True","2020-09-21","","46470","AUTONOLEGGI FILIPPI SRL UNIPERSONALE","","Dipendente","RICHIESTA TESSERINO 16/11/2021.TESSERINO ARRIVATO 26/11/2021","2021-11-16 00:00","","2021-11-16 00:00","","","C2","INDET","TP","40,00","False","","","","","False","True","2023-07-05 22:01","TESSERINO 22-25 ARRIVATO 18/10/2022","2748","","True","False","False","False","","OK","2021","2021-11-16 00:00","GIRARDI GIANPIERO","ECO SPES","2021-11-15","2021-11-15","{EFE5B697-8070-4E47-948D-C2ED3AEBB199}"
"PARISI","DEMIS","AUTONOLEGGI FILIPPI SRL UNIPERSONALE","1976-06-05","","M","","True","True","True","True","U13F23230F","BCDE","2018-07-26","2023-07-25","","","","U13F23230F95","","2020-09-09","","","","","","True","2019-07-01","","46470","AUTONOLEGGI FILIPPI SRL UNIPERSONALE","","Dipendente","RICHIESTA TESSERINO 01/10/2019; TESSERINO ARRIVATO 11/10/2019","2019-10-01 00:00","","2019-10-01 00:00","","","C1","INDET","TP","40,00","False","","","","","False","True","2023-07-05 22:01","TESSERINO 22-25 ARRIVATO 27/01/2023","2545","","True","False","False","False","","OK","2022","2022-09-21 09:03","GIRARDI GIANPIERO","ECO SPES","2022-09-16","2022-09-16","{2F35BED8-0E4D-4973-8571-4EFBF14DB46B}"
"POLANA","ROBERTO","AUTONOLEGGI FILIPPI SRL UNIPERSONALE","1991-08-23","","M","","True","True","True","True","TN5452462N","BD","2021-05-06","2026-02-10","TN8011592","2014-06-18","","TN5452462N95","","2026-05-04","","","","","","True","2017-09-11","","46470","AUTONOLEGGI FILIPPI SRL UNIPERSONALE","","Dipendente","RICHIESTA TESSERINO 01/10/2019; TESSERINO ARRIVATO 24/10/2019","2019-10-24 00:00","","2019-10-01 00:00","","","C1","INDET","TP","40,00","False","","","","","False","True","2023-07-05 22:01","TESSERINO 22-25 ARRIVATO 18/10/2022","2296","","True","False","False","False","","OK","2023","2023-03-13 10:52","GIRARDI GIANPIERO","ECOSPES","2023-02-15","2023-02-15","{BF51E05F-A4E9-42FC-A9A9-3444B6073F6B}"
"ANDRIOLLO","CLAUDIO","AUTONOLEGGI PEGORARO SNC DI PEGORARO LUCIANO & C.","1968-09-09","","M","","True","True","True","True","U17W20996Y","BCDE","2020-11-19","2025-11-18","TN8008015","2007-11-23","","U17W20996Y95","","2026-10-15","","","1990-01-30","1990-01-30","1990-11-27","True","2016-08-01","","47203","AUTONOLEGGI PEGORARO SNC DI PEGORARO LUCIANO & C.","","Dipendente","AGGIORNAMENTO IDONEITA'","2020-05-05 00:00","","2016-09-01 00:00","","","C2","INDET","PT","30,00","False","","","","","False","True","2023-07-05 22:01","TESSERINO 22-25 ARRIVATO 08/02/2023","2218","","True","False","False","False","","OK","2023","2023-03-06 09:28","QUINTARELLI EMANUELE","SAPI","2023-03-02","2023-03-02","{1BC6DCD4-08D3-4ED9-8936-0F03B4658F4E}"
"FURLANI","PAOLA","AUTONOLEGGI PEGORARO SNC DI PEGORARO LUCIANO & C.","1961-11-26","","M","","True","True","True","True","U121M1050X","AB","2022-11-19","2027-11-26","TN8007526","2006-04-10","2026-03-29","","","","","","","","","False","2020-10-01","","47203","AUTONOLEGGI PEGORARO SNC DI PEGORARO LUCIANO & C.","","Dipendente","AGGIORNAMENTO IDONEITA'. RICHIESTA TESSERINO.  TESSERINO ARRIVATO 26/04/2021","2021-04-13 00:00","","2021-04-13 00:00","","","C3","INDET","PT","35,00","False","","","","","False","True","2023-07-05 22:01","","2719","","True","False","False","False","","OK","2023","2023-03-06 09:29","QUINTARELLI EMANUELE","SAPI","2023-03-02","2023-03-02","{073ECC54-4E13-405A-A136-D5364741B79F}"
"GIOVANAZZI","STEFANO","AUTONOLEGGI PEGORARO SNC DI PEGORARO LUCIANO & C.","1963-02-09","TRENTO","M","GVNSFN63B09L378B","True","True","True","True","TN5477037F","BCDE","2022-06-10","2027-04-19","","","","TN5477037F95","","2025-10-14","","","","","","True","2022-09-01","","47203","AUTONOLEGGI PEGORARO SNC DI PEGORARO LUCIANO & C.","","Dipendente","","","","","","","","","","","False","","","","","False","True","2023-06-12 11:25","RICHIESTA TESSERINO PAT 22-25  18/01/2023 - TESSERINO ARRIVATO 07/02/23","2872","2022-09-18 16:14:08.010000000","False","False","False","False","","OK","2022","2022-11-30 08:50","QUINTARELLI EMANUELE","SAPI","2022-09-23","2022-09-23","{486B62F6-044E-426B-99F4-2E51CEA8D43C}"
"PACHER","MARCO","AUTONOLEGGI PEGORARO SNC DI PEGORARO LUCIANO & C.","1970-01-11","","M","","True","True","True","True","TN5438223P","BCDE","2020-09-09","2025-09-04","TN8010088","2008-09-03","","TN5438223P95","","2025-09-08","","","1994-10-27","1994-10-27","1995-10-24","True","2016-08-01","","47203","AUTONOLEGGI PEGORARO SNC DI PEGORARO LUCIANO & C.","","Dipendente","AGGIORNAMENTO IDONEITA' 08/08/2019; AGGIORNAMENTO IDONEITA'","2020-12-04 00:00","","2016-09-01 00:00","","","C2","INDET","TP","40,00","False","","","","","False","True","2023-07-05 22:01","TESSERINO 22-25 ARRIVATO 16/03/2023","2220","","True","False","False","False","","OK","2022","2022-12-23 08:18","QUINTARELLI EMANUELE","SAPI","2022-12-21","2022-12-21","{FDE3D236-7AAF-46C6-84BD-4C6F672886B7}"
"PEDRAZZA","LORENZO","AUTONOLEGGI PEGORARO SNC DI PEGORARO LUCIANO & C.","","","M","","True","True","True","True","TN5440978K","","2020-10-21","2025-08-31","","","","TN5440978K95","","2025-07-15","","","","","","True","2022-07-06","","47203","AUTONOLEGGI PEGORARO SNC DI PEGORARO LUCIANO & C.","","Dipendente","","","","","","","","","","","False","","","","","False","True","2023-07-05 22:01","RICHIESTA TESSERINO PAT 22-25  14/11/2022 - TESSERINO ARRIVATO 29/11/22","2871","2022-09-18 16:14:08.010000000","False","False","False","False","","OK","2022","2022-11-14 14:51","QUINTARELLI EMANUELE","SAPI","2022-09-16","2022-09-16","{0DF8F20F-A021-4C60-9624-436FD342A1EB}"
"PEGORARO","LUCIANA","AUTONOLEGGI PEGORARO SNC DI PEGORARO LUCIANO & C.","1979-08-27","","","","True","False","True","True","U124C7020H","BCD","2021-07-28","2026-07-27","TN8006511","2001-06-11","","U124C7020H95","","2025-09-04","","","2001-04-12","2001-04-12","","False","","","47203","AUTONOLEGGI PEGORARO SNC DI PEGORARO LUCIANO & C.","9","Socio","","2019-04-10 00:00","OK","2016-09-01 00:00","","OK","","","","","False","","","","","","True","2023-07-05 22:01","","2217","","False","False","False","","","OK","2021","2021-12-03 00:00","QUINTARELLI EMANUELE","SAPI","2021-11-26","2021-11-26","{19CCA025-629E-41E2-821B-E0279FE120F8}"
"PEGORARO","LUCIANO","AUTONOLEGGI PEGORARO SNC DI PEGORARO LUCIANO & C.","1945-03-05","","M","","True","True","True","True","U155N2477P","B","2023-02-21","2026-03-05","TN8010978","2010-10-28","2025-02-14","","","","","","","","","True","","","47203","AUTONOLEGGI PEGORARO SNC DI PEGORARO LUCIANO & C.","","Titolare","","2019-04-10 00:00","","2016-09-01 00:00","","","","","","","False","","","","","False","True","2023-07-05 22:01","TESSERINO 22-25 ARRIVATO 16/03/2023","2215","","False","False","False","False","","OK","","","","","","","{611C50B2-E15E-4C33-A37D-5CA72F51EC0F}"
"PEGORARO","SEBASTIANO","AUTONOLEGGI PEGORARO SNC DI PEGORARO LUCIANO & C.","1981-01-29","","M","","True","True","True","True","U145P5178P","BCD","2023-04-13","2028-04-12","BL8004995","2003-12-16","","U145P5178P95","","2028-07-20","","","2009-08-06","2009-11-23","","True","","","47203","AUTONOLEGGI PEGORARO SNC DI PEGORARO LUCIANO & C.","","Socio","AGGIORNAMENTO IDONEITA'","2020-12-04 00:00","","2019-04-03 00:00","","","","","","","False","","","","","False","True","2023-07-05 22:01","TESSERINO 22-25 ARRIVATO 16/03/2023","2225","","False","False","False","False","","OK","2021","2021-12-03 00:00","QUITARELLI EMANUELE","SAPI","2021-11-26","2021-11-26","{B2D6E100-4C5A-4569-8D79-DDE51423B30A}"
"PEGORARO","VERA","AUTONOLEGGI PEGORARO SNC DI PEGORARO LUCIANO & C.","1976-09-25","","M","","True","True","True","True","U15H42413M","BCD","2018-12-10","2023-12-07","TN8006057","1998-09-17","","U15H42413M95","","2020-09-09","","","","","","True","","","47203","AUTONOLEGGI PEGORARO SNC DI PEGORARO LUCIANO & C.","","Socio","AGGIORNAMENTO IDONEITA'","2020-09-14 00:00","","2016-09-01 00:00","","","","","","","False","","","","","False","True","2023-07-05 22:01","TESSERINO 22-25 ARRIVATO 16/03/2023","2216","","False","False","False","False","","OK","2022","2023-03-06 09:31","QUINTARELLI EMANUELE","SAPI","2023-03-02","2023-03-02","{1E32224B-542E-44A1-AF32-C769E8E9B8D7}"
"PIVETTI","IVAN","AUTONOLEGGI PEGORARO SNC DI PEGORARO LUCIANO & C.","1969-07-30","","M","","True","True","True","True","VI5625453N","BCD","2020-03-11","2025-03-08","","","","VI5625453N95","","2025-03-09","","","","","","True","2022-06-20","","47203","AUTONOLEGGI PEGORARO SNC DI PEGORARO LUCIANO & C.","","Dipendente","","","","","","","","","","","False","","","","","False","True","2023-07-05 22:01","RICHIESTA TESSERINO PAT 22-25  07/02/2023 - TESSERINO ARRIVATO 16/03/23","2874","2022-09-18 16:14:08.010000000","False","False","False","False","","OK","2022","2022-11-30 09:11","QUINTARELLI EMANUELE","SAPI","2022-09-16","2022-09-16","{56839AB6-B68E-4860-98D1-1C663142715F}"
"SELVA","ANTONIO","AUTONOLEGGI PEGORARO SNC DI PEGORARO LUCIANO & C.","1961-06-08","CASTELDACCIA","M","SLVNTN61H08C074O","True","True","True","True","VR5863171K","BCDE","2022-09-27","2025-03-08","","","","VR5863171K95","","2027-09-16","","","","","","True","2022-12-17","","47203","AUTONOLEGGI PEGORARO SNC DI PEGORARO LUCIANO & C.","","Dipendente","","","","","","","","","","","True","","","","","False","True","2023-06-12 11:25","RICHIESTA TESSERINO PAT 22-25  08/02/2023 - TESSERINO ARRIVATO 16/03/23","","","False","False","False","False","","","2022","2023-02-07 16:10","QUINTARELLI EMANUELE","SAPI","2022-12-21","2022-12-21","{2FABAC96-4C4B-4CEC-B8AF-199E02BFEF3B}"
"SUTU","OVIDIU","AUTONOLEGGI PEGORARO SNC DI PEGORARO LUCIANO & C.","1987-04-27","","M","","True","True","True","True","TN5413859H","BD","2019-05-08","2024-04-11","","","","TN5413859H95","","2024-05-08","","","","","","True","2018-11-12","","47203","AUTONOLEGGI PEGORARO SNC DI PEGORARO LUCIANO & C.","","Dipendente","AGGIORNAMENTO IDONEITA'","2020-09-14 00:00","","2019-03-11 00:00","","","C2","INDET","PT","30,00","False","","","","","False","True","2023-07-05 22:01","TESSERINO 22-25 ARRIVATO 21/04/23","2485","","True","False","False","False","","OK","2022","2022-11-14 14:41","QUINTARELLI EMANUELE","SAPI","2022-09-16","2022-09-16","{26C35F6E-6F19-4455-9FD3-12F080CFBA76}"
"BOSO","GIUSEPPE","AUTONOLEGGI SORDO S.A.S. DI SORDO STEFANO & C.","1963-08-01","","M","","True","True","True","True","U188K2729N","BCDE","2022-09-02","2027-09-01","TN8009067","2008-04-22","","U188K2729N95","","2025-09-09","","","1985-07-03","1985-07-03","2012-09-12","True","2014-09-01","","46905","AUTONOLEGGI SORDO S.A.S.","","Dipendente","AGGIORNAMENTO IDONEITA'","2019-12-30 00:00","","2014-03-12 00:00","","","C3","INDET","PT","22,00","False","","","","","False","True","2023-07-05 22:01","TESSERINO 22-25 ARRIVATO 16/03/2023","1945","","True","False","False","False","","OK","2022","2022-08-26 00:00","QUINTARELLI EMANUELE","SAPI","2022-03-18","2022-03-18","{E4EFB226-E566-4C43-BF71-0325E05DFD42}"
"SORDO","STEFANO","AUTONOLEGGI SORDO S.A.S. DI SORDO STEFANO & C.","1979-01-05","","M","","True","True","True","True","BL5174070A","BCDE","2020-10-14","2025-10-14","BL8004885","2003-02-11","","BL5174070A95","","2025-02-21","","","2002-09-06","2002-09-06","","True","","","46905","AUTONOLEGGI SORDO S.A.S.","","Titolare","AGGIORNAMENTO IDONEITA'.AGGIORNAMENTO IDONEITA'.","2020-08-05 00:00","","","","","","","","","False","","","","","False","True","2023-07-05 22:01","TESSERINO 22-25 ARRIVATO 21/04/23","0692","","False","False","False","False","","OK","2022","2022-08-26 00:00","QUINTARELLI EMANUELE","SAPI","2022-07-22","2022-07-22","{C6471BB5-E12C-4DA0-9A1B-BF16DE9169AD}"
"CASAGRANDE","DAMIANO","AUTONOLEGGI VISINTAINER DI VISINTAINER FRANCESCO","2018-06-23","","M","","True","True","True","True","U11G31288H","BCDE","2018-09-19","2023-09-18","TN2010332","2008-10-22","","U11G31288H95","","2023-07-24","","","","","","True","","","46459","AUTONOLEGGI VISINTAINER DI VISINTAINER","","Dipendente","","","","2022-08-23 00:00","","","","","","","False","","","","","False","True","2023-07-05 22:01","TESSERINO 22-25 ARRIVATO 21/04/23","2851","2022-08-11 13:54:55.973000000","False","True","False","False","","OK","2022","2022-08-26 00:00","","SAPI","2022-08-26","2022-08-26","{15362EF7-E0BC-4DDC-AACE-9DF9C38356A8}"
"DALLAPICCOLA","NICOLA","AUTONOLEGGI VISINTAINER DI VISINTAINER FRANCESCO","1971-08-04","","M","","True","True","True","True","U173E3630G","BCDE","2021-12-29","2026-12-28","TN8010309","2008-10-14","","U173E3630G95","","2026-01-05","","","","","","True","2014-09-09","","46459","AUTONOLEGGI VISINTAINER DI VISINTAINER","","Dipendente","AGGIORNAMENTO IDONEITA'","2019-12-16 00:00","","2012-10-16 00:00","","","3","DET","PT","24,00","False","","","","","False","True","2023-07-05 22:01","TESSERINO 22-25 ARRIVATO 16/03/2023","1735","","False","True","False","False","","OK","2022","2023-03-03 16:24","QUINTARELLI EMANUELE","SAPI","2022-12-16","2022-12-16","{A2F6CAD0-C1C8-4703-99F8-F1C45B660E93}"
"LENZI","MAURIZIO","AUTONOLEGGI VISINTAINER DI VISINTAINER FRANCESCO","1959-08-05","","M","","True","True","True","True","U19U37125M","BCD","2020-08-11","2025-08-10","","","","","","2024-04-29","","","","","","False","2018-09-24","","46459","AUTONOLEGGI VISINTAINER DI VISINTAINER","","Dipendente","AGGIORNAMENTO IDONEITA'","2021-02-25 00:00","","2018-09-27 00:00","","","3 SUPER","INDET","PT","30,00","False","","","","","False","True","2023-07-05 22:01","","2432","","False","True","False","False","","OK","2021","2022-08-05 00:00","QUINTARELLI EMANUELE","SAPI","2021-12-10","2021-12-10","{BADD5B51-29A5-4132-B2D9-4843164A6F7B}"
"TOMELIN","ANDREA","AUTONOLEGGI VISINTAINER DI VISINTAINER FRANCESCO","1971-02-24","","M","","True","True","True","True","TN5428127J","BCD","2020-01-22","2024-11-14","","","","TN5428127J95","","2025-01-22","","","","","","True","2020-08-01","","46459","AUTONOLEGGI VISINTAINER DI VISINTAINER","","Dipendente","RICHIESTA TESSERINO; TESSERINO ARRIVATO 15/03/2021","2021-03-15 00:00","","2021-02-26 00:00","","","C3","DET","TP","39,00","False","","","","","False","True","2023-07-05 22:01","TESSERINO 22-25 ARRIVATO 21/04/23","2708","","False","True","False","False","","OK","2022","2022-10-24 12:24","QUINTARELLI EMANUELE","SAPI","2022-09-06","2022-09-06","{33BA80FD-52C9-4F51-8C43-EFE04DDCDF09}"
"VENZIN","MAURO","AUTONOLEGGI VISINTAINER DI VISINTAINER FRANCESCO","1970-11-26","TRENTO","M","VNZMRA70S26L378A","True","True","True","True","TN5488536M","BCDE","2022-12-20","2027-03-23","TN8012499","2023-01-16","","TN5488536M95","","2027-12-07","","","","","","False","2023-03-01","","46459","AUTONOLEGGI VISINTAINER DI VISINTAINER FRANCESCO","","Dipendente","","","","","","","","","","","True","","","","","False","False","2023-06-12 11:25","ATTESA CASELLARIO PENALE PER RICHIESTA TESSERINO","","","False","False","False","False","","OK","2022","2023-04-06 09:15","QUINTARELLI EMANUELE","SAPI","2023-04-01","2023-04-01","{3818FB15-56B3-43C0-8A0E-7E9E3DDE48B4}"
"VISINTAINER","FRANCESCO","AUTONOLEGGI VISINTAINER DI VISINTAINER FRANCESCO","1969-10-04","","M","","True","False","True","True","U150H9135W","BCD","2022-05-12","2027-05-11","TN8008764","2008-03-17","","U150H9135W95","","2026-08-09","","","","","","True","","","46459","AUTONOLEGGI VISINTAINER DI VISINTAINER","","Titolare","","2019-04-10 00:00","","","","","","","","","False","","","","","False","True","2023-07-05 22:01","TESSERINO 22-25 ARRIVATO 21/04/23","0043","","False","False","False","False","","OK","","","","","","","{A0F7D770-06FC-42F4-B95C-3594006E3D9A}"
"ZDRAVKOV","KOSTADIN","AUTONOLEGGI VISINTAINER DI VISINTAINER FRANCESCO","1960-05-04","","M","","True","True","True","True","U16Z46033P","BCDE","2021-05-12","2023-05-11","TN8011795","2016-02-24","","U16Z46033P95","","2024-11-06","","","","","","True","2021-11-29","","46459","AUTONOLEGGI VISINTAINER DI VISINTAINER","","Dipendente","RICHIESTA DUPLICATO TESSERINO 06/12: tesserino arrivato 17/12/2021","2021-12-06 00:00","","2021-12-06 00:00","","","","","","","False","","","","","False","True","2023-07-05 22:01","TESSERINO 22-25 ARRIVATO 21/04/23","2775","","False","True","False","False","","OK","2022","2022-10-24 12:45","QUINTARELLI EMANUELE","SAPI","2022-09-06","2022-09-06","{71388C65-B0E3-4645-AF3C-294D96F260D7}"
"BONELLI","ANNA","AUTONOLEGGIO DI GUADAGNINI FERDINANDO E ZAMPIERI DAVID S.N.C.","1974-07-27","","M","","True","True","True","True","TN2238022P","B","1994-04-18","2024-07-27","BZ8015437","2008-10-29","2023-10-19","","","","","","","","","True","2016-09-12","","46853","AUTONOLEGGIO DI GUADAGNINI FERDINANDO E","","Dipendente","AGGIORNAMENTO IDONEITA' 30/12/2019; AGGIORNAMENTO IDONEITA'","2020-10-29 00:00","","2016-11-08 00:00","","","C3","DET","PT","11,00","False","","","","","False","True","2023-07-05 22:01","TESSERINO 22-25 ARRIVATO 16/03/2023","2252","","True","False","False","False","","OK","2022","2022-11-14 10:22","GIAVARINA MASSIMO","SAPI","2022-10-12","2022-10-12","{6937F477-9368-4387-9884-8CD24A25659D}"
"GUADAGNINI","GUENDALINA","AUTONOLEGGIO DI GUADAGNINI FERDINANDO E ZAMPIERI DAVID S.N.C.","1979-09-27","","M","","True","True","True","True","U167J1696S","B","2022-06-25","2032-09-27","BZ8010150","2002-05-06","2027-06-24","","","","","","","","","True","2014-09-10","","46853","AUTONOLEGGIO DI GUADAGNINI FERDINANDO E","","Dipendente","AGGIORNAMENTO IDONEITA' 20/11/2019; AGGIORNAMENTO IDONEITA'","2020-10-29 00:00","","2012-10-10 00:00","","","C3","INDET","PT","30,00","False","","","","","False","True","2023-07-05 22:01","TESSERINO 22-25 ARRIVATO 18/10/2022","0403","","True","False","False","False","","OK","2022","2022-11-14 10:21","GIAVARINA MASSIMO","SAPI","2022-10-12","2022-10-12","{BECEA33F-E694-4701-A8F8-38C4E239E155}"
"ZAMPIERI","DAVID","AUTONOLEGGIO DI GUADAGNINI FERDINANDO E ZAMPIERI DAVID S.N.C.","1974-02-20","","M","","True","True","True","True","TN5480213L","BCD","2022-07-14","2024-07-31","TN8005436","1996-03-29","","TN5480213L95","","2027-06-20","","","2009-08-08","2009-01-20","","True","","","46853","AUTONOLEGGIO DI GUADAGNINI FERDINANDO E","","Titolare e Collab. Famigliare","","2019-04-10 00:00","","2012-09-03 00:00","","","","","","","False","","","","","False","True","2023-07-05 22:01","TESSERINO 22-25 ARRIVATO 08/02/2023","0402","","False","False","False","False","","OK","","","","","","","{C6E23964-B4F6-436B-913A-20F3A2CD2DE9}"
"MAISTRELLI","MARIARITA","AUTONOLEGGIO DI MAISTRELLI MARIARITA","1964-10-22","","M","","True","True","True","True","TN2094402J","B","1983-09-12","2023-10-22","TN8006172","1999-05-18","2023-07-18","","","","","","","","","True","","","46188","AUTONOLEGGIO DI MAISTRELLI MARIARITA","","Titolare","","2019-04-10 00:00","","","","","","","","","False","","","","","False","True","2023-07-05 22:01","TESSERINO 22-25 ARRIVATO 05/01/20223","0444","","False","False","False","False","","OK","","","","","","","{5738FD09-A4CA-4A87-BE1F-59F2341F77AD}"
"CANARGIU","FRANCESCO","AUTONOLEGGIO FABBRO SNC DI FABBRO DANILO  & C.","1965-05-12","","M","","False","True","True","True","TN5434848J","BCD","2020-07-22","2025-05-12","TN8008071","2007-12-03","","TN5434848J95","","2025-07-07","","","","","","False","2022-03-14","","46037","AUTONOLEGGIO FABBRO SNC DI FABBRO DANILO","","Dipendente","RICHIESTA TESSERINO 15/03/2022. TESSERINO ARRIVATO 24/03/2022.FREQUENTA CORSO AUTISTI","2022-03-15 00:00","","2022-03-15 00:00","","","C2","DET","TP","39,00","False","","","","","False","True","2023-07-05 22:01","","2809","","False","True","False","False","","","2022","2022-03-15 00:00","PAROLARI GIACOMO","","2021-12-07","2021-12-07","{88F30943-F623-4D63-A61A-BC49CEF78A89}"
"FABBRO","DANILO","AUTONOLEGGIO FABBRO SNC DI FABBRO DANILO  & C.","1968-09-02","","M","","True","True","True","True","TN5436839L","BCD","2020-08-22","2024-04-03","TN8008281","2008-01-18","","TN5436839L95","","2025-08-20","","","1989-09-15","1989-09-15","","False","","","46037","AUTONOLEGGIO FABBRO SNC DI FABBRO DANILO","","Titolare","AGGIORNAMENTO IDONEITA' 12/09/2019; AGGIORNAMENTO IDONEITA'","2020-09-04 00:00","","","","","","","","","False","","","","","False","True","2023-07-05 22:01"," | Categoria: Titolare","0517","","False","False","False","False","","","2021","2022-10-18 15:29","QUINTARELLI EMANUELE","SAPI","2022-10-14","2022-10-14","{1CA05B33-2AA6-4779-8ABB-EA14DEE8416F}"
"FABBRO","GABRIELE","AUTONOLEGGIO FABBRO SNC DI FABBRO DANILO  & C.","1964-03-08","","M","","False","True","True","True","TN5433645C","BCD","2020-07-01","2025-06-23","VI8003843","1987-01-10","","TN5433645C95","","2025-06-25","","","1986-03-28","1986-03-28","","False","2010-09-15","","46037","AUTONOLEGGIO FABBRO SNC DI FABBRO DANILO","","Dipendente","AGGIORNAMENTO IDONEITA' 12/09/2019; AGGIORNAMENTO IDONEITA'","2020-09-04 00:00","","2013-01-09 00:00","","","3","INDET","TP","39,00","False","","","","","False","True","2023-07-05 22:01"," | Categoria: Dipendente","0518","","False","True","False","False","","","2021","2022-10-18 15:30","QUINTARELLI EMANUELE","SAPI","2022-10-14","2022-10-14","{128C9BF3-99F4-4C99-90E7-69ED0F4126CA}"
"LINS","JACIARA MARIA","AUTONOLEGGIO FABBRO SNC DI FABBRO DANILO  & C.","1979-11-24","","M","","False","True","True","True","U13N88103W","B","2019-09-05","2029-11-24","TN8011515","2013-12-04","2024-02-18","","","","","","","","","False","","","46037","AUTONOLEGGIO FABBRO SNC DI FABBRO DANILO","","coll. Familiare","AGGIORNAMENTO IDONEITA'","2020-03-10 00:00","","2013-02-14 00:00","","","","","","","False","","","","","False","True","2023-07-05 22:01","","1938","","False","False","False","False","","","2022","2022-06-07 00:00","QUINTARELLI EMANUELE","SAPI","2022-05-27","2022-05-27","{14E22225-6AB0-4D61-915E-AB361E8C028C}"
"VAGLIO IORI","SIMONE","AUTONOLEGGIO FABBRO SNC DI FABBRO DANILO  & C.","1962-08-10","","M","","False","True","True","True","TN5432720V","BCD","2020-06-13","2025-01-17","","","","TN5432720V95","","2025-06-12","","","1985-02-06","2015-04-10","","False","2015-08-03","","46037","AUTONOLEGGIO FABBRO SNC DI FABBRO DANILO","","Dipendente","AGGIORNAMENTO IDONEITA'","2019-12-20 00:00","","2015-08-04 00:00","","","3","INDET","TP","39,00","False","","","","","False","True","2023-07-05 22:01","","2142","","False","True","False","False","","","2020","2021-02-17 00:00","QUINTARELLI EMANUELE","","2020-12-18","2020-12-18","{07FFC999-4C95-45DA-B26F-8D1DFE8D3A04}"
"BERTAGNOLLI","NICOLETTA","AUTONOLEGGIO FELIX DI FELICETTI ENRICO & C. S.N.C.","1969-07-05","","M","","True","True","True","True","U19G61088J","B","2018-11-09","2029-07-05","TN8007719","2007-05-14","2027-05-19","","","","","","","","","True","","","46261","AUTONOLEGGIO FELIX DI FELICETTI ENRICO &","","Titolare","AGGIORNAMENTO IDONEITA'","2019-12-20 00:00","","2012-09-28 00:00","","","","","","","False","","","","","False","True","2023-07-05 22:01","TESSERINO 22-25 ARRIVATO 16/01/2023","1121","","False","False","False","False","","OK","2021","2021-01-28 00:00","GRAVINA TOMMASO","SAPI","2021-01-18","2021-01-18","{EFB21D6A-2943-443D-8A81-9BED185B0534}"
"FELICETTI","ENRICO","AUTONOLEGGIO FELIX DI FELICETTI ENRICO & C. S.N.C.","1970-02-19","","M","","True","True","True","True","U190E9868J","BCD","2022-01-14","2027-01-13","","","","U190E9868J95","","2022-03-31","","","1992-01-31","1992-01-31","","True","","","46261","AUTONOLEGGIO FELIX DI FELICETTI ENRICO &","","Titolare","","2019-04-10 00:00","","2012-09-28 00:00","","","","","","","False","","","","","False","True","2023-07-05 22:01","TESSERINO 22-25 ARRIVATO 05/01/20223","0300","","False","False","False","False","","OK","","","","","","","{D933C46A-D8D2-42AF-B157-014BC1505E11}"
"BRIGADOI","AMEDEO","AUTONOLEGGIO VANZO DI VANZO PATRIZIO & C. S.N.C.","1992-03-14","","M","","True","True","True","True","TN5477209G","BCDE","2022-05-31","2024-07-11","","","","TN5477209G9595","","2024-07-11","","","","","","True","2018-05-14","","46126","AUTONOLEGGIO VANZO","","Dipendente","AGGIORNAMENTO IDONEITA'","2019-11-13 00:00","","2018-05-10 00:00","","","A3","INDET","TP","39,00","False","","","","","False","True","2023-07-05 22:01","TESSERINO 22-25 ARRIVATO 18/10/2022","2386","","False","True","False","False","","OK","2022","2022-08-17 00:00","PRINCIVALLE ANDREA","SAPI","2022-08-06","2022-08-06","{6BFB8F73-9D97-41BC-94E0-DD0BF97B7B84}"
"GIACOMOZZI","SANDRA","AUTONOLEGGIO VANZO DI VANZO PATRIZIO & C. S.N.C.","1961-06-17","USTER","F","","True","True","True","True","U117N6562S","BCD","2023-01-26","2024-01-25","TN8006239","1999-11-16","","U117N6562S95","","2024-11-28","","","","","","True","","","46126","AUTONOLEGGIO VANZO","","Socio","AGGIORNAMENTO IDONEITA'","2019-11-13 00:00","","2012-09-28 00:00","","","","","","","False","","","","","False","False","2023-07-05 22:01","TESSERINO 22-25 ARRIVATO 05/01/2023","0613","","False","False","False","False","","OK","2022","2022-08-17 00:00","","SAPI","2022-06-23","2022-06-23","{1B27B9E7-A165-48B9-8315-53F2E2759BD3}"
"VANZO","ALESSIO","AUTONOLEGGIO VANZO DI VANZO PATRIZIO & C. S.N.C.","1995-12-15","","M","","True","True","True","True","TN5449239J","BD","2021-03-24","2025-11-13","","","","TN5449239J95","","2026-03-24","","","","","","True","2018-03-21","","46126","AUTONOLEGGIO VANZO","","Autista a chiamata","AGGIORNAMENTO IDONEITA'","2019-11-13 00:00","","2018-03-27 00:00","","","","","","","False","","","","","False","True","2023-07-05 22:01","RICHIESTA TESSERINO PAT 22-25  10/03/2023 - TESSERINO PAT 22-25 ARRIVATO 16/03/23","2373","","False","False","False","False","","OK","2021","2023-03-09 16:13","GIAVARINA MASSIMO","SAPI","2022-04-06","2022-04-06","{0C75DD0C-D4E4-450B-B25A-7E9C1C11E533}"
"VANZO","PATRIZIO","AUTONOLEGGIO VANZO DI VANZO PATRIZIO & C. S.N.C.","1965-04-13","","M","","True","True","True","True","U1Y052469L","BCD","2022-05-25","2027-05-24","TN8005938","1997-12-05","","U1Y052469L95","","2025-08-17","","","1985-11-21","1985-11-21","","True","","","46126","AUTONOLEGGIO VANZO","","Titolare","","2019-04-10 00:00","","","","","","","","","False","","","","","False","True","2023-07-05 22:01","TESSERINO 22-25 ARRIVATO 05/01/2023","0612","","False","False","False","False","","OK","","","","","","","{79B192D5-98E9-4692-9AB9-FB313F2C9647}"
"ANDREOLLI","LUCA","AUTOSERVIZI ANDREOLLI S.N.C. DI ANDREOLLI PAOLO & C.","1972-11-28","","M","","False","False","True","True","U17K80160G","BCD","2019-04-11","2024-04-03","TN8008287","2008-01-18","","U17K80160G95","","2020-09-09","","","1993-10-05","1994-03-26","","False","","","46124","AUTOSERVIZI ANDREOLLI S.N.C.","","Socio","AGGIORNAMENTO IDONEITA'","2019-12-23 00:00","","2012-11-28 00:00","","","","","","","False","","","","","False","True","2023-07-05 22:01"," | Categoria: Socio","0689","","False","False","False","False","","","2020","2021-01-28 00:00","VALERIO CIUFFA","","2020-11-12","2020-11-12","{252299BC-AE13-45F1-A2E0-966B3B3AF84A}"
"ANDREOLLI","PAOLO","AUTOSERVIZI ANDREOLLI S.N.C. DI ANDREOLLI PAOLO & C.","1967-06-18","","","","False","False","True","True","U19G61148X","BCD","2018-11-09","2023-11-08","","","","U19G61148X95","","2020-09-09","","","1988-10-19","1988-10-19","","False","","","46124","AUTOSERVIZI ANDREOLLI S.N.C.","10","Titolare","","2019-04-10 00:00","TITOLARE NON GUIDA","2013-04-23 00:00","","OK","","","","","False","","","","","","True","2023-07-05 22:01"," | Categoria: Titolare","0688","","False","False","False","","","","","","","","","","{9AE8C9FE-FCA9-473E-9EEF-CDF30A240260}"
"BRAIJA","SAID","AUTOSERVIZI ANDREOLLI S.N.C. DI ANDREOLLI PAOLO & C.","1968-10-30","","M","","False","True","True","True","BO5613670W","BCDE","2016-06-03","2021-05-07","","","","BO5613670W95","","2021-05-28","","","","","","False","2020-02-01","","46124","AUTOSERVIZI ANDREOLLI S.N.C.","","Dipendente","RICHIESTA TESSERINO 17/06/2021.TESSERINO ARRIVATO 25/06/2021","2021-06-17 00:00","","2021-06-17 00:00","","","C2","INDET","TP","40,00","False","","","","","False","False","2023-07-05 22:01","","2723","","True","False","False","False","","","2021","2021-06-17 00:00","CIUFFA VALERIO","SAPI","2021-05-19","2021-05-19","{E6E22355-814A-4C60-A600-8746E66B23AA}"
"BRENA","PIERO","AUTOSERVIZI BRENA SNC DI BRENA PIERO & C.","1967-04-02","","M","","True","True","True","True","U19H40001G","BCDE","2019-01-10","2024-01-09","TN8007775","2007-09-14","","U19H40001G95","","2020-09-09","","","1989-01-03","1989-01-03","1989-01-03","True","","","46051","AUTOSERVIZI BRENA SNC DI BRENA PIERO","","Titolare","AGGIORNAMENTO IDONEITA'","2019-08-06 00:00","","2012-09-03 00:00","","","","","","","False","","","","","False","True","2023-07-05 22:01","TESSERINO 22-25 ARRIVATO 16/01/2023","0003","","False","False","False","False","","OK","2020","2022-08-03 17:21","PAROLARI GIACOMO","ECOSPES","2019-08-05","","{31DD11E1-40D6-4EB6-9B6D-7E48B0284D31}"
"ZUCCATI","MIRCO","AUTOSERVIZI DI MIRCO ZUCCATI & C. S.N.C.","1977-10-02","","M","","True","True","True","True","U124E3430A","BCDE","2021-11-25","2026-11-24","BS8012729","2000-09-12","","U124E3430A95","","2026-07-13","","","2000-04-15","2000-04-15","2006-09-06","True","","","46497","AUTOSERVIZI DI MIRCO ZUCCATI & C. S.N.C.","","Titolare","AGGIORNAMENTO IDONEITA'","2019-08-05 00:00","","","","","","","","","False","","","","","False","True","2023-07-05 22:01","TESSERINO 22-25 ARRIVATO 05/01/20223","0986","","False","False","False","False","","OK","2020","2022-08-03 17:21","PAROLARI GIACOMO","ECOSPES","2019-07-29","2019-07-29","{3F94F7D5-EFCF-4807-8DBA-29AC81B8C550}"
"DESSI'","ANDREA","AUTOSERVIZI MATTUZZI CLAUDIO & C. S.N.C.","1973-03-07","CUNEO","M","DSSNDR73C07D205H","True","True","True","True","VR5836664H","BCDE","2021-10-08","2026-07-15","CN8012298","2018-12-19","","VR5836664H95","","2026-08-25","","","","","","False","2020-01-04","","46049","AUTOSERVIZI MATTUZZI CLAUDIO & C. S.N.C.","","Dipendente","RICHIESTA TESSERINO 25/02/2021; TESSERINO ARRIVATO","2021-03-19 00:00","","2021-02-24 00:00","","","C2","INDET","TP","40,00","False","","","","","False","True","2023-06-12 12:57","","2701","","True","False","False","False","","OK","2022","2023-03-21 14:28","GIARRUSSO SALVATORE","ECO SPES","2023-03-29","2023-03-29","{F7C5EEB8-CC91-48E5-BD65-1EE5155387A4}"
"JADCZYK","DARIUSZ ANDRZEJ","AUTOSERVIZI MATTUZZI CLAUDIO & C. S.N.C.","1968-03-27","","M","","False","False","True","True","VR5796546D","BD","2020-06-06","2025-02-20","","","","VR5796546D95","","2025-06-04","","","","","","False","2014-12-06","","46049","AUTOSERVIZI MATTUZZI CLAUDIO & C. S.N.C.","","Dipendente","","2019-04-10 00:00","","2012-09-28 00:00","","","C2","DET","TP","40,00","False","","","","","False","True","2023-07-05 22:01","","1664","","True","False","False","False","","OK","2021","2023-03-21 14:47","GIARRUSSO SALVATORE","ECOSPES","2022-01-20","2022-01-20","{4A6E7DDF-ABB5-47C8-A46C-0F6CBAF90A43}"
"MATTUZZI","CLAUDIO","AUTOSERVIZI MATTUZZI CLAUDIO & C. S.N.C.","1967-11-14","RIVA DEL GARDA","M","MTTCLD67S14H330S","True","True","True","True","VR5799891B","BCDE","2020-07-24","2024-05-25","TN8008440","2008-02-07","","VR5799891B95","","2025-07-27","","","1989-02-27","1989-02-27","1989-02-27","False","","","46049","AUTOSERVIZI MATTUZZI CLAUDIO & C. S.N.C.","","Titolare","","2019-04-10 00:00","","","","","","","","","False","","","","","False","True","2023-06-12 11:25","","0103","","False","False","False","False","","OK","2021","2023-03-21 14:50","GIARRUSSO SALVATORE","ECOSPES","2022-01-20","2022-01-20","{939C5827-32F8-4837-AD1B-2FDFB7DA1032}"
"MATTUZZI","LUCA","AUTOSERVIZI MATTUZZI CLAUDIO & C. S.N.C.","1998-02-04","","M","","False","True","True","True","TN5424216S","BD","2019-11-13","2024-11-13","","","","TN5424216S95","","2025-08-21","","","","","","False","2021-01-07","","46049","AUTOSERVIZI MATTUZZI CLAUDIO & C. S.N.C.","","Dipendente","RICHIESTA TESSERINO 25/02/2021; TESSERINO ARRIVATO","2021-03-19 00:00","","2021-02-24 00:00","","","C2","DET","PT","20,00","False","","","","","False","True","2023-07-05 22:01","","2702","","True","False","False","False","","OK","2022","2023-03-21 14:48","GIARRUSSO SALVATORE","ECO SPES","2023-03-29","2023-03-29","{76B62C89-B824-4E7B-B873-713008417033}"
"TURCAN","VLADIMIR","AUTOSERVIZI MATTUZZI CLAUDIO & C. S.N.C.","1969-05-03","ODESSA","M","","False","False","True","True","VR5783167K","BCD","2019-10-26","2024-08-21","","","","VR5783167K95","","2024-10-18","","","2003-11-24","2003-11-24","","False","2015-03-16","","46049","AUTOSERVIZI MATTUZZI CLAUDIO & C. S.N.C.","","Dipendente","","2019-04-10 00:00","","2013-02-05 00:00","","","C2","INDET","TP","40,00","False","","","","","False","True","2023-07-05 22:01","","1662","","True","False","False","False","","OK","2021","2023-03-21 14:51","GIARRUSSO SALVATORE","ECOSPES","2022-01-20","2022-01-20","{431DE41C-3D86-4470-A1FE-24D7ECA4559D}"
"VALZOLGHER","MONICA","AUTOSERVIZI MATTUZZI CLAUDIO & C. S.N.C.","1967-12-29","FOLGARIA","F","VLZMNC67T69D651I","True","True","True","True","U18297385U","BCD","2023-05-08","2028-05-06","","","","U18297385U95","","2025-09-04","","","1995-09-26","1995-09-26","","True","","","46049","AUTOSERVIZI MATTUZZI CLAUDIO & C. S.N.C.","","Titolare","","2019-04-10 00:00","","2012-09-03 00:00","","","","","","","False","","","","","False","True","2023-06-12 12:58","TESSERINO 22-25 ARRIVATO 21/04/23","0108","","False","False","False","False","","OK","","","","","","","{1584B915-3275-4455-BC3A-91AA0BD126D0}"
"PETERLINI","ERIKA","AUTOSERVIZI PETERLINI ERIKA","1973-11-12","ROVERETO","F","PTRRKE73S52H612T","True","True","True","True","U1K653363C","B","2015-06-23","2025-11-12","TN8005984","2022-08-26","2027-08-04","","","","","","","","","True","","","46325","AUTOSERVIZI PETERLINI ERIKA","","Titolare","AGGIORNAMENTO IDONEITA'","2019-08-08 00:00","","2018-04-10 00:00","","","","","","","False","","","","","False","True","2023-06-12 11:25","TESSERINO 22-25 ARRIVATO 21/04/23","2375","","False","False","False","False","","OK","2020","2022-08-03 17:21","BENEDETTI ALESSANDRO","SAPI","2019-07-24","2019-07-24","{5F535243-E6DD-4CC7-B975-0B801BEE2446}"
"BRUNO","MARIA TERESA","AUTOSERVIZI ZANTEDESCHI DI ZANTEDESCHI L","1981-10-14","","M","","True","True","True","True","U16U17050M","BCDE","2020-07-24","2025-07-23","TN8011167","2012-01-19","","U16U17050M95","","2024-10-15","","","2007-10-03","2009-10-21","","True","2017-09-05","","46863","AUTOSERVIZI ZANTEDESCHI DI ZANTEDESCHI LUCIANO","","Dipendente","TESSERINO ARRIVATO","2019-04-30 00:00","","2019-04-15 00:00","","","C2","INDET","TP","40,00","False","","","","","False","True","2023-07-05 22:01","TESSERINO 22-25 ARRIVATO 16/03/23","2264","","True","False","False","False","","OK","2022","2023-03-06 10:01","BENEDETTI ALESSANDRO","SAPI","2022-12-22","2022-12-22","{797C7918-4EE7-4DC5-93CE-0F8DCA7EF367}"
"PIDGHIRNII ","IGOR","AUTOSERVIZI ZANTEDESCHI DI ZANTEDESCHI L","1974-06-09","PIRLITA","M","","True","True","True","True","TN5467558X","BCDE","2021-12-27","2026-11-24","","","","TN5467558X95","","2026-12-16","","","","","","True","2022-11-03","","46863","AUTOSERVIZI ZANTEDESCHI DI ZANTEDESCHI L","","Dipendente","","","","","","","","","","","True","","","","","False","True","2023-07-05 22:01","RICHIESTA TESSERINO PAT 22-25  13/01/2023 - TESSERINOMARRIVATO 07/02/23","","","False","False","False","False","","OK","2022","2023-01-13 11:35","BENEDETTI ALESSANDRO","SAPI","2023-01-19","2023-01-19","{6A557877-E106-4ABE-93FA-333DAB2C65F5}"
"TONETTA","PAOLO","AUTOSERVIZI ZANTEDESCHI DI ZANTEDESCHI L","1967-12-06","","M","","True","True","True","True","TN5424709L","BCD","2019-11-07","2024-10-24","","","","TN5424709L95","","2024-10-29","","","","","","True","2019-09-23","","46863","AUTOSERVIZI ZANTEDESCHI DI ZANTEDESCHI LUCIANO","","Dipendente","RICHIESTA TESSERINO 12/11/2019. TESSERINO ARRIVATO","2019-11-21 00:00","","2019-11-12 00:00","","","C2","INDET","TP","40,00","False","","","","","False","True","2023-07-05 22:01","TESSERINO 22-25 ARRIVATO 21/04/23","2562","","True","False","False","False","","OK","2022","2023-03-06 10:16","BENEDETTI ALESSANDRO","SAPI","2022-12-22","2022-12-22","{EC72F4A3-72B2-4AE0-ACBE-80678A433668}"
"BAZZANELLA","ANDREA","BAZZAVAN S.A.S. DI BAZZANELLA ANDREA","1985-10-29","","M","","True","True","True","True","TN5411830K","BD","2019-03-27","2024-01-25","","","","TN5411830K95","","2024-03-27","","","","","","True","2019-09-01","","47599","BAZZAVAN S.A.S. DI BAZZANELLA ANDREA","","Titolare","NUOVA DITTA CONSORZIATA; RICHIESTA TESSERINO 29/08; TESSERINO ARRIVATO","2019-09-12 00:00","","2019-08-29 00:00","","","","","","","False","","","","","False","True","2023-07-05 22:01","TESSERINO 22-25 ARRIVATO 18/10/2022","2527","","False","False","False","False","","OK","","","","","","","{1530DEB2-A146-480B-9724-EDD00827860B}"
"BAZZANELLA","FABIO","BAZZAVAN S.A.S. DI BAZZANELLA ANDREA","1955-07-11","","M","","True","True","True","True","U135K2670H","BCDE","2022-07-20","2024-07-19","TN8009366","2008-06-04","","U135K2670H95","","2025-07-27","","","","","","True","2019-09-01","","47599","BAZZAVAN S.A.S. DI BAZZANELLA ANDREA","","Socio","NUOVA DITTA CONSORZIATA; RICHIESTA TESSERINO 13/09/2019; TESSERINO ARRIVATO","2019-09-24 00:00","","2019-08-29 00:00","","","","","","","False","","","","","False","False","2023-07-05 22:01","TESSERINO 22-25 ARRIVATO 27/01/2023","2526","","False","False","False","False","","OK","2022","2022-08-09 00:00","BENEDETTI ALESSANDRO","SAPI","2022-01-13","2022-01-13","{453480D5-A8A3-40B6-87D4-A9DAA6EC8405}"
"DALLIO","GRAZIANO","BAZZAVAN S.A.S. DI BAZZANELLA ANDREA","1957-06-20","","M","","True","True","True","True","U199P4671N","BCDE","2023-05-17","2025-05-16","","","","U199P4671N95","","2025-08-26","","","","","","True","2020-11-16","","47599","BAZZAVAN S.A.S. DI BAZZANELLA ANDREA","","Dipendente","RICHIESTA TESSERINO 18/11/2020; TESSERINO ARRIVATO","2020-11-30 00:00","","2020-11-18 00:00","","","C2","INDET","TP","39,00","False","","","","","False","True","2023-07-05 22:01","TESSERINO 22-25 ARRIVATO 27/01/2023","2686","","False","True","False","False","","OK","2021","2022-09-22 12:12","BENEDETTI FRANCESCA","SMA","2022-08-05","2022-08-05","{569CB723-0409-4733-BA66-5F9041737567}"
"BEZ","FRANCO","BEZ FRANCO","1966-04-02","","M","","True","True","True","True","U16F72964V","B","2018-08-30","2024-04-02","BL8004293","1998-10-15","2023-08-29","","","","","","","","","True","","","46062","BEZ FRANCO","","Titolare","","2019-04-10 00:00","","2013-01-23 00:00","","","","","","","False","","","","","False","True","2023-07-05 22:01","TESSERINO 22-25 ARRIVATO 16/03/23","1004","","False","False","False","False","","OK","","","","","","","{B46860FC-CE68-4A2E-833E-E7DEDE679AD2}"
"PESCOL","GIULIANA","BEZ FRANCO","1970-02-24","","M","","True","True","True","True","U19F27313K","B","2018-09-13","2029-02-24","BL8004207","1998-04-21","2028-01-31","","","","","","","","","True","","","46062","BEZ FRANCO","","coll. Familiare","AGGIORNAMENTO IDONEITA'","2019-12-17 00:00","","2012-09-28 00:00","","","","","","","False","","","","","False","True","2023-07-05 22:01","TESSERINO 22-25 ARRIVATO 21/04/23","1005","","False","False","False","False","","OK","2022","2023-03-13 08:27","GRAVINA TOMMASO","SAPI","2022-10-28","2022-10-28","{A01F9847-19A6-4A53-B9B1-92D690632F1D}"
"BUCELLA","ADRIANO","BUCELLA IVANO","1995-01-18","","","","False","False","True","True","U1Z552201T","B","2017-10-11","2024-01-18","","","","","","","","","","","","False","","","47612","BUCELLA IVANO","4","coll. Familiare","","","","","","","","","","","False","","","","","","False","2023-07-05 22:01","","2714","","False","False","False","","","","","","","","","","{87604767-65A8-427C-B591-2C83FE7C703F}"
"FOLGARAIT","DAVIDE","BUS MANIA S.R.L. SEMPLIFICATA","1976-01-26","ROVERETO","M","FLGDVD76A26H612U","True","True","True","True","TN5462411L","BCD","2021-10-01","2026-09-14","MO8006995","1997-10-31","","TN5462411L","","2026-09-17","","","1997-05-27","1997-05-27","","True","2017-10-20","","47443","BUS MANIA S.R.L. SEMPLIFICATA","","Dipendente","AGGIORNAMENTO IDONEITA'","2019-12-23 00:00","","2019-01-11 00:00","","","C1","INDET","TP","40,00","False","","","","","False","True","2023-06-12 11:25","TESSERINO 22-25 ARRIVATO 21/04/23","2412","","True","False","False","False","","OK","2022","2023-03-16 16:22","BENEDETTI ALESSANDRO","SAPI","2022-04-07","2022-04-07","{303B5876-41DD-400F-BB50-C51CB2281C0F}"
"FOLGARAIT","ROBERTO","BUS MANIA S.R.L. SEMPLIFICATA","1964-07-10","ROVERETO","M","FLGRRT64L10H612G","True","True","True","True","U142L1502G","BCD","2022-09-30","2027-09-29","TN8004699","1995-09-19","","U142L1502G95","","2027-09-29","","","1987-05-02","1987-05-02","","True","2017-10-20","","47443","BUS MANIA S.R.L. SEMPLIFICATA","","Dipendente","AGGIORNAMENTO IDONEITA'","2019-12-23 00:00","","2019-01-11 00:00","","","C1","INDET","PT","15,00","False","","","","","False","True","2023-06-12 11:25","TESSERINO 22-25 ARRIVATO 21/04/23","2411","","True","False","False","False","","OK","2022","2023-03-16 16:26","BENEDETTI ALESSANDRO","SAPI","2023-02-28","2023-02-28","{C650B6AC-E5E3-4F3A-A7EA-67D26EA23353}"
"PERONI","PAOLO","BUS MANIA S.R.L. SEMPLIFICATA","1961-06-22","ROVERETO","M","PRNPLA61H22H612X","True","True","True","True","TN5438456H","BCDE","2020-09-11","2023-08-10","TN8004824","1995-09-25","","TN5438456H5","","2025-09-10","","","1987-03-02","1987-03-02","","True","2017-10-20","","47443","BUS MANIA S.R.L. SEMPLIFICATA","","Dipendente","AGGIORNAMENTO IDONEITA'","2019-12-23 00:00","","2019-01-11 00:00","","","C1","INDET","TP","40,00","False","","","","","False","True","2023-06-12 11:25","TESSERINO 22-25 ARRIVATO 21/04/23","2413","","True","False","False","False","","OK","2022","2023-03-16 16:13","BENEDETTI ALESSANDRO","SAPI","2023-02-09","2023-02-09","{B39EEE97-D4A0-42FF-B83B-5D7BEF36522F}"
"VIGAGNI","ELIA","BUS MANIA S.R.L. SEMPLIFICATA","1985-02-16","ROVERETO","M","VGGLEI85B16H612X","True","True","True","True","VR5858486X","BDE","2022-07-13","2023-10-03","TN8011567","2014-04-08","","VR5858486X955","","2027-07-13","","","","","","True","2018-11-20","","47443","BUS MANIA S.R.L. SEMPLIFICATA","","Dipendente","AGGIORNAMENTO IDONEITA'","2019-12-23 00:00","","2018-11-28 00:00","","","C2","INDET","PT","35,00","False","","","","","False","True","2023-06-12 11:25","TESSERINO 22-25 ARRIVATO 21/04/23","2630","","True","False","False","False","","OK","2022","2023-03-16 16:07","BENEDETTI ALESSANDRO","SAPI","2022-04-07","2022-04-07","{C8CBE47E-0A2F-4D16-81A2-D4EC703C0CAD}"
"BAILONI","IVANO","CLUB DELLAI S.R.L.","1964-03-24","","M","","True","True","True","True","TN5479563","BCD","2022-07-07","2023-05-18","","","","TN547956395","","2027-07-07","","","","","","True","2020-01-07","","46094","CLUB DELLAI S.R.L.","","Dipendente","RICHIESTA TESSERINO 17/01/2020; TESSERINO ARRIVATO 31/01/2020","2020-01-31 00:00","","2020-01-17 00:00","","","C2/4","DET","TP","40,00","False","","","","","False","True","2023-07-05 22:01","TESSERINO 22-25 ARRIVATO 16/03/23","2635","","True","False","False","False","","OK","2021","2022-08-30 00:00","GRAVINA TOMMASO","","2021-10-27","2021-10-27","{F920DAC4-11FF-4982-9AD0-93C45C01D3DF}"
"CAMPREGHER","IVO","CLUB DELLAI S.R.L.","1959-01-25","","M","","True","True","True","True","TN5462172Z","BCD","2021-09-30","2023-09-11","","","","TN5462172Z95","","2026-09-15","","","2004-03-17","2008-09-09","","False","2016-04-11","","46094","CLUB DELLAI S.R.L.","","Autista a chiamata","","2019-04-10 00:00","","2016-04-14 00:00","","","C2/4","INDET","","","False","","","","","False","True","2023-07-05 22:01","","2203","","True","False","False","False","","OK","2021","2023-03-08 16:34","GRAVINA TOMMASO/QUINTARELLI EMANEUELE","STUDIO MEDICO/SAPI","2022-07-22","2022-09-07","{700A28E4-1CD1-412F-8CBE-7E881E679075}"
"CARIDDI","MAURO","CLUB DELLAI S.R.L.","1973-11-13","","M","","True","True","True","True","TN5469919K","BD","2022-02-05","2027-01-27","TN8012197","2019-08-28","","TN5469919K95","","2027-02-02","","","","","","True","2021-09-13","","46094","CLUB DELLAI S.R.L.","","Dipendente","RICHIESTA TESSERINO 02/09 ; TESSERINO ARRIVATO","2019-09-12 00:00","","2019-09-02 00:00","","","C2/4","DET","TP","40,00","False","","","","","False","True","2023-07-05 22:01","TESSERINO 22-25 ARRIVATO 16/03/23","2529","","True","False","False","False","","OK","2021","2022-10-19 12:29","GRAVINA TOMMASO","","2021-10-27","2022-06-29","{8913C636-8360-4DFD-B175-8984A23BBAB4}"
"COSTANTINO","FRANCESCO","CLUB DELLAI S.R.L.","1991-02-19","TRENTO","M","CSTFNC91B19L378W","True","True","True","True","TN5474307K","BD","2022-04-29","2026-12-10","","","","TN5474307K95","","2027-07-29","","","","","","True","2022-09-01","","46094","CLUB DELLAI S.R.L.","","Dipendente","","","","","","","","","","","False","","","","","False","True","2023-06-12 11:25","RICHIESTA TESSERINO PAT 22-25  09/11/2022 - TESSERINO ARRIVATO 18/11/22","","","False","False","False","False","","OK","2022","2022-11-04 15:11","GRAVINA TOMMASO","","2022-09-07","2022-09-07","{03FA050C-27A7-4751-8D2C-0BC2F3311187}"
"D'AGOSTINO","ANTONIO","CLUB DELLAI S.R.L.","1956-01-25","","M","","True","True","True","True","U12Z77048N","BCDE","2021-04-20","2023-04-19","TN8007988","2007-11-15","","U12Z77048N95","","2025-07-16","","","1982-04-07","2003-09-15","","True","2018-10-08","","46094","CLUB DELLAI S.R.L.","","Autista a chiamata","AGGIORNAMENTO IDONEITA'","2019-11-14 00:00","","2018-11-30 00:00","","","C2/4","INDET","","","False","","","","","False","True","2023-07-05 22:01","TESSERINO 22-25 ARRIVATO 16/03/23","1631","","True","False","False","False","","OK","2021","2022-08-30 00:00","GRAVINA TOMMASO","","2021-10-27","2021-10-27","{87E280CC-65B5-4476-8F6C-E553B5D5226F}"
"DELLAI","GIORGIO","CLUB DELLAI S.R.L.","1967-10-12","","M","","True","True","True","True","TN5434611S","BCDE","2020-07-17","2024-03-12","TN8011854","2016-10-13","","TN5434611S95","","2025-07-16","","","1989-04-28","1989-04-28","","True","2005-01-01","","46094","CLUB DELLAI S.R.L.","","Titolare","AGGIORNAMENTO IDONEITA'","2019-11-14 00:00","","2012-09-28 00:00","","","","","","","False","","","","","False","True","2023-07-05 22:01","TESSERINO 22-25 ARRIVATO 16/03/23","0234","","False","False","False","False","","OK","2021","2022-08-30 00:00","GRAVINA TOMMASO","","2021-10-27","2021-10-27","{6906871A-D8BF-4637-A0FB-255074847FE2}"
"FATTORUSSO","PASQUALE","CLUB DELLAI S.R.L.","1970-12-16","","M","","True","True","True","True","U166G9506T","BCD","2022-04-06","2027-04-05","TN8010568","2009-05-04","","U166G9506T95","","2025-10-27","","","1997-02-17","1997-02-17","","True","2010-01-07","","46094","CLUB DELLAI S.R.L.","","Dipendente","AGGIORNAMENTO IDONEITA' 14/11/2019; RICHIESTA DUPLICATO TESSERINO E AGGIORNAMENTO IDONEITA'","2020-12-03 00:00","","2012-09-28 00:00","","","C2/4","INDET","TP","40,00","False","","","","","False","True","2023-07-05 22:01","TESSERINO 22-25 ARRIVATO 16/03/23","1019","","True","False","False","False","","OK","2021","2022-08-30 00:00","GRAVINA TOMMASO","","2021-10-27","2021-10-27","{E46C5D64-59E1-4625-B5E2-2F0B19214620}"
"GADOTTI","ANNALISA","CLUB DELLAI S.R.L.","1979-02-02","TRENTO","F","GDTNLS79B42L378Q","True","True","True","True","TN5488728P","BCDE","2022-12-24","2027-05-23","TN8006998","2023-10-10","","TN5488728P95","","2027-12-06","","","","","","True","2022-09-07","","46094","CLUB DELLAI S.R.L.","","Dipendente","","","","","","","","","","","False","","","","","False","True","2023-06-12 11:25","RICHIESTA TESSERINO PAT 22-25  09/11/2022 - TESSERINO ARRIVATO 18/11/22","","","False","False","False","False","","OK","2022","2022-11-08 15:56","GRAVINA TOMMASO","STUDIO MEDICO PREDAZZO","2022-09-07","2022-09-07","{8683EC10-15B6-4455-BBB6-98A6854BC8A1}"
"GIRARDI","EMILIANO","CLUB DELLAI S.R.L.","1975-06-25","","M","","True","True","True","True","U195K3741X","BCD","2022-09-07","2027-09-06","","","","U195K3741X","","2025-08-05","","","","","","False","2022-08-01","","46094","CLUB DELLAI S.R.L.","","Dipendente","RICHIESTA TESSERINO 21/03/2022. TESSERINO ARRIVATO 07/04/2022","2022-03-21 00:00","","2022-03-21 00:00","","","C2/4","DET","PT","18,00","False","","","","","False","True","2023-07-05 22:01","","2816","","True","False","False","False","","OK","2022","2023-03-23 09:40","GRAVINA TOMMASO","SAPI","2022-09-07","2022-09-07","{78EB63BE-6A3B-4F9A-BE94-9203984DB148}"
"GOTTARDI","UMBERTO","CLUB DELLAI S.R.L.","1964-11-12","","M","","True","True","True","True","TN5437391M","BCD","2020-08-29","2024-05-17","TN8011006","2010-12-17","","TN5437391M95","","2025-07-29","","","","","","True","2015-03-16","","46094","CLUB DELLAI S.R.L.","","Dipendente","AGGIORNAMENTO IDONEITA'","2019-10-14 00:00","","2015-03-18 00:00","","","C2/4","INDET","TP","40,00","False","","","","","False","True","2023-07-05 22:01","TESSERINO 22-25 ARRIVATO 21/04/23","2032","","True","False","False","False","","OK","2021","2023-03-15 12:00","GRAVINA TOMMASO","SAPI","2023-01-18","2023-01-18","{DF6D40E3-CF64-4699-B5B8-8B61473B66D1}"
"GRAVANTE","FRANCESCO","CLUB DELLAI S.R.L.","1986-02-03","","M","","True","True","True","True","TN5429287K","BCDE","2020-02-12","2025-01-13","","","","TN5429287K95","","2025-01-13","","","","","","True","2020-03-16","","46094","CLUB DELLAI S.R.L.","","Dipendente","EMETTERE TESSERINO 05/04/2020; TESSERINO ARRIVATO","2020-06-16 00:00","","2020-04-05 00:00","","","C2/4","DET","TP","40,00","False","","","","","False","True","2023-07-05 22:01","TESSERINO 22-25 ARRIVATO 21/04/23","2648","","True","False","False","False","","OK","2022","2022-08-30 00:00","GRAVINA TOMMASO","","2022-06-27","2022-06-27","{0D6A6654-8572-470C-90F6-62DA3A586A82}"
"MAZZOLIN","EZIO","CLUB DELLAI S.R.L.","1966-08-30","TRENTO","M","MZZZEI66M30L378N","True","True","True","True","TN5478383L","BCDE","2022-07-04","2027-07-04","","","","TN5478383L95","","2027-04-23","","","","","","True","2022-08-08","","46094","CLUB DELLAI S.R.L.","","Autista a chiamata","","","","","","","","","","","False","","","","","False","True","2023-06-12 11:25","RICHIESTA TESSERINO PAT 22-25 04/11/2022 - TESSRRINO ARRIVATO 18/11/22","","","False","False","False","False","","OK","2022","2022-11-04 15:27","GRAVINA TOMMASO","","2022-09-07","2022-09-07","{0A5ADDCC-99CF-4769-A7ED-3B84B714EAA2}"
"MINIO","MARIO","CLUB DELLAI S.R.L.","1970-03-17","","M","","True","True","True","True","TN5435376F","BCD","2020-07-30","2025-07-03","TN8010454","2009-01-15","","TN5435376F95","","2025-07-14","","","2004-09-06","2004-09-06","","True","2010-09-01","","46094","CLUB DELLAI S.R.L.","","Dipendente","AGGIORNAMENTO IDONEITA'","2019-11-14 00:00","","2012-09-28 00:00","","","C2/4","INDET","TP","40,00","False","","","","","False","True","2023-07-05 22:01","TESSERINO 22-25 ARRIVATO 21/04/23","1294","","True","False","False","False","","OK","2021","2022-10-20 15:06","GRAVINA TOMMASO","","2021-10-27","2021-10-27","{63C8126A-3AB0-44FF-B1BA-7292ACF79CFE}"
"OSLER","LUCA","CLUB DELLAI S.R.L.","1972-03-27","","M","","True","True","True","True","TN5435809G","BCD","2020-08-07","2024-07-05","TN8009712","2008-07-22","","TN5435809G95","","2025-07-31","","","1994-10-04","1994-10-04","","True","2008-09-08","","46094","CLUB DELLAI S.R.L.","","Dipendente","AGGIORNAMENTO IDONEITA'","2019-11-14 00:00","","2012-09-28 00:00","","","C2/4","INDET","TP","40,00","False","","","","","False","True","2023-07-05 22:01","TESSERINO 22-25 ARRIVATO 16/03/23","1257","","True","False","False","False","","OK","2021","2022-08-30 00:00","GRAVINA TOMMASO","","2021-10-27","2021-10-27","{4BDB8479-95CD-4BAC-B41E-18002CFD6E2A}"
"PAOLAZZI","DARIO","CLUB DELLAI S.R.L.","1959-10-18","TRENTO","M","PLZDRA59R18L378M","True","True","True","True","TN5428688X","BCDE","2020-01-21","2024-10-15","","","","TN5428688X95","","2025-01-13","","","","","","True","2022-10-20","","46094","CLUB DELLAI S.R.L.","","Dipendente","","","","","","","","","","","False","","","","","False","True","2023-06-12 11:25","RICHIESTA TESSERINO PAT 22-25  11/11/2022 - TESSERINO ARRIVATO 18/11/22","","","False","False","False","False","","OK","2022","2022-11-11 08:40","GRAVINA TOMMASO","STUDIO MEDICO PREDAZZO","2022-10-26","2022-10-26","{E7B1D1F6-FE1A-49F6-92E8-46CD5A55B496}"
"PICCOLO","FELICE","CLUB DELLAI S.R.L.","1987-08-19","","M","","True","True","True","True","TN5482905F","BDE","2022-09-03","2024-07-26","","","","TN5482905F95","","2025-10-31","","","","","","True","2021-10-04","","46094","CLUB DELLAI S.R.L.","","Dipendente","RICHIESTA TESSERINO 08/11/2021.TESSERINO ARRIVATO 22/11/2021","2021-11-08 00:00","","2021-11-08 00:00","","","C2/4","DET","TP","40,00","False","","","","","False","True","2023-07-05 22:01","TESSERINO 22-25 ARRIVATO 16/03/23","2763","","True","False","False","False","","OK","2021","2021-11-08 00:00","GRAVINA TOMMASO","","2021-10-27","2021-10-27","{527979B1-01AF-4314-B84A-F943AE57F405}"
"STENICO","ALESSANDRO","CLUB DELLAI S.R.L.","1991-08-18","","M","","True","True","True","True","TN5456976P","BDE","2021-07-26","2026-07-26","","","","TN5456976P95","","2026-06-05","","","","","","True","2021-09-09","","46094","CLUB DELLAI S.R.L.","","Dipendente","RICHIESTA TESSERINO 08/11/2021.TESSERINO ARRIVATO 29/11/2021","2021-11-08 00:00","","2021-11-08 00:00","","","C2/4","DET","TP","40,00","False","","","","","False","True","2023-07-05 22:01","TESSERINO 22-25 ARRIVATO 16/03/23","2764","","True","False","False","False","","OK","2022","2022-10-20 15:09","GRAVINA TOMMASO","","2021-10-27","2021-10-27","{DCC85147-1B47-4AE4-B037-AE39BFBBB3E2}"
"STINGHEL","ERMINIO","CLUB DELLAI S.R.L.","1968-03-21","","M","","True","True","True","True","TN5424864F","BCDE","2019-11-09","2024-10-15","TN8008623","2008-02-25","","TN5424864F95","","2024-10-18","","","","","","False","2018-01-15","","46094","CLUB DELLAI S.R.L.","","Dipendente","AGGIORNAMENTO IDONEITA'","2019-08-05 00:00","","2018-01-19 00:00","","","C2/4","INDET","TP","40,00","False","","","","","False","True","2023-07-05 22:01","","2358","","True","False","False","False","","OK","2022","2023-03-08 14:31","GRAVINA TOMMASO","STUDIO MEDICO PREDAZZO","2021-10-27","2022-06-29","{4CEBD368-8A8E-4FE2-B2DB-F889278DC8EC}"
"TRENTIN","DANIELE","CLUB DELLAI S.R.L.","1960-11-26","","M","","True","True","True","True","U156C3799K","BCDE","2021-08-31","2023-08-30","TN8008308","2008-01-18","","U156C3799K95","","2025-07-08","","","1982-07-07","1983-06-22","1983-06-22","True","2009-09-01","","46094","CLUB DELLAI S.R.L.","","Dipendente","AGGIORNAMENTO IDONEITA'; AUTISTA LICENZIATO 01/09/2022","2019-11-14 00:00","","2022-09-01 00:00","","","C2/4","INDET","PT","25,00","False","","","","","False","True","2023-07-05 22:01","TESSERINO 22-25 ARRIVATO 21/04/23","0250","","True","False","False","False","","OK","2021","2023-03-15 11:28","GRAVINA TOMMASO","","2021-10-27","2022-10-26","{59D2B1EB-6EC0-4837-BB6C-0F520F313BAD}"
"ZILLER","IGOR","CLUB DELLAI S.R.L.","1977-03-30","","M","","True","True","True","True","U123G0219K","BCDBECEDE","2022-03-15","2027-03-14","TN8009062","2008-04-22","","U123G0219K95","","2025-09-03","","","2001-03-09","2001-03-09","","True","2010-09-01","","46094","CLUB DELLAI S.R.L.","","Dipendente","AGGIORNAMENTO IDONEITA'","2019-11-14 00:00","","2012-09-28 00:00","","","C2/4","INDET","TP","40,00","False","","","","","False","True","2023-07-05 22:01","TESSERINO 22-25 ARRIVATO 21/04/23","1580","","True","False","False","False","","OK","2022","2022-11-14 12:27","GRAVINA TOMMASO","","2022-10-26","2022-10-26","{3D0B6047-016B-40C8-B07B-CA5F8D799ED0}"
"CONTRINI","STEFANO","CONTRINI STEFANO","1972-12-26","","M","","True","True","True","True","U16F72982V","B","2018-08-30","2028-12-26","TN8007882","2007-10-22","2023-08-29","","","","","","","","","True","2015-02-01","","47051","CONTRINI STEFANO","","Titolare","AGGIORNAMENTO IDONEITA'","2019-09-24 00:00","","2015-02-25 00:00","","","","","","","False","","","","","False","True","2023-07-05 22:01","TESSERINO 22-25 ARRIVATO 18/10/2022","2021","","False","False","False","False","","OK","2020","2022-08-03 17:21","GIRARDI GIANPIERO","ECOSPES","2019-09-19","","{EEFAEA02-0DCB-46C7-841C-0C5C64D8EA4F}"
"CORN","ADOLFO","CORN ADOLFO","1972-10-03","","M","","True","True","True","True","TN5429529J","BCDE","2020-02-06","2024-12-04","TN8008087","2007-12-13","","TN5429529J95","2012-12-15","2025-01-24","","","1991-10-07","1994-10-15","1994-10-15","True","","","46106","CORN ADOLFO","","Titolare","","2019-04-10 00:00","","","","","","","","","False","","","","","False","True","2023-07-05 22:01","TESSERINO 22-25 ARRIVATO 21/04/23","0270","","False","False","False","False","","OK","","","","","","","{3E44336B-B43D-4E2B-9CDE-C2259766736C}"
"CORN","FABRIZIO","CORN ADOLFO","1977-06-26","","M","","True","True","True","True","TN5444056K","BCD","2020-12-04","2025-08-28","TN8010786","2010-02-15","","TN5444056K95","","2025-11-27","","","2000-05-09","2000-05-09","","True","2010-11-25","","46106","CORN ADOLFO","","coll. Familiare","AGGIORNAMENTO IDONEITA'","2020-01-17 00:00","","2012-12-17 00:00","","","","","","","False","","","","","False","True","2023-07-05 22:01","TESSERINO 22-25 ARRIVATO 16/03/23","1644","","False","False","False","False","","OK","2021","2022-11-17 09:06","QUINTARELLI EMANUELE","SAPI","2022-02-24","2022-02-24","{56BD6918-E39A-41EE-9302-B16AE50B2F20}"
"ECCEL","MICHELA","CORN ADOLFO","1979-02-19","","M","","True","True","True","True","U198G3472K","BCD","2022-04-22","2027-04-21","TN8008086","2007-12-13","","U198G3472K95","","2025-11-27","","","2001-11-27","2001-11-27","","True","2010-01-22","","46106","CORN ADOLFO","","coll. Familiare","AGGIORNAMENTO IDONEITA'","2020-01-17 00:00","","2012-12-17 00:00","","","","","","","False","","","","","False","True","2023-07-05 22:01","TESSERINO 22-25 ARRIVATO 21/04/23","1645","","False","False","False","False","","OK","2022","2022-11-17 12:48","QUINTARELLI EMANUELE","SAPI","2022-09-15","2022-09-15","{DEF0FB48-6CC5-49C5-8BAE-9AC78E0B291E}"
"DALLA TORRE","MARCO","DALLA TORRE MARCO","1970-06-06","","M","","True","True","True","True","U177G3935V","BCDE","2022-04-11","2027-04-09","","","","U177G3935V95","","2024-11-22","","","","","","False","2020-10-27","","47708","DALLA TORRE MARCO","","Titolare","","","","","","","","","","","False","","","","","False","True","2023-07-05 22:01","","2682","","False","False","False","False","","OK","","","","","","","{EFB73B86-81B7-4C26-A609-A6DB99CC070B}"
"D'AMICO","ANGELA","D'AMICO VIAGGI S.R.L.","1986-06-01","","M","","True","True","True","True","TN5417195E","BD","2019-07-03","2024-05-16","TN8010347","2008-10-22","","TN5417195E95","","2024-07-03","","","","","","True","2014-11-03","","47765","D'AMICO VIAGGI S.R.L.","","Socio Dipendente","AUTISTA LICENZIATO PER MATERNITA'. AGGIORNAMENTO IDONEITA'","2019-04-10 00:00","","2013-03-12 00:00","","","C2","INDET","PT","26,00","False","","","","","False","False","2023-07-05 22:01","TESSERINO 22-25 ARRIVATO 08/02/2023","2749","","True","False","False","False","","OK","2022","2022-08-22 00:00","PRINCIVALLE ANDREA","SAPI","2022-08-08","2022-08-08","{8668F64B-6D98-4489-9EFD-21ABF00FD3C7}"
"D'AMICO","ANTONIO","D'AMICO VIAGGI S.R.L.","1992-06-08","","M","","True","True","True","True","TN5474752G","BDE","2022-04-22","2027-04-08","TN8011491","2013-10-24","","TN5474752G95","","2027-04-22","","","","","","True","2021-07-16","","47765","D'AMICO VIAGGI S.R.L.","","Titolare","","","","2021-07-26 00:00","","","","","","","False","","","","","False","True","2023-07-05 22:01","TESSERINO 22-25 ARRIVATO 18/10/2022","2739","","False","False","False","False","","OK","","","","","","","{21BF4208-06FA-4047-8764-E774F089AE60}"
"D'AMICO","VINCENZO","D'AMICO VIAGGI S.R.L.","1963-05-25","","M","","True","True","True","True","TN5463866L","BD","2021-10-21","2026-09-29","TN8007842","2007-10-10","","TN5463866L95","","2026-10-18","","","","2006-06-20","","True","2021-07-16","","47765","D'AMICO VIAGGI S.R.L.","","Socio Dipendente","","","","","","","A1","INDET","PT","25,00","False","","","","","False","False","2023-07-05 22:01","TESSERINO 22-25 ARRIVATO 16/01/2023","2738","","True","False","False","False","","OK","2022","2022-11-18 15:34","PRINCIVALLE ANDREA","SAPI","2022-11-12","2022-11-12","{30AE13E0-C946-46B1-B906-7954C68DDDA3}"
"ZICHELLA","MICHELE","D'AMICO VIAGGI S.R.L.","1990-06-12","","M","","True","True","True","True","TN5475683L","BDE","2022-05-10","2027-04-29","","","","TN5475683L95","","2027-05-10","","","","","","True","2021-07-16","","47765","D'AMICO VIAGGI S.R.L.","","Autista a chiamata","","","","2021-07-26 00:00","","","C2","INDET","","","False","","","","","False","True","2023-07-05 22:01","TESSERINO 22-25 ARRIVATO 18/10/2022","2740","","True","False","False","False","","OK","2022","2022-11-18 15:35","PRINCIVALLE ANDREA","SAPI","2022-11-12","2022-11-12","{63D81D57-3A3B-434E-A56C-D36F0289296F}"
"ANIELLO","ERASMO","DESILVESTRO TAXI E VIAGGI S.R.L.","1972-07-30","","M","","True","True","True","True","TN5445101K","BCDE","2020-12-31","2023-05-12","TN8011473","2013-09-02","","TN5445101K95","","2025-12-28","","","","","","True","2019-11-01","","47069","DESILVESTRO TAXI E VIAGGI S.R.L.","","Dipendente","RICHIESTA TESSERINO 31/12;TESSERINO ARRIVATO","2020-01-13 00:00","","2019-12-31 00:00","","","3","INDET","TP","39,00","False","","","","","False","True","2023-07-05 22:01","TESSERINO 22-25 ARRIVATO 21/04/23","2629","","False","True","False","False","","OK","2022","2023-03-06 15:31","GIAVARINA MASSIMO","SAPI","2022-12-15","2022-12-15","{817D66D5-28C8-4869-8A84-B38B8C5CE0F3}"
"CROCE","LETIZIA","DESILVESTRO TAXI E VIAGGI S.R.L.","1957-01-03","","","","True","False","True","True","U15R22680H","B","2020-01-09","2025-01-03","TN8005267","1995-11-10","2021-03-14","","","","","","","","","False","","","47069","DESILVESTRO TAXI E VIAGGI S.R.L.","9","Socio","AGGIORNAMENTO IDONEITA'","2019-11-22 00:00","OK","2015-07-08 00:00","","OK","","","","","False","","","","","","True","2023-07-05 22:01","","2134","","False","False","False","","","OK","2021","2021-12-30 00:00","GIAVARINA MASSIMO","SAPI","2021-11-24","2021-11-24","{999D913F-6F79-4678-886D-2D8F5BE5B4D3}"
"DESILVESTRO","ANNA","DESILVESTRO TAXI E VIAGGI S.R.L.","1983-09-25","","M","","True","True","True","True","TN5450761K","BD","2021-04-10","2025-01-29","TN8007703","2007-04-17","","TN5450761K95","","2026-04-08","","","","","","False","2015-05-13","","47069","DESILVESTRO TAXI E VIAGGI S.R.L.","","Dipendente","AGGIORNAMENTO IDONEITA'","2019-11-22 00:00","","2015-07-08 00:00","","","3","INDET","TP","39,00","False","","","","","False","True","2023-07-05 22:01","","2137","","False","True","False","False","","OK","2021","2021-12-30 00:00","GIAVARINA MASSIMO","SAPI","2021-11-24","2021-11-24","{E901DDB0-2BE0-4FCF-8811-7C1C1831BD91}"
"DESILVESTRO","CESARE","DESILVESTRO TAXI E VIAGGI S.R.L.","1981-04-20","","M","","True","True","True","True","TN5447183E","BD","2021-02-09","2023-09-26","","","","TN5447183E95","2010-12-22","2026-02-08","","","","2008-09-26","","True","","","47069","DESILVESTRO TAXI E VIAGGI S.R.L.","","Socio","","2019-04-10 00:00","","2015-07-08 00:00","","","","","","","False","","","","","False","True","2023-07-05 22:01","TESSERINO 22-25 ARRIVATO 16/03/23","2136","","False","False","False","False","","OK","2022","2023-01-20 14:14","GIAVARINA MASSIMO","SAPI","2022-12-15","2022-12-15","{E0B3B3EF-C1BE-4395-8B60-A674A9FA1999}"
"DESILVESTRO","FRANCO","DESILVESTRO TAXI E VIAGGI S.R.L.","1955-08-14","","M","","True","True","True","True","BZ5459324P","BCDE","2021-06-30","2022-08-31","TN8004809","1995-09-25","","BZ5459324P95","","2026-09-15","","","1981-03-04","1982-05-12","1982-05-12","True","","","47069","DESILVESTRO TAXI E VIAGGI S.R.L.","","Titolare","","2019-04-10 00:00","","2015-07-08 00:00","","","","","","","False","","","","","False","True","2023-07-05 22:01","TESSERINO 22-25 ARRIVATO 08/02/2023 ","2135","","False","False","False","False","","OK","","","","","","","{3BF7CDBD-83F3-4CFC-BF35-0FFAB83CBF7F}"
"SCORZA","DANILO","DESILVESTRO TAXI E VIAGGI S.R.L.","1973-07-30","","M","","True","True","True","True","TN5459257K","BCDE","2021-08-18","2026-07-23","TN8012368","2021-10-21","","TN5459257K95","","2026-08-16","","","","","","False","2021-07-03","","47069","DESILVESTRO TAXI E VIAGGI S.R.L.","","Dipendente","RICHIESTA TESSERINO 07/03/2022.TESSERINO ARRIVATO 17/03/2022","2022-03-07 00:00","","2022-03-07 00:00","","","3","INDET","TP","39,00","False","","","","","False","True","2023-07-05 22:01","","2760","","False","True","False","False","","OK","2021","2021-12-30 00:00","GRAVINA TOMMASO","SAPI","2021-10-22","2021-10-22","{D47F3B83-5580-484E-A771-01333A48746D}"
"GABRIELLI","ROBERTO","DMG NOLEGGIO CON CONDUCENTE DI GIACOMELLI DANIELE","1980-05-11","","M","","True","True","True","True","U1F227225N","B","2014-09-11","2025-05-11","TN8011080","2011-05-30","2022-05-16","","","","","","","","","True","2015-09-18","","47023","DMG NOLEGGIO CON CONDUCENTE DI GIACOMELLI DANIELE","","Dipendente","AGGIORNAMENTO IDONEITA'","2019-12-05 00:00","","2015-10-09 00:00","","","C3","DET","PT","20,00","False","","","","","False","True","2023-07-05 22:01","TESSERINO 22-25 ARRIVATO 18/10/2022","2158","","True","False","False","False","","OK","2021","2022-08-08 00:00","GRAVINA TOMMASO","","2021-10-05","2021-10-05","{60023571-463D-416C-85D2-6B75B8F0E313}"
"GIACOMELLI","DANIELE","DMG NOLEGGIO CON CONDUCENTE DI GIACOMELLI DANIELE","1978-12-06","","M","","True","True","True","True","U153C0714N","BCD","2021-08-27","2026-08-26","","","","U153C0714N95","","2024-11-25","","","2001-10-02","2001-10-02","","True","","","47023","DMG NOLEGGIO CON CONDUCENTE DI GIACOMELLI DANIELE","","Titolare","AGGIORNAMENTO IDONEITA'","2019-09-11 00:00","","2014-08-25 00:00","","","","","","","False","","","","","False","True","2023-07-05 22:01","TESSERINO 22-25 ARRIVATO 21/04/23","1968","","False","False","False","False","","","2021","2022-08-08 00:00","GRAVINA TOMMASO","","2021-10-05","2021-10-05","{F6F500DC-70C6-4C92-975B-A85771972AAB}"
"BALDAN","ANDREA","DOLOMITI RENT A CAR S.N.C. DI ROMOR MARSHA & C.","1972-08-12","DOLO","M","BLDNDR72M12D325T","False","True","True","True","U145L4956Y","BCDE","2022-10-04","2027-10-03","TN8007915","2007-10-26","","U145L4956Y95","","2025-09-28","","","1992-09-26","1992-09-26","1992-09-26","False","","","46761","DOLOMITI RENT A CAR S.N.C.","","Titolare","","2019-04-10 00:00","","2018-09-19 00:00","","","","","","","False","","","","","False","True","2023-06-14 22:01","","1272","","False","False","False","False","","","","","","","","","{20688DBE-0C2C-4C42-95A7-E3F980AED6C6}"
"BONINSEGNA","DANIELE","DOLOMITI RENT A CAR S.N.C. DI ROMOR MARSHA & C.","1991-04-13","","M","","False","True","True","True","TN5401577B","BD","2018-09-19","2023-06-05","","","","TN5401577B95","","2023-09-19","","","","","","False","2018-10-18","","46761","DOLOMITI RENT A CAR S.N.C.","","Dipendente","AGGIORNAMENTO IDONEITA'","2020-02-14 00:00","","2019-01-09 00:00","","","C3","INDET","TP","40,00","False","","","","","False","False","2023-07-05 22:01","","2465","","True","False","False","False","","","2021","2021-02-18 00:00","GRAVINA TOMMASO","CENTRO MEDICO FIEMME","2021-02-08","2021-02-08","{02BAB845-12C3-4AD4-96B9-FD718F683373}"
"GILLI","GAETANO","DOLOMITI RENT A CAR S.N.C. DI ROMOR MARSHA & C.","1958-07-01","","M","","False","True","True","True","U16X60603X","BCDE","2021-01-20","2025-07-01","","","","U16X60603X95","","2024-12-23","","","","","","False","2017-05-11","","46761","DOLOMITI RENT A CAR S.N.C.","","Autista a chiamata","RICHIESTA TESSERINO 18/05/2021.TESSERINO ARRIVATO 16/06/2021","2021-05-18 00:00","","2021-05-18 00:00","","","C3","INDET","","","False","","","","","False","False","2023-07-05 22:01","","2727","","True","False","False","False","","","2021","2021-05-18 00:00","GRAVINA TOMMASO","CENTRO MEDICO FIEMME","2021-05-14","2021-05-14","{A6808FC8-46AA-4EC0-87F6-545B9C689C1A}"
"LAHLIOUI","YOUSSEF","ERIKA TOURS SRL A SOCIO UNICO","1972-03-06","FES","M","","True","True","True","True","TN5430415K","BCDE","2020-02-20","2023-11-21","","","","TN5430415K95","","2025-02-10","","","","","","True","2022-09-09","","46332","ERIKA TOURS SRL A SOCIO UNICO","","Autista a chiamata","","","","2022-10-12 00:00","","","","","","","False","","","","","False","True","2023-07-05 22:01","RICHIESTA TESSERINO PAT 22-25 27/09/2022 - TESSERINO PAT 22-25 ARRIVATO 05/10/2022","","","True","False","False","False","","OK","2021","2022-09-27 12:08","GERMANI ROCCO","SAPI","2022-09-13","2022-09-13","{6E5AB531-A58B-4ABD-9E54-A31498B315AB}"
"LARCHER","CHRISTIAN","ERIKA TOURS SRL A SOCIO UNICO","1981-07-06","","M","","True","True","True","True","U125N0892L","BCDE","2023-02-01","2028-01-31","TN8007908","2007-10-26","","U125N0892L95","","2026-02-11","","","2002-10-22","2002-10-22","","True","","","46332","ERIKA TOURS SRL A SOCIO UNICO","","Titolare","AGGIORNAMETO IDONEITA'","2019-11-14 00:00","","2013-01-23 00:00","","","","","","","False","","","","","False","True","2023-07-05 22:01","TESSERINO 22-25 ARRIVATO 16/03/223","0686","","False","False","False","False","","OK","2021","2022-08-30 00:00","","SAPI","2021-09-22","2021-09-22","{08F8B589-D6D4-41CA-818C-F102DC7495C5}"
"MALFER","ELISA","ERIKA TOURS SRL A SOCIO UNICO","1982-02-22","","M","","True","True","True","True","TN5447461D","BCD","2021-02-12","2024-04-18","TN8009064","2008-04-22","","TN5447461D95","","2026-02-11","","","2003-12-05","2003-12-05","","True","2010-02-12","","46332","ERIKA TOURS SRL A SOCIO UNICO","","Dipendente","AGGIORNAMETO IDONEITA'","2019-11-14 00:00","","2013-01-23 00:00","","","C1","INDET","PT","28,00","False","","","","","False","True","2023-07-05 22:01","TESSERINO 22-25 ARRIVATO 16/03/223","0900","","True","False","False","False","","OK","2022","2022-09-26 14:59","GERMANI ROCCO","SAPI","2022-09-20","2022-09-20","{F45679E0-D978-406E-BD2A-2B03906FDBAD}"
"MENGHINI","MATTEO","ERIKA TOURS SRL A SOCIO UNICO","1976-03-18","","M","","True","True","True","True","TN5448258J","BCDE","2021-02-26","2023-06-22","TN8009299","2008-05-27","","TN5448258J95","","2026-02-18","","","1997-05-14","1997-05-14","1998-03-19","True","2010-03-13","","46332","ERIKA TOURS SRL A SOCIO UNICO","","Autista a chiamata","AGGIORNAMENTO IDONEITA'","2019-11-14 00:00","","2013-01-23 00:00","","","C1","INDET","","","False","","","","","False","True","2023-07-05 22:01","TESSERINO 22-25 ARRIVATO 21/04/23","1676","","True","False","False","False","","OK","2021","2021-10-05 00:00","GERMANI ROCCO","SAPI","2021-09-22","2021-09-22","{0FAF4AFB-2B9A-4561-82EE-A3F3A162CFD5}"
"PRADE","LUCIANO","ERIKA TOURS SRL A SOCIO UNICO","1988-05-14","","M","","True","True","True","True","U192K0417W","BD","2022-09-03","2027-09-02","","","","U192K0417W95","","2023-05-31","","","","2012-09-28","","True","2017-08-02","","46332","ERIKA TOURS SRL A SOCIO UNICO","","Dipendente","AGGIORNAMENTO IDONEITA'","2019-11-14 00:00","","2017-08-08 00:00","","","C1","INDET","TP","40,00","False","","","","","False","True","2023-07-05 22:01","TESSERINO 22-25 ARRIVATO 08/02/2023","2291","","True","False","False","False","","OK","2022","2022-09-26 14:45","GERMANI ROCCO","SAPI","2022-09-20","2022-09-20","{1082157F-DB16-42B2-84A3-9C08CB9EDEF4}"
"ZENDRI","MASSIMILIANO","ERIKA TOURS SRL A SOCIO UNICO","1978-07-30","","M","","True","True","True","True","TN5410525K","BD","2019-02-19","2023-12-13","","","","TN5410525K95","","2024-02-18","","","","","","False","2022-06-27","","46332","ERIKA TOURS SRL A SOCIO UNICO","","Dipendente","","","","2022-10-12 00:00","","","","","","","False","","","","","False","True","2023-07-05 22:01","RICHIESTA TESSERINO PAT 22-25 27/09/2022 -TESSERINO PAT 22-25 ARRIVATO 05/10/2022 ERRATO- RICHIESTA NUOVO TESSERINO 21/10/22 - NUOVO TESSERINO ARRIVATO 11/11/2022","","","True","False","False","False","","OK","2022","2022-09-26 14:35","GERMANI ROCCO","SAPI","2022-09-13","2022-09-13","{9D5FDEC4-6E4F-470A-8FA2-5344E045E0EC}"
"AZZOLINI","BRUNO","EUROTOUR - SERVICE (IN SIGLA E.T.S.) DI AZZOLINI LUCA & C. S.N.C.","1984-05-19","ROVERETO","M","ZZLBRN84E19H612A","True","True","True","True","U158M3111K","BD","2022-12-19","2027-12-17","TN8009894","2008-08-04","","U158M3111K95","","2025-09-04","","","","2006-07-17","","False","2005-09-01","","46169","EUROTOUR - SERVICE (IN SIGLA E.T.S.) DI","","Titolare","","2019-04-10 00:00","","2013-02-15 00:00","","","","","","","False","","","","","False","True","2023-06-12 11:25","","0966","","False","False","False","False","","OK","","","","","","","{69F407FB-2521-43FD-83CF-60D4375246C8}"
"AZZOLINI","LUCA","EUROTOUR - SERVICE (IN SIGLA E.T.S.) DI AZZOLINI LUCA & C. S.N.C.","1963-05-11","","M","","True","True","True","True","VR5797233K","BCDE","2020-06-18","2025-02-10","TN8006016","1998-05-29","","VR5797233K95","","2025-06-12","","","1985-04-24","1985-04-24","1985-04-24","False","","","46169","EUROTOUR - SERVICE (IN SIGLA E.T.S.) DI","","Socio","","2019-04-10 00:00","","2013-02-15 00:00","","","","","","","False","","","","","False","True","2023-07-05 22:01","","0291","","False","False","False","False","","OK","2018","2022-08-03 17:21","","","2018-01-08","","{801B9168-79F6-47B2-847F-A810DCE20B37}"
"APPOLONI","ARMANDO","FABIO VIAGGI S.R.L.","1964-10-02","TRENTO","M","PPLRND64R02L378I","True","True","True","True","U168M3482K","BCD","2022-12-29","2027-12-28","TN8007971","2007-11-05","","U168M3482K95","","2025-09-09","","","","","","True","2017-12-01","","47651","FABIO VIAGGI S.R.L","","Autista a chiamata","AGGIORNAMENTO IDONEITA'","2019-11-14 00:00","","2017-12-04 00:00","","","C2","INDET","","","False","","","","","False","True","2023-06-12 11:25","TESSERINO 22-25 ARRIVATO 18/10/2022 - RICHIESTA NUOVO TESSERINO 08/06/2023","2613","","True","False","False","False","","OK","2022","2022-12-28 11:55","BENEDETTI ALESSANDRO","SAPI","2022-11-29","2022-11-29","{49B59ACC-AF05-4F1D-9221-1A1E884B344C}"
"BOTTAMEDI","CIRO","FABIO VIAGGI S.R.L.","1954-02-06","","M","","True","True","True","True","TN5472269H","BE","2022-03-17","2028-02-06","TN8012404","2022-03-31","2027-03-28","TN5472269H95","","","","","1974-04-02","1984-01-13","1984-01-13","True","2022-07-13","","47651","FABIO VIAGGI S.R.L","","Dipendente","AGGIORNAMENTO IDONEITA'.RICHIESTA TESSERINO 21/07/2022.TESSERINO ARRIVATO 29/07/2022","2019-11-14 00:00","","2012-11-15 00:00","","","C2","DET","PT","10,00","False","","","","","False","True","2023-07-05 22:01","TESSERINO 22-25 ARRIVATO 18/10/2022","2610","","True","False","False","False","","OK","2022","2022-12-28 11:56","BENEDETTI ALESSANDRO","SAPI","2022-11-07","2022-11-07","{F589E6B4-FFB5-497F-B378-240F3508C642}"
"BOTTAMEDI","GIULIA","FABIO VIAGGI S.R.L.","1977-11-15","","M","","True","True","True","True","U15K35745X","BCD","2019-03-28","2024-03-27","TN8010029","2008-08-19","","U15K35745X95","","2020-09-09","","","1999-04-15","1999-04-15","","True","","","47651","FABIO VIAGGI S.R.L","","Titolare","AGGIORNAMENTO IDONEITA'","2019-11-14 00:00","","2012-11-15 00:00","","","","","","","False","","","","","False","True","2023-07-05 22:01","TESSERINO 22-25 ARRIVATO 05/01/20223","2609","","False","False","False","False","","OK","2021","2021-11-29 00:00","BENEDETTI ALESSANDRO","SAPI","2021-08-03","2021-08-03","{3C6579E3-2FD5-4A00-818A-6A8977E8A8F9}"
"CASTELLAN","DONATO","FABIO VIAGGI S.R.L.","1958-05-21","","M","","True","True","True","True","U117L3333E","BCDE","2022-09-14","2025-05-21","","","","U117L3333E95","","2025-08-10","","","","","","True","2021-07-06","","47651","FABIO VIAGGI S.R.L","","Autista a chiamata","RICHIESTA TESSERINO 16/09/2021.  TESSERINO ARRIVATO 29/09/2021","2021-09-16 00:00","","2021-09-16 00:00","","","C2","INDET","","","False","","","","","False","True","2023-07-05 22:01","TESSERINO 22-25 ARRIVATO 27/01/2023","2758","","True","False","False","False","","OK","2022","2022-09-21 12:41","BENEDETTI ALESSANDRO","SAPI","2022-09-06","2022-09-06","{4CB55CCD-7AB6-4F4E-B74A-75711C762C74}"
"FRANCHI","MAURO","FABIO VIAGGI S.R.L.","1969-04-07","","M","","True","True","True","True","U150K8418L","BCD","2022-07-28","2027-07-27","TN8008769","2008-03-17","","U150K8418L95","","2025-08-10","","","2002-10-17","2002-10-17","","True","2014-04-14","","47651","FABIO VIAGGI S.R.L","","Dipendente","AGGIORNAMENTO IDONEITA'","2019-11-14 00:00","","2014-12-01 00:00","","","C2","INDET","TP","40,00","False","","","","","False","True","2023-07-05 22:01","TESSERINO 22-25 ARRIVATO 16/01/2023","2615","","True","False","False","False","","OK","2022","2022-12-28 11:58","BENEDETTI ALESSANDRO","SAPI","2022-10-20","2022-10-20","{CDA1CD75-7C4F-4FE8-A313-960FBA410BFD}"
"MARCOLLA","LUCIANO","FABIO VIAGGI S.R.L.","1955-10-22","","M","","True","True","True","True","U178L7919K","BCDE","2022-10-26","2024-10-25","","","","U178L7919K95","","2025-11-10","","","1982-01-06","1982-01-06","1982-01-06","True","2012-12-22","","47651","FABIO VIAGGI S.R.L","","Autista a chiamata","TRASMISSIONE MODULO PER REINSERIMENTO AUTISTA IN APPALTO (ERA NO APPALTO). AGGIORNAMENTO IDONEITA' 14/11/19. AGGIORNAMENTO IDONEITA'","2021-04-28 00:00","","2021-04-28 00:00","","","C2","INDET","","","True","","","","","False","True","2023-07-05 22:01","TESSERINO 22-25 ARRIVATO 18/10/2022","2619","","True","False","False","False","","OK","2022","2022-08-18 00:00","","SAPI","2022-02-01","2022-02-01","{142208C7-0176-4C4D-A6E9-C2736C3F4897}"
"MAULE","GIANCARLO","FABIO VIAGGI S.R.L.","1957-04-02","","M","","True","True","True","True","TN5424024J","BCD","2019-10-26","2024-01-28","TN8008772","2008-03-17","","TN5424024J95","","2024-10-22","","","1983-10-19","1983-10-19","","True","2017-02-25","","47651","FABIO VIAGGI S.R.L","","Autista a chiamata","AGGIORNAMENTO IDONEITA'","2019-11-14 00:00","","2012-11-15 00:00","","","C2","INDET","","","False","","","","","False","True","2023-07-05 22:01","TESSERINO 22-25 ARRIVATO 16/01/2023","2617","","True","False","False","False","","OK","2022","2022-12-28 11:59","BENEDETTI ALESSANDRO","SAPI","2022-11-29","2022-11-29","{90CE42A6-C04D-4F9F-AF47-5F6DC31B1780}"
"MOTTES","MICHELE","FABIO VIAGGI S.R.L.","1990-09-04","","M","","True","True","True","True","TN5447457A","BCD","2021-02-24","2025-10-06","TN8012044","2018-05-10","","TN5447457A95","","2026-02-24","","","","","","True","2020-12-17","","47651","FABIO VIAGGI S.R.L","","Dipendente","RICHIESTA TESSERINO 20/09/2019; TESSERINO ARRIVATO","2019-10-07 00:00","","2019-09-20 00:00","","","C2","DET","TP","40,00","False","","","","","False","True","2023-07-05 22:01","TESSERINO 22-25 ARRIVATO 18/10/2022","2603","","True","False","False","False","","OK","2022","2022-12-28 12:01","BENEDETTI ALESSANDRO","SAPI","2022-10-24","2022-10-24","{938AA702-7B84-4695-BD72-CAC2DF4B8621}"
"PRATOLA","VINCENZO","FABIO VIAGGI S.R.L.","1946-07-05","","M","","True","True","True","True","U160B0157M","B","2021-06-30","2024-07-05","TN8010947","2009-02-17","2022-08-05","","","","","","","","","True","2012-09-01","","47651","FABIO VIAGGI S.R.L","","Dipendente","AGGIORNAMENTO IDONEITA'","2019-11-14 00:00","","2012-11-15 00:00","","","C2","INDET","PT","10,00","False","","","","","False","True","2023-07-05 22:01","TESSERINO 22-25 ARRIVATO 16/01/2023","2621","","True","False","False","False","","OK","2022","2022-12-28 14:33","BENEDETTI ALESSANDRO","SAPI","2022-08-25","2022-08-25","{060C05CC-3F76-430D-8226-E0E7E4181620}"
"REMONDINI","ENEA","FABIO VIAGGI S.R.L.","1976-01-03","","M","","True","True","True","True","TN5434987E","BCD","2020-07-23","2025-07-01","TN8007902","2007-10-26","","TN5434987E95","","2025-07-02","","","1999-03-01","1999-03-01","","True","1999-10-06","","47651","FABIO VIAGGI S.R.L","","Dipendente","AGGIORNAMENTO IDONEITA'","2019-11-14 00:00","","2012-11-15 00:00","","","C1","INDET","TP","40,00","False","","","","","False","True","2023-07-05 22:01","TESSERINO 22-25 ARRIVATO 16/01/2023","2623","","True","False","False","False","","OK","2022","2022-12-28 12:03","BENEDETTI ALESSANDRO","SAPI","2022-10-24","2022-10-24","{E8B78911-5036-4F73-941A-AB25617F641A}"
"SARTORI","GIANLUCA","FABIO VIAGGI S.R.L.","1973-12-01","MEZZOLOMBARDO","M","SRTGLC73T01F187P","True","True","True","True","U1C721109N","B","2014-03-21","2024-12-01","TN8012179","2019-06-20","2024-06-20","","","","","","","","","True","2022-11-02","","47651","FABIO VIAGGI S.R.L.","","Dipendente","","","","","","","","","","","True","","","","","False","True","2023-06-12 11:25","RICHIESTA TESSERINO PAT 22-25  03/11/2022 - TESSERINO ARRIVATO 18/11/22","","","False","False","False","False","","OK","2022","2022-11-03 09:36","BENEDETTI ALESSANDRO","SAPI","2022-09-06","2022-09-06","{C8713D88-7B3F-4094-853C-4697672C3A87}"
"TAVA","LORENZO","FABIO VIAGGI S.R.L.","1962-06-10","","M","","True","True","True","True","TN5427796T","BCDE","2020-01-03","2024-11-13","","","","TN5427796T95","","2024-12-16","","","","","","True","2020-09-28","","47651","FABIO VIAGGI S.R.L","","Dipendente","EMETTERE TESSERINO 28/09/2020; TESSERINO ARRIVATO","2020-10-13 00:00","","2020-09-28 00:00","","","C2","DET","PT","30,00","False","","","","","False","True","2023-07-05 22:01","TESSERINO 22-25 ARRIVATO 18/10/2022","2666","","True","False","False","False","","OK","2021","2021-11-29 00:00","BENEDETTI ALESSANDRO","SAPI","2021-09-23","2021-09-23","{BD4037DA-E0D9-4612-ABFD-C0DE8B2E28A4}"
"TRIVISANI","ANTONIO","FABIO VIAGGI S.R.L.","1977-07-31","","M","","True","False","True","True","TN5465853J","BCDE","2021-11-24","2026-01-22","TN8008293","2008-01-18","","TN5465853J95","","2025-09-11","","","2001-05-18","2001-05-18","2002-01-25","True","2020-09-23","","47651","FABIO VIAGGI S.R.L","","Dipendente","EMETTERE TESSERINO 01/10/2020; TESSERINO ARRIVATO","2020-10-13 00:00","","2020-10-01 00:00","","","C2","DET","TP","40,00","False","","","","","False","True","2023-07-05 22:01","TESSERINO 22-25 ARRIVATO 18/10/2022","2663","","True","False","False","False","","OK","2022","2022-12-28 12:03","BENEDETTI ALESSANDRO","SAPI","2022-10-20","2022-10-20","{6D104EF4-72BB-4F6A-BF0B-6E81C2A61F4A}"
"VEGLIO'","MICHELE","FABIO VIAGGI S.R.L.","1988-11-14","","M","","True","True","True","True","U1W527211L","B","2017-03-23","2027-11-14","TN8011544","2014-02-20","2024-02-13","","","","","","","","","True","2022-06-20","","47651","FABIO VIAGGI S.R.L","","Dipendente","ATTESA DOCUMENTI PER TESSERINO.RICHIESTA TESSERINO 05/07/2022.FA CORSO AL POSTO DI MAULE.TESSERINO ARRIVATO 29/07/2022","2022-07-05 00:00","","2022-07-05 00:00","","","","","","","False","","","","","False","True","2023-07-05 22:01","TESSERINO 22-25 ARRIVATO 18/10/2022","2829","","True","False","False","False","","OK","2022","2022-07-04 00:00","BENEDETTI ALESSANDRO","","0202-06-23","2022-06-23","{19E292AC-A781-4B7B-901D-DC97305AB5C4}"
"VIOLA","DANILO","FABIO VIAGGI S.R.L.","1949-07-06","","M","","True","True","True","True","TN5423309X","B","2019-10-15","2026-07-06","TN8011997","2017-12-15","2022-09-30","","","2023-07-06","","","","","","True","2018-09-12","","47651","FABIO VIAGGI S.R.L","","Dipendente","","2019-04-10 00:00","","2018-09-17 00:00","","","C2","INDET","PT","10,00","False","","","","","False","True","2023-07-05 22:01","TESSERINO 22-25 ARRIVATO 18/10/2022","2605","","True","False","False","False","","OK","2021","2021-11-29 00:00","BENEDETTI ALESSANDRO","SAPI","2021-08-03","2021-08-03","{35EA2ECB-7C86-472C-8C3B-695FA6158255}"
"VIOLA","GIULIANO","FABIO VIAGGI S.R.L.","1942-07-25","","M","","True","True","True","True","UU179G0109C","B","2022-04-12","2024-04-11","TN 8007746","2007-07-11","2022-04-10","","","","","","","","","True","2012-09-01","","47651","FABIO VIAGGI S.R.L","","Dipendente","AGGIORNAMENTO IDONEITA'","2019-11-14 00:00","","2015-01-08 00:00","","","C2","INDET","PT","10,00","False","","","","","False","True","2023-07-05 22:01","TESSERINO 22-25 ARRIVATO 08/02/2023","2607","","True","False","False","False","","OK","2022","2022-12-28 12:04","BENEDETTI ALESSANDRO","SAPI","2022-11-07","2022-11-07","{4B64F354-044A-42AB-935D-D9E872841030}"
"BRUNEL","RITA","FACCHINI FRANCESCO","1976-04-06","","M","","False","True","True","True","TN5401576N","BD","2018-09-19","2023-08-03","TN8011073","2011-05-18","2021-06-07","TN5401576N95","","2023-09-19","","","","","","False","","","47715","FACCHINI FRANCESCO","","coll. Familiare","EMETTERE TESSERINO 04/11/2020; TESSERINO ARRIVATO; RINNOVO IDONEITA'","2020-11-04 00:00","","","","","","","","","False","","","","","False","False","2023-07-05 22:01","","2684","","False","False","False","False","","","2020","2021-01-29 00:00","GRAVINA TOMMASO","","2020-10-19","2020-10-19","{A98EF911-482F-4484-AC44-CC79D17B1775}"
"FACCHINI","FRANCESCO","FACCHINI FRANCESCO","1971-04-21","","M","","False","True","True","True","U160H0941N","BCDE","2022-05-16","2027-05-14","TN8007913","2007-10-26","","U160H0941N95","","2026-01-18","","","","","","False","","","47715","FACCHINI FRANCESCO","","Titolare","EMETTERE TESSERINO 04/11/2020; TESSERINO ARRIVATO; RINNOVO IDONEITA'","2020-11-04 00:00","","","","","","","","","False","","","","","False","True","2023-07-05 22:01","","2683","","False","False","False","False","","","2020","2021-01-29 00:00","GRAVINA TOMMASO","","2020-10-19","2020-10-19","{3CEC261F-BF89-4DCF-91B7-19D969EF41E2}"
"PEDERIVA","VALERIO","FACCHINI FRANCESCO","1989-01-20","","M","","False","True","True","True","U16E32324E","BCDE","2018-06-22","2023-06-21","BL8006595","2008-11-13","","U16E32324E95","","2020-09-09","","","","","","False","2021-05-10","","47715","FACCHINI FRANCESCO","","Dipendente","","","","2021-05-21 00:00","","","C2","INDET","PT","3,00","False","","","","","False","True","2023-07-05 22:01","","2728","","True","False","False","False","","","2020","2021-01-29 00:00","GRAVINA TOMMASO","","2020-10-19","2020-10-19","{F1EF0FE5-837D-4A12-8292-2F34F0FDC16B}"
"BONZANIN","SERGIO","FERSINA TOUR S.R.L.","1972-03-17","","M","","True","True","True","True","TN5468550F","BD","2022-01-26","2026-12-03","","","","TN5468550F95","","2027-01-26","","","","","","True","2023-03-21","","46150","FERSINA TOUR S.R.L.","","Dipendente","RICHIESTA TESSERINO PAT 22-25 14/09/2022","2022-09-14 00:00","","2022-09-14 00:00","","","","","","","False","","","","","False","True","2023-07-05 22:01","TESSERINO 22-25 ARRIVATO 16/09/2022","2838","2022-08-11 13:54:55.973000000","False","True","False","False","","OK","2022","2022-09-14 00:00","QUINTARELLI EMANUELE","SAPI","2022-08-27","2022-08-27","{176A8E40-8DEA-4D25-9305-ED0C55ECF7A4}"
"CALMASINI","DANIEL","FERSINA TOUR S.R.L.","1994-05-08","","M","","True","True","True","True","RM8446816G","BDE","2021-03-09","2024-12-02","","","","RM8446816G95","","2026-03-09","","","","","","True","2021-05-03","","46150","FERSINA TOUR S.R.L.","","Dipendente","RICHIESTA TESSERINO 30/11/2021.TESSERINO ARRIVATO 09/12/2021","2021-11-30 00:00","","2021-11-30 00:00","","","C3","DET","PT","36,00","False","","","","","False","True","2023-07-05 22:01","TESSERINO 22-25 ARRIVATO 18/10/2022","2766","","False","True","False","False","","OK","2022","2023-01-23 16:26","QUINTARELLI EMANUELE","SAPI","2022-10-11","2022-10-11","{53BFC5F9-4603-41D8-856B-12B1EC9CABB4}"
"DALPRA'","FRANCESCA","FERSINA TOUR S.R.L.","1973-08-26","","M","","True","True","True","True","U14U18722J","BD","2020-07-15","2025-07-14","","","","U14U18722J95","","2023-05-23","","","","","","True","2016-08-04","","46150","FERSINA TOUR S.R.L.","","Dipendente","AGGIORNAMENTO IDONEITA'","2019-11-20 00:00","","2016-09-08 00:00","","","3J","INDET","TP","39,00","False","","","","","False","True","2023-07-05 22:01","TESSERINO 22-25 ARRIVATO 18/10/2022","2212","","False","True","False","False","","OK","2022","2023-01-23 16:27","QUINTARELLI EMANUELE","SAPI","2022-09-06","2022-09-06","{8A8B0D31-460F-421F-8713-82756A8BB700}"
"FONTANARI","ROLANDO","FERSINA TOUR S.R.L.","1956-12-28","","M","","True","True","True","True","U13K90916N","BCDE","2019-03-20","2023-12-28","","","","U13K90916N95","","2020-09-09","","","","","","True","2017-01-03","","46150","FERSINA TOUR S.R.L.","","Autista a chiamata","RICHIESTA TESSERINO 24/06/2019; TESSERINO ARRIVATO 12/07/2019; AGGIORNAMENTO IDONEITA'","2019-12-20 00:00","","2019-06-24 00:00","","","3 SUPER","INDET","","","True","","","","","False","True","2023-07-05 22:01","TESSERINO 22-25 ARRIVATO 18/10/2022","1764","","False","True","False","False","","OK","2022","2023-01-23 16:27","QUINTARELLI EMANUELE","SAPI","2022-09-06","2022-09-06","{5A15B46F-6058-4AD5-996B-3A6755518934}"
"GIACOMONI","LUCA","FERSINA TOUR S.R.L.","1963-02-18","","M","","True","True","True","True","U156N9327J","BCDE","2023-02-22","2028-02-21","TN8006041","1998-08-04","","U156N9327J95","","2025-08-13","","","1998-06-25","1998-10-27","1998-10-27","True","2002-03-07","","46150","FERSINA TOUR S.R.L.","","Dipendente","AGGIORNAMENTO IDONEITA'","2019-12-20 00:00","","2012-12-17 00:00","","","3 SUPER","INDET","TP","39,00","False","","","","","False","True","2023-07-05 22:01","TESSERINO 22-25 ARRIVATO 16/01/2023","0303","","False","True","False","False","","OK","2022","2022-12-28 14:39","QUINTARELLI EMANUELE","SAPI","2022-11-11","2022-11-11","{64A22F36-8BB1-4806-A48D-3EAE062591E8}"
"LANER","LORENZO","FERSINA TOUR S.R.L.","1966-03-26","","M","","True","True","True","True","U194E0630P","BCDE","2022-01-15","2027-01-14","TN8004481","1995-09-15","","U194E0630P95","","2025-08-13","","","1986-11-12","1986-11-12","1986-11-12","True","1995-03-21","","46150","FERSINA TOUR S.R.L.","","Titolare","","2019-04-10 00:00","","","","","","","","","False","30","30","0","0","False","True","2023-07-05 22:01","TESSERINO 22-25 ARRIVATO 18/10/2022","0301","","False","False","False","False","","OK","2022","2023-01-23 16:28","QUINTARELLI EMANUEKE","SAPI","2022-10-27","2022-10-27","{D4E6D789-4AF6-433E-A835-D068F123D7FF}"
"PETRI ANDERLE","ALBERTO","FERSINA TOUR S.R.L.","1995-06-22","","M","","True","True","True","True","TN5434071S","BCDE","2020-07-10","2023-06-11","","","","TN5434071S95","","2022-05-24","","","","","","True","2018-04-04","","46150","FERSINA TOUR S.R.L.","","Dipendente","AGGIORNAMENTO IDONEITA'","2019-11-20 00:00","","2018-12-10 00:00","","","C3","INDET","TP","39,00","False","","","","","False","True","2023-07-05 22:01","TESSERINO 22-25 ARRIVATO 18/10/2022","2458","","False","True","False","False","","OK","2022","2023-01-23 16:29","QUINTARELLI EMANUELE","SAPI","2022-09-06","2022-09-06","{8A946CB2-2D3F-40C1-9AD0-AA5D37970EA6}"
"PINTARELLI","STEFANO","FERSINA TOUR S.R.L.","1974-10-08","","M","","True","False","True","True","U159J1603J","BCDE","2022-06-23","2027-06-22","TN8005778","1997-05-06","","U159J1603J95","","2025-09-15","","","1997-02-04","1997-02-04","1997-06-11","True","2009-09-18","","46150","FERSINA TOUR S.R.L.","","Dipendente","RICHIESTA DUPLICATO TESSERINO DETERIORATO 07/06/2019. TESSERINO ARRIVATO; AGGIORNAMENTO IDONEITA'","2019-12-20 00:00","","2012-12-17 00:00","","","3 SUPER","INDET","PT","6,00","False","","","","","False","True","2023-07-05 22:01","TESSERINO 22-25 ARRIVATO 18/10/2022","0307","","False","True","False","False","","OK","2022","2023-01-23 16:30","QUINTARELLI EMANUELE","SAPI","2022-11-25","2022-11-25","{FBA9B720-8F94-4D90-92FB-B69B2BAAFFA3}"
"POFFO SCHMID","LORENO","FERSINA TOUR S.R.L.","1979-08-24","","M","","True","True","True","True","TN5436217K","BCDE","2020-08-13","2025-07-01","TN8008186","2007-12-21","","TN5436217K25","","2025-08-12","","","2005-02-08","2005-02-08","2005-09-06","True","2010-09-10","","46150","FERSINA TOUR S.R.L.","","Dipendente","AGGIORNAMENTO IDONEITA'","2019-12-20 00:00","","2012-12-17 00:00","","","3 SUPER","INDET","TP","39,00","False","","","","","False","True","2023-07-05 22:01","TESSERINO 22-25 ARRIVATO 16/01/2023","1599","","False","True","False","False","","OK","2022","2022-12-28 14:42","QUINTARELLI EMANUELE","SAPI","2022-11-25","2022-11-25","{CEBBD622-490E-4C6B-98D6-D625250D9C10}"
"RUNGGALDIER","AARON","FERSINA TOUR S.R.L.","1986-10-18","","M","","True","True","True","True","U11U67363L","BCDE","2020-07-02","2025-07-01","","","","U11U67363L95","","2024-10-21","","","2007-04-10","2012-05-15","2015-08-04","True","2015-09-02","","46150","FERSINA TOUR S.R.L.","","Dipendente","AGGIORNAMENTO IDONEITA'","2019-12-20 00:00","","2015-10-01 00:00","","","C3","INDET","PT","10,00","False","","","","","False","True","2023-07-05 22:01","TESSERINO 22-25 ARRIVATO 18/10/2022","2156","","False","True","False","False","","OK","2022","2023-01-23 16:31","QUINTARELLI EMANUELE","SAPI","2022-11-11","2022-11-11","{CE66E4D4-0A7F-484D-AEB2-86B22F70CC70}"
"SALTORI","DINO","FERSINA TOUR S.R.L.","1951-09-08","","M","","True","True","True","True","TN5439454G","BE","2020-09-26","2026-09-08","TN8008489","2008-02-15","","TN5439454G95","","2026-09-08","","","1982-05-07","1982-05-07","1982-05-07","True","2008-07-28","","46150","FERSINA TOUR S.R.L.","","Autista a chiamata","AGGIORNAMENTO IDONEITA'","2019-12-20 00:00","","2012-12-17 00:00","","","3 SUPER","INDET","","","False","","","","","False","True","2023-07-05 22:01","TESSERINO 22-25 ARRIVATO 18/10/2022","1242","","False","True","False","False","","OK","2022","2023-01-23 16:31","QUINTARELLI EMANUELE","SAPI","2022-09-06","2022-09-06","{285174FE-A53C-4641-8D28-7C55153BA86C}"
"SANNICOLO'","TIZIANO","FERSINA TOUR S.R.L.","1969-05-19","","M","","True","True","True","True","TN5447447H","BCD","2021-02-10","2026-01-25","","","","TN5447447H95","","2025-07-15","","","","","","True","2021-08-02","","46150","FERSINA TOUR S.R.L.","","Dipendente","RICHIESTA TESSERINO 30/11/2021; TESSERINO ARRIVATO 15/12/2021","2021-11-30 00:00","","2021-11-30 00:00","","","C3","DET","PT","34,00","False","","","","","False","True","2023-07-05 22:01","TESSERINO 22-25 ARRIVATO 18/10/2022","2767","","False","True","False","False","","OK","2022","2023-01-23 16:31","QUINTARELLI EMANUELE","SAPI","2022-12-02","2022-12-02","{C5BDD71E-16E7-4A13-82AB-2527DA199A1B}"
"SPAGNOLLI","MASSIMO","FERSINA TOUR S.R.L.","1973-05-31","","M","","True","True","True","True","TN2222602S","B","1993-01-11","2023-05-31","TN8012145","2019-03-19","2024-03-19","","","","","","","","","True","2020-09-14","","46150","FERSINA TOUR S.R.L.","","Dipendente","RICHIESTA TESSERINO 01/03/2021; TESSERINO ARRIVATO","2021-03-15 00:00","","2021-03-01 00:00","","","F2","DET","PT","15,00","False","","","","","False","True","2023-07-05 22:01","TESSERINO 22-25 ARRIVATO 18/10/2022","2697","","False","True","False","False","","OK","2022","2023-01-23 16:32","QUINTARELLI EMANUELE","SAPI","2022-10-14","2022-10-14","{C7D06FF6-0809-40B3-9CAE-DEF00052FE84}"
"TABARELLI","MASSIMO","FERSINA TOUR S.R.L.","1964-04-25","","M","","True","True","True","True","U14J66322W","BCDE","2019-02-01","2024-01-31","TN8008128","2007-12-20","","U14J66322W95","","2020-09-09","","","1984-05-16","2004-03-02","","True","2020-09-02","","46150","FERSINA TOUR S.R.L.","","Dipendente","EMETTERE TESSERINO 04/09/2020; TESSERINO ARRIVATO","2020-09-16 00:00","","2020-09-04 00:00","","","F2","INDET","TP","39,00","False","","","","","False","True","2023-07-05 22:01","TESSERINO 22-25 ARRIVATO 18/10/2022","2656","","False","True","False","False","","OK","2022","2023-01-23 16:32","QUINTARELLI EMANUELE","SAPI","2022-11-25","2022-11-25","{8823227F-9931-437C-83AE-A6C6411C7785}"
"TERRAGNOLO","GIORGIO","FERSINA TOUR S.R.L.","1964-07-30","","M","","True","True","True","True","U13X04989Y","BCDE","2020-12-21","2025-12-19","TN8008436","2008-02-07","","U13X04989Y95","","2025-08-31","","","1989-06-05","1989-06-05","2010-12-29","True","2010-09-01","","46150","FERSINA TOUR S.R.L.","","Dipendente","AGGIORNAMENTO IDONEITA'","2019-11-20 00:00","","2012-12-17 00:00","","","3 SUPER","INDET","TP","39,00","False","","","","","False","True","2023-07-05 22:01","TESSERINO 22-25 ARRIVATO 08/02/2023","1600","","False","True","False","False","","OK","2022","2023-01-23 16:33","QUINTARELLI EMANUELE","SAPI","2022-12-15","2022-12-15","{656B9175-8889-487F-97AC-E8C0EF5B8585}"
"VOLKOV","ILIA","FERSINA TOUR S.R.L.","1984-04-02","","M","","True","True","True","True","TN5467731F","BCDE","2022-01-12","2026-12-15","","","","TN5467731F95","","2027-01-12","","","","","","True","2022-01-18","","46150","FERSINA TOUR S.R.L.","","Dipendente","RICHIESTA TESSERINO 11/08/2022","","","2022-08-11 00:00","","","","","","","False","","","","","False","True","2023-07-05 22:01","TESSERINO 22-25 ARRIVATO 27/01/2023","2837","2022-08-11 13:54:55.973000000","False","True","False","False","","OK","2022","2022-08-11 00:00","","SAPI","2022-03-18","2022-03-18","{C887CDD7-5E63-47AE-A5C2-B41C9517FBCD}"
"ZAMPEDRI","MAURIZIO","FERSINA TOUR S.R.L.","1961-10-03","","M","","True","True","True","True","U158G3872U","BCD","2022-04-01","2024-03-31","","","","U158G3872U95","","2025-08-28","","","2002-06-11","2002-06-11","","True","2010-07-01","","46150","FERSINA TOUR S.R.L.","","Dipendente","AGGIORNAMENTO IDONEITA'","2019-12-20 00:00","","2012-12-17 00:00","","","3 SUPER","INDET","TP","39,00","False","","","","","False","True","2023-07-05 22:01","TESSERINO 22-25 ARRIVATO 16/01/2023","1597","","False","True","False","False","","OK","2022","2022-12-28 14:43","QUINTARELLI EMANUELE","SAPI","2022-10-27","2022-10-27","{DD7D452B-C065-4057-9390-6512AD9DCBFB}"
"BARONCINI","STEFANO","FIABA VIAGGI S.N.C. DI FANTI MILVA E BARONCINI STEFANO","1966-09-13","","M","","True","False","True","True","BZ5412218X","BD","2018-11-30","2023-11-30","TN8010674","2009-09-11","","BZ5412218X95","","2023-04-24","","","","","","True","","","47545","FIABA VIAGGI S.N.C.","","Socio","AGGIORNAMENTO IDONEITA' 30/12/2019; AGGIORNAMENTO IDONEITA'","2020-09-29 00:00","","","","","","","","","False","","","","","False","True","2023-07-05 22:01","TESSERINO 22-25 ARRIVATO 18/10/2022","2512","","False","False","False","False","","OK","2022","2022-09-13 00:00","GERMANI ROCCO","SAPI","2022-09-13","2022-09-13","{55B1234D-DB5F-43CB-B026-89589F60A21D}"
"FANTI","MILVA","FIABA VIAGGI S.N.C. DI FANTI MILVA E BARONCINI STEFANO","1965-07-10","","M","","True","True","True","True","U17V47723P","B","2020-09-29","2026-07-10","TN8006966","2003-07-28","2023-09-17","","","2026-07-10","","","","","","True","","","47545","FIABA VIAGGI S.N.C.","","Titolare","AGGIORNAMENTO IDONEITA' 02/12/2019; AGGIORNAMENTO IDONEITA'","2020-09-29 00:00","","","","","","","","","False","","","","","False","True","2023-07-05 22:01","TESSERINO 22-25 ARRIVATO 05/01/20223","2511","","False","False","False","False","","OK","2022","2022-09-15 00:00","GERMANI ROCCO","SAPI","2022-09-13","2022-09-13","{290CC733-0697-4A9B-A038-FFD2DA4D4B28}"
"FILIPPI","GABRIELE","FILIPPI RENATO","1995-03-16","","M","","True","True","True","True","TN5296902F","B","2013-09-04","2024-03-16","BG8016253","2017-11-02","2027-10-03","","","","","","","","","True","","","46117","FILIPPI RENATO","","coll. Familiare","AGGIORNAMENTO IDONEITA' 19/04/2019; AGGIORNAMENTO IDONEITA'","2020-09-28 00:00","","2018-04-18 00:00","","","","","","","False","","","","","False","True","2023-07-05 22:01","TESSERINO 22-25 ARRIVATO 16/03/223","2379","","False","False","False","False","","OK","2022","2022-08-31 00:00","GIARRUSSO SALVATORE","ECO SPES","2022-08-29","2022-08-29","{1944B79F-EF9E-4B6F-A982-AEE84DDCCBB9}"
"FILIPPI","NICOLO'","FILIPPI RENATO","1998-05-30","RIVA DEL GARDA","M","FLPNCL98E30H330M","True","True","True","True","TN5377855X","B","2017-06-29","2028-05-31","BG8016552","2022-06-27","2027-06-17","","","","","","","","","True","2022-01-11","","46117","FILIPPI RENATO","","Autista di riserva","","","","","","","","","","","True","","","","","False","True","2023-06-12 11:25","RICHIESTA TESSERINO PAT 22-25  28/11/2022 - TESSERINO ARRIVATO 03/01/2023","","","False","False","True","False","","OK","2022","2022-11-28 11:29","GIARRUSSO SALVATORE","ECO SPES","2022-11-25","2022-11-25","{4BE64DF3-824F-4BEB-B07D-0C1FDA0CC89A}"
"FILIPPI","RENATO","FILIPPI RENATO","1965-08-22","RIVA DEL GARDA","M","FLPRNT65M22H330Q","True","True","True","True","TN5436218J","BCD","2020-08-13","2023-06-25","TN8008158","2007-12-20","","TN5436218J5","","2025-08-07","","","","","","True","","","46117","FILIPPI RENATO","","Titolare","AGGIORNAMENTO IDONEITA' 11/09/2019; AGGIORNAMENTO IDONEITA'","2020-09-28 00:00","","","","","","","","","False","","","","","False","True","2023-06-12 11:25","TESSERINO 22-25 ARRIVATO 21/04/23","0310","","False","False","False","False","","OK","2022","2022-08-31 00:00","GIARRUSSO SALVATORE","ECO SPES","2022-08-29","2022-08-29","{1B238477-4947-4622-B384-D192C9B82801}"
"ORADINI","LAURA","FILIPPI RENATO","1965-03-16","RIVA DEL GARDA","F","RDNLRA65C56H330J","True","True","True","True","TN2097446T","B","1983-11-16","2024-03-16","TN8005454","1996-04-19","2024-06-24","","","","","","","","","True","","","46117","FILIPPI RENATO","","coll. Familiare","AGGIORNAMENTO IDONEITA' 02/12/2019; AGGIORNAMENTO IDONEITA'","2020-11-23 00:00","","2012-11-28 00:00","","","","","","","False","","","","","False","True","2023-06-12 11:25","TESSERINO 22-25 ARRIVATO 21/04/23","0311","","False","False","False","False","","OK","2022","2022-11-04 14:57","GIARRUSSO SALVATORE","ECO SPES","2022-10-28","2022-10-28","{949BAD53-F2DA-43CF-9BAD-43808A091767}"
"PIETRASZEK","MAGDALENA KAMILA","FILIPPI RENATO","1976-08-05","VARSAVIA","F","","True","True","True","True","TN5334510J","B","2015-05-05","2025-08-05","TN8012461","2022-10-04","2027-09-28","","","","","","","","","True","2023-04-11","","46117","FILIPPI RENATO","","Dipendente","","","","","","","","","","","False","","","","","False","True","2023-07-05 22:01","RICHIESTA TESSERINO PAT 22-25  20/04/2023 - TESSERINO ARRIVATO 22/05/23","","","False","False","False","False","","OK","2022","2023-04-20 15:13","GIARRUSSO SALVATORE","SAPI","2023-04-19","2023-04-19","{17EDA2F1-D93B-4150-926D-88A2D512EFA1}"
"POULI","SOFIA","FILIPPI RENATO","1972-05-03","TIONE DI TRENTO","F","PLOSFO72E43L174G","True","True","True","True","U179G0224A","B","2022-04-12","2032-05-03","TN8011280","2012-10-12","2027-08-08","","","","","","","","","True","2012-10-15","","46117","FILIPPI RENATO","","Dipendente","AGGIORNAMENTO IDONEITA'; RICHIESTA DUPLICATO  TESSERINO 05/08/2020; AGGIORNAMENTO IDONEITA'","2020-11-23 00:00","","2012-10-12 00:00","","","C3","INDET","PT","24,00","False","","","","","False","True","2023-06-12 11:25","TESSERINO 22-25 ARRIVATO 16/03/223","1787","","True","False","False","False","","OK","2022","2022-11-04 14:58","GIARRUSSO SALVATORE","ECO SPES","2022-10-28","2022-10-28","{54EA1B8D-6DD4-4933-AE60-D1943B2DCE71}"
"FONTANARI","MATTEO","FONTANARI MATTEO","1979-10-03","","M","","True","True","True","True","TN5443848J","BCDE","2020-12-02","2025-11-18","TN8008307","2008-01-18","","TN5443848J95","","2025-11-20","","","2001-09-06","2002-12-05","2002-12-05","True","","","46719","FONTANARI MATTEO","","Titolare","","2019-04-10 00:00","","2012-09-14 00:00","","","","","","","False","","","","","False","True","2023-07-05 22:01","TESSERINO 22-25 ARRIVATO 05/01/20223","1150","","False","False","False","False","","OK","","","","","","","{8BF39EB0-B594-4CA6-8DCA-A4EF7800D41E}"
"PUECHER","ROBERTO","FONTANARI MATTEO","1965-05-08","","M","","True","True","True","True","TN5439544G","BCDE","2020-09-29","2022-08-29","TN8006731","2007-12-21","","TN5439544G95","","2025-09-14","","","","","","True","2020-09-01","","46719","FONTANARI MATTEO","","Dipendente","TESSERINO ARRIVATO","2021-02-18 00:00","","2021-02-10 00:00","","","C2","DET","TP","39,00","False","","","","","False","True","2023-07-05 22:01","TESSERINO 22-25 ARRIVATO 16/01/2023","2699","","False","True","False","False","","OK","2021","2021-08-31 00:00","QUINTARELLI EMANUELE","SAPI","2021-02-19","2021-02-19","{73C78904-A1E9-488D-B4AD-1FD63A7229BC}"
"FONTANARI","ALESSANDRO","FONTANARI SERGIO","1984-09-11","","M","","True","True","True","True","U14M60521C","BCDE","2019-07-06","2024-07-05","TN8009307","2008-05-27","","U14M60521C95","","2020-09-09","","","2009-03-31","2007-06-19","","True","","","46070","FONTANARI SERGIO","","Dipendente","AGGIORNAMENTO IDONEITA'","2020-01-23 00:00","","2013-01-21 00:00","","","","","","","False","","","","","False","True","2023-07-05 22:01","TESSERINO 22-25 ARRIVATO 08/02/2023","1656","","False","False","False","False","","OK","2022","2022-02-03 00:00","QUINTARELLI EMANUELE","SAPI","2022-02-03","2022-02-03","{4387B233-57B6-49AA-A527-D58F0F2118AE}"
"FONTANARI","SERGIO","FONTANARI SERGIO","1968-08-28","","M","","True","True","True","True","U17L26949X","BCD","2019-06-01","2024-05-31","TN8008608","2008-02-21","","U17L26949X95","","2020-09-09","","","2004-05-11","2004-05-11","","True","","","46070","FONTANARI SERGIO","","Titolare","","2019-04-10 00:00","","","","","","","","","False","","","","","False","True","2023-07-05 22:01","TESSERINO 22-25 ARRIVATO 08/02/2023","0339","","False","False","False","False","","OK","","","","","","","{BB9B81CE-D0E0-4BA3-A5A4-B0A2BC29319E}"
"FRUNER","SIMONE","FRUNER VIAGGI IN EUROPA SAS DI TATIANA E SIMONE FRUNER","1985-10-23","RIVA DEL GARDA","M","FRNSMN85R23H330C","True","True","True","True","U149D5976J","BDE","2021-10-15","2023-10-14","TN8007758","2007-08-09","","U149D5976J95","","2026-04-21","","","","","","True","2007-08-21","","47561","FRUNER VIAGGI IN EUROPA SAS DI TATIANA E SIMONE FRUNER","","Socio","NUOVA RAGIONE SOCIALE","2019-07-19 00:00","","2013-01-22 00:00","","","","","","","False","","","","","False","True","2023-06-12 11:25","TESSERINO 22-25 ARRIVATO 16/03/223","2520","","False","False","False","False","","OK","2022","2022-09-12 00:00","","SAPI","2022-08-30","2022-08-30","{17D44826-0BD0-420B-8CC1-5AE4A80F9402}"
"FRUNER","TATIANA","FRUNER VIAGGI IN EUROPA SAS DI TATIANA E SIMONE FRUNER","1980-04-05","RIVA DEL GARDA","F","FRNTTN80D45H330B","True","True","True","True","TN5493955T","BCDE","2023-04-01","2028-03-25","TN8007031","2003-12-04","","TN5493955T95","","2028-03-03","","","","","","True","2015-03-03","","47561","FRUNER VIAGGI IN EUROPA SAS DI TATIANA E SIMONE FRUNER","","Titolare","NUOVA RAGIONE SOCIALE","2019-07-19 00:00","","2013-01-22 00:00","","","","","","","False","","","","","False","True","2023-06-12 11:25","TESSERINO 22-25 ARRIVATO 21/04/23","2519","","False","False","False","False","","OK","2018","2022-08-03 17:21","","","2018-12-12","","{8985FD11-53A2-4E8A-A42F-674DFC62BFAD}"
"LORENZI","NICOLETTA","FRUNER VIAGGI IN EUROPA SAS DI TATIANA E SIMONE FRUNER","1957-12-15","RIVA DEL GARDA","F","LRNNLT57T55H330R","True","True","True","True","U113M7173P","BCD","2022-11-15","2024-12-15","TN8007987","2007-11-18","","U113M7173P95","","2025-09-07","","","","","","False","","","47561","FRUNER VIAGGI IN EUROPA SAS DI TATIANA E SIMONE FRUNER","","Socio","NUOVA RAGIONE SOCIALE","2019-07-19 00:00","","2013-01-22 00:00","","","","","","","False","","","","","False","True","2023-06-12 11:25","","2522","","False","False","False","False","","OK","2022","2022-09-12 00:00","","SAPI","2022-08-30","2022-08-30","{FF0EE9C3-7974-4E57-8F7B-A361F51FA59C}"
"MIORELLI","LUCA","FRUNER VIAGGI IN EUROPA SAS DI TATIANA E SIMONE FRUNER","1970-01-22","RIVA DEL GARDA","M","MRLLCU70A22H330O","True","True","True","True","TN5463413Y","BCD","2021-10-14","2025-01-25","","","","TN5463413Y95","","2026-09-23","","","","","","False","2022-03-17","","47561","FRUNER VIAGGI IN EUROPA SAS DI TATIANA E SIMONE FRUNER","","Autista a chiamata","RICHIESTA TESSERINO 11/05/2022.TESSERINO ARRIVATO 18/05/2022 MA DENOMINAZIONE DITTA ERRATA.TESSERINO CORRETTO ARRIVATO 08/06/2022","2022-05-11 00:00","","2022-05-11 00:00","","","C2","DET","","","False","","","","","False","False","2023-06-12 11:25","","2822","","False","True","False","False","","OK","2022","2022-05-11 00:00","MORATELLO FRANCESCO","","2022-04-27","2022-04-27","{5DC0F53A-640E-41C5-9305-0B66AF05DF80}"
"UBOLDI","PACO","FRUNER VIAGGI IN EUROPA SAS DI TATIANA E SIMONE FRUNER","1983-10-21","TIONE DI TRENTO","M","BLDPCA83R21L174T","True","True","True","True","U184M1765K","BD","2023-01-13","2024-07-12","TN8011378","2013-03-04","","U184M1765K95","","2023-10-17","","","","","","False","2021-02-23","","47561","FRUNER VIAGGI IN EUROPA SAS DI TATIANA E SIMONE FRUNER","","Dipendente","RICHIESTA TESSERINO 24/02/2021; TESSERINO ARRIVATO","2021-03-24 00:00","","2021-03-12 00:00","","","C2","DET","TP","40,00","False","","","","","False","False","2023-06-12 11:25","","2703","","False","True","False","False","","OK","2022","2023-03-10 16:29","MORATELLO FRANCESCO","SAPI","2022-11-17","2022-11-17","{0A212E38-67D3-404C-9EE9-74297A8D02DA}"
"BLASIOL","ANGELO","GENZIANA S.r.l.","1969-01-10","","M","","True","True","True","True","U160G7825N","BCD","2022-04-02","2027-04-01","TN8005631","1996-12-13","","U160G7825N95","","2026-01-21","","","1992-03-13","1992-03-13","","True","2000-09-01","","46088","GENZIANA S.r.l.","","Dipendente","AGGIORNAMENTO IDONEITA'","2020-03-02 00:00","","2012-11-28 00:00","","","C2","INDET","TP","40,00","False","","","","","False","True","2023-07-05 22:01","TESSERINO 22-25 ARRIVATO 08/02/2023","0368","","True","False","False","False","","OK","2023","2023-03-06 10:20","MARINI MONICA","MEDICINA 2000","2023-02-16","2023-02-16","{AB9A9E43-3B5F-481F-88EA-241C622B2CC0}"
"CORAZZA","DANILO","GENZIANA S.r.l.","1977-01-24","","M","","True","True","True","True","U18F43806X","BCD","2018-09-08","2023-09-07","TN8006174","1999-06-01","","U18F43806X95","","2020-09-09","","","1998-11-10","1998-11-10","","True","1999-09-06","","46088","GENZIANA S.r.l.","","Dipendente","AGGIORNAMENTO IDONEITA'","2020-03-02 00:00","","2012-11-28 00:00","","","C2","INDET","TP","40,00","False","","","","","False","True","2023-07-05 22:01","TESSERINO 22-25 ARRIVATO 16/03/23","0364","","True","False","False","False","","OK","2023","2023-03-06 10:23","MARINI MONICA","MEDICINA 2000","2023-02-16","2023-02-16","{2A5CEAA5-1198-4FFF-9143-8F36116F4734}"
"D'ANDRIA","VALERIO","GENZIANA S.r.l.","1958-07-20","","M","","True","True","True","True","TN5423366J","BCDE","2019-10-16","2024-02-14","","","","TN5423366J95","","2024-10-08","","","","","","True","2018-06-26","","46088","GENZIANA S.r.l.","","Autista a chiamata","AGGIORNAMENTO IDONEITA'","2020-03-02 00:00","","2018-07-18 00:00","","","C2","DET","","","False","","","","","False","True","2023-07-05 22:01","TESSERINO 22-25 ARRIVATO 18/10/2022","2397","","True","False","False","False","","OK","2022","2022-08-16 00:00","","MEDICINA 2000","2022-02-17","2022-02-17","{77765E3C-BAA4-4F21-94B6-6D8F4F067A3D}"
"GORINI","LUIGI","GENZIANA S.r.l.","1981-03-10","MERATE","M","GRNLGU81C10F133K","True","True","True","True","TN5493665L","BCDE","2023-03-28","2028-03-23","","","","TN5493665L95","","2028-03-23","","","","","","True","2023-02-19","","46088","GENZIANA S.r.l.","","Dipendente","","","","","","","","","","","False","","","","","False","True","2023-06-12 11:25","RICHIESTA TESSERINO PAT 22-25  13/04/2023 - TESSERINO 22-25 ARRIVATO 21/04/23","","","False","False","False","False","","OK","2022","2023-04-13 14:40","MARINI MONICA","MEDICINA 2000","2023-02-16","2023-02-16","{50CB00E4-E748-4329-AEAF-15FBEF5E1358}"
"LORENZONI","CLAUDIO","GENZIANA S.r.l.","1968-12-02","","M","","True","True","True","True","TN5439310N","BCD","2020-09-24","2025-07-31","TN8008330","2008-01-24","","TN5439310N95","","2025-09-21","","","1987-10-22","1987-10-22","","True","2003-01-03","","46088","GENZIANA S.r.l.","","Dipendente","AGGIORNAMENTO IDONEITA'","2020-03-02 00:00","","2012-11-28 00:00","","","C2","INDET","TP","40,00","False","","","","","False","True","2023-07-05 22:01","TESSERINO 22-25 ARRIVATO 18/10/2022","0373","","True","False","False","False","","OK","2023","2023-03-06 10:30","MARINI MONICA","MEDICINA 2000","2023-02-16","2023-02-16","{3F71B20B-5CAF-4B1D-9E9B-E5A0794F9C05}"
"MACCANI","MIRKO","GENZIANA S.r.l.","1975-12-27","","M","","True","True","True","True","U13L87869K","BCD","2019-05-14","2024-05-13","TN8008335","2008-01-24","","U13L87869K95","","2020-09-09","","","1999-06-10","1999-06-10","","True","2000-06-01","","46088","GENZIANA S.r.l.","","Dipendente","","2019-04-10 00:00","","2012-11-28 00:00","","","C2","INDET","TP","40,00","False","","","","","False","True","2023-07-05 22:01","TESSERINO 22-25 ARRIVATO 16/03/23","0365","","True","False","False","False","","OK","2023","2023-03-06 10:31","MARINI MONICA","MEDICINA 2000","2023-02-16","2023-02-16","{0E3956BB-651A-47A1-8898-D5EF02DDF2D7}"
"MARCHIO'","MATTEO","GENZIANA S.r.l.","1990-02-04","","M","","True","True","True","True","U14Y31773K","BCDE","2021-02-27","2026-02-26","","","","U14Y31773K95","","2024-03-27","","","","","","True","2021-07-01","","46088","GENZIANA S.r.l.","","Dipendente","RICHIESTA TESSERINO 15/05/2019. TESSERINO ARRIVATO 24/05/2019; AGGIORNAMENTO IDONEITA'. AUTISTA LICENZIATO.AGGIORNAMENTO IDONEITA'","2021-07-13 00:00","","2019-05-15 00:00","","","C2","DET","TP","40,00","False","","","","","False","True","2023-07-05 22:01","TESSERINO 22-25 ARRIVATO 18/10/2022","2500","","True","False","False","False","","OK","2023","2023-03-06 10:33","MARINI MONICA","MEDICINA 2000","2023-02-16","2023-02-16","{CB6BDA98-4989-40FE-BEFA-BB0B8447543D}"
"POLETTI","CRISTIANO","GENZIANA S.r.l.","1968-05-27","","M","","True","True","True","True","U146P3574X","BCD","2023-04-14","2028-04-13","TN8011995","2017-12-04","","U146P3574X95","","2027-12-07","","","","","","True","2018-06-01","","46088","GENZIANA S.r.l.","","Dipendente","AGGIORNAMENTO IDONEITA'","2020-03-02 00:00","","2018-05-29 00:00","","","C2","DET","TP","40,00","False","","","","","False","True","2023-07-05 22:01","TESSERINO 22-25 ARRIVATO 18/10/2022","2390","","True","False","False","False","","OK","2023","2023-03-06 10:34","MARINI MONICA","MEDICINA 2022","2023-02-16","2023-02-16","{B9183329-F393-42D9-AB07-8CA2C2C03BC1}"
"PRADE","GIOVANNI","GENZIANA S.r.l.","1972-03-11","","M","","True","True","True","True","U13H26606W","BCD","2018-11-24","2023-11-23","TN8008122","2000-12-20","","U13H26606W95","","2020-09-09","","","","","","True","2000-09-11","","46088","GENZIANA S.r.l.","","Dipendente","AGGIORNAMENTO IDONEITA'","2020-03-02 00:00","","2012-11-28 00:00","","","C2","INDET","TP","40,00","False","","","","","False","True","2023-07-05 22:01","TESSERINO 22-25 ARRIVATO 16/03/23","0366","","True","False","False","False","","OK","2023","2023-03-06 10:36","MARINI MONICA","MEDICINA 2000","2023-02-16","2023-02-16","{D0354345-353F-4E31-AC21-E6A21E50E08A}"
"PUIE","VIOREL IOAN","GENZIANA S.r.l.","1979-01-27","","M","","True","True","True","True","TN5459947K","BCD","2021-08-27","2026-08-24","","","","TN5459947K95","","2026-08-26","","","","","","True","2019-02-26","","46088","GENZIANA S.r.l.","","Dipendente","AGGIORNAMENTO IDONEITA'","2020-03-02 00:00","","2019-03-14 00:00","","","C2","DET","TP","40,00","False","","","","","False","True","2023-07-05 22:01","TESSERINO 22-25 ARRIVATO 18/10/2022","2490","","True","False","False","False","","OK","2023","2023-03-06 10:37","MARINI MONICA","MEDICINA 2000","2023-02-16","2023-02-16","{9310FD30-25D2-4A29-B7A0-BFDB795F12C9}"
"QOSE","ILIR","GENZIANA S.r.l.","1970-06-06","","M","","True","True","True","True","U14Y40344M","BCDE","2021-03-01","2026-02-27","TN8009052","2008-04-22","","U14Y40344M95","","2025-06-19","","","","","","True","2021-11-02","","46088","GENZIANA S.r.l.","","Dipendente","RICHIESTA TESSERINO 25/11/2021.TESSERINO ARRIVATO 29/11/2021","2021-11-25 00:00","","2021-11-25 00:00","","","C2","DET","TP","40,00","False","","","","","False","True","2023-07-05 22:01","TESSERINO 22-25 ARRIVATO 18/10/2022","2771","","True","False","False","False","","OK","2022","2022-11-10 16:16","MARINI MONICA","MEDICINA 2000","2022-11-10","2022-11-10","{EC54DD65-81C6-43C1-9726-3BA6DD678A7D}"
"SANTINI","VALENTINO","GENZIANA S.r.l.","1974-12-13","","M","","True","True","True","True","U13K90857J","BCD","2019-03-20","2024-03-19","","","","U13K90857J95","","2020-09-09","","","","","","True","2018-09-01","","46088","GENZIANA S.r.l.","","Dipendente","AGGIORNAMENTO IDONEITA'","2020-03-02 00:00","","2018-09-25 00:00","","","C2","INDET","TP","40,00","False","","","","","False","True","2023-07-05 22:01","TESSERINO 22-25 ARRIVATO 18/10/2022","2429","","True","False","False","False","","OK","2023","2023-03-06 10:37","MARINI MONICA","MEDICINA 2000","2023-02-16","2023-02-16","{18B90231-DDB1-419F-B016-33EDA5440582}"
"SEPPI","ANTONELLO","GENZIANA S.r.l.","1970-01-12","","M","","True","True","True","True","U126M8046L","BCD","2022-11-24","2027-11-23","TN8010277","2008-10-01","","U126M8046L95","","2027-05-13","","","","","","True","","","46088","GENZIANA S.r.l.","","Socio","AGGIORNAMENTO IDONEITA'","2020-06-16 00:00","","2012-11-28 00:00","","","","","","","False","","","","","False","False","2023-07-05 22:01","TESSERINO 22-25 ARRIVATO 08/02/2023","0363","","False","False","False","False","","OK","2022","2022-08-16 00:00","","MEDICINA 2000","2022-03-25","2022-03-25","{B9B710D8-10CB-4EDD-85EB-AF7E48F5BD06}"
"SEPPI","GIOVANNI ROMEDIO","GENZIANA S.r.l.","1964-02-03","","M","","True","True","True","True","TN5447689K","BCD","2021-02-17","2024-02-03","TN8009505","2008-06-12","","TN5447689K95","","2026-02-02","","","","1986-02-21","","True","","","46088","GENZIANA S.r.l.","","Socio","AGGIORNAMENTO IDONEITA'","2020-03-02 00:00","","2012-11-28 00:00","","","","","","","False","","","","","False","True","2023-07-05 22:01","TESSERINO 22-25 ARRIVATO 08/02/2023","0362","","False","False","False","False","","OK","2023","2023-03-06 10:38","MARINI MONICA","MEDICINA 2000","2023-02-16","2023-02-16","{420C9A23-7BEE-4880-8F06-C0FD9BCD1F7A}"
"SEPPI","PIO","GENZIANA S.r.l.","1965-10-26","","M","","True","True","True","True","U162K1241A","CD","2022-08-04","2027-08-03","TN8004377","1995-09-14","","U162K1241A95","","2027-01-26","","","","1987-05-22","","True","","","46088","GENZIANA S.r.l.","","Socio","AGGIORNAMENTO IDONEITA'","2020-06-16 00:00","","2012-11-28 00:00","","","","","","","False","","","","","False","False","2023-07-05 22:01","TESSERINO 22-25 ARRIVATO 08/02/2023","0361","","False","False","False","False","","OK","2022","2022-08-16 00:00","","MEDICINA 2000","2022-03-25","2022-03-25","{57580F68-0FB6-4160-8BDB-DCE20C3F81D4}"
"DEPAUL","MONICA","GHETTA VITTORIO","1969-06-03","CAVALESE","F","DPLMNC69H43C372D","True","True","True","True","U15X43704N","BCD","2021-01-14","2026-01-13","TN8005453","1996-04-19","","U15X43704N95","","2025-10-19","","","1996-02-08","1996-02-08","","True","","","46122","GHETTA VITTORIO","","coll. Familiare","AGGIORNAMENTO IDONEITA'","2019-12-20 00:00","","2012-09-28 00:00","","","","","","","False","","","","","False","True","2023-06-12 11:25","TESSERINO 22-25 ARRIVATO 21/04/23","0376","","False","False","False","False","","OK","2023","2023-05-16 13:01","GERMANI ROCCO","SAPI","2023-04-14","2023-04-14","{2B69C2C9-2480-4F75-BEB4-5AD6BD6C9425}"
"GHETTA","VALENTINA","GHETTA VITTORIO","1992-04-11","CAVALESE","F","GHTVNT92D51C372W","True","True","True","True","U14Y12748L","BD","2021-02-26","2026-02-25","TN8011782","2016-01-12","","U14Y12748L95","","2021-07-18","","","","2016-01-08","","True","","","46122","GHETTA VITTORIO","","coll. Familiare","AGGIORNAMENTO IDONEITA'","2019-12-20 00:00","","2016-01-22 00:00","","","","","","","False","","","","","False","True","2023-06-12 11:25","TESSERINO 22-25 ARRIVATO 21/04/23","2179","","False","False","False","False","","OK","2021","2023-03-15 08:39","GIAVARINA MASSIMO","SAPI","2022-12-13","2022-12-13","{40569D70-F5CC-44EF-9283-CC7CB41098A0}"
"GHETTA","VITTORIO","GHETTA VITTORIO","1961-11-04","CAVALESE","M","GHTVTR61S04C372Q","True","True","True","True","TN5440991M","BCD","2020-10-20","2024-05-16","TN8002676","1994-06-21","","TN5440991M95","","2025-10-19","","","","1984-04-27","","True","","","46122","GHETTA VITTORIO","","Titolare","","2019-04-10 00:00","","","","","","","","","False","","","","","False","True","2023-06-12 11:25","TESSERINO 22-25 ARRIVATO 21/04/23","0375","","False","False","False","False","","OK","","","","","","","{BDC183EB-1D8B-480E-A7A5-F033F452D50E}"
"BONANNI","COSTANTINO","GIACOMELLI BUS S.R.L.","1973-04-29","","M","","True","True","True","True","U176F1650B","BCD","2022-02-23","2027-02-22","","","","U176F1650B95","","2026-11-04","","","","","","True","2021-11-11","","46655","GIACOMELLI BUS S.R.L.","","Dipendente","RICHIESTA TESSERINO 10/08/2022","","","2022-08-10 00:00","","","","","","","False","","","","","False","True","2023-07-05 22:01","TESSERINO 22-25 ARRIVATO 18/10/2022","2847","2022-08-11 13:54:55.973000000","False","False","False","False","","OK","2022","2022-08-10 00:00","GRAVINA TOMMASO","","2022-08-04","2022-08-04","{09E8223D-8B8C-4D72-AF18-180A75D3EC34}"
"GIACOMUZZI","MONICA","GIACOMELLI BUS S.R.L.","1972-02-15","","M","","True","True","True","True","U12U96492J","B","2020-07-09","2031-02-15","TN8012134","2019-02-18","2024-02-12","","","","","","","","","False","2019-06-03","","46655","GIACOMELLI BUS S.R.L.","","Dipendente","RICHIESTA TESSERINO 13/09/2019; TESSERINO ARRIVATO","2019-10-07 00:00","","2019-09-13 00:00","","","C2","","","","False","","","","","False","True","2023-07-05 22:01","","2533","","True","False","False","False","","OK","2021","2022-08-19 00:00","GRAVINA TOMMASO","CENTRO MEDICO FIEMME","2021-10-05","2021-10-05","{576213C8-7EF5-45ED-8978-2036207D29F8}"
"GILLI","PAOLO","GILLI PAOLO","1966-07-15","","M","","True","True","True","True","U1H458108C","B","2015-02-13","2025-07-15","VE8017235","2006-03-08","2026-08-16","","","","","","","","","True","2006-03-08","","46704","GILLI PAOLO","","Titolare","","2019-04-10 00:00","","","","","","","","","False","","","","","False","True","2023-07-05 22:01","TESSERINO 22-25 ARRIVATO 21/04/23","1002","","False","False","False","False","","OK","2021","2022-09-27 09:48","","PROGETTO SALUTE","2022-09-19","2022-09-19","{90204C91-33FB-4454-89A4-BB4CFFB6A43C}"
"ZORZAN","ALMA","GILLI PAOLO","1965-03-07","","M","","True","True","True","True","TN5056909G","B","2000-03-24","2024-03-07","TN8006379","2000-09-21","2026-08-02","","","","","","","","","False","","","46704","GILLI PAOLO","","coll. Familiare","","2019-04-10 00:00","","2013-01-21 00:00","","","","","","","False","","","","","False","True","2023-07-05 22:01"," | Categoria: coll. Familiare","0389","","False","False","False","False","","OK","2021","2022-09-27 09:50","","PROGETTO SALUTE","2022-09-19","2002-09-19","{4FB89AA5-4801-42FB-9A25-5FC325DED971}"
"GORINI","LUIGI","GORINI LUIGI","1981-03-10","","M","","True","True","True","True","TN5493665L","BCDE","2023-03-28","2028-03-24","","","","TN5493665L95","","2028-03-23","","","","","","False","","","47745","GORINI LUIGI","","Titolare","RICHIESTA TESSERINO 03/03/2021","2021-03-03 00:00","","2021-02-25 00:00","","","","","","","False","","","","","False","True","2023-07-05 22:01","","2705","","False","False","False","False","","OK","2021","2023-03-13 11:00","MARINI MONICA","MEDICINA 2022","2023-02-16","2023-02-16","{3BB0ECA2-FDE0-488D-8B76-F8657FE2DBC3}"
"ANESI","UMBERTO","GROFF ALFREDO","1976-03-19","TRENTO","M","NSAMRT76C19L378Q","True","True","True","True","TN5476836M","BCDE","2022-05-26","2027-05-20","","","","TN5476836M95","","2027-05-23","","","","","","False","2023-04-11","","46026","GROFF ALFREDO","","Dipendente","","","","","","","","","","","True","","","","","False","True","2023-06-12 11:25","RICHIESTA TESSERINO PAT 22-25  10/05/23","","","False","False","False","False","","OK","2022","2023-05-10 07:49","QUINTARELLI EMANUELE","SAPI","2023-04-14","2023-04-14","{03508097-04D7-4613-A579-797E04FF59E6}"
"ESPINOSA","ROSAURA MARIA","GROFF ALFREDO","1980-03-13","","M","","True","True","True","True","TN5309836G","B","2014-03-13","2024-03-13","TN8011701","2015-06-09","2020-05-29","","","","","","","","","True","2013-12-09","","46026","GROFF ALFREDO","","Dipendente","AGGIORNAMENTO IDONEITA'","2019-12-17 00:00","","2016-12-21 00:00","","","C4","INDET","PT","25,00","False","","","","","False","True","2023-07-05 22:01","TESSERINO 22-25 ARRIVATO 16/03/23","2265","","True","False","False","False","","OK","2022","2023-03-07 14:38","QUINTARELLI EMANUELE","SAPI","2022-12-03","2022-12-03","{47B59B4B-253A-4D6C-8E29-18156D9A159C}"
"FRONZA","FRANCO","GROFF ALFREDO","1958-09-01","","M","","True","True","True","True","U14W16538M","BD","2020-10-31","2025-10-30","","","","U14W16538M95","","2023-09-11","","","","2013-07-05","","False","2013-09-19","","46026","GROFF ALFREDO","","Dipendente","","2019-04-10 00:00","","2013-10-03 00:00","","","C2","INDET","PT","30,00","False","","","","","False","True","2023-07-05 22:01","","2438","","True","False","False","False","","OK","2021","2022-09-15 00:00","","SAPI","2021-12-04","2021-12-04","{DCB726D0-0302-4C7C-8CB7-9B3B9EFDC84C}"
"GROFF","ALFREDO","GROFF ALFREDO","1951-11-03","BEDOLLO","M","GRFLRD51S03A730R","True","True","True","True","TN5478696A","B","2022-06-25","2025-11-03","","","","NO CQC","","","","","1987-05-08","1987-05-08","","True","","","46026","GROFF ALFREDO","","Titolare","","2019-04-10 00:00","","2012-09-03 00:00","","","","","","","False","","","","","False","True","2023-06-12 11:25","TESSERINO 22-25 ARRIVATO 21/04/23","0393","","False","False","False","False","","OK","","","","","","","{BDFAB427-9718-46C5-A52E-CDA5F5E48462}"
"GROFF","GIANLUCA","GROFF ALFREDO","1982-12-29","","M","","True","True","True","True","TN5423755D","BCD","2019-10-22","2024-10-15","","","","TN5423755D","","2024-10-16","","","2004-03-16","2004-03-16","","True","2001-05-17","","46026","GROFF ALFREDO","","Dipendente","AGGIORNAMENTO IDONEITA'","2019-12-17 00:00","","2012-11-12 00:00","","","C3","INDET","TP","40,00","False","","","","","False","True","2023-07-05 22:01","TESSERINO 22-25 ARRIVATO 16/03/23","0400","","True","False","False","False","","OK","2022","2023-03-07 14:40","QUINTARELLI EMANUELE","SAPI","2022-12-03","2022-12-03","{E6940BE9-038E-400E-8C2D-B1A18E7F7B93}"
"GROFF","MICHELE","GROFF PAOLO","1973-01-09","","M","","True","True","True","True","TN5430826K","BCDE","2020-02-26","2025-02-04","","","","TN5430826K95","","2025-02-07","","","2004-05-11","2004-05-11","2004-09-23","True","2010-03-09","","46703","GROFF PAOLO","","coll. Familiare","","2019-04-10 00:00","","2013-01-21 00:00","","","","","","","False","","","","","False","True","2023-07-05 22:01","TESSERINO 22-25 ARRIVATO 16/01/2023","1569","","False","False","False","False","","OK","2022","2022-12-28 11:48","QUINTARELLI EMANUELE","SAPI","2022-12-16","2022-12-16","{7DBC438E-2A0E-43D5-9C4C-9146AB56828A}"
"GROFF","PAOLO","GROFF PAOLO","1975-12-26","","M","","True","True","True","True","U16Y07365M","BCDE","2021-03-11","2026-03-10","TN8008055","2007-11-26","","U16Y07365M95","","2025-09-07","","","2005-02-24","2005-02-24","2005-12-16","True","","","46703","GROFF PAOLO","","Titolare","","2019-04-10 00:00","","","","","","","","","False","","","","","False","True","2023-07-05 22:01","TESSERINO 22-25 ARRIVATO 05/01/20223","1184","","False","False","False","False","","OK","","","","","","","{99C80649-D742-4B59-9250-88A0AAB4D277}"
"FRONZA","FRANCO","GROFF TOUR DI TATTI CARLA","1958-09-01","","M","","True","True","True","True","U14W16538M","BD","2020-10-31","2025-10-30","","","","U14W16538M95","","2023-09-11","","","","2013-07-05","","False","2013-09-19","","46701","GROFF TOUR DI TATTI CARLA","","Dipendente","AGGIORNAMENTO IDONEITA'","2019-12-17 00:00","","2013-10-03 00:00","","","C2","INDET","PT","20,00","False","","","","","False","True","2023-07-05 22:01","","1874","","True","False","False","False","","OK","2021","2022-09-15 00:00","","SAPI","2021-12-04","2021-12-04","{B42C1738-0ECA-4F1F-8471-CF3AB65FBE5D}"
"GROFF","GIANLUCA","GROFF TOUR DI TATTI CARLA","1982-12-29","","M","","True","True","True","True","TN5423755O","BCD","2019-10-22","2024-10-15","","","","TN5423755O95","","2024-10-16","","","2004-03-16","2004-03-16","","False","","","46701","GROFF TOUR DI TATTI CARLA","","coll. Familiare","","2019-04-10 00:00","","2013-09-13 00:00","","","","","","","False","","","","","False","True","2023-07-05 22:01","","1869","","False","False","False","False","","OK","2022","2023-03-07 14:40","QUINTARELLI EMANUEEL","SAPI","2022-12-03","2022-12-03","{BAEC44A3-B2C0-4A9C-A844-EF8317C6A860}"
"SANTUARI","MARCO","GROFF TOUR DI TATTI CARLA","1962-07-04","","M","","True","False","True","True","U149C8036P","BCDE","2021-08-24","2023-08-23","","","","U149C8036P95","","2025-09-15","","","1988-10-29","1988-10-28","1995-10-30","False","2010-09-01","","46701","GROFF TOUR DI TATTI CARLA","","Dipendente","AGGIORNAMENTO IDOENEITA'","2019-12-17 00:00","","2012-11-12 00:00","","","C2","INDET","TP","40,00","False","","","","","False","True","2023-07-05 22:01","","1082","","True","False","False","False","","OK","2021","2022-09-15 00:00","","SAPI","2021-12-04","2021-12-04","{2B56D9CA-19F6-4EC7-8AB5-D7C5AF1C6508}"
"TATTI","CARLA","GROFF TOUR DI TATTI CARLA","1958-02-08","ROMA","F","TTTCRL58B08H501Y","True","True","True","True","TN5489984C","BCD","2023-01-20","2024-10-27","VI8010725","1998-05-14","","TN5489984C95","","2027-03-17","","","","","","False","","","46701","GROFF TOUR DI TATTI CARLA","","Titolare","","2019-04-10 00:00","","2012-09-03 00:00","","","","","","","False","","","","","False","True","2023-07-03 22:01","","1220","","False","False","False","False","","OK","","","","","","","{6DF6478C-11D0-43D7-B415-8E28D52D2D87}"
"BETTEGA","LORIS","HOTEL AL BIVIO S.R.L.","1958-12-11","","M","","True","True","True","True","U161E2567M","BCD","2021-12-18","2023-12-11","BL8005466","2008-04-23","","U161E2567M95","","2024-11-05","","","1982-10-05","1982-10-05","","True","","","46140","HOTEL AL BIVIO S.R.L.","","Titolare","","2019-04-10 00:00","","","","","","","","","False","","","","","False","True","2023-07-05 22:01","TESSERINO 22-25 ARRIVATO 27/01/2023","0285","","False","False","False","False","","OK","","","","","","","{7FF6F225-A597-450A-A9B5-EBD525A718F5}"
"BETTEGA","NICOLA","HOTEL AL BIVIO S.R.L.","1996-04-08","","M","","True","True","True","True","BL5182793S","BD","2022-01-26","2023-09-14","BL8007334","2007-09-22","2021-09-20","BL5182793S95","","2023-09-14","","","","","","True","","","46140","HOTEL AL BIVIO S.R.L.","","Socio","AGGIORNAMENTO IDONEITA'","2020-09-01 00:00","","2017-10-10 00:00","","","","","","","False","","","","","False","False","2023-07-05 22:01","TESSERINO 22-25 ARRIVATO 27/01/2023","2309","","False","False","False","False","","OK","2020","2021-02-17 00:00","GRAVINA TOMMASO","","2020-12-10","2020-12-10","{DE75A544-FB85-4467-BCCE-BF80C510C9A5}"
"FONTAN","CRISTINA","HOTEL AL BIVIO S.R.L.","1970-09-12","","M","","True","True","True","True","TN5429496M","B","2020-02-05","2030-09-12","BL8003695","1995-11-04","2025-01-31","","","","","","","","","True","","","46140","HOTEL AL BIVIO S.R.L.","","Socio","AGGIORNAMENTO IDONEITA'","2020-09-01 00:00","","2012-09-28 00:00","","","","","","","False","","","","","False","False","2023-07-05 22:01","TESSERINO 22-25 ARRIVATO 05/01/20223","0284","","False","False","False","False","","OK","2020","2021-02-17 00:00","GRAVINA TOMMASO","","2020-12-10","2020-12-10","{60815435-37D9-433F-AEEC-D4F910929544}"
"BETTEGA","ROGER","IL GIGLIO DI ZANETEL MATTIA","1968-07-26","","M","","True","True","True","True","U158F9853P","B","2022-02-12","2027-07-26","BL8003429","1995-09-18","2027-01-28","","","","","","","","","True","2021-09-01","","47769","IL GIGLIO DI ZANETEL MATTIA","","Dipendente","RICHIESTA TESSERINO 10/09/2021.TESSERINO ARRIVATO 27/09/2021","2021-09-10 00:00","","2021-09-10 00:00","","","3","INDET","TP","39,00","False","","","","","False","True","2023-07-05 22:01","TESSERINO 22-25 ARRIVATO 27/01/2023","2751","","False","True","False","False","","OK","2022","2022-09-22 11:22","HAZIZOLLI DRITJON","","2022-09-19","2022-09-19","{F55DDDFB-3230-4057-BD4A-AEBABD69EFAB}"
"DEBERTOLIS","FABRIZIO","IL GIGLIO DI ZANETEL MATTIA","1958-11-04","","M","","True","True","True","True","TN5426862F","BE","2019-12-23","2025-11-04","TN8012217","2019-10-17","2024-10-17","","","","","","","","","True","2021-09-01","","47769","IL GIGLIO DI ZANETEL MATTIA","","Autista a chiamata","RICHIESTA TESSERINO 10/09/2021.TESSERINO ARRIVATO 27/09/2021","2021-09-10 00:00","","2021-09-10 00:00","","","5","DET","","","False","","","","","False","True","2023-07-05 22:01","TESSERINO 22-25 ARRIVATO 27/01/2023","2755","","False","True","False","False","","OK","2022","2022-10-03 10:39","BENDETTI ALESSANDRO","SAPI","2022-09-29","2022-09-29","{BBADE6F8-3991-4924-A6D5-08876243A89D}"
"SARTENA","GIANANTONIO","IL GIGLIO DI ZANETEL MATTIA","1984-12-02","","M","","True","True","True","True","U14M60546Y","BCE","2019-07-06","2024-07-05","BL8007338","2019-02-15","","U14M60546Y95","","","","","","","","True","2021-09-01","","47769","IL GIGLIO DI ZANETEL MATTIA","","Dipendente","RICHIESTA TESSERINO 10/09/2021.TESSERINO ARRIVATO 27/09/2021","2021-09-10 00:00","","2021-09-10 00:00","","","3","INDET","TP","39,00","False","","","","","False","True","2023-07-05 22:01","TESSERINO 22-25 ARRIVATO 18/10/2022","2756","","False","True","False","False","","OK","2022","2022-08-25 00:00","","SAPI","2022-02-21","2022-02-21","{1E6119A7-48C2-4C93-AE2F-FA3315C6C658}"
"ZANETEL","MATTIA","IL GIGLIO DI ZANETEL MATTIA","1992-03-04","","M","","True","True","True","True","BL5160968S","BD","2018-08-06","2023-08-06","BL8007208","2013-05-24","","BL5160968S95","","2023-08-06","","","","","","True","2021-09-01","","47769","IL GIGLIO DI ZANETEL MATTIA","","Titolare","RICHIESTA TESSERINO 10/09/2021.TESSERINO ARRIVATO 27/09/2021","2021-09-10 00:00","","2021-09-10 00:00","","","","","","","False","","","","","False","True","2023-07-05 22:01","TESSERINO 22-25 ARRIVATO 18/10/2022","2750","","False","False","False","False","","OK","","","","","","","{D3A0E1E9-D86E-4F0F-B38A-C129C905D155}"
"ZANETEL","VITTORE","IL GIGLIO DI ZANETEL MATTIA","1963-02-19","","M","","True","True","True","True","U11G31254A","BC","2018-09-19","2023-09-18","","","","U11G31254A95","","","","","","","","True","2021-09-01","","47769","IL GIGLIO DI ZANETEL MATTIA","","coll. Familiare","RICHIESTA TESSERINO 10/09/2021.TESSERINO ARRIVATO 27/09/2021","2021-09-10 00:00","","2021-09-10 00:00","","","","","","","False","","","","","False","True","2023-07-05 22:01","TESSERINO 22-25 ARRIVATO 18/10/2022","2754","","False","False","False","False","","OK","2022","2022-08-25 00:00","","SAPI","2022-02-21","2022-02-21","{624143D4-17DC-42B7-B6E9-122C3667E17F}"
"CAMPREGHER","DANIELE","ITALBUS S.N.C. DI CASAGRANDE ARMANDO E CHRISTIAN & C.","1993-06-24","","M","","True","True","True","True","TN5444827Y","BCDE","2021-01-08","2026-01-08","","","","TN5444827Y","","2024-07-31","","","","","","True","2019-09-02","","46045","ITALBUS S.N.C. DI CASAGRANDE","","Autista a chiamata","AUTISTA A CHIAMATA.RICHIESTA TESSERINO 27/12/2021.TESSERINO ARRIVATO 21/01/2022","2021-12-27 00:00","","2021-12-27 00:00","","","C2","","","","False","","","","","False","True","2023-07-05 22:01","TESSERINO 22-25 ARRIVATO 18/10/2022","2790","","True","False","False","False","","OK","2022","2022-12-16 14:51","QUINTARELLI EMANUELE","SAPI","2022-12-01","2022-12-01","{8DC4CBCD-D384-41B9-89DA-D6F82AA39302}"
"CASAGRANDE","ARMANDO","ITALBUS S.N.C. DI CASAGRANDE ARMANDO E CHRISTIAN & C.","1950-02-21","","M","","True","True","True","True","TN5418570C","B","2019-07-17","2025-02-21","TN8011227","2012-05-15","2025-02-21","","","","","","1979-09-26","1979-09-26","","True","","","46045","ITALBUS S.N.C. DI CASAGRANDE","","Socio","AGGIORNAMENTO IDONEITA' 17/12/2021","2019-12-11 00:00","","2012-12-17 00:00","","","","","","","False","","","","","False","False","2023-07-05 22:01","TESSERINO 22-25 ARRIVATO 08/02/2023","0409","","False","False","False","False","","OK","2022","2022-12-16 14:52","QUINTARELLI EMANUELE","SAPI","2022-12-01","2022-12-01","{068952E6-C2F1-4C20-9811-38E2C9C1C6A3}"
"CASAGRANDE","CHRISTIAN","ITALBUS S.N.C. DI CASAGRANDE ARMANDO E CHRISTIAN & C.","1974-07-23","","M","","True","True","True","True","TN5439379E","BCD","2020-09-25","2024-01-15","TN8007836","2007-10-10","","TN5439379E95","","2025-09-10","","","1995-03-22","1995-03-22","","True","","","46045","ITALBUS S.N.C. DI CASAGRANDE","","Titolare","AGGIORNAMENTO IDONEITA' 17/12/2021","2019-04-10 00:00","","","","","","","","","False","","","","","False","True","2023-07-05 22:01","TESSERINO 22-25 ARRIVATO 05/01/20223","0410","","False","False","False","False","","OK","2022","2022-12-16 14:52","QUINTARELLI EMANUELE","SAPI","2022-12-01","2022-12-01","{2C6A1CD1-760A-4440-B888-DC8ABD47E303}"
"CASAGRANDE","LUCA","ITALBUS S.N.C. DI CASAGRANDE ARMANDO E CHRISTIAN & C.","1973-07-23","","M","","True","True","True","True","U11W10852B","BCD","2020-10-14","2025-10-13","TN8007837","2007-10-10","","U11W10852B95","","2025-09-10","","","1995-10-04","1995-10-04","","True","2007-02-02","","46045","ITALBUS S.N.C. DI CASAGRANDE","","Socio e Collab. Famigliare","AGGIORNAMENTO IDONEITA' 17/12/2021","2019-12-10 00:00","","2012-12-17 00:00","","","","","","","False","","","","","False","True","2023-07-05 22:01","TESSERINO 22-25 ARRIVATO 16/01/2023","1094","","False","False","False","False","","OK","2022","2022-12-16 14:53","QUINTARELLI EMANUELE","SAPI","2022-12-01","2022-12-01","{0D1A5582-E4A9-45CB-8834-D08D3F2D22B8}"
"COLOMBINI","FRANCESCO","ITALBUS S.N.C. DI CASAGRANDE ARMANDO E CHRISTIAN & C.","1965-05-31","","M","","True","True","True","True","TN5439380M","BCDE","2020-09-25","2024-08-06","TN8003305","1994-11-24","","TN5439380M95","","2025-09-10","","","1994-09-17","1994-09-17","1994-09-17","True","1997-01-14","","46045","ITALBUS S.N.C. DI CASAGRANDE","","Dipendente","AGGIORNAMENTO IDONEITA' 17/12/2021","2019-12-10 00:00","","2012-12-17 00:00","","","C2","INDET","TP","40,00","False","","","","","False","True","2023-07-05 22:01","TESSERINO 22-25 ARRIVATO 08/02/2023","0407","","True","False","False","False","","OK","2022","2022-12-16 14:55","QUINTARELLI EMANUELE","SAPI","2022-11-11","2022-11-11","{8A3ED077-50BD-4402-B022-D6D9C7C4C9B0}"
"PETRI ANDERLE","LUCA","ITALBUS S.N.C. DI CASAGRANDE ARMANDO E CHRISTIAN & C.","1979-10-31","","M","","True","True","True","True","TN5439657M","BCDE","2020-09-30","2024-05-03","","","","TN5439657M95","","2025-09-10","","","1999-08-11","1999-08-11","1999-08-11","True","2014-03-13","","46045","ITALBUS S.N.C. DI CASAGRANDE","","Dipendente","AGGIORNAMENTO IDONEITA' 17/12/2021","2019-12-10 00:00","","2014-12-09 00:00","","","C2","INDET","TP","40,00","False","","","","","False","True","2023-07-05 22:01","TESSERINO 22-25 ARRIVATO 18/10/2022","2001","","True","False","False","False","","OK","2022","2022-12-16 14:55","QUINTARELLI EMANUELE","SAPI","2022-11-11","2022-11-11","{E2AA19E7-5E61-46DB-9755-51DB1894A5F9}"
"BAZZANELLA","PAOLO","LA RUOTA S.R.L.","1962-08-29","","M","","True","True","True","True","TN5482694L","BCDE","2022-09-01","2023-08-29","TN80011329","2012-12-24","","TN5482694L","","2021-07-29","","","","","","True","2019-09-10","","47636","LA RUOTA S.R.L","","Dipendente","AGGIORNAMENTO IDONEITA'.CCNL COOP SOCIALI","","","","","","C1","INDET","PT","34,00","False","","","","","False","True","2023-07-05 22:01","RICHIESTA TESSERINO PAT 22-25 13/10/2022 - TESSERINO ARRIVATO 24/10/22","2602","2022-08-11 13:54:55.973000000","False","False","False","True","","OK","2021","2022-09-23 10:15","","ECO SPES","2021-11-23","2021-11-23","{510C13D2-39B7-4E90-AF10-60525E9C23A1}"
"CAPUCCI","FEDERICA","LA RUOTA S.R.L.","1993-06-21","","F","","True","True","True","True","U184F5741X","B","2022-02-26","2032-06-21","TN8012396","2022-02-25","2027-02-23","","","","","","","","","True","2019-09-02","","47636","LA RUOTA S.R.L","","Dipendente","AGGIORNAMENTO IDONEITA'.CCNL COOP SOCIALI","","","","","","","","","","False","","","","","False","True","2023-07-05 22:01","RICHIESTA TESSERINO PAT 22-25 13/10/2022 - TESSERINO ARRIVATO 24/10/22","2566","2022-08-11 13:54:55.973000000","False","False","False","True","","OK","2020","2022-09-23 10:27","","SEA CS","2022-06-13","2022-06-13","{96EFFB0D-A263-41E2-BC05-F41397340E1E}"
"CARPENTARI","GIANLUCA","LA RUOTA S.R.L.","1997-01-20","","M","","True","True","True","True","TN5386111X","B","2017-11-29","2028-01-20","TN8012156","2019-04-11","2024-04-10","","","","","","","","","True","2020-07-06","","47636","LA RUOTA S.R.L","","Dipendente","CCNL COOP SOCIALI","","","","","","C1","INDET","PT","25,00","False","","","","","False","True","2023-07-05 22:01","RICHIESTA TESSERINO PAT 22-25 13/10/2022 - TESSERINO ARRIVATO 24/10/22","2741","2022-08-11 13:54:55.973000000","False","False","False","True","","OK","2021","2022-09-23 10:41","","ECO SPES","2021-11-23","2021-11-23","{66D788B9-38AF-4FBF-A668-BBB5BA9A8554}"
"DALPRA'","DANIEL","LA RUOTA S.R.L.","1979-11-08","","M","","True","True","True","True","U12U66320M","B","2020-07-08","2030-11-08","TN8007469","2005-12-28","2026-01-18","","","","","","","","","True","2011-04-18","","47636","LA RUOTA S.R.L","","Dipendente","AGGIORNAMENTO IDONEITA'. CCNL COOP SOCIALI","","","","","","C1","INDET","PT 34","","False","","","","","False","True","2023-07-05 22:01","RICHIESTA TESSERINO PAT 22-25 13/10/2022 - TESSERINO ARRIVATO 24/10/22","2582","2022-08-11 13:54:55.973000000","False","False","False","True","","OK","2021","2022-09-23 10:50","","SEA CS","2022-03-07","2022-03-07","{1058D168-6995-47F9-8785-5DCB4E74AFE3}"
"LONGO","ANTONIO","LA RUOTA S.R.L.","1970-01-19","","M","","True","True","True","True","U113J4704M","BC","2022-06-04","2027-06-03","TN8007471","2005-12-28","","","","","","","","","","True","2007-07-30","","47636","LA RUOTA S.R.L","","Dipendente","AGGIORNAMENTO IDONEITA'.CCNL COOP SOCIALI","","","","","","C1","INDET","PT","34,00","False","","","","","False","True","2023-07-05 22:01","RICHIESTA TESSERINO PAT 22-25 13/10/2022 - TESSERINO ARRIVATO 24/10/22","2587","2022-08-11 13:54:55.973000000","False","False","False","True","","OK","2021","2022-09-30 16:05","","SEA CS","2022-03-07","2022-03-07","{DBE75E7A-03F2-44F6-B33E-64256A7E3CD4}"
"MATTEDI","FRANCESCO","LA RUOTA S.R.L.","1985-04-16","","M","","True","True","True","True","U1J170031E","B","2015-03-25","2024-04-16","TN8012216","2019-10-17","2024-10-17","","","","","","","","","True","2019-11-27","","47636","LA RUOTA S.R.L","","Dipendente","CCNL COOP SOCIALI","","","","","","C1","INDET","PT","38,00","False","","","","","False","True","2023-07-05 22:01","RICHIESTA TESSERINO PAT 22-25 13/10/2022 - TESSERINO ARRIVATO 24/10/22","2742","2022-08-11 13:54:55.973000000","False","False","False","True","","OK","2021","2022-09-30 16:12","","ECO SPES","2021-11-23","2021-11-23","{464D5F96-F33E-46C5-9844-06B2D0A001CD}"
"MOSER","UGO","LA RUOTA S.R.L.","1965-05-11","","M","","True","True","True","True","U13G63012H","BCD","2018-10-03","2023-10-02","TN8010983","2010-11-11","","NO CQC","","","","","","","","True","2011-06-20","","47636","LA RUOTA S.R.L","","Dipendente","AGGIORNAMENTO IDONEITA'.CCNL COOP SOCIALI","","","","","","C1","INDET","PT","38,00","False","","","","","False","True","2023-07-05 22:01","RICHIESTA TESSERINO PAT 22-25 13/10/2022 - TESSERINO ARRIVATO 24/10/22","2592","2022-08-11 13:54:55.973000000","False","False","False","True","","OK","2021","2022-09-23 14:48","","SEA CS","2022-06-13","2022-06-13","{DADBEC70-11CA-4FBB-8385-018949E7B29C}"
"POLITO","ANTONIO","LA RUOTA S.R.L.","1965-12-15","","M","","True","True","True","True","U1F488094U","B","2014-09-27","2024-12-15","TN8012175","2019-06-20","2024-06-20","","","","","","","","","True","2021-03-01","","47636","LA RUOTA S.R.L","","Dipendente","CCNL COOP SOCIALI","","","","","","B1","INDET","PT","25,00","False","","","","","False","True","2023-07-05 22:01","RICHIESTA TESSERINO PAT 22-25 13/10/2022 - TESSERINO ARRIVATO 24/10/22","2743","2022-08-11 13:54:55.973000000","False","False","False","True","","OK","2021","2022-09-23 14:54","","SEA CS","2022-08-03","2022-03-08","{B0DE6D4D-410D-4245-BBD4-46CF0511877C}"
"SCARANO","CIRO","LA RUOTA S.R.L.","1960-03-15","","M","","True","True","True","True","U18J91167J","BCDE","2019-02-26","2024-02-25","TN8018719","2019-12-10","","U18J91167J95","","","","","","","","True","2022-10-03","","47636","LA RUOTA S.R.L","","Autista a chiamata","CCNL COOP SOCIALI","","","2022-10-03 00:00","","","","","","","False","","","","","False","True","2023-07-05 22:01","RICHIESTA TESSERINO PAT 22-25 13/10/2022 - TESSERINO ARRIVATO 24/10/22","2835","2022-08-11 13:54:55.973000000","False","False","False","True","","OK","2021","2022-10-03 11:25",""," ECO SPES","2021-11-25","2021-11-25","{CD5EE70C-39B8-4E35-91C9-51F08AA292D0}"
"TALAMINI","KLAUS","LA RUOTA S.R.L.","1985-02-25","","M","","True","True","True","True","U191G6468L","BCD","2022-04-16","2027-04-15","TN8011103","2011-09-02","","U191G6468L95","","2026-07-29","","","","","","True","2010-01-18","","47636","LA RUOTA S.R.L","","Dipendente","AGGIORNAMENTO IDONEITA'.CCNL COOP SOCIALI","","","","","","C1","INDET","PT","30,00","False","","","","","False","True","2023-07-05 22:01","RICHIESTA TESSERINO PAT 22-25 13/10/2022 - TESSERINO ARRIVATO 24/10/22","2597","2022-08-11 13:54:55.973000000","False","False","False","True","","OK","2021","2022-09-23 14:58","","ECO SPES","2021-11-23","2021-11-23","{440F75EE-9B88-4594-9501-47D5EACCF190}"
"LORENGO","GIOVANNI","LORENGO S.A.S. DI LORENGO GIOVANNI & C.","1947-10-15","","M","","True","True","True","True","U163E2854N","BC","2021-12-20","2023-12-18","TN8008514","2008-02-18","","","","","","","1989-10-31","1989-10-31","","True","","","46069","LORENGO S.A.S. DI LORENGO GIOVANNI & C.","","Titolare","","2019-04-10 00:00","","2012-09-03 00:00","","","","","","","False","","","","","False","True","2023-07-05 22:01","TESSERINO 22-25 ARRIVATO 08/02/2023","0429","","False","False","False","False","","OK","2022","2022-08-08 00:00","LOCATELLI ALBERTO","SAPI","2022-07-21","2022-07-21","{0C2E2BD3-9575-469D-A0EC-C452BA397BDC}"
"LORENGO","STEFANO","LORENGO S.A.S. DI LORENGO GIOVANNI & C.","1982-01-25","","M","","True","True","True","True","U14F66582K","BCD","2018-08-04","2023-08-03","TN8007053","2007-11-05","","U14F66582K95","","2020-09-09","","","2002-02-05","2003-08-12","","True","","","46069","LORENGO S.A.S. DI LORENGO GIOVANNI & C.","","Socio","AGGIORNAMENTO IDONEITA'","2019-11-13 00:00","","2013-01-21 00:00","","","","","","","False","","","","","False","True","2023-07-05 22:01","TESSERINO 22-25 ARRIVATO 05/01/20223","0430","","False","False","False","False","","OK","2020","2021-02-01 00:00","GERMANI ROCCO","","2020-09-16","2020-09-16","{11AEDA06-6FF6-4B15-9B29-57A01CCCFC98}"
"LORENGO","VANNA","LORENGO S.A.S. DI LORENGO GIOVANNI & C.","1979-07-03","","M","","True","True","True","True","U194L9076S","BD","2022-11-09","2027-11-08","","","","U194L9076S95","","2025-02-04","","","","2012-12-28","","True","","","46069","LORENGO S.A.S. DI LORENGO GIOVANNI & C.","","Socio","AGGIORNAMENTO IDONEITA'","2019-11-13 00:00","","2016-06-28 00:00","","","","","","","False","","","","","False","True","2023-07-05 22:01","TESSERINO 22-25 ARRIVATO 27/01/2023","2209","","False","False","False","False","","OK","2022","2022-08-08 00:00","LOCATELLI ALBERTO","SAPI","2022-03-11","2022-03-11","{9E5D28AF-3FA3-4338-8ABD-C2A0CA697D5C}"
"LORENZETTI","MATTIA","LORENZETTI SERGIO","1987-07-29","","M","","True","True","True","True","U14T56832N","BCDE","2020-06-04","2025-06-03","TN8011203","2012-04-04","","U14T56832N95","","2023-12-28","","","2015-01-13","2013-04-23","2015-06-09","True","","","46061","LORENZETTI SERGIO","","coll. Familiare","AGGIORNAMENTO IDONEITA'","2020-03-09 00:00","","2014-11-05 00:00","","","","","","","False","","","","","False","True","2023-07-05 22:01","TESSERINO 22-25 ARRIVATO 18/10/2022","1986","","False","False","False","False","","OK","2022","2022-05-20 00:00","ZANON GIULIO","SAPI","2022-05-20","2022-05-20","{1E3AE9C0-EC7E-423E-92B8-0A98AD8D5F3A}"
"LORENZETTI","SERGIO","LORENZETTI SERGIO","1960-07-12","","M","","True","True","True","True","TN5437672G","BCD","2020-09-03","2025-08-07","TN8007776","2007-09-14","","TN5437672G95","","2025-08-25","","","1995-04-27","1995-04-27","","True","","","46061","LORENZETTI SERGIO","","Titolare","AGGIORNAMENTO IDONEITA'.AGGIORNAMENTO IDONEITA'.","2019-08-08 00:00","","","","","","","","","False","","","","","False","True","2023-07-05 22:01","TESSERINO 22-25 ARRIVATO 27/01/2023","0431","","False","False","False","False","","OK","2022","2022-07-27 00:00","ZANON GIULIO","SAPI","2022-07-01","2022-07-01","{64B91DF2-D7BB-4754-B3D3-025A0489FA9E}"
"CASARI","MARCO","M.G.M. DI CASARI MARCO","1976-07-07","","M","","True","True","True","True","U12Y12032L","B","2021-02-15","2026-02-13","TN8007006","2003-10-28","","U12Y12032L95","","2020-12-23","","","","","","True","","","46408","M.G.M. DI CASARI MARCO","","Titolare","","2019-04-10 00:00","","","","","","","","","False","","","","","False","True","2023-07-05 22:01","TESSERINO 22-25 ARRIVATO 05/01/20223","0876","","False","False","False","False","","OK","","","","","","","{855D358E-955C-4D81-937C-BC74254E68ED}"
"BUGNA","MICHAEL","MAESTRI AUGUSTO & C. S.N.C.","1984-09-19","","M","","False","True","True","True","TN5411274W","BD","2019-03-05","2023-12-05","TN8010703","2009-10-12","","TN5411274W95","","2024-02-26","","","","","","False","2015-03-24","","46024","MAESTRI AUGUSTO & C. S.N.C.","","Dipendente","AGGIORNAMENTO IDONEITA'","2019-12-23 00:00","","2012-11-29 00:00","","","C1","INDET","TP","40,00","False","","","","","False","True","2023-07-05 22:01","","1345","","True","False","False","False","","","2022","2022-08-19 00:00","PAROLARI GIACOMO","ECO SPES","2022-01-31","2022-01-31","{6D03D33F-10F0-4530-86EA-6F62C67D1BCD}"
"CAMPLANI","IVAN","MAESTRI AUGUSTO & C. S.N.C.","1962-04-28","","M","","True","True","True","True","TN5481136N","BCDE","2022-07-27","2027-05-02","","","","TN5481136N95","","2027-06-14","","","","","","False","2022-02-01","","46024","MAESTRI AUGUSTO & C. S.N.C.","","Dipendente","ATTESA CASELLARIO X RICHIESTA TESSERINO","","","2022-08-26 00:00","","","","","","","False","","","","","False","True","2023-07-05 22:01","RICHIESTA TESSERINO PAT 22-25  02/11/2022","2866","2022-09-18 16:14:08.010000000","True","False","False","False","","OK","2022","2022-08-26 00:00","PAROLARI GIACOMO","ECO SPES","2022-02-17","2022-02-17","{1408FB6D-1A7B-412E-B442-14B2D239C927}"
"COSI","LINO","MAESTRI AUGUSTO & C. S.N.C.","1956-12-29","","M","","False","True","True","True","U16S46983N","BCD","2020-03-04","2022-12-29","","","","U16S46983N95","","2024-10-09","","","","","","False","2018-04-20","","46024","MAESTRI AUGUSTO & C. S.N.C.","","Autista a chiamata","RICHIESTA TESSERINO 27/09/2019; TESSERINO ARRIVATO","2019-10-07 00:00","","2019-09-27 00:00","","","C2","DET","","","False","","","","","False","False","2023-07-05 22:01","mancano c.i e casellario","2539","","True","False","False","False","","OK","2022","2022-08-19 00:00","PAROLARI GIACOMO","ECO SPES","2022-01-31","2022-01-31","{477B6897-7F80-4EAB-8C7C-48D55932CD4E}"
"GHEZZI","MORIS","MAESTRI AUGUSTO & C. S.N.C.","1971-08-09","","M","","False","False","True","True","U1U807194X","BCD","2016-12-15","2021-12-14","","","","U1U807194X95","","2020-09-09","","","","","","False","2017-10-03","","46024","MAESTRI AUGUSTO & C. S.N.C.","","Dipendente","AGGIORNAMENTO IDONEITA","2019-12-23 00:00","","2018-08-08 00:00","","","C2","INDET","TP","40,00","False","","","","","False","True","2023-07-05 22:01","","2388","","True","False","False","False","","","2022","2022-08-19 00:00","PAROLARI GIACOMO","ECO SPES","2022-01-31","2022-01-31","{3313D36F-D332-4BB6-BEA1-58BFB801FCB1}"
"MAESTRI","ALDO","MAESTRI AUGUSTO & C. S.N.C.","1951-07-24","","M","","True","True","True","True","TN5444419L","AB","2020-12-16","2026-07-24","TN8008470","2000-02-15","2025-12-02","U16E32355A95","","","","","1972-10-10","1972-10-10","","True","","","46024","MAESTRI AUGUSTO & C. S.N.C.","","Socio","","2019-04-10 00:00","","2012-09-17 00:00","","","","","","","False","","","","","False","True","2023-07-05 22:01","TESSERINO 22-25 ARRIVATO 16/03/23","0433","","False","False","False","False","","OK","","","","","","","{BAA6E89F-C3A6-4A5E-A408-2C4F0F9164A7}"
"MAESTRI","MICHELA","MAESTRI AUGUSTO & C. S.N.C.","1976-09-29","","M","","False","True","True","True","TN5447356G","BD","2021-02-23","2026-02-23","TN8005933","1997-11-27","","TN5447356G95","","2026-02-23","","","","","","False","","","46024","MAESTRI AUGUSTO & C. S.N.C.","","Socio","AGGIORNAMENTO IDONEITA'","2019-11-13 00:00","","2012-11-29 00:00","","","","","","","False","","","","","False","False","2023-07-05 22:01","","1016","","False","False","False","False","","","2021","2021-04-26 00:00","PAROLARI GIACOMO","ECO SPES","2021-04-23","2021-04-23","{41D5313C-0C87-428A-88FC-6B9C75DB4B7E}"
"MAESTRI","PAOLA","MAESTRI AUGUSTO & C. S.N.C.","1982-10-20","","M","","True","False","True","True","U15K35786V","BCD","2019-03-28","2024-03-27","TN8007861","2007-10-17","","U15K35786V95","","2020-09-09","","","2004-04-20","2004-04-20","","False","2005-01-01","","46024","MAESTRI AUGUSTO & C. S.N.C.","","Socio","AGGIORNAMENTO IDONEITA'","2019-11-13 00:00","","2012-11-29 00:00","","","","","","","False","","","","","False","True","2023-07-05 22:01"," | Categoria: Dipendente","0922","","False","False","False","False","","","2022","2022-08-24 00:00","PAROLARI GIACOMO","ECO SPES","2022-08-23","2022-08-23","{66AA7C42-DB4C-4A1B-9096-3364CAE2247E}"
"PEDRINI","STEVEN","MAESTRI AUGUSTO & C. S.N.C.","","","M","","False","False","True","True","","","","","","","","","","","","","","","","False","","","46024","MAESTRI AUGUSTO & C. S.N.C.","","Dipendente","","","","","","","","","","","True","","","","","False","True","2023-07-05 22:01","","","","False","False","False","False","","","","","","","","","{4DDCE9D6-784B-4300-A70A-049539C57D59}"
"VALERIO","MASSIMO","MAESTRI AUGUSTO & C. S.N.C.","1974-04-02","TIONE DI TRENTO","M","VLRMSM74D02L174V","True","True","True","True","U13E00014U","BCDE","2018-06-04","2023-06-01","","","","U13E00014U95","","2021-09-09","","","","","","True","2022-09-05","","46024","MAESTRI AUGUSTO & C. S.N.C.","","Dipendente","","","","","","","","","","","True","","","","","False","True","2023-06-12 11:25","RICHIESTA TESSERINO PAT 22-25  18/01/2023 - TESSERINO ARRIVATO 07/02","","","False","False","False","False","","OK","2022","2023-01-18 12:32","PAROLARI GIACOMO","ECO SPES","2022-12-01","2022-12-01","{679250F0-95A6-4C2C-A9DF-1EA29DDB516F}"
"BIASETTO","LUSIEN","MARGON DIEGO","1988-02-08","","M","","True","True","True","True","U1S576630M","B","2016-07-13","2027-02-08","TN8011468","2013-08-06","2023-07-12","","","","","","","","","True","2014-09-01","","46796","MARGON DIEGO","","Dipendente","AGGIORNAMENTO IDONEITA'.AUTISTA LICENZIATO.","2020-08-07 00:00","","2014-09-03 00:00","","","3J","INDET","PT","15,00","False","","","","","False","True","2023-07-05 22:01","TESSERINO 22-25 ARRIVATO 18/10/2022","1973","","False","True","False","False","","OK","2023","2023-02-07 15:07"," PANAZZOLO PAOLA","LIFE BRAIN","2022-09-14","2022-12-13","{080DE462-F2D5-4D00-A97E-8C9B3DC2EA6C}"
"MARGON","DIEGO","MARGON DIEGO","1970-11-06","","M","","True","True","True","True","TN5443088M","BCDE","2020-11-20","2025-10-16","","","","TN5443088M95","","2025-10-20","","","","","","True","","","46796","MARGON DIEGO","","Titolare","AGGIORNAMENTO IDONEITA'","2020-08-07 00:00","","2012-09-28 00:00","","","","","","","False","","","","","False","True","2023-07-05 22:01","TESSERINO 22-25 ARRIVATO 05/01/20223","0467","","False","False","False","False","","OK","2023","2023-02-07 15:03","PANAZZOLO PAOLA","LIFE BRAIN","2022-09-14","2022-12-13","{3D4D5771-365F-4F19-A107-9EAF4D52C12F}"
"PALLAORO","ELISABETTA","MARGON DIEGO","1970-09-30","","M","","True","True","True","True","TN2191544G","B","1991-01-04","2024-09-30","TN8007018","2003-11-28","2023-11-28","","","","","","","","","True","","","46796","MARGON DIEGO","","coll. Familiare","AGGIORNAMENTO IDONEITA'","2019-11-15 00:00","","2012-09-28 00:00","","","","","","","False","","","","","False","True","2023-07-05 22:01","TESSERINO 22-25 ARRIVATO 16/01/2023","1622","","False","False","False","False","","OK","2023","2023-02-07 15:04","PANAZZOLO PAOLA","LIFE BRAIN","2022-09-14","2022-12-13","{A794BA9B-E846-40B2-9DE9-D7B2EF80DDD6}"
"CINQUEGRANI","DAVIDE","MARTINA MATTEO","1965-08-19","","M","","False","False","True","True","U1H978645N","B","2015-03-14","2025-08-19","TN8012300","2020-11-02","2025-10-28","","","","","","","","","False","","","46317","MARTINA MATTEO","","Dipendente","ATTESA DOCUMENTI X TESSERINO","","","","","","","","","","False","","","","","False","False","2023-07-05 22:01","","2808","","False","False","False","False","","","2023","2023-03-06 12:14","QUINTARELLI EMANUELE","SAPI","2023-03-02","2023-03-02","{CB40A22C-EBA7-43B0-9F5A-2573BCEFC62E}"
"DANIELI","ANTONIO ANGELO","MARTINA MATTEO","1964-05-15","","M","","False","True","True","True","U15E83728Y","BCD","2018-06-20","2023-06-19","TO8048066","2012-07-18","","U15E83728Y95","","2021-07-28","","","","","","False","2018-09-03","","46317","MARTINA MATTEO","","Dipendente","AGGIORNAMENTO IDONEITA'","2019-12-10 00:00","","2019-01-18 00:00","","","3 SUPER","INDET","TP","39,00","False","","","","","False","True","2023-07-05 22:01","","2469","","False","True","False","False","","","2022","2023-01-25 15:13","QUINTARELLI EMANUELE","SAPI","2022-12-15","2022-12-15","{51E92C91-1C5D-4FDC-A6E6-8688D8A03B1E}"
"FONTANA","MAURIZIO","MARTINA MATTEO","1957-03-18","","M","","False","True","True","True","TN5437284F","BE","2020-08-28","2026-03-18","TN8011485","2013-10-18","","TN5437284F95","","","","","1980-07-02","1980-07-02","1980-07-02","False","2013-11-11","","46317","MARTINA MATTEO","","Autista a chiamata","AGGIORNAMENTO IDONEITA'","2019-12-10 00:00","","2016-02-04 00:00","","","3 SUPER","INDET","","","False","","","","","False","False","2023-07-05 22:01","","2076","","False","True","False","False","","","2021","2021-11-19 00:00","QUINTARELLI EMANUELE","SAPI","2021-11-11","","{231A57AF-2C57-4996-A781-3BDF0DAC4AEB}"
"LIBARDI","PIETRO","MARTINA MATTEO","1967-04-22","","M","","False","True","True","True","TN5441454Z","BCDE","2020-10-27","2024-09-27","TN8009311","2008-05-27","","TN5441454Z95","","2025-10-26","","","1989-09-01","1989-09-01","1994-06-13","False","2011-11-05","","46317","MARTINA MATTEO","","Autista a chiamata","AGGIORNAMENTO IDONEITA'","2020-01-31 00:00","","2013-01-28 00:00","","","F2","INDET","","","False","","","","","False","True","2023-07-05 22:01","","1705","","False","True","False","False","","","2023","2023-02-07 12:19","QUINTARELLI EMANUELE","SAPI","2023-02-03","2023-02-03","{F9D85E32-72BC-462B-B21A-15CF62C2A8B6}"
"MARTINA","MATTEO","MARTINA MATTEO","1975-01-20","","M","","True","False","True","True","TN5451848H","BCD","2021-04-27","2026-04-16","","","","TN5451848H95","","2026-04-20","","","1994-02-24","1994-02-24","","False","","","46317","MARTINA MATTEO","","Titolare","","2019-04-10 00:00","","2012-09-03 00:00","","","","","","","False","","","","","False","True","2023-07-05 22:01"," | Categoria: Titolare","0150","","False","False","False","False","","","","","","","","","{8A4EF34A-D690-4921-ADD7-C19A7CF0526D}"
"PONTALTI","MARCO","MARTINA MATTEO","1966-12-21","","M","","False","False","True","True","TN5447638B","BCDE","2021-02-16","2025-12-17","TN8011718","2015-07-28","","TN5447638B95","","2026-02-11","","","1987-09-01","1996-01-23","1996-01-23","False","2010-03-01","","46317","MARTINA MATTEO","","Dipendente","AGGIORNAMENTO IDONEITA'","2020-01-31 00:00","","2013-01-28 00:00","","","3 SUPER","INDET","TP","39,00","False","","","","","False","True","2023-07-05 22:01"," | Categoria: Dipendente","1568","","False","True","False","False","","","2023","2023-02-07 12:18","QUINTARELLI EMANUELE","SAPI","2023-02-03","2023-02-03","{6452B711-FA80-403D-BB76-4599E6821A2B}"
"SCHEMMEL","WILFRIED ROBERT","MARTINA MATTEO","1956-10-03","","M","","False","False","True","True","U17V09111K","BCDE","2020-09-25","2022-09-24","","","","U17V09111K95","","2024-08-09","","","2000-08-10","2000-08-10","2000-08-10","False","2012-12-06","","46317","MARTINA MATTEO","","Dipendente","AGGIORNAMENTO IDONEITA'","2020-01-31 00:00","","2012-12-17 00:00","","","3 SUPER","INDET","TP","39,00","False","","","","","False","True","2023-07-05 22:01","","0045","","False","True","False","False","","","2023","2023-04-17 16:14","QUINTARELLI EMANUELE","SAPI","2023-04-13","2023-04-13","{2838C3FB-F6BD-4198-A52D-7E0670BACC93}"
"BROSEGHINI","GIORGIO","MDL S.R.L.","1956-10-25","","M","","True","True","True","True","TN5409087F","B","2019-01-23","2024-10-25","TN8012012","2018-01-29","","","","","","","","","","True","2020-01-01","","46569","MDL S.R.L.","","Autista a chiamata","emettere tesserino 18/01/2021;tesserino arrivato","2021-01-19 00:00","","2021-01-19 00:00","","","C2","DET","","","False","","","","","False","True","2023-07-05 22:01","TESSERINO 22-25 ARRIVATO 18/10/2022","2691","","True","False","False","False","","OK","2022","2022-08-11 00:00","PRINCIVALLE ANDREA","SAPI","2022-07-09","2022-07-09","{B462B415-DB48-41AF-9FF4-68B5C8EA6372}"
"LINARDI","FRANCESCO","MDL S.R.L.","1960-02-15","","M","","True","True","True","True","U18Y82893P","BCD","2021-03-30","2026-03-29","BZ8011542","2006-02-14","","U18Y82893P95","","2025-07-01","","","1994-07-07","2006-03-23","","True","2006-04-19","","46569","MDL S.R.L.","","Socio","AGGIORNAMENTO IDONEITA'","2020-01-10 00:00","","2013-01-21 00:00","","","","","","","False","","","","","False","True","2023-07-05 22:01","TESSERINO 22-25 ARRIVATO 16/01/2023","1007","","False","False","False","False","","OK","2022","2022-10-20 07:40","PRINCIVALLE ANDREA","SAPI","2022-10-14","2022-10-14","{3EEB0CFB-B5DA-40A8-BF87-1F64AD2BA612}"
"MARCHI","ANNAMARIA","MDL S.R.L.","1964-07-29","","M","","True","True","True","True","U17Z06289T","BD","2021-05-15","2026-05-14","TN8007900","2007-10-24","","U17Z06289T95","","2025-07-01","","","","2006-06-20","","True","","","46569","MDL S.R.L.","","Titolare","AGGIORNAMENTO IDONEITA'","2020-01-10 00:00","","","","","","","","","False","","","","","False","True","2023-07-05 22:01","TESSERINO 22-25 ARRIVATO 05/01/20223","1006","","False","False","False","False","","OK","2021","2022-10-20 07:41","PRINCIVALLE ANDREA","SAPI","2022-10-14","2022-10-14","{2D80D2A5-753B-43AE-AE1C-B605A75AE7A1}"
"PIFFER","FRANCESCO","MDL S.R.L.","1995-05-16","","M","","True","True","True","True","TN5453206N","BCD","2021-05-28","2026-05-28","","","","TN5453206N95","","2024-07-31","","","","","","True","2022-02-01","","46569","MDL S.R.L.","","Dipendente","RICHIESTA TESSERINO 08/02/2022; TESSERINO ARRIVATO 17/02/2022","2022-02-17 00:00","","2022-02-08 00:00","","","C2","INDET","TP","40,00","False","","","","","False","True","2023-07-05 22:01","TESSERINO 22-25 ARRIVATO 27/01/2023","2803","","False","False","False","False","","OK","2023","2023-02-28 15:10","PRINCIVALLE ANDREA","SAPI","2023-02-17","2023-02-17","{40AC03D4-8DC1-4C20-96D0-48DA35DDE365}"
"ROSSINI","CARLO","MDL S.R.L.","1958-08-29","","M","","True","True","True","True","U119J1062D","BCDE","2022-06-08","2025-08-29","","","","U119J1062D95","","2026-04-23","","","1980-07-16","1992-07-22","1992-07-22","True","2017-02-24","","46569","MDL S.R.L.","","Dipendente","","2019-04-10 00:00","","2017-12-22 00:00","","","C2","INDET","TP","40,00","False","","","","","False","True","2023-07-05 22:01","TESSERINO 22-25 ARRIVATO 21/04/23","2345","","True","False","False","False","","OK","2022","2023-02-28 15:11","PRINCIVALLE ANDREA","SAPI","2023-02-17","2023-02-17","{AED22DF8-25EE-49AD-B7A2-131EDE7D09E1}"
"AGNELLI","STEFANO","MONAUNI CARLO S.N.C. DI MONAUNI GERARDO E C.","1964-01-17","","M","","True","False","True","True","U11V03835E","BD","2020-08-22","2025-08-21","TN8011219","2012-04-20","","U11V03835E95","","2022-03-01","","","","2010-05-25","","True","2017-03-09","","46020","MONAUNI CARLO S.N.C. DI MONAUNI GERARDO","","Dipendente","AGGIORNAMENTO IDONEITA'","2020-02-20 00:00","","2017-03-13 00:00","","","C2","INDET","TP","40,00","False","","","","","False","True","2023-07-05 22:01","TESSERINO 22-25 ARRIVATO 18/10/2022","2277","","True","False","False","False","","OK","2022","2022-12-30 10:25","MORATELLO FRANCESCO","SAPI","2022-12-15","2022-12-15","{EBBC5FB4-0589-48F5-85B2-6E1875E26E44}"
"MONAUNI","FABRIZIO","MONAUNI CARLO S.N.C. DI MONAUNI GERARDO E C.","1983-12-10","","M","","True","True","True","True","TN5432601J","BD","2020-06-11","2025-06-01","TN8008211","2007-12-21","","TN5432601J95","","2025-06-09","","","","2005-05-27","","True","2005-05-09","","46020","MONAUNI CARLO S.N.C. DI MONAUNI GERARDO","","Socio Dipendente","AGGIORNAMENTO IDONEITA'","2020-02-20 00:00","","2012-09-28 00:00","","","","","","","False","","","","","False","False","2023-07-05 22:01","TESSERINO 22-25 ARRIVATO 05/01/20223","0914","","False","False","False","False","","OK","2022","2022-12-30 09:42","MORATELLO FRANCESCO","SAPI","2022-12-15","2022-12-15","{246362DC-82AF-4E85-B76C-6203862378BF}"
"MONAUNI","GERARDO","MONAUNI CARLO S.N.C. DI MONAUNI GERARDO E C.","1949-09-18","","","","True","True","True","True","TN5401340N","B","2018-08-31","2023-09-18","TN8008499","2008-02-15","2023-07-23","","","","","","1980-10-09","1980-10-09","","False","","","46020","MONAUNI CARLO S.N.C. DI MONAUNI GERARDO","10","Titolare","AGGIORNAMENTO IDONEITA'","2020-02-20 00:00","OK","2012-09-28 00:00","","OK","","","","","False","","","","","","True","2023-07-05 22:01"," | Categoria: Titolare","0449","","False","False","False","","","OK","2021","2022-08-23 00:00","","SAPI","2021-08-14","2021-08-14","{8A28E36E-A9E7-4309-B1CF-C3A9102A6534}"
"MONAUNI","STEFANO","MONAUNI CARLO S.N.C. DI MONAUNI GERARDO E C.","1978-10-12","","M","","True","True","True","True","TN5429389E","BCD","2020-02-04","2025-01-14","TN8008209","2007-12-21","","TN5429389E95","","2025-01-21","","","1997-02-17","1997-02-17","","True","2012-08-13","","46020","MONAUNI CARLO S.N.C. DI MONAUNI GERARDO","","Dipendente","EMETTERE TESSERINO 05/09/2019; TESSERINO ARRIVATO 26/09/2019; AGGIORNAMENTO IDONEITA'","2020-02-20 00:00","","2019-09-05 00:00","","","B3","INDET","TP","40,00","False","","","","","False","True","2023-07-05 22:01","TESSERINO 22-25 ARRIVATO 18/10/2022","0451","","True","False","False","False","","OK","2022","2022-12-30 09:39","MORATELLO FRANCESCO","SAPI","2022-12-15","2022-12-15","{BA4B47EF-D3E4-4C38-B8C4-B96749CF4B06}"
"PAOLAT","DARIO","MONAUNI CARLO S.N.C. DI MONAUNI GERARDO E C.","1975-01-24","","M","","True","True","True","True","TN5428887P","BCDE","2020-01-24","2025-01-16","TN8007898","2007-10-24","","TN5428887P95","","2025-01-16","","","1995-06-17","1995-06-17","1995-06-17","True","2011-09-01","","46020","MONAUNI CARLO S.N.C. DI MONAUNI GERARDO","","Dipendente","AGGIORNAMENTO IDONEITA'","2020-02-20 00:00","","2012-10-16 00:00","","","C2","INDET","TP","40,00","False","","","","","False","True","2023-07-05 22:01","TESSERINO 22-25 ARRIVATO 16/01/2023","1191","","True","False","False","False","","OK","2022","2022-12-30 09:42","MORATELLO FRANCESCO","SAPI","2022-12-15","2022-12-15","{12F0F6E6-E1F4-44C1-9C4B-CC8E35F425D3}"
"ZANELLA","PAOLO","MONAUNI CARLO S.N.C. DI MONAUNI GERARDO E C.","1963-08-16","","M","","True","True","True","True","U188F2088V","BD","2022-03-02","2024-03-01","TN8011751","2015-10-20","","U188F2088V95","","2022-09-20","","","","","","True","2018-09-01","","46020","MONAUNI CARLO S.N.C. DI MONAUNI GERARDO","","Dipendente","AGGIORNAMENTO IDONEITA'","2020-03-02 00:00","","2018-09-13 00:00","","","C2","DET","TP","40,00","False","","","","","False","True","2023-07-05 22:01","TESSERINO 22-25 ARRIVATO 18/10/2022","2420","","True","False","False","False","","OK","2022","2022-08-23 00:00","MORATELLO FRANCESCO","SAPI","2022-02-16","2022-02-16","{2DD6E853-9C55-46D2-BA29-14A049E71EFF}"
"JUGOVIC","SVETISLAV","MORATTI FILIPPO","1961-03-16","","M","","True","True","True","True","U17W16274M","B","2020-11-18","2026-03-16","TN8007643","2006-12-04","2021-11-08","","","","","","","","","True","2013-01-01","","46970","MORATTI FILIPPO","","Dipendente","AGGIORNAMENTO IDONEITA'","2019-11-20 00:00","","2013-02-06 00:00","","","C3","INDET","TP","40,00","False","","","","","False","True","2023-07-05 22:01","TESSERINO PAT 22-25 ARRIVATO 18/10/22","1811","","True","False","False","False","","OK","2020","2021-02-01 00:00","GRAVINA TOMMASO","","2020-02-18","2020-02-18","{7D2282DC-80EE-493D-9042-07214B98E57B}"
"MORATTI","FILIPPO","MORATTI FILIPPO","1983-01-11","","M","","True","False","True","True","U161B2430A","B","2021-06-30","2032-01-11","TN8007374","2005-06-21","2021-05-31","","","","","","","","","True","2013-01-01","","46970","MORATTI FILIPPO","","Titolare","","2019-04-10 00:00","","2013-02-06 00:00","","","","","","","False","","","","","False","True","2023-07-05 22:01","TESSERINO PAT 22-25 ARRIVATO 18/10/22","1812","","False","False","False","False","","OK","","","","","","","{7465AE53-0463-40F9-B7CD-40814BD6D35F}"
"AMARANDI AVRAM","MARICELA","NICE S.R.L.","1976-09-06","BALUSENI","F","","True","True","True","True","M00482790M","BCD","2022-07-11","2032-04-18","","","","","","2027-07-11","","","","","","True","2022-10-07","","47444","NICE S.R.L.","","Dipendente","","","","","","","","","","","True","","","","","False","True","2023-07-05 22:01","RICHIESTA TESSERINO PAT 22-25  30/01/2023 - TESSERINO ARRIVATO 07/02/23","","","False","False","False","False","","OK","2022","2023-01-30 11:44","BENEDETTI ALESSANDRO","SAPI","2022-12-22","2022-12-22","{DC87D1A6-009A-451C-8514-538960DDAC05}"
"APOSTU","NELA","NICE S.R.L.","1985-08-15","GALATI","F","","True","True","True","True","TN5487054F","BD","2022-11-30","2027-01-31","","","","TN5487054F95","","2027-11-30","","","","","","True","2022-10-07","","47444","NICE S.R.L.","","Dipendente","","","","","","","","","","","True","","","","","False","True","2023-07-05 22:01","RICHIESTA TESSERINO PAT 22-25 06/03/2023 - TESSERINO 22-25 ARRIVATO 16/03/23","","","False","False","False","False","","OK","2022","2023-03-06 12:32","LOCATELLI ALBERTO","SAPI","2023-02-27","2023-02-27","{3BBAAFEE-8B3F-4C6F-8286-53A4E8AB05A3}"
"BONFIGLIO","ALFIO","NICE S.R.L.","1950-02-12","","M","","True","True","True","True","TN5428753G","BE","2020-01-22","2025-02-12","TN8012258","2020-01-31","2025-01-20","","","","","","1971-01-01","1971-01-01","1971-01-01","True","2018-11-12","","47444","NICE S.R.L.","","Autista a chiamata","","2019-04-10 00:00","","2018-11-27 00:00","","","C3","DET","PT","15,00","False","","","","","False","True","2023-07-05 22:01","TESSERINO 22-25 ARRIVATO 16/03/23","2404","","True","False","False","False","","OK","2021","2022-10-24 11:13","BENEDETTI ALESSANDRO","SAPI","2022-09-01","2022-09-01","{F4FD69AB-EFDE-4D01-B75D-CD1B2049E0B2}"
"BOSCHI","ANTONIA","NICE S.R.L.","1967-04-16","","M","","True","True","True","True","U191J5038L","BD","2022-07-05","2027-07-04","TN8012042","2018-05-10","","NO CQC","","","","","","","","True","2018-09-03","","47444","NICE S.R.L.","","Dipendente","AGGIORNAMENTO IDONEITA'","2019-12-05 00:00","","2019-01-31 00:00","","","C3","DET","PT","20,00","False","","","","","False","True","2023-07-05 22:01","TESSERINO 22-25 ARRIVATO 16/03/23","2427","","True","False","False","False","","OK","2022","2023-02-06 09:24","BENEDETTI ALESSANDRO","SAPI","2022-12-22","2022-12-22","{A987EBFE-6695-4FEC-AFBB-CD52893322EB}"
"CAIA","FLORIN","NICE S.R.L.","1981-02-01","","M","","True","True","True","True","TN5399826P","BCDE","2018-07-28","2023-04-27","","","","TN5399826P95","","2023-07-27","","","","","","True","2019-05-15","","47444","NICE S.R.L.","","Dipendente","EMETTERE TESSERINO 31/10/2019; TESSERINO ARRIVATO 13/11/2019; AGGIORNAMENTO IDONEITA'","2020-10-09 00:00","","2019-10-31 00:00","","","C2","DET","TP","40,00","False","","","","","False","True","2023-07-05 22:01","TESSERINO 22-25 ARRIVATO 16/03/23","2552","","True","False","False","False","","OK","2021","2023-02-03 08:38","ALESSANDRO BENEDETTI","SAPI","2022-09-01","2022-09-01","{E66BCC31-B898-4351-8EE9-74F779614CA4}"
"GARBIN","ALESSANDRO","NICE S.R.L.","1968-04-21","","M","","True","True","True","True","U123M3899L","BCD","2022-11-22","2027-11-21","","","","U123M3899L95","","2025-11-07","","","","","","True","2022-03-12","","47444","NICE S.R.L.","","Dipendente","","","","","","","","","","","False","","","","","False","True","2023-07-05 22:01","RICHIESTA TESSERINO PAT 22-25  27/12/2022 - TESSERINO ARRIVATO 16/01/23","2865","2022-09-18 16:14:08.010000000","True","False","False","False","","OK","2022","2022-12-23 11:18","BENEDETTI ALESSANDRO","SAPI","2022-09-01","2022-09-01","{8BC09C53-C2CB-401F-ABD0-180D94C5A6D2}"
"LECINI","SHPETIM","NICE S.R.L.","1980-02-23","","M","","True","True","True","True","TN5446029K","BCD","2021-01-30","2025-01-19","","","","TN5446029K95","","2026-01-23","","","","","","True","2021-06-03","","47444","NICE S.R.L.","","Dipendente","RICHIESTA TESSERINO 19/01/2022.TESSERINO ARRIVATO 08/02/2022","2022-01-19 00:00","","2022-01-19 00:00","","","C2","INDET","TP","40,00","False","","","","","False","True","2023-07-05 22:01","TESSERINO 22-25 ARRIVATO 21/04/23","2796","","True","False","False","False","","OK","2022","2022-11-07 09:44","DRITJON HAZIZOLLI","SAPI","2022-11-02","2022-11-02","{A3838E0B-BCA9-49E6-A6BB-DAE3F881B8CC}"
"NASSAR","SAID","NICE S.R.L.","1954-07-28","KAFR MOUSSA SHAWISH","M","","True","True","True","True","U197C0911M","BCDE","2021-09-22","2023-09-21","","","","U197C0911M95","","2025-08-07","","","","","","True","2022-09-01","","47444","NICE S.R.L.","","Dipendente","RICHIESTA TESSERINO 16/03/2022. TESSERINO ARRIVATO 24/03/2022","2022-03-16 00:00","","2022-03-16 00:00","","","C2","DET","TP","20,00","False","","","","","False","True","2023-07-05 22:01","RICHIESTA TESSERINO PAT 22-25  28/03/2023 - TESSERINO 22-25 ARRIVATO 21/04/23","2815","","True","False","False","False","","OK","2023","2023-03-23 14:21","LOCATELLI ALBERTO","SAPI","2023-02-24","2023-02-24","{E45FDD53-0D4E-4FFE-B221-30883D0A0D12}"
"PETERLINI","ANDREA","NICE S.R.L.","1972-07-10","","M","","True","True","True","True","U12N05417D","BCDE","2019-08-24","2024-08-23","","","","U12N05417D95","","2020-09-09","","","","","","True","2019-04-02","","47444","NICE S.R.L.","","Dipendente","EMETTERE TESSERINO 07/11/2019; tesserino arrivato 15/11/2019; AGGIORNAMENTO IDONEITA'","2020-09-04 00:00","","2019-11-07 00:00","","","C2","INDET","PT","20,00","False","","","","","False","True","2023-07-05 22:01","TESSERINO 22-25 ARRIVATO 21/04/23","2551","","True","False","False","False","","OK","2021","2023-02-06 09:28","BENEDETTI ALESSANDRO","SAPI","2022-09-01","2022-09-01","{719B00F5-C0FE-4E2D-A143-C7FFCCD96CE1}"
"TAMANINI","GABRIELE","NICE S.R.L.","1968-04-21","","M","","True","True","True","True","U110E9013G","BCD","2021-11-17","2026-11-16","","","","U110E9013G95","","2025-04-24","","","1991-11-08","1991-11-08","","True","2018-08-01","","47444","NICE S.R.L.","","Dipendente","AGGIORNAMENTO IDONEITA' 02/12/2019; AGGIORNAMENTO IDONEITA'","2020-11-25 00:00","","2018-09-27 00:00","","","C2","INDET","TP","40,00","False","","","","","False","True","2023-07-05 22:01","TESSERINO 22-25 ARRIVATO 21/04/23","2405","","True","False","False","False","","OK","2022","2023-02-06 09:21","BENEDETTI ALESSANDRO","SAPI","2022-12-22","2022-12-22","{814E8573-BFD6-4068-9489-10FA4805BC4A}"
"BATTISTINI","FRANCESCO","OSCAR VIAGGI DI FORMOLO OSCAR","1993-11-19","","M","","True","True","True","True","TN5418860E","BDE","2019-08-02","2024-08-02","","","","TN5418860E95","","2024-07-03","","","","","","True","2019-10-01","","46441","OSCAR VIAGGI DI FORMOLO OSCAR","","Dipendente","","2021-02-01 00:00","","2021-01-25 00:00","","","C3","DET","tp","39,00","False","","","","","False","True","2023-07-05 22:01","TESSERINO 22-25 ARRIVATO 18/10/2022","2693","","False","True","False","False","","OK","2022","2022-08-11 00:00","PRINCIVALLE ANDREA","SAPI","2022-01-22","2022-01-22","{0455DB91-C4F2-4A1F-8BC1-A6F326406A91}"
"BERGAMO","MAURO","OSCAR VIAGGI DI FORMOLO OSCAR","1966-04-08","","M","","True","True","True","True","U136L9611C","BCDE","2022-09-27","2027-09-26","TN8008783","2008-03-17","","U136L9611C95","","2025-08-27","","","1992-10-16","1992-10-16","1992-10-16","True","2010-03-14","","46441","OSCAR VIAGGI DI FORMOLO OSCAR","","Autista a chiamata","AGGIORNAMENTO IDONEITA'.NON FREQUENTA CORSO.(SOSTITUITO DA ZANLUCCHI ALESSANDRO)","2020-01-17 00:00","","2012-10-03 00:00","","","3 SUPER","INDET","","","False","","","","","False","True","2023-07-05 22:01","TESSERINO 22-25 ARRIVATO 16/01/2023","1619","","False","True","False","False","","OK","2022","2022-08-11 00:00","PRINCIVALLE ANDREA","SAPI","2022-01-22","2022-01-22","{6792F427-5F15-445C-B55A-B8718A2D3430}"
"BIANCHINI","ANDREA","OSCAR VIAGGI DI FORMOLO OSCAR","1964-10-30","","M","","True","True","True","True","TN5462384E","BD","2021-10-13","2023-04-27","TN8011145","2011-11-09","2021-11-29","TN5462384E95","","2026-10-13","","","","","","True","2014-12-01","","46441","OSCAR VIAGGI DI FORMOLO OSCAR","","Dipendente","","2019-04-10 00:00","","2012-10-03 00:00","","","3 SUPER","INDET","TP","39,00","False","","","","","False","True","2023-07-05 22:01","TESSERINO 22-25 ARRIVATO 05/01/20223","1712","","False","True","False","False","","OK","2022","2022-08-11 00:00","PRINCIVALLE ANDREA","SAPI","2022-05-28","2022-05-28","{B4210796-ADDB-4F52-9A43-ADDB5BC50627}"
"CICOLINI","LUCIANO","OSCAR VIAGGI DI FORMOLO OSCAR","1956-10-29","","M","","True","True","True","True","U176D6056P","BCDE","2021-11-03","2023-01-02","","","","U176D6056P95","","2025-08-27","","","1986-10-24","1986-10-24","1986-10-24","True","2015-04-01","","46441","OSCAR VIAGGI DI FORMOLO OSCAR","","Autista a chiamata","NON FREQUENTA CORSO (SOSTITUITO DA COMPER FRANCESCO)","2019-04-10 00:00","","2015-03-30 00:00","","","3 SUPER","","","","False","","","","","False","True","2023-07-05 22:01","TESSERINO 22-25 ARRIVATO 18/10/2022","2038","","False","True","False","False","","OK","2022","2022-08-11 00:00","PRINCIVALLE ANDREA","SAPI","2022-03-19","2022-03-19","{1E70CB1B-EC46-4686-A9CD-195F0658AFD7}"
"FORMOLO","OSCAR","OSCAR VIAGGI DI FORMOLO OSCAR","1980-04-13","","M","","False","False","True","True","U182L6172L","BCDE","2022-10-28","2027-10-27","TN8007911","2007-10-26","","U182L6172L95","","2025-09-07","","","2002-03-14","2002-03-14","","False","","","46441","OSCAR VIAGGI DI FORMOLO OSCAR","","Titolare","","2019-04-10 00:00","","","","","","","","","False","","","","","False","True","2023-07-05 22:01"," | Categoria: Titolare","0175","","False","False","False","False","","","","","","","","","{4140C313-5049-4D11-997D-553A2837DE39}"
"PELLIZZATO","MARTA","OSCAR VIAGGI DI FORMOLO OSCAR","1961-07-18","","M","","False","True","True","True","TN2062208K","B","1981-07-31","2021-07-11","TN8011585","2014-06-11","2024-07-05","","","","","","","","","False","2014-06-26","","46441","OSCAR VIAGGI DI FORMOLO OSCAR","","Dipendente","AGGIORNAMENTO IDONEITA'","2020-01-17 00:00","","2014-10-24 00:00","","","3 SUPER","INDET","TP","39,00","False","","","","","False","True","2023-07-05 22:01","","1993","","False","True","False","False","","","2022","2022-08-11 00:00","PRINCIVALLE ANDREA","SAPI","2022-07-08","2022-07-08","{9B5EA346-684E-4139-A22B-E2068AE2F74A}"
"ZANLUCCHI","ALESSANDRO","OSCAR VIAGGI DI FORMOLO OSCAR","1979-06-04","","M","","True","True","True","True","U115J1401E","BCD","2022-06-07","2027-06-06","","","","U115J1401E95","","2025-12-28","","","","","","True","2018-09-01","","46441","OSCAR VIAGGI DI FORMOLO OSCAR","","Dipendente","FREQUENTA CORSO AUTISTI AL POSTO DI BERGAMO MAURO","2019-04-10 00:00","","2018-09-17 00:00","","","C3","INDET","TP","39,00","False","","","","","False","True","2023-07-05 22:01","TESSERINO 22-25 ARRIVATO 18/10/2022","2422","","False","True","False","False","","OK","2022","2022-08-11 00:00","PRINCIVALLE ANDREA","SAPI","2022-02-12","2022-02-12","{056F6C94-27FF-4EFD-8C7C-CCCE15358BA5}"
"MONAUNI","SERGIO","OUTDOOR TOUR DI MONAUNI SERGIO","1973-05-11","","M","","True","True","True","True","U166H864EU","BD","2022-05-19","2025-05-17","TN8009326","2008-06-04","","U166H864EU95","","2025-05-17","","","","2009-02-27","","True","","","46744","OUTDOOR TOUR DI MONAUNI SERGIO","","Titolare","","2019-04-10 00:00","","","","","","","","","False","","","","","False","True","2023-07-05 22:01","TESSERINO 22-25 ARRIVATO 18/10/2022","1264","","False","False","False","False","","OK","","","","","","","{65D5FD2A-AD3D-45C5-B0C7-1A03BE3C3B8C}"
"NICOLINI","CRISTINA","OUTDOOR TOUR DI MONAUNI SERGIO","1972-05-19","","M","","True","True","True","True","U1H104105D","B","2015-01-23","2025-05-19","TN8012192","2019-08-06","2024-08-01","","","","","","","","","True","2021-02-01","","46744","OUTDOOR TOUR DI MONAUNI SERGIO","","Dipendente","RICHIESTA TESSERINO 30/01/2020; TESSERINO ARRIVATO","2020-02-07 00:00","","2020-01-30 00:00","","","C2","INDET","PT","25,00","False","","","","","False","True","2023-07-05 22:01","TESSERINO 22-25 ARRIVATO 18/10/2022","2638","","True","False","False","False","","OK","2022","2022-08-16 00:00","MORATELLO FRANCESCO","SAPI","2022-05-12","2022-05-12","{FF9E4100-A65B-4BE2-A6D6-8EC7EBBABB88}"
"PANIZZA","FLAVIO","PANIZZA FLAVIO","1964-06-15","","M","","True","False","True","True","BS5968400K","BCDE","2020-02-14","2025-01-25","BS8019608","2010-12-29","","BS5968400K95","","2025-02-07","","","1985-03-19","1985-03-19","1985-03-19","True","","","46078","PANIZZA FLAVIO","","Titolare","AGGIORNAMENTO IDONEITA'","2019-11-19 00:00","","","","","","","","","False","","","","","False","True","2023-07-05 22:01","TESSERINO 22-25 ARRIVATO 18/10/2022","0474","","False","False","False","False","","OK","2020","2022-08-03 17:21","GERMANI ROCCO","SAPI","2019-09-13","2019-09-13","{592D7336-1131-421E-9D92-50A86FB2E4BB}"
"BETTOTTI","TIZIANA","PAOLAT GROUP SNC DI PAOLAT GIORGIO & C.","1968-01-01","","M","","True","True","True","True","U1Z470684X","B","2017-10-06","2028-01-01","TN8007890","2007-10-24","2027-10-03","","","","","","","","","False","2014-04-07","","46637","PAOLAT GROUP SNC DI PAOLAT GIORGIO & C.","","Dipendente","AGGIORNAMENTO IDONEITA' 14/11/2019; AGGIORNAMENTO IDONEITA'.PAT 22-25 NON APPALTO","2020-10-01 00:00","","2013-10-10 00:00","","","C2","INDET","PT","10,00","True","","","","","False","True","2023-07-05 22:01","RICHIESTA TESSERINO PAT 22-25  20/10/2022 - TESSERINO ARRIVATO 11/11/2022","1161","","True","False","False","False","","OK","2022","2022-09-13 00:00","BENEDETTI ALESSANDRO","SAPI","2022-09-06","2022-09-06","{F108849C-9AD0-4D8F-B12C-1A607B8EDBC4}"
"RAVANELLI","ENRICO","PAOLAT GROUP SNC DI PAOLAT GIORGIO & C.","1966-05-28","","M","","True","True","True","True","TN5488516B","BCD","2022-12-16","2027-12-16","TN8008250","2008-01-09","","TN5488516B95","","2025-08-31","","","1987-09-28","1987-09-28","","True","","","46637","PAOLAT GROUP SNC DI PAOLAT GIORGIO & C.","","Titolare","AGGIORNAMENTO IDONEITA' 14/11/2019; AGGIORNAMENTO IDONEITA'","2020-10-29 00:00","","2012-10-16 00:00","","","","","","","False","","","","","False","True","2023-07-05 22:01","TESSERINO 22-25 ARRIVATO 05/01/20223","0482","","False","False","False","False","","OK","2022","2022-10-20 14:22","BENEDETTI ALESSANDRO","SAPI","2022-10-20","2022-10-20","{1F2C9AB6-0A45-4E31-B998-5ACF9F155FC5}"
"RAVANELLI","MICHELE","PAOLAT GROUP SNC DI PAOLAT GIORGIO & C.","1996-04-28","","M","","True","True","True","True","TN5481383E","BD","2022-08-02","2027-07-28","","","","TN5481383E95","","2027-08-02","","","","2017-10-10","","True","2017-03-17","","46637","PAOLAT GROUP SNC DI PAOLAT GIORGIO & C.","","Dipendente","AGGIORNAMENTO IDONEITA'. MODIFICA CONTRATTOE AGGIORNAMENTO IDONEITA' 28/05/2021","2021-05-28 00:00","","2017-11-14 00:00","","","C2","INDET","TP","40,00","False","","","","","False","True","2023-07-05 22:01","TESSERINO 22-25 ARRIVATO 18/10/2022","2331","","True","False","False","False","","OK","2022","2022-05-09 00:00","BENEDETTI ALESSANDRO","","2022-05-05","2022-05-05","{070A2437-4E5A-4660-8011-5578C5AA7D3A}"
"OSTI","ANNA","PAOLI FRANCO","1968-05-08","","M","","True","True","True","True","U11X28249L","B","2020-12-11","2026-05-08","TN8006423","2020-12-21","2025-12-10","","","","","","","","","True","","","46110","PAOLI FRANCO","","coll. Familiare","AGGIORNAMENTO IDONEITA' 16/12/2019; AGGIORNAMENTO IDONEITA'","2020-12-11 00:00","","2012-12-21 00:00","","","","","","","False","","","","","False","True","2023-07-05 22:01","TESSERINO 22-25 ARRIVATO 16/01/2023","0492","","False","False","False","False","","OK","2022","2022-12-28 16:12","QUINTARELLI EMANUELE","SAPI","2022-12-02","2022-12-02","{7F60549C-967C-4243-9672-F4DBC7DCE348}"
"PAOLI","FRANCO","PAOLI FRANCO","1962-04-21","","M","","True","True","True","True","TN5434085J","BCDE","2020-07-09","2025-06-26","TN8007964","2007-11-05","","TN5434085J95","","2025-06-26","","","1987-07-28","2001-12-06","2002-01-31","True","","","46110","PAOLI FRANCO","","Titolare","AGGIORNAMENTO IDONEITA'","2020-10-05 00:00","","","","","","","","","False","","","","","False","True","2023-07-05 22:01","TESSERINO 22-25 ARRIVATO 05/01/20223","0491","","False","False","False","False","","OK","2022","2022-09-07 00:00","QUINATRELLI EMANUELE","SAPI","2022-09-06","2022-09-06","{98D7F532-5BD1-45E1-AA78-95826B2B1E30}"
"PAOLI","MATTIA","PAOLI FRANCO","1991-03-21","","M","","True","True","True","True","TN5437060X","BC","2020-08-28","2023-05-12","TN8011374","2013-02-27","","TN5437060X95","","2023-05-12","","","","","","True","","","46110","PAOLI FRANCO","","coll. Familiare","AGGIORNAMENTO IDONEITA' 16/12/2019; AGGIORNAMENTO IDONEITA'","2020-12-11 00:00","","2013-12-20 00:00","","","","","","","False","","","","","False","True","2023-07-05 22:01","TESSERINO 22-25 ARRIVATO 18/10/2022","1916","","False","False","False","False","","OK","2022","2022-12-28 16:13","QUINTARELLI EMANUELE","SAPI","2022-12-02","2022-12-02","{14E17503-EB11-428C-8DA6-B1320871E188}"
"ANGELI","CLAUDIO","PATERNOSTER LORENZO","1965-07-27","","M","","True","True","True","True","BS5982146L","BCD","2020-09-25","2023-07-21","","","","BS5982146L95","","2026-09-01","","","","","","True","2021-12-23","","46093","PATERNOSTER LORENZO","","Dipendente","","","","2022-08-11 00:00","","","4","INDET","TP","39,00","False","","","","","False","True","2023-07-05 22:01","TESSERINO 22-25 ARRIVATO 18/10/2022","2861","2022-08-11 13:54:55.973000000","False","False","False","False","","OK","2022","2022-08-11 00:00","","ECO SPES","2022-05-16","2022-05-16","{A8815440-207F-46EE-A5CC-FAE0799445DE}"
"PATERNOSTER","FERRUCCIO","PATERNOSTER LORENZO","1941-08-28","","","","False","False","True","True","U121C4058N","B","2021-07-26","2024-08-28","","","","","","","","","","","","False","","","46093","PATERNOSTER LORENZO","11","Autista a chiamata","AGGIORNAMENTO IDONEITA'","2020-08-31 00:00","OK","2015-09-02 00:00","","OK","4","INDET","","","False","","","","","","False","2023-07-05 22:01","","2143","","False","True","False","","","","2021","2021-08-26 00:00","PAROLARI GIACOMO","ECO SPES","2021-08-26","2021-08-26","{CF43630C-29A4-4651-9E42-224364A25615}"
"PATERNOSTER","LORENZO","PATERNOSTER LORENZO","1975-06-16","","M","","True","True","True","True","U164D5341H","BCD","2021-10-25","2026-10-23","TN8007982","2007-11-07","","U164D5341H95","","2025-09-10","","","1993-09-09","1993-09-09","","True","","","46093","PATERNOSTER LORENZO","","Titolare","AGGIORNAMENTO IDONEITA'","2020-08-31 00:00","","","","","","","","","False","","","","","False","True","2023-07-05 22:01","TESSERINO 22-25 ARRIVATO 18/10/2022","0493","","False","False","False","False","","OK","2022","2022-09-22 14:15","PAROLARI GIACOMO","ECO SPES","2022-08-19","2022-08-19","{627074D5-EA81-4DA6-88EB-3B2FAA1D29CF}"
"PATERNOSTER","MICHELE","PATERNOSTER LORENZO","1968-05-20","","M","","False","False","True","True","U13N09776J","BCDE","2019-09-02","2024-08-31","TN8010700","2009-10-12","","NO CQC","","","","","1989-07-28","1989-07-28","1989-07-28","False","2016-09-01","","46093","PATERNOSTER LORENZO","","coll. Familiare","AGGIORNAMENTO IDONEITA'","2020-08-31 00:00","","2016-09-02 00:00","","","","","","","False","","","","","False","False","2023-07-05 22:01"," | Categoria: Dipendente","0494","","False","False","False","False","","OK","2022","2022-09-22 14:15","PAROLARI GIACOMO","ECO SPES","2022-08-19","2022-08-19","{61D36725-C65C-4AC8-B68C-616FA8813DD6}"
"PEDROTTI","SABA","PATERNOSTER LORENZO","1979-02-24","","M","","True","True","True","True","U1X532600A","B","2017-05-22","2028-02-24","TN8007634","2006-11-16","2022-01-10","","","","","","","","","False","","","46093","PATERNOSTER LORENZO","","coll. Familiare","AGGIORNAMENTO IDONEITA'","2020-08-31 00:00","","2012-09-28 00:00","","","","","","","False","","","","","False","False","2023-07-05 22:01"," | Categoria: Dipendente","1080","","False","False","False","False","","OK","2022","2022-09-22 14:14","PAROLARI GIACOMO","ECO SPES","2022-08-19","2022-08-19","{E03CB5E4-0FAD-40AD-8F35-1B28B66CCD3D}"
"PISANA","MIRKO MARIA","PATERNOSTER LORENZO","1981-08-09","","M","","True","True","True","True","U114L8922L","BCD","2022-09-12","2027-09-10","TN8011877","2017-01-25","","U114L8922L95","","2026-10-18","","","","","","True","2018-07-01","","46093","PATERNOSTER LORENZO","","Dipendente","AGGIORNAMENTO IDONEITA'","2020-08-31 00:00","","2018-06-29 00:00","","","4","INDET","TP","39,00","False","","","","","False","True","2023-07-05 22:01","TESSERINO 22-25 ARRIVATO 27/01/2023","2395","","False","True","False","False","","OK","2022","2022-09-22 14:05","PAROLARI GIACOMO","ECO SPES","2022-08-19","2022-08-19","{2A78A34A-13C0-4F34-9F49-BEA2027B685C}"
"BALLHYSA","ROZETA","PEDERZOLLI DENIS","1975-09-29","","M","","True","True","True","True","U14F02639J","BD","2018-07-31","2023-07-30","","","","U14F02639J95","","2020-09-09","","","","2008-07-02","","True","2009-09-01","","46771","PEDERZOLLI DENIS","","Dipendente","","2019-04-10 00:00","","2013-01-21 00:00","","","C2","INDET","PT","25,00","False","","","","","False","True","2023-07-05 22:01","TESSERINO 22-25 ARRIVATO 08/02/2023","0932","","True","False","False","False","","OK","2023","2023-03-22 12:05","PRINCIVALEL ANDREA","SAPI","2023-03-18","2023-03-18","{8BB861DD-9602-4AD5-965B-1470547B5345}"
"BOMBARDELLI","ROMEO","PEDERZOLLI DENIS","1962-12-26","","M","","True","True","True","True","U148J5939P","BCD","2022-06-20","2027-06-17","","","","U148J5939P95","","2023-06-20","","","","","","True","2018-09-03","","46771","PEDERZOLLI DENIS","","Dipendente","AGGIORNAMENTO IDONEITA'","2019-04-10 00:00","","2019-01-31 00:00","","","C2","INDET","PT","25,00","False","","","","","False","True","2023-07-05 22:01","TESSERINO 22-25 ARRIVATO 16/03/23","2471","","True","False","False","False","","OK","2023","2023-02-28 16:26","PRINCIVALLE ANDREA","SAPI","2023-02-18","2023-02-18","{6629611F-9B36-45DC-A34F-314A480706FE}"
"CHISTE'","WALTER","PEDERZOLLI DENIS","1958-08-04","","M","","True","True","True","True","TN5429832F","BCDE","2020-02-11","2024-11-19","","","","TN5429832F95","","2025-02-10","","","","","","False","2014-09-10","","46771","PEDERZOLLI DENIS","","Dipendente","","2019-04-10 00:00","","2014-10-28 00:00","","","C2","DET","PT","20,00","False","","","","","False","True","2023-07-05 22:01","","1980","","True","False","False","False","","","2023","2023-03-22 12:05","PRINCIVALLE ANDREA","SAPI","2023-03-18","2023-03-18","{358D7E70-01B7-4BE5-B079-AAD7AB938D75}"
"PEDERZOLLI","DENIS","PEDERZOLLI DENIS","1981-05-19","","M","","True","True","True","True","U134L6710K","BCD","2022-04-29","2027-09-23","TN8008270","2008-01-09","","U134L6710K95","","2025-09-18","","","2002-10-23","2002-10-23","","True","","","46771","PEDERZOLLI DENIS","","Titolare","","2019-04-10 00:00","","","","","","","","","False","","","","","False","True","2023-07-05 22:01","TESSERINO 22-25 ARRIVATO 08/02/2023","0507","","False","False","False","False","","OK","","","","","","","{1C6FC522-BD16-4BD2-859E-918FE0685B99}"
"SEGATA","ALDO","PEDERZOLLI DENIS","1965-12-29","","M","","True","True","True","True","TN5429314K","BCD","2020-01-31","2024-12-21","TN8010644","2009-08-18","","TN5429314K95","","2025-01-30","","","1994-11-16","1994-11-16","","True","2010-09-16","","46771","PEDERZOLLI DENIS","","Dipendente","AGGIORNAMENTO IDONEITA'","2019-04-10 00:00","","2013-01-21 00:00","","","C2","INDET","TP","40,00","False","","","","","False","True","2023-07-05 22:01","TESSERINO 22-25 ARRIVATO 08/02/2023","1608","","True","False","False","False","","OK","2023","2023-02-28 16:25","PRINCIVALLE ANDREA","SAPI","2023-02-18","2023-02-18","{803E4190-A679-4259-8CFD-8835D6F4FAD1}"
"GAZZINI","MICHELA","PEDRINOLLA FABRIZIO","1973-08-11","","M","","False","False","True","True","U191J5043P","B","2022-07-05","2032-08-11","VR8008746","1998-11-09","2024-04-18","","","","","","","","","False","","","46911","PEDRINOLLA FABRIZIO","","coll. Familiare","AGGIORNAMENTO IDONEITA'","2020-01-17 00:00","","2013-01-24 00:00","","","","","","","False","","","","","False","True","2023-07-05 22:01"," | Categoria: coll. Familiare","0516","","False","False","False","False","","","2023","2023-01-17 14:20","BENEDETTI ALESSANDRO","SAPI","2023-01-12","2023-01-12","{7B87E4C8-7BB4-4CF4-8174-F2BA31477B4B}"
"GIORDANI","NICOLAS","PEDRINOLLA FABRIZIO","1994-04-02","","M","","False","True","True","True","TN5443490J","BDE","2020-12-11","2025-12-11","TN8011766","2015-11-27","2020-11-23","TN5443490J95","","2025-10-31","","","","","","False","2019-09-01","","46911","PEDRINOLLA FABRIZIO","","Dipendente","RICHIESTA TESSERINO 11/09/2019; TESSERINO ARRIVATO 15/10/2019; AGGIORNAMENTO IDONEITA'","2020-09-14 00:00","","2019-09-11 00:00","","","C3","DET","PT","30,00","False","","","","","False","False","2023-07-05 22:01","","2531","","True","False","False","False","","","2020","2020-09-14 00:00","BENEDETTI ALESSANDRO","SAPI","2020-09-08","2020-09-08","{D311B6DB-3006-446A-AF74-98529BFF589C}"
"PEDRINOLLA","FABRIZIO","PEDRINOLLA FABRIZIO","1971-04-01","","","","False","False","True","True","TN5479948B","BCDE","2022-07-13","2026-09-16","TN8007864","2022-07-13","","TN5479948B95","","2026-09-27","","","1990-03-24","1997-01-23","1997-01-23","False","","","46911","PEDRINOLLA FABRIZIO","10","Titolare","AGGIORNAMENTO IDONEITA' 11/09/2019; AGGIORNAMENTO IDONEITA'","2020-09-14 00:00","TITOLARE","","","","","","","","False","","","","","","True","2023-07-05 22:01"," | Categoria: Titolare","0514","","False","False","False","","","","2020","2020-09-14 00:00","BENEDETTI ALESSANDRO","SAPI","2020-09-08","2020-09-08","{F5314C49-A1E3-475F-BF17-A632A17AB55E}"
"SOINI","IVO","PEDRINOLLA FABRIZIO","1960-01-20","","M","","False","True","True","True","TN5458138G","B","2021-07-29","2027-01-20","TN8011752","2015-10-23","","","","","","","","","","False","2021-09-01","","46911","PEDRINOLLA FABRIZIO","","Dipendente","RICHIESTA TESSERINO 05/10/2021.TESSERINO ARRIVATO 15/10/2021","2021-10-05 00:00","","2021-10-05 00:00","","","C3","DET","PT","20,00","False","","","","","False","True","2023-07-05 22:01","","2746","","True","False","False","False","","","2021","2021-10-05 00:00","BENEDETTI ALESSANDRO","SAPI","2021-09-30","","{4796AE59-8731-4169-BD42-139EBB2F36AC}"
"ACRIS","MIHAIL","PEDRINOLLA GRAZIANO S.R.L.","1982-12-12","","M","","True","True","True","True","RM8381625C","BCD","2020-07-22","2023-04-24","TN8010118","2008-09-03","","RM8381625C95","","2025-07-08","","","2008-04-14","2007-12-10","","True","2015-03-04","","46972","PEDRINOLLA GRAZIANO SRL","","Dipendente","AGGIORNAMENTO IDONEITA'.RICHIESTA NUOVO TESSERINO 17/01/2022.TESSERINO ARRIVATO 26/01/2022","2019-12-02 00:00","","2016-01-05 00:00","","","C2","INDET","TP","40,00","False","","","","","False","True","2023-07-05 22:01","TESSERINO 22-25 ARRIVATO 16/03/23","2174","","True","False","False","False","","OK","2022","2023-03-07 14:48","BENEDETTI ALESSANDRO","SAPI","2022-11-17","2022-11-17","{833EFBE3-DCAC-4536-8DE9-D0A8C744ECCC}"
"AZZETTI","MARCO","PEDRINOLLA GRAZIANO S.R.L.","1977-07-06","","M","","True","True","True","True","TN5439079K","BCDE","2020-09-19","2025-02-04","","","","TN5439079K95","","2025-09-18","","","1997-09-27","2014-12-01","2015-02-18","True","2016-12-17","","46972","PEDRINOLLA GRAZIANO SRL","","Dipendente","AGGIORNAMENTO IDONEITA'","2019-11-13 00:00","","2018-03-15 00:00","","","C2","INDET","PT","10,00","False","","","","","False","True","2023-07-05 22:01","TESSERINO 22-25 ARRIVATO 16/03/23","2343","","True","False","False","False","","OK","2022","2023-03-07 14:49","BENEDETTI ALESSANDRO","SAPI","2022-10-06","2022-10-06","{25D45380-7514-4657-B5F1-6BBC1ECF554C}"
"ECCHELI","STEFANO","PEDRINOLLA GRAZIANO S.R.L.","1955-11-30","","M","","True","False","True","True","U161M0636P","BCDE","2022-12-21","2024-12-20","TN8003593","1995-03-08","","U161M0636P95","","2025-07-08","","","","1987-01-20","1987-01-20","False","2015-03-02","","46972","PEDRINOLLA GRAZIANO SRL","","Dipendente","AGGIORNAMENTO IDONEITA'","2019-12-05 00:00","","2013-02-21 00:00","","","C2","INDET","PT","20,00","False","","","","","False","True","2023-07-05 22:01","","1836","","True","False","False","False","","OK","2021","2021-12-07 00:00","BENEDETTI ALESSANDRO","SAPI","2021-11-29","2021-11-29","{82A2723A-AC10-4889-AA1B-1A36CD929F73}"
"FRISINGHELLI","ALFONSO","PEDRINOLLA GRAZIANO S.R.L.","1955-09-11","","M","","True","False","True","True","U161C8884S","BCDE","2021-09-03","2023-09-02","TN8007859","2007-10-17","","U161C8884S95","","2025-01-08","","","1980-01-03","1980-01-03","1980-01-03","False","2008-05-18","","46972","PEDRINOLLA GRAZIANO SRL","","Dipendente","AGGIORNAMENTO IDONEITA'","2019-12-02 00:00","","2013-02-21 00:00","","","C1","INDET","TP","40,00","False","","","","","False","True","2023-07-05 22:01","","1837","","True","False","False","False","","OK","2021","2021-11-26 00:00","BENEDETTI ALESSANDRO","SAPI","2021-11-04","2021-11-04","{D190FF84-3459-4AE0-B4D0-600B4160338B}"
"GIACOMUZZI","GINO","PEDRINOLLA GRAZIANO S.R.L.","1957-11-01","","M","","True","False","True","True","U12P06685M","BCD","2019-10-16","2024-10-15","","","","U12P06685M95","","2024-09-02","","","1979-09-19","1979-09-19","","False","2005-07-05","","46972","PEDRINOLLA GRAZIANO SRL","","Dipendente","AGGIORNAMENTO IDONEITA'","2019-12-05 00:00","","2013-02-21 00:00","","","C2","INDET","TP","40,00","False","","","","","False","True","2023-07-05 22:01","","1833","","True","False","False","False","","OK","2022","2022-03-24 00:00","BENEDETTI ALESSANDRO","SAPI","2022-03-10","2022-03-10","{4FE28806-6A2D-48E0-AFAC-4BEC2B4235BF}"
"GIRAMONTI","FRANCO","PEDRINOLLA GRAZIANO S.R.L.","1961-09-21","","M","","True","True","True","True","TN5429066E","BCDE","2020-01-28","2024-11-28","","","","TN5429066E95","","2025-01-27","","","","","","True","2021-08-05","","46972","PEDRINOLLA GRAZIANO SRL","","Dipendente","ATTESA DOCUMENTI PER TESSERINO","","","","","","","","","","False","","","","","False","True","2023-07-05 22:01","RICHIESTA TESSERINO PAT 22-25  03/11/2022 - TESSERINO ARRIVATO16/12/2022","2846","2022-08-11 13:54:55.973000000","False","False","False","False","","OK","2022","2022-11-28 15:10","BENEDETTI ALESSANDRO","SAPI","2022-11-28","2022-11-28","{64198E88-2319-44E2-B202-1D4610FCB059}"
"GUMPOLD","DIANA","PEDRINOLLA GRAZIANO S.R.L.","","","M","","True","True","True","True","U115L4252M","BCDE","2022-09-13","2027-09-12","TN8011508","2013-11-18","","U115L4252M95","","2024-10-14","","","","","","False","2022-06-10","","46972","PEDRINOLLA GRAZIANO SRL","","Dipendente","RICHIESTA TESSERINO 26/07/2022.TESSERINO ARRIVATO 03/08/2022","","","2022-07-26 00:00","","","","","","","False","","","","","False","True","2023-07-05 22:01","","2833","","True","False","False","False","","OK","2022","2022-07-26 00:00","D'AMANTE MARIA ROSARIA","RFI","2022-05-12","2022-05-12","{47EB73B2-F9C7-4ED0-8EE3-4EA85CFDA80F}"
"MOLTENI","MAURIZIO","PEDRINOLLA GRAZIANO S.R.L.","1955-06-03","","M","","True","True","True","True","U123H6922J","BCD","2022-04-30","2023-04-28","","","","U123H6922J95","","2025-12-16","","","","","","False","2019-04-16","","46972","PEDRINOLLA GRAZIANO SRL","","Autista a chiamata","RICHIESTA TESSERINO 10/01/2022. PATENTE PROROGA A GIUGNO 2022.TESSERINO ARRIVATO 18/01/2022","2022-01-10 00:00","","2022-01-10 00:00","","","C2","INDET","","","False","","","","","False","True","2023-07-05 22:01","","2793","","True","False","False","False","","OK","2021","2022-01-10 00:00","BENEDETTI ALESSANDRO","SAPI","2021-11-29","2021-11-29","{BC93AA31-35B2-4E17-9F44-05CC1B2973E9}"
"PEDRINOLLA","DAVIDE","PEDRINOLLA GRAZIANO S.R.L.","1971-05-26","","M","","True","True","True","True","U193H8540X","BCDE","2022-05-31","2027-05-30","TN8004823","1995-09-25","","U193H8540X95","2012-05-09","2025-08-24","","","1992-09-10","1992-09-10","1992-09-10","True","","","46972","PEDRINOLLA GRAZIANO SRL","","Socio","AGGIORNAMENTO IDONEITA'","2019-11-19 00:00","","2013-02-21 00:00","","","","","","","False","","","","","False","True","2023-07-05 22:01","TESSERINO 22-25 ARRIVATO 16/03/23","1835","","False","False","False","False","","OK","2022","2023-03-24 14:25","BENEDETTI ALESSANDRO","SAPI","2023-02-28","2023-02-28","{DF0BE666-CFF4-4AFE-9B3D-121DB46DB2B1}"
"PEDRINOLLA","GRAZIANO","PEDRINOLLA GRAZIANO S.R.L.","1939-11-27","","M","","True","True","True","True","U1149545N","BE","2021-11-19","2023-11-27","TN8007248","2004-11-23","2021-10-11","","","","","","1972-09-23","","","True","","","46972","PEDRINOLLA GRAZIANO SRL","","Titolare","","2019-04-10 00:00","","2013-02-21 00:00","","","","","","","False","","","","","False","True","2023-07-05 22:01","TESSERINO 22-25 ARRIVATO 16/03/23","1834","","False","False","False","False","","OK","","","","","","","{B90B0C5F-02D6-45C7-867C-8C5023F16475}"
"PEDRINOLLA","MARCO","PEDRINOLLA GRAZIANO S.R.L.","1967-07-19","","M","","True","True","True","True","U184K0643Y","BCDE","2022-08-31","2027-08-30","TN8004706","1995-09-19","","U184K0643Y95","2012-12-04","2025-08-24","","","","1987-10-08","1987-10-08","True","","","46972","PEDRINOLLA GRAZIANO SRL","","Socio","AGGIORNAMENTO IDONEITA'","2019-11-13 00:00","","2013-10-23 00:00","","","","","","","False","","","","","False","True","2023-07-05 22:01","TESSERINO 22-25 ARRIVATO 16/03/23","1832","","False","False","False","False","","OK","2023","2023-03-24 14:25","BENEDETTI ALESSANDRO","SAPI","2023-02-28","2023-02-28","{0FF68CCA-80D5-4F3E-8CB3-B8D8E37D464A}"
"GENNARA","ENZO","PEDRINOLLA SERENA","1969-09-09","","M","","True","True","True","True","U13W72287X","BC","2020-10-29","2025-10-28","TN8012372","2021-11-29","","U13W72287X95","","2025-10-28","","","","","","True","2021-09-15","","46065","PEDRINOLLA SERENA","","Dipendente","RICHIESTA TESSERINO 12/01/2022. TESSERINO ARRIVATO 20/01/2022","2022-01-12 00:00","","2022-01-12 00:00","","","C1","INDET","TP","40,00","False","","","","","False","True","2023-07-05 22:01","TESSERINO 22-25 ARRIVATO 27/01/2023","2792","","False","True","False","False","","OK","2022","2022-12-29 11:08","PRINCIVALLE ANDREA","","2022-10-01","2022-10-01","{344A3BBA-D5FC-491E-924A-1EE92FCA19BF}"
"MAURINA","FRANCO","PEDRINOLLA SERENA","1954-12-17","","M","","True","True","True","True","TN5478631G","B","2022-06-24","2027-12-17","TN8008220","2007-12-21","2027-06-28","","","","","","","1977-07-20","","True","2014-09-15","","46065","PEDRINOLLA SERENA","","Dipendente","AGGIORNAMENTO IDONEITA'","2019-04-10 00:00","","2012-10-26 00:00","","","3","DET","PT","30,00","False","","","","","False","True","2023-07-05 22:01","TESSERINO 22-25 ARRIVATO 16/03/23","1590","","False","True","False","False","","OK","2022","2022-12-29 11:07","PRINCIVALLE ANDREA","","2022-10-01","2022-10-01","{37B609A8-DFDA-46DF-A8B6-7D67311F6EF7}"
"PEDRINOLLA","SERENA","PEDRINOLLA SERENA","1967-08-02","","M","","True","True","True","True","TN2128383Z","B","1986-04-21","2024-08-02","TN8004339","1995-09-14","2023-11-28","","","","","","","","","True","","","46065","PEDRINOLLA SERENA","","Titolare","","2019-04-10 00:00","","","","","","","","","False","","","","","False","True","2023-07-05 22:01","TESSERINO 22-25 ARRIVATO 05/01/20223","0523","","False","False","False","False","","OK","","","","","","","{95E4AF35-0CB6-46B8-A44D-96FD25A16D32}"
"WEBER","ANGELO","PEDRINOLLA SERENA","1956-07-02","","M","","True","True","True","True","U11M52421H","B","2019-06-20","2024-07-02","TN8010599","2009-06-19","2023-11-28","","","","","","","","","True","","","46065","PEDRINOLLA SERENA","","coll. Familiare","AGGIORNAMENTO IDONEITA'","2020-01-10 00:00","","2012-10-26 00:00","","","","","","","False","","","","","False","True","2023-07-05 22:01","TESSERINO 22-25 ARRIVATO 16/01/2023","0524","","False","False","False","False","","OK","2022","2022-12-29 11:06","PRINCIVALLE ANDREA","","2022-10-01","2022-10-01","{1B705ACC-37C8-45F8-8A41-1401AEF157E9}"
"WEBER","VALENTINA","PEDRINOLLA SERENA","1994-07-23","TRENTO","F","WBRVNT94L63L378V","True","True","True","True","U180L1743S","BDE","2022-10-26","2027-10-25","TN8011744","2015-10-12","2020-10-09","U180L1743S95","","2027-07-30","","","","","","True","2015-01-01","","46065","PEDRINOLLA SERENA","","coll. Familiare","AGGIORNAMENTO IDONEITA'","2020-01-10 00:00","","2015-12-10 00:00","","","","","","","False","","","","","False","True","2023-06-12 11:25","TESSERINO 22-25 ARRIVATO 21/04/23","2172","","False","False","False","False","","OK","2022","2022-12-29 11:09","PRINCIVALLE ANDREA","","2022-10-01","2022-10-01","{CAADABB8-76D4-4610-B427-1E2F71ECEE14}"
"PEGORARO","SEBASTIANO","PEGORARO SEBASTIANO","1981-01-29","","M","","False","True","True","True","U145P5178P","BCD","2023-04-13","2028-04-12","BL8004995","2003-12-16","","U145P5178P95","","2028-07-20","","","2009-08-06","2009-11-23","","False","","","46914","PEGORARO SEBASTIANO","","Titolare","","2019-04-10 00:00","","","","","","","","","False","","","","","False","True","2023-07-05 22:01"," | Categoria: Titolare","0535","","False","False","False","False","","","2022","2022-12-01 10:51","QUINTARELLI EMANUELE","SAPI","2022-11-25","2022-11-25","{54747C03-3032-4C0B-9D42-237B2E083CCC}"
"FUCHS","CRISTINA","PERGBUS DI FUCHS MARIO E C. S.N.C.","1979-09-14","","M","","True","True","True","True","U162G7728T","BCD","2022-04-04","2027-04-02","TN8008168","2007-12-21","","U162G7728T95","","2025-12-21","","","2001-02-15","2001-02-15","","True","","","46179","PERGBUS DI FUCHS MARIO E C. S.N.C.","","Titolare","","2019-04-10 00:00","","2012-10-09 00:00","","","","","","","False","","","","","False","True","2023-07-05 22:01","TESSERINO 22-25 ARRIVATO 18/10/2022","0091","","False","False","False","False","","OK","","","","","","","{D9BA28B8-8803-489E-8445-65388C017FED}"
"FUCHS","FLAVIO","PERGBUS DI FUCHS MARIO E C. S.N.C.","1987-09-17","","M","","True","True","True","True","U17P38217E","BCDE","2019-11-18","2024-11-16","BZ8015426","2008-10-24","","U17P38217E95","","2024-06-06","","","2009-02-05","2008-11-18","2009-07-27","True","2009-11-02","","46179","PERGBUS DI FUCHS MARIO E C. S.N.C.","","Socio","AGGIORNAMENTO IDONEITA' 19/11/2019; AGGIORNAMENTO IDONEITA'","2020-01-21 00:00","","2012-10-09 00:00","","","","","","","False","","","","","False","True","2023-07-05 22:01","TESSERINO 22-25 ARRIVATO 05/01/20223","1333","","False","False","False","False","","OK","2023","2023-03-06 12:09","QUINTARELLI EMANUELE","SAPI","2023-03-03","2023-03-03","{C020139A-448A-4E1F-9183-F8FE6CBB1AC9}"
"FUCHS","MARIO","PERGBUS DI FUCHS MARIO E C. S.N.C.","1957-03-20","","M","","True","True","True","True","TN5471215X","BCDE","2022-03-01","2023-11-16","TN8008167","2007-12-21","","TN5471215X95","","2025-07-14","","","1990-04-03","1990-04-03","1990-04-03","True","","","46179","PERGBUS DI FUCHS MARIO E C. S.N.C.","","Autista a chiamata","AGGIORNAMENTO IDONEITA'","2019-11-19 00:00","","","","","C2","","","","False","","","","","False","True","2023-07-05 22:01","TESSERINO 22-25 ARRIVATO 05/01/20223","0090","","True","False","False","False","","OK","2022","2022-09-12 00:00","QUINTARELLI EMANUELE","SAPI","2022-09-06","2022-09-06","{53E896D7-454D-41E7-A7A3-2507BFDC264C}"
"MONTEL","CHRISTIAN","PERGBUS DI FUCHS MARIO E C. S.N.C.","1996-04-05","TRENTO","M","MNTCRS96D05L378I","True","True","True","True","TN5493177J","BDETN5493177J","2023-03-31","2028-03-31","","","","TN5493177J95","","2023-10-24","","","","","","False","2023-03-01","","46179","PERGBUS DI FUCHS MARIO E C. S.N.C.","","Dipendente","","","","","","","","","","","True","","","","","False","True","2023-06-12 11:25","RICHIESTA TESSERINO PAT 22-25  23/03/2023","","","False","False","False","False","","OK","2022","2023-03-08 10:46","PRINCIVALLE ANDREA","SAPI","2023-01-21","2023-01-21","{24C3C4E2-F81B-4750-988F-04DE9E61C257}"
"FRISINGHELLI","PAOLA","PERINI FRANCO","1962-02-24","","M","","True","False","True","True","U150G9089S","BCD","2022-03-29","2027-03-28","TN8010899","2010-05-17","","U150G9089S95","2010-04-09","2025-09-08","","","2001-07-23","2001-07-23","","False","2010-06-14","","46056","PERINI FRANCO","","Autista a chiamata","AGGIORNAMENTO IDONEITA'","2019-04-10 00:00","","2013-01-22 00:00","","","C2","INDET","","","False","","","","","False","False","2023-07-05 22:01","","1715","","True","False","False","False","","","2021","2021-04-29 00:00","MORATELLO FRANCESCO","SAPI","2021-04-15","2021-04-15","{2049B2D8-F0C4-4563-8230-5F0B8F89E28D}"
"GRIGGI","CINZIA","PERINI FRANCO","1970-07-10","","M","","True","True","True","True","U13G59740N","BCD","2018-10-03","2023-10-02","TN8008203","2007-12-21","","U13G59740N95","","2020-09-09","","","","","","False","2017-07-04","","46056","PERINI FRANCO","","Dipendente","AGGIORNAMENTO IDONEITA'","2019-12-23 00:00","","2018-12-05 00:00","","","C2","INDET","TP","40,00","False","","","","","False","True","2023-07-05 22:01","","2455","","True","False","False","False","","OK ","2021","2022-11-30 14:10","","SAPI","2021-12-22","2021-12-22","{82CD875B-1D18-429F-88A2-CE2EDA81D93A}"
"LORENZI","GIULIO","PERINI FRANCO","1967-05-28","","M","","False","True","True","True","TN5432052J","BCD","2020-05-21","2025-03-13","","","","TN5432052J95","","2025-05-19","","","","","","False","2018-09-01","","46056","PERINI FRANCO","","Dipendente","AGGIORNAMENTO IDONEITA' 23/12/2019; RICHIESTA TESSERINO 02/03/2020; TESSERINO ARRIVATO 12/03/2020","2020-03-12 00:00","","2020-03-02 00:00","","","C2","DET","TP","40,00","False","","","","","False","True","2023-07-05 22:01","","2454","","True","False","False","False","","","2020","2020-03-02 00:00","MORATELLO FRANCESCO","SAPI","2020-01-16","2020-01-16","{4337D345-0A29-4B84-A373-3497485E3325}"
"PERINI","FRANCO","PERINI FRANCO","1960-10-04","VEZZANO","M","PRNFNC60R04L821B","True","True","True","True","TN5471591E","BCDE","2022-03-04","2024-02-05","TN8008967","2008-04-07","","TN5471591E95","","2026-09-02","","","1983-11-02","1983-11-02","1983-11-02","True","","","46056","PERINI FRANCO","","Titolare","","2019-04-10 00:00","","","","","","","","","False","","","","","False","True","2023-06-12 11:25","TESSERINO 22-25 ARRIVATO 21/04/23","0544","","False","False","False","False","","OK","","","","","","","{8230F359-C9CE-4412-AFA8-DB048F14EADA}"
"PISONI","TIZIANO","PERINI FRANCO","1972-01-18","","M","","True","True","True","True","U115M4382H","BCD","2022-11-16","2027-11-15","TN8011805","2016-03-21","","U115M4382H95","","2026-06-09","","","","","","False","2018-07-01","","46056","PERINI FRANCO","","Dipendente","AGGIORNAMENTO IDONEITA'","2019-12-23 00:00","","2018-12-05 00:00","","","C2","DET","TP","40,00","False","","","","","False","True","2023-07-05 22:01","","2453","","True","False","False","False","","OK","2021","2022-09-01 00:00","","SAPI","2021-12-22","2021-12-22","{234FAA48-752D-4299-AAF7-5A7B5C2B5EF2}"
"REGOLI","TOMAS","PERINI FRANCO","1986-05-01","","M","","True","True","True","True","TN5454939D","BCDE","2021-06-11","2026-06-01","","","","TN5454939D95","","2026-06-07","","","2008-12-15","2010-07-31","2011-04-02","False","2017-02-25","","46056","PERINI FRANCO","","Dipendente","AGGIORNAMENTO IDONEITA'","2019-12-23 00:00","","2017-05-08 00:00","","","C2","INDET","TP","40,00","False","","","","","False","True","2023-07-05 22:01","","2285","","True","False","False","False","","OK","2021","2022-11-30 14:18","","SAPI","2021-09-08","2021-09-08","{01910FBD-AF16-4292-B317-F465F6F92BF1}"
"SCARPARI","PATRICK","PERINI FRANCO","1988-06-30","","M","","True","True","True","True","TN5457226L","BDE","2021-07-16","2026-06-28","TN8010704","2009-10-12","","TN5457226L95","","2026-07-06","","","","2011-02-22","2016-07-25","False","2010-12-03","","46056","PERINI FRANCO","","Dipendente","AGGIORNAMENTO IDONEITA'","2019-12-23 00:00","","2013-01-22 00:00","","","C2","INDET","TP","40,00","False","","","","","False","True","2023-07-05 22:01","","1319","","True","False","False","False","","OK","2022","2022-11-30 14:23","","SAPI","2022-03-16","2022-03-16","{80B781DB-D35A-40DE-81FA-9BB8DBAB5050}"
"TEREZIU","ARBEN","PERINI FRANCO","1967-08-18","","M","","True","True","True","True","U177N3899W","BCDE","2023-03-07","2023-01-14","","","","U177N3899W95","","2025-08-12","","","2002-10-30","2002-10-30","2003-02-18","False","2003-05-06","","46056","PERINI FRANCO","","Dipendente","AGGIORNAMENTO IDONEITA'","2019-12-23 00:00","","2013-01-22 00:00","","","C2","INDET","TP","40,00","False","","","","","False","True","2023-07-05 22:01","","0557","","True","False","False","False","","OK","2022","2022-11-30 14:13","","SAPI","2022-02-22","2022-02-22","{0DD515D6-D76B-48EB-938C-9B4DEF26FAE9}"
"ZENI","NICOLA","PERINI FRANCO","1966-10-16","","M","","True","True","True","True","TN5421193X","BCDE","2019-09-25","2023-12-24","TN8011776","2015-12-22","","TN5421193X95","","2024-09-25","","","","","","False","2019-10-18","","46056","PERINI FRANCO","","Dipendente","RICHIESTA TESSERINO 30/01/2020; TESSERINO ARRIVATO","2020-02-07 00:00","","2020-01-30 00:00","","","C2","DET","PT","25,00","False","","","","","False","True","2023-07-05 22:01","","2639","","True","False","False","False","","OK","2022","2022-11-30 14:20","","SAPI","2022-03-16","2022-03-16","{1B4047E0-1EDB-4F0E-BE7C-2D24908CE600}"
"FAVERO","MAURIZIO","PETERLINI S.R.L.","1969-10-07","","M","","True","True","True","True","U16X60736N","B","2021-01-20","2026-10-07","TN8007515","2006-03-24","2026-01-19","","","","","","","","","True","2016-01-20","","46218","PETERLINI S.R.L.","","Dipendente","","2019-04-10 00:00","","2016-01-26 00:00","","","C2","INDET","PT","25,00","False","","","","","False","True","2023-07-05 22:01","TESSERINO 22-25 ARRIVATO 16/03/23","2181","","True","False","False","False","","OK","2022","2022-11-22 10:45","GIARRUSSO SALVATORE","ECO SPES","2022-11-18","2022-11-18","{657B9C04-B3A7-4F9E-BBF9-5040742A10D6}"
"RIGON","LUCIO","PETERLINI S.R.L.","1976-08-20","","M","","True","True","True","True","U18K32386P","BCD","2019-04-13","2024-04-12","TN8007158","2004-07-20","","U18K32386P95","","2021-08-25","","","2004-05-03","2004-05-03","","False","2008-09-04","","46218","PETERLINI S.R.L.","","Dipendente","AGGIORNAMENTO IDONEITA'","2019-11-14 00:00","","2012-10-16 00:00","","","C2","INDET","PT","10,00","False","","","","","False","True","2023-07-05 22:01"," | Categoria: Dipendente","1010","","True","False","False","False","","OK","2022","2022-09-16 00:00","GIARRUSSO SALVATORE","ECO SPES","2022-02-16","2022-02-16","{D0CC3759-D93B-4008-9BC8-1A34103555BA}"
"SLOMP","PIERO","PETERLINI S.R.L.","1973-12-20","","M","","True","True","True","True","U139H8039J","B","2022-05-07","2032-12-20","TN8007388","2005-07-11","2026-11-11","","","","","","","","","True","2022-09-12","","46218","PETERLINI S.R.L.","","Dipendente","RICHIESTA TESSERINO 02/12/2019; TESSERINO ARRIVATO 11/12/2019","2019-12-11 00:00","","2019-12-02 00:00","","","C3","DET","PT","15,00","False","","","","","False","True","2023-07-05 22:01","TESSERINO 22-25 ARRIVATO 16/03/23","2564","","True","False","False","False","","OK","2022","2022-11-22 10:46","GIARRUSSO SALVATORE","ECO SPES","2022-11-18","2022-11-18","{0AD951DC-0546-4CA7-9CC8-90DB00CEBAB2}"
"MANZO","ROMOLO","PLANCHEL AUTONOLEGGI DI PLANCHEL RENATO & C. S.N.C.","1969-09-01","NAPOLI","M","MNZRML69P01F839T","True","True","True","True","TN5438551D","BCDE","2020-09-15","2024-06-29","RM8143664","2008-12-03","","TN5438551D95","","2025-09-14","","","","","","True","2023-01-17","","46103","PLANCHEL AUTONOLEGGI DI PLANCHEL RENATO & C. S.N.C.","","Dipendente","","","","","","","","","","","True","","","","","False","True","2023-06-12 11:25","RICHIESTA TESSERINO PAT 22-25  13/03/2023 -TESSERINO 22-25 ARRIVATO 21/04/23","","","False","False","False","False","","OK","2022","2023-03-13 14:32","QUINTARELLI EMANUELE","SAPI","2023-03-03","2023-03-03","{499935C4-1754-4D0A-BE04-539E8B3BA309}"
"MARTINEZ","FRANCO JULIAN","PLANCHEL AUTONOLEGGI DI PLANCHEL RENATO & C. S.N.C.","1998-06-03","RAMOS MEJIA","M","","True","True","True","True","TN5487374L","BD","2022-10-26","2027-11-18","TN8012534","2023-03-08","","TN5487374L95","","2027-10-26","","","","","","True","2023-01-24","","46103","PLANCHEL AUTONOLEGGI DI PLANCHEL RENATO & C. S.N.C.","","Dipendente","","","","","","","","","","","True","","","","","False","True","2023-07-05 22:01","RICHIESTA TESSERINO PAT 22-25  21/03/2023 - TESSERINO 22-25 ARRIVATO 21/04/23","","","False","False","False","False","","OK","2022","2023-03-21 10:50","QUINTARELLI EMANUELE","SAPI","2023-03-16","2023-03-16","{D31935BC-7623-4E32-8243-46076910424D}"
"PINTARELLI","CINZIA","PLANCHEL AUTONOLEGGI DI PLANCHEL RENATO & C. S.N.C.","1983-04-19","","M","","True","True","True","True","U13S68173N","BD","2020-02-15","2025-02-14","","","","U13S68173N95","","2021-07-19","","","","2009-11-28","","True","","","46103","PLANCHEL AUTONOLEGGI DI PLANCHEL RENATO","","Socio","","2019-04-10 00:00","","2017-10-26 00:00","","","","","","","False","","","","","False","True","2023-07-05 22:01","TESSERINO 22-25 ARRIVATO 16/03/23","2274","","False","False","False","False","","OK","2021","2022-01-10 00:00","QUINTARELLI EMANUELE","SAPI","2021-12-10","2021-12-10","{69275C61-8898-4E85-B7D0-07D7D59A2F0B}"
"PLANCHEL","FABRIZIO","PLANCHEL AUTONOLEGGI DI PLANCHEL RENATO & C. S.N.C.","1981-07-17","","M","","True","True","True","True","U180N7723M","BCD","2023-03-09","2028-03-08","","","","U180N7723M95","","2026-06-08","","","2003-02-13","2003-02-13","","True","","","46103","PLANCHEL AUTONOLEGGI DI PLANCHEL RENATO","","Socio","AGGIORNAMENTO IDONEITA'","2019-11-19 00:00","","2013-01-25 00:00","","","","","","","False","","","","","False","True","2023-07-05 22:01","TESSERINO 22-25 ARRIVATO 16/03/23","0604","","False","False","False","False","","OK","2022","2022-09-13 00:00","QUINTARELLI EMANUELE","SAPI","2022-09-06","2022-09-06","{00C25C06-ECB1-4AD6-872E-FF32B8F7C007}"
"PLANCHEL","RENATO","PLANCHEL AUTONOLEGGI DI PLANCHEL RENATO & C. S.N.C.","1950-07-17","","M","","True","True","True","True","TN5422198L","B","2019-09-26","2025-07-17","TN8009047","2008-04-22","","","","","","","1977-06-06","1977-06-06","","True","","","46103","PLANCHEL AUTONOLEGGI DI PLANCHEL RENATO","","Socio","","2019-04-10 00:00","","","","","","","","","False","","","","","False","True","2023-07-05 22:01","TESSERINO 22-25 ARRIVATO 21/04/23","0600","","False","False","False","False","","OK","","","","","","","{9459228A-4508-4781-97C7-B7FB3AD6B88A}"
"BONAPACE","ALESSANDRO","RENDENA VIAGGI S.N.C. DI BONAPACE MANLIO E COZZIO MAURO","1989-07-09","","M","","True","True","True","True","TN5450939H","BD","2021-04-28","2023-02-21","TN8010998","2010-12-09","2015-11-30","TN5450939H95","","2026-04-28","","","","","","True","","","46080","RENDENA VIAGGI S.N.C. DI BONAPACE MANLIO","","Socio","AGGIORNAMENTO IDONEITA'","2020-08-17 00:00","","2012-09-28 00:00","","","","","","","False","","","","","False","True","2023-07-05 22:01","TESSERINO 22-25 ARRIVATO 05/01/20223","1635","2022-08-11 13:54:55.973000000","False","False","False","False","","OK","2022","2022-08-12 00:00","PAROLARI GIACOMO","ECO SPES","2022-08-04","2022-08-04","{BD9184C8-AD15-4103-872C-EFEFCBDBC583}"
"BONAPACE","MANLIO","RENDENA VIAGGI S.N.C. DI BONAPACE MANLIO E COZZIO MAURO","1964-10-08","","M","","True","True","True","True","TN5475448K","BCD","2022-05-05","2026-01-27","TN8007809","2007-10-01","","TN5475448K95","","2027-04-26","","","1991-01-21","1991-01-21","","True","","","46080","RENDENA VIAGGI S.N.C. DI BONAPACE MANLIO","","Socio","AGGIORNAMENTO IDONEITA'","2020-08-17 00:00","","2012-09-28 00:00","","","","","","","False","","","","","False","False","2023-07-05 22:01","TESSERINO 22-25 ARRIVATO 05/01/20223","0609","","False","False","False","False","","OK","2022","2022-08-12 00:00","PAROLARI GIACOMO","ECO SPES","2022-08-04","2022-08-04","{FC2A9C64-8DEE-4103-91C0-3FCCFE18AB7E}"
"BONAPACE","MIRKO","RENDENA VIAGGI S.N.C. DI BONAPACE MANLIO E COZZIO MAURO","1973-09-22","","M","","True","True","True","True","TN547545CP","BCD","2022-05-05","2026-12-29","TN8007810","2007-10-01","","TN547545CP95","","2027-04-26","","","1996-12-18","1996-12-18","","True","","","46080","RENDENA VIAGGI S.N.C. DI BONAPACE MANLIO","","Socio","AGGIORNAMENTO IDONEITA'","2020-08-17 00:00","","2012-09-28 00:00","","","","","","","False","","","","","False","False","2023-07-05 22:01","TESSERINO 22-25 ARRIVATO 05/01/20223","0608","","False","False","False","False","","OK","2022","2022-08-12 00:00","PAROLARI GIACOMO","ECO SPES","2022-08-04","2022-08-04","{B14A36B3-BB4C-4418-B6CA-FC204FFF7154}"
"COZZIO","MAURO","RENDENA VIAGGI S.N.C. DI BONAPACE MANLIO E COZZIO MAURO","1959-12-14","","M","","True","True","True","True","TN5475449L","BCDE","2022-05-05","2024-06-05","TN8007811","2007-10-01","","TN5475449L95","","2027-04-26","","","","1984-06-13","1984-06-13","True","","","46080","RENDENA VIAGGI S.N.C. DI BONAPACE MANLIO","","Socio","AGGIORNAMENTO IDONEITA'","2020-08-17 00:00","","2012-09-28 00:00","","","","","","","False","","","","","False","False","2023-07-05 22:01","TESSERINO 22-25 ARRIVATO 05/01/20223","0610","","False","False","False","False","","OK","2022","2022-08-12 00:00","PAROLARI GIACOMO","ECO SPES","2022-08-04","2022-08-04","{47E2B0D0-C671-469F-AF8F-ABFC42FF7AD1}"
"BOSETTI","NADIA","RIGOTTI FLAVIO","1957-07-23","","M","","True","True","True","True","U125K5020G","B","2022-07-14","2027-07-23","TN8004982","1995-10-04","2023-09-28","","","","","","","","","True","","","46023","RIGOTTI FLAVIO","","coll. Familiare","AGGIORNAMENTO IDONEITA'","2020-02-11 00:00","","2012-10-09 00:00","","","","","","","False","","","","","False","True","2023-07-05 22:01","TESSERINO 22-25 ARRIVATO 05/01/20223","0619","","False","False","False","False","","OK","2023","2023-03-14 12:13","ZANON GIULIO","SAPI","2023-03-10","2023-03-10","{B1DCCD22-010F-40B3-B372-02F1973B9B95}"
"ORLANDI","MIRKO","RIGOTTI FLAVIO","1991-02-24","TRENTO","M","RLNMRK91B24L378Q","True","True","True","True","TN5491089J","BD","2023-02-22","2027-10-14","","","","TN5491089J95","","2028-02-22","","","","","","True","2023-03-07","","46023","RIGOTTI FLAVIO","","Dipendente","","","","","","","","","","","True","","","","","False","True","2023-06-12 11:25","RICHIESTA TESSERINO PAT 22-25  23/03/2023 - TESSERINO 22-25 ARRIVATO 21/04/23","","","False","False","False","False","","OK","2022","2023-03-21 10:58","ZANON GIULIO","SAPI","2023-03-10","2023-03-10","{1287056C-14BC-441A-8847-E0206C1822C0}"
"RIGOTTI","FLAVIO","RIGOTTI FLAVIO","1956-10-09","","M","","True","True","True","True","U13J52525G","BCD","2019-01-25","2023-10-09","TN8008132","2007-12-20","","U1C089703M95","","2020-09-09","","","1981-08-19","1984-01-09","","True","","","46023","RIGOTTI FLAVIO","","Titolare","","2019-04-10 00:00","","","","","","","","","False","","","","","False","True","2023-07-05 22:01","TESSERINO 22-25 ARRIVATO 05/01/20223","0618","","False","False","False","False","","OK","","","","","","","{5B495E1B-A806-4BE4-A2D3-5EEC8616426F}"
"RIGOTTI","MICHELE","RIGOTTI FLAVIO","1991-05-05","","M","","True","True","True","True","U195M1840M","BD","2023-01-19","2028-01-18","TN8011262","2012-08-31","","U195M1840M95","","2024-12-06","","","","2013-01-18","","True","2014-09-25","","46023","RIGOTTI FLAVIO","","coll. Familiare","AGGIORNAMENTO IDONEITA' 24/10/2019; AGGIORNAMENTO IDONEITA'","2020-10-26 00:00","","2014-10-01 00:00","","","","","","","False","","","","","False","True","2023-07-05 22:01","TESSERINO 22-25 ARRIVATO 18/10/2022","1983","","False","False","False","False","","OK","2022","2022-10-12 12:47","ZANON GIULIO","SAPI","2022-10-08","2022-10-08","{B26F59E6-ACC9-4D33-B94B-95F4BDAEFC3A}"
"RODLER","HELEN","RODLER DI RODLER ROBERTO","1997-05-09","","M","","True","True","True","True","TN5357470D","B","2016-07-12","2027-05-09","TN8012178","2019-06-20","2024-06-20","","","","","","","","","True","2019-12-13","","47354","RODLER DI RODLER ROBERTO","","coll. Familiare","RICHIESTA TESSERINO 07/03/2022.TESSERINO ARRIVATO 17/03/2022","2022-03-07 00:00","","2022-03-07 00:00","","","","","","","False","","","","","False","True","2023-07-05 22:01","TESSERINO 22-25 CONSEGNATO 14/10/22","2806","","False","False","False","False","","OK","2022","2022-03-07 00:00","QUINTARELLI EMANUELE","SAPI","2022-03-03","2022-03-03","{DE2787D0-7F7F-4C84-8797-5137FACD9DEC}"
"RODLER","ROBERTO","RODLER DI RODLER ROBERTO","1965-07-25","","M","","True","True","True","True","U15W63631J","BCD","2020-11-10","2025-11-09","TN8011553","2014-03-10","","U15W63631J95","","2024-02-18","","","1987-01-30","1987-01-30","","True","","","47354","RODLER DI RODLER ROBERTO","","Titolare","","2019-04-10 00:00","","2017-10-16 00:00","","","","","","","False","","","","","False","True","2023-07-05 22:01","TESSERINO 22-25 ARRIVATO 18/10/2022","2316","","False","False","False","False","","OK","","","","","","","{C4A0CBB8-E903-4242-B0B2-9DB7B9E24F18}"
"MOAR","LINO","ROMEO TOUR DI ZADRA MIRKO","1967-11-27","","M","","True","True","True","True","TN5438064C","BCDE","2020-09-08","2022-07-31","","","","TN5438064C95","","2025-08-27","","","","","","False","2022-02-08","","46945","ROMEO TOUR DI ZADRA MIRKO","","Dipendente","RICHIESTA TESSERINO 11/04/2022. TESSERINO ARRIVATO 27/04/2022","2022-04-11 00:00","","2022-04-11 00:00","","","C2","DET","PT","30,00","False","","","","","False","False","2023-07-05 22:01","","2744","","False","True","False","False","","OK","2022","2022-04-11 00:00","MORATELLO FRANCESCO","SAPI","2022-03-21","2022-03-21","{2B03C56E-9267-4619-8BDA-ABAECF52C966}"
"ZADRA","MIRKO","ROMEO TOUR DI ZADRA MIRKO","1977-05-20","","M","","True","True","True","True","U111H2238B","BCDE","2022-04-23","2027-04-22","TN8008255","2008-01-09","","U111H2238B95","","2025-07-08","","","2000-04-19","2002-05-24","2002-05-24","True","","","46945","ROMEO TOUR DI ZADRA MIRKO","","Titolare","RICHIESTA DUPLICATO TESSERINO SMARRITO","2020-12-01 00:00","","2013-08-12 00:00","","","","","","","False","","","","","False","True","2023-07-05 22:01","TESSERINO 22-25 ARRIVATO 18/10/2022","1810","","False","False","False","False","","OK","","","","","","","{83F403DE-D748-4782-BF3B-C63D8B88E21D}"
"ANGELINI","DIEGO","SARCATOUR S.R.L.","1978-08-29","","M","","True","True","True","True","U120B1394M","BCDE","2021-06-07","2026-06-05","TN8011922","2017-05-23","","U120B1394M95","","2025-09-14","","","","","","False","2019-07-01","","46463","SARCATOUR S.R.L.","","Dipendente","EMETTERE TESSERINO 17/01/2020; TESSERINO ARRIVATO 31/01/2020","2020-01-31 00:00","","2020-01-17 00:00","","","C4","INDET","TP","40,00","False","","","","","False","True","2023-07-05 22:01","RICHIESTA TESSERINO PAT 22-25  01/03/2023","2636","","True","False","False","False","","OK","2023","2023-03-01 15:52","MORATELLO FRANCESCO","SAPI","2023-01-19","2023-01-19","{55F4A969-E0F1-4A5B-970A-D90EFEEDEB18}"
"BOMBARDELLI","CLAUDIA","SARCATOUR S.R.L.","1962-05-31","","M","","True","True","True","True","U196H5329L","BCD","2022-06-01","2027-05-31","TN8010604","2009-07-01","","U196H5329L95","","2025-08-24","","","1991-04-02","1991-04-02","","False","2015-09-16","","46463","SARCATOUR S.R.L.","","Dipendente","AGGIORNAMENTO IDONEITA'","2020-01-17 00:00","","2016-09-07 00:00","","","C4","INDET","PT","30,00","False","","","","","False","True","2023-07-05 22:01","RICHIESTA TESSERINO PAT 22-25  02/03/2023","2228","","True","False","False","False","","OK","2023","2023-03-02 09:57","MORATELLO FRANCESCO","SAPI","2023-02-09","2023-02-09","{C166606D-E016-498F-AD76-D6770D3A177F}"
"CORSINI","ARMANDO","SARCATOUR S.R.L.","1966-02-03","","M","","True","True","True","True","U197B9946F","BCD","2021-07-19","2026-07-17","","","","U197B9946F95","","2025-10-01","","","","","","False","2019-10-11","","46463","SARCATOUR S.R.L.","","Dipendente","RICHIESTA TESSERINO 10/02/2020; TESSERINO ARRIVATO","2020-02-14 00:00","","2020-02-10 00:00","","","C3","DET","","","False","","","","","False","True","2023-07-05 22:01","RICHIESTA TESSERINO PAT 22-25  02/03/2023","2643","","True","False","False","False","","OK","2021","2023-03-02 10:30","MORATELLO FRANCESCO","SAPI","2022-06-16","2022-06-16","{9EA39C32-9A53-42C8-B14D-B2978F5B9C71}"
"GIOVANETTI","GIUSEPPE","SARCATOUR S.R.L.","1970-02-12","","M","","True","True","True","True","TN5434307X","BCDE","2020-07-14","2025-02-27","","","","TN5434307X95","","2025-07-02","","","1995-08-02","1995-08-02","1995-08-02","False","2009-03-17","","46463","SARCATOUR S.R.L.","","Dipendente","AGGIORNAMENTO IDONEITA'","2020-01-17 00:00","","2012-11-30 00:00","","","C4","INDET","TP","40,00","False","","","","","False","True","2023-07-05 22:01","RICHIESTA TESSERINO PAT 22-25  02/03/2023","1238","","True","False","False","False","","OK","2023","2023-03-02 10:34","MORATELLO FRANCESCO","SAPI","2023-01-19","2023-01-19","{A9BA7C7C-066C-4612-8894-12BC8A69102C}"
"SANTONI","MATTEO","SARCATOUR S.R.L.","1976-10-30","","M","","True","True","True","True","TN5423751P","BCDE","2019-10-22","2023-11-12","","","","TN5423751P95","","2024-10-21","","","1998-05-25","1998-05-25","1998-05-25","True","","","46463","SARCATOUR S.R.L.","","Socio","AGGIORNAMENTO IDONEITA'","2020-02-10 00:00","","2012-11-30 00:00","","","","","","","False","","","","","False","True","2023-07-05 22:01"," | Categoria: Titolare - RICHIESTA TESSERINO PAT 22-25 02/03/2023 - TESSERINO 22-25 ARRIVATO 16/03/23","0638","","False","False","False","False","","OK","2023","2023-03-02 10:41","MORATELLO FRANCESCI","SAPI","2023-02-09","2023-02-09","{251A3030-9A6A-4E95-BF3E-A1EFE52CF951}"
"SANTONI","ROBERTO","SARCATOUR S.R.L.","1968-12-31","","M","","True","True","True","True","TN5436844G","BCD","2020-08-22","2024-07-20","TN8008317","2008-01-24","","TN5436844G95","","2025-08-20","","","1994-09-22","1994-09-22","","True","","","46463","SARCATOUR S.R.L.","","Socio","AGGIORNAMENTO IDONEITA'","2020-02-10 00:00","","2012-11-30 00:00","","","","","","","False","","","","","False","True","2023-07-05 22:01"," | Categoria: Titolare - RICHIESTA TESSERINO PAT 22-25 02/03/2023 - TESSERINO 22-25 ARRIVATO 16/03/23","0637","","False","False","False","False","","OK","2023","2023-03-02 10:54","MORATELLO FRANCESCO","SAPI","2023-02-09","2023-02-09","{52F64B19-0761-4541-9293-EAF00A9A7247}"
"DONINI","IORAM","SIGNORI SI PARTE DI DONINI IORAM","1976-01-20","","M","","True","True","True","True","U195B5512M","BCDE","2021-07-17","2026-07-16","TN8005714","1997-02-18","","U195B5512M","","2025-09-29","","","1996-03-06","1996-03-06","1996-03-06","True","","","47609","SIGNORI SI PARTE DI DONINI IORAM","","Titolare","","2019-04-10 00:00","","2012-11-28 00:00","","","","","","","False","","","","","False","True","2023-07-05 22:01","TESSERINO 22-25 ARRIVATO 05/01/20223","2625","","False","False","False","False","","OK","","","","","","","{9B299A52-8E21-485D-8EAC-5F9EA46F4C89}"
"GIOVANNINI","CARLO","SIGNORI SI PARTE DI DONINI IORAM","1956-03-10","","M","","True","True","True","True","U153G1400F","BCDE","2022-03-30","2024-03-29","","","","U153B1400F","","2024-12-10","","","","","","True","2019-09-24","","47609","SIGNORI SI PARTE DI DONINI IORAM","","Dipendente","RICHIESTA TESSERINO 16/05/2019. TESSERINO ARRIVATO 24/05/2019. AGGIORNAMENTO IDONEITA' 14/11/19","2019-05-24 00:00","","2019-05-16 00:00","","","3 SUPER","","","","False","","","","","False","True","2023-07-05 22:01","TESSERINO 22-25 ARRIVATO 27/01/2023","2626","","False","True","False","False","","OK","2022","2022-10-28 07:44","BENEDETTI ALESSANDRO","SAPI","2022-10-24","2022-10-24","{B4FE22EC-F5AD-48B2-AF46-6130AE2DCF9D}"
"MANSOURI","ANIS","SIGNORI SI PARTE DI DONINI IORAM","1994-08-20","","M","","True","True","True","True","TN5444937J","BCDE","2021-01-13","2026-01-12","TN8012272","2022-02-24","","TN5444937J95","","2025-05-31","","","","","","True","2021-11-09","","47609","SIGNORI SI PARTE DI DONINI IORAM","","Dipendente","RICHIESTA TESSERINO 28/07/2022.TESSERINO ARRIVATO 11/08/2022","2022-07-28 00:00","","2022-07-28 00:00","","","C3","INDET","PT","25,00","False","","","","","False","True","2023-07-05 22:01","TESSERINO 22-25 ARRIVATO 18/10/2022","2827","2022-08-03 17:21:07.180000000","False","True","False","False","","OK","2022","2022-07-28 00:00","BENEDETTI ALESSANDRO","SAPI","2022-03-31","2022-03-31","{DBEBF962-F9A3-4976-ABDC-A7721EC821B4}"
"MONTIBELLER","CHRISTIAN","SIGNORI SI PARTE DI DONINI IORAM","1998-05-15","","M","","True","True","True","True","VI5634139J","BCDE","2020-09-11","2025-09-11","","","","VI5634139J95","","2024-09-25","","","","","","True","2022-04-19","","47609","SIGNORI SI PARTE DI DONINI IORAM","","Dipendente","RICHIESTA TESSERINO 28/07/2022.TESSERINO ARRIVATO 11/08/2022","2022-07-28 00:00","","2022-07-28 00:00","","","C3","DET","TP","40,00","False","","","","","False","True","2023-07-05 22:01","TESSERINO 22-25 ARRIVATO 18/10/2022","2826","2022-08-03 17:21:07.180000000","False","True","False","False","","OK","2022","2022-07-28 00:00","BENEDETTI ALESSANDRO","SAPI","2022-06-28","2022-06-28","{B8460FB4-800A-4800-9AC5-716FE51D1330}"
"BELTRAMI","LUCA","SOLETANA VIAGGI S.R.L.","1971-07-05","","M","","True","True","True","True","TN5417896T","BCDE","2019-07-05","2024-01-18","","","","TN5417896T95","","2024-01-18","","","","","","True","","","46434","SOLETANA VIAGGI S.R.L.","","Titolare","AGGIORNAMENTO IDONEITA'","2020-01-17 00:00","","2012-11-28 00:00","","","","","","","False","","","","","False","True","2023-07-05 22:01","TESSERINO 22-25 ARRIVATO 21/04/23","1609","","False","False","False","False","","OK","2022","2022-08-26 00:00","","ECO SPES","2022-02-07","2022-02-07","{3697C299-D83E-422E-933E-33330F8D2172}"
"MAJKIC","OGNJEN","SOLETANA VIAGGI S.R.L.","1992-10-05","","M","","True","True","True","True","U196L5340M","BD","2022-11-09","2027-11-08","","","","U196L5340M95","","2023-02-22","","","","","","False","2018-03-10","","46434","SOLETANA VIAGGI S.R.L.","","Dipendente","AGGIORNAMENTO IDONEITA'","2020-01-17 00:00","","2018-09-21 00:00","","","C2/4","INDET","TP","40,00","False","","","","","False","False","2023-07-05 22:01","","2424","","True","False","False","False","","OK","2022","2022-08-26 00:00","","ECO SPES","2022-03-08","2022-03-08","{29F5344F-8B58-4223-B5DC-70F5327890FC}"
"ARISTOV","VOLODYMYR","SRT S.R.L.","1985-02-23","UCRAINA","M","RSTVDY85B23Z138Q","True","True","True","True","U120P8345P","BCDE","2023-03-27","2028-03-25","","","","U120P8345P95","","2027-10-08","","","","","","False","2023-05-04","","47865","SRT S.R.L.","","Dipendente","","","","","","","","","","","True","","","","","False","True","2023-06-12 11:25","RICHIESTA TESSERINO PAT 22-25  05/06/2023","","","False","False","False","False","","OK","2022","2023-06-05 14:23","MORATELLO FRANCESO","SAPI","2023-05-18","2023-05-18","{1FEFD0D3-CEDC-42AD-917A-FCBF4D9B5BDB}"
"BRENTARI","CLAUDIO","SRT S.R.L.","1961-09-09","CREMONA","M","BRNCLD61P09D150R","True","True","True","True","U160D2329G","B","2021-10-22","2026-09-09","TN8011251","2012-07-02","2027-10-20","","","","","","","","","False","2022-09-01","","47865","SRT S.R.L.","","Dipendente","AGGIORNAMENTO IDONEITA'","2020-02-14 00:00","","2022-12-19 16:07","","","C3","DET","TP","40,00","False","","","","","False","True","2023-06-12 11:25","RICHIESTA TESSERINO PAT 22-25  11/04/2023","","2022-12-19 16:07:09.280000000","True","False","False","False","","OK","2021","2023-04-11 10:52","MORATELLO FRANCESCO","SAPI","2023-01-24","2023-01-24","{245110B5-E648-4D57-9011-21C446515C96}"
"CACCIAPUOTI","DOMENICO","SRT S.R.L.","","","M","","False","False","True","True","","","","","","","","","","","","","","","","False","","","47865","SRT S.R.L.","","Dipendente","","","","","","","","","","","True","","","","","False","True","2023-07-05 22:01","","","","False","False","False","False","","","","","","","","","{5E0BA624-8C69-4362-B5E7-3A4139A3B9CC}"
"CALCATERRA","FRANCO","SRT S.R.L.","1966-11-15","RIVA DEL GARDA","M","CLCFNC66S15H330J","True","True","True","True","U178N2683V","BD","2023-03-08","2025-03-07","","","","U178N2683V95","","2023-08-29","","","","","","False","2022-10-03","","47865","SRT S.R.L.","","Dipendente","","","","","","","","","","","False","","","","","False","True","2023-06-12 11:25","RICHIESTA TESSERINO PAT 22-25 13/04/2023 - SOSPESO DA PAT","","","False","False","False","False","","OK","2022","2023-04-13 09:35","MORATELLO FRANCESCO","SAPI","2022-12-14","2022-12-14","{AAAA9F92-07C7-4B73-842D-1D55CC9051D0}"
"CONCLI","MARTINA","SRT S.R.L.","1981-07-17","","M","","False","False","True","True","TN5439390N","BCDE","2020-09-25","2024-06-20","","","","TN5439390N95","","2025-09-23","","","2003-11-14","2003-11-14","2004-08-30","False","2022-09-01","","47865","SRT S.R.L.","","Dipendente","AGGIORNAMENTO IDONEITA'","2020-01-31 00:00","","2022-12-19 16:08","","","C2","INDET","PT","17,00","False","","","","","False","True","2023-07-05 22:01"," | Categoria: Dipendente","","2022-12-19 16:08:18.593000000","True","False","False","False","","","2020","2022-12-19 16:08","MORATELLO FRANCESCO","SAPI","2020-11-09","2020-11-09","{F392D90E-9C2D-4A5D-8210-A5FCFFC1924F}"
"COSER","UMBERTO","SRT S.R.L.","1961-03-08","TRENTO","M","CSRMRT61C08L378Y","True","True","True","True","TN5429322P","BCD","2020-02-14","2025-02-14","TN8012263","2020-02-14","","TN5429322P95","","2025-01-22","","","","","","True","2022-12-01","","47865","SRT S.R.L.","","Dipendente","","","","","","","","","","","True","","","","","False","True","2023-06-12 11:25","RICHIESTA TESSERINO PAT 22-25 13/04/2023 - TESSERINO 22-25 ARRIVATO 21/04/23 - TESSERINO ARRIVATO ERRATO","","","False","False","False","False","","OK","2022","2023-04-13 09:43","MORATELLO FRANCESCO","SAPI","2022-12-14","2022-12-14","{638992F4-DC1F-452B-BE3A-EE8D2A039530}"
"DALPONTE","RASHID","SRT S.R.L.","1990-09-20","DARGAPUR","M","","True","True","True","True","U15H13213H","B","2018-12-06","2029-09-20","TN5011564","2014-04-01","2023-12-05","","","","","","","","","True","2022-09-01","","47865","SRT S.R.L.","","Dipendente","AGGIORNAMENTO IDONEITA'","2020-02-14 00:00","","2022-12-19 16:09","","","C3","INDET","PT","30,00","False","","","","","False","True","2023-07-05 22:01","RICHIESTA TESSERINO PAT 22-25  13/04/2023 - TESSERINO 22-25 ARRIVATO 21/04/23 - TESSERINO ARRIVATO ERRATO","","2022-12-19 16:09:08.877000000","True","False","False","False","","OK","2021","2023-04-13 09:58","MORATELLO FRANCESCO","SAPI","2023-01-24","2023-01-24","{A623D950-4B94-496F-A8E9-7FEB81B2B519}"
"D'AMATO","VINCENZO","SRT S.R.L.","1970-04-25","LESINA","M","DMTVCN70D25E549X","True","True","True","True","TN5486885H","BCDE","2022-11-17","2027-11-03","TN8012025","2018-03-02","","TN5486885H95","","2027-11-10","","","","","","True","2022-09-01","","47865","SRT S.R.L.","","Dipendente","AGGIORNAMENTO IDONEITA'","2020-02-20 00:00","","2022-12-19 16:09","","","C2","INDET","TP","40,00","False","","","","","False","True","2023-06-12 11:25","RICHIESTA TESSERINO PAT 22-25  13/04/2023 - TESSERINO 22-25 ARRIVATO 21/04/23 - TESSERINO ARRIVATO ERRATO","","2022-12-19 16:09:55.760000000","True","False","False","False","","OK","2021","2023-04-13 10:14","MORATELLO FRANCESCO","SAPI","2023-02-14","2023-02-14","{DA165D18-66B7-4872-A78A-756DFDCBC8EC}"
"DE FILIPPIS ","CIRO","SRT S.R.L.","1978-03-11","NAPOLI","M","DFLCRI78C11F839J","True","True","True","True","TN5489953G","BCD","2023-02-01","2023-07-13","TN8012518","2023-02-07","","TN5489953G95","","2028-02-01","","","","","","False","2023-04-05","","47865","SRT S.R.L.","","Dipendente","","","","","","","","","","","False","","","","","False","True","2023-06-12 11:25","RICHIESTA TESSERINO PAT 22-25  31/05/2023","","","False","False","False","False","","OK","2022","2023-04-13 10:39","MORATELLO FRANCESCO","SAPI","2023-04-11","2023-04-11","{CBA97B2C-1FDF-4248-A65D-B55FB2E528EA}"
"DEGARA","CRISTINA","SRT S.R.L.","1969-12-15","TRENTO","F","DGRCST69T55L378Y","True","True","True","True","U17E47124B","B","2018-06-30","2025-12-15","TN8011707","2015-06-15","2024-12-20","","","","","","","","","True","2022-09-01","","47865","SRT S.R.L.","","Dipendente","RICHIESTA TESSERINO 16/04/2021. TESSERINO ARRIVATO 29/04/2021","2021-04-16 00:00","","2022-12-19 16:10","","","C3","DET","PT","12,00","False","","","","","False","True","2023-06-12 11:25","RICHIESTA TESSERINO PAT 22-25  13/04/2023 - TESSERINO 22-25 ARRIVATO 21/04/23 - TESSERINO ARRIVATO ERRATO","","2022-12-19 16:10:47.893000000","True","False","False","False","","OK","2022","2023-04-13 10:51","MORATELLO FRANCESCO","SAPI","2022-04-21","2022-04-21","{A41F9F66-C3CD-404B-BC46-D0A5A96B8F69}"
"DETASSIS","FRANCESCA","SRT S.R.L.","1987-01-13","","M","","False","True","True","True","U1M328285N","B","2005-12-19","2026-01-13","TN8010302","2008-10-14","2024-10-24","","","","","","","","","False","2022-09-01","","47865","SRT S.R.L.","","Dipendente","AGGIORNAMENTO IDONEITA'","2020-02-20 00:00","","2022-12-19 16:11","","","C3","INDET","PT","30,00","False","","","","","False","True","2023-07-05 22:01","","","2022-12-19 16:11:23.283000000","True","False","False","False","","","2020","2022-12-19 16:11","MORATELLO FRANCESCO","SAPI","2020-02-18","2020-02-18","{54614578-7A01-427B-840E-9B5E8FCEC3EB}"
"DETASSIS","IVANO","SRT S.R.L.","1962-11-01","","M","","False","False","True","True","U14T37702W","BCD","2020-06-04","2025-06-03","","","","U14T37702W95","","2020-06-30","","","","","","False","2022-12-19","","47865","SRT S.R.L.","","Dipendente","AGGIORNAMENTO IDONEITA'","2020-01-31 00:00","","2022-12-19 15:35","","","4 LIVELLO","INDET","TP","39,00","False","","","","","False","True","2023-07-05 22:01","","","2022-12-19 15:35:07.290000000","False","False","False","False","","","2020","2022-12-19 15:35","MORATELLO FRANCESCO","SAPI","2020-01-13","","{10AB1C72-C95B-4D7C-92E6-4454F438617B}"
"DOKO","ARJAN","SRT S.R.L.","1960-08-02","","M","","True","True","True","True","TN5439679K","BCDE","2020-09-30","2025-09-15","TN8011785","2016-01-18","","TN5439679K95","","2025-09-18","","","","","","False","2022-09-01","","47865","SRT S.R.L.","","Dipendente","EMETTERE TESSERINO 07/11/2019; TESSERINO ARRIVATO","2019-11-15 00:00","","2022-12-19 15:37","","","C2","INDET","TP","39,00","False","","","","","False","True","2023-07-05 22:01","MANCA VISITA MEDICA PER RICHIEDERE TESSERINO","","2022-12-19 15:37:33.750000000","True","False","False","False","","OK","2021","2022-12-19 15:37","MORATELLO FRANCESCO","SAPI","2021-02-25","2021-02-25","{147A1901-6122-463C-8956-D9007C3247C2}"
"FATTORELLI","CRISTIAN","SRT S.R.L.","1981-10-14","ROVERETO","M","FTTCST81R14H612P","True","True","True","True","U151E5241C","BCD","2021-12-14","2026-12-13","TN8008465","2008-02-15","","U151E5241C95","","2025-09-23","","","2003-04-07","2003-04-07","","False","2022-09-01","","47865","SRT S.R.L.","","Dipendente","AGGIORNAMENTO IDONEITA'","2020-01-31 00:00","","2022-12-19 15:40","","","C2","INDET","TP","40,00","False","","","","","False","True","2023-06-12 11:25","RICHIESTA TESSERINO PAT 22-25  13/04/2023 - TESSERINO ARRIVATO ERRATO","","2022-12-19 15:40:09.010000000","True","False","False","False","","OK","2022","2023-04-13 11:04","MORATELLO FRANCESCO","SAPI","2023-04-11","2023-04-11","{846A3CEA-43C9-4960-8880-9ABA9AE23434}"
"HOXHA","KRESHNIK","SRT S.R.L.","1975-01-24","BERAT","M","","True","True","True","True","TN5447153B","BCDE","2021-02-06","2026-01-29","TN8011826","2016-05-31","","TN5447153B95","","2026-02-04","","","2015-03-02","2016-02-08","2016-02-08","False","2022-09-01","","47865","SRT S.R.L.","","Dipendente","AGGIORNAMENTO IDONEITA'","2020-01-31 00:00","","2022-12-19 15:42","","","C2","INDET","PT","35,00","False","","","","","False","True","2023-07-05 22:01","RICHIESTA TESSERINO PAT 22-25  15/05/2023","","2022-12-19 15:42:50.777000000","True","False","False","False","","OK","2021","2023-05-15 14:35","MORATELLO FRANCESCO","SAPI","2022-12-01","2022-12-01","{7E10481A-C05A-4207-83CD-04EB8A51667C}"
"IQBAL","JAVED","SRT S.R.L.","1984-11-04","SIALKOT","M","","True","True","True","True","U156M0610L","BCDE","2022-12-16","2027-12-15","","","","U156M0610L95","","2023-07-25","","","","","","True","2022-09-01","","47865","SRT S.R.L.","","Dipendente","AGGIORNAMENTO IDONEITA'","2020-01-31 00:00","","2022-12-19 15:43","","","C2","INDET","TP","40,00","False","","","","","False","True","2023-07-05 22:01","RICHIESTA TESSERINO PAT 22-25  13/04/2023 - TESSERINO 22-25 ARRIVATO 21/04/23 - TESSERINO ARRIVATO ERRATO","","2022-12-19 15:43:46.230000000","True","False","False","False","","OK","2022","2023-04-13 11:29","MORATELLO FRANCESCO","SAPI","2023-04-11","2023-04-11","{2D0F9198-776D-43CC-AC2E-A0B7B10187C9}"
"ISCHIA","CARLA","SRT S.R.L.","1948-10-24","","M","","False","False","True","True","U1V775781W","B","2017-02-13","2022-10-24","TN8005936","1997-11-27","2022-01-18","","","","","","","","","False","2022-09-01","","47865","SRT S.R.L.","","Socio","AGGIORNAMENTO IDONEITA'","2020-02-11 00:00","","2022-12-19 15:52","","","","","","","False","","","","","False","False","2023-07-05 22:01"," | Categoria: Socio","","2022-12-19 15:52:06.060000000","False","False","False","False","","","2020","2022-12-19 15:52","MORATELLO FRANCESCO","SAPI","2020-02-05","","{C0BDFC62-16E1-4503-94C1-0B707AF2D32F}"
"ISCHIA","CARLA","SRT S.R.L.","1948-10-24","","M","","False","False","True","True","U1V775781W","B","2017-02-13","2022-10-24","TN8005936","1997-11-27","2022-01-18","","","","","","","","","False","2022-09-01","","47865","SRT S.R.L.","","coll. Familiare","AGGIORNAMENTO IDONEITA'","2020-02-11 00:00","","2022-12-19 16:11","","","","","","","False","","","","","False","False","2023-07-05 22:01"," | Categoria: coll. Familiare","","2022-12-19 16:11:54.753000000","False","False","False","False","","","2020","2022-12-19 16:11","MORATELLO FRANCESCO","SAPI","2020-02-05","","{FDEA392C-9236-4F35-90D3-50FF3978BE0A}"
"JILTEANU","GHEORGHE","SRT S.R.L.","1971-06-26","MOLDAVIA","M","","True","True","True","True","U12U36308G","BC","2020-07-06","2025-07-04","TN8011723","2015-08-13","","","","","","","","","","False","2022-09-01","","47865","SRT S.R.L.","","Dipendente","14/02/2022 RICHIESTA TESSERINO; TESSERINO ARRIVATO 25/02/2022","2022-02-14 00:00","","2022-12-19 16:12","","","","","","","False","","","","","False","True","2023-07-05 22:01","RICHIESTA TESSERINO PAT 22-25  11/04/2023","","2022-12-19 16:12:24.057000000","False","False","False","False","","OK","2023","2023-04-11 10:55","MORATELLO FRANCESCO","SAPI","2023-02-14","2023-02-14","{84CD5210-4CDC-4E55-BA0F-25C6587165FB}"
"KODRE","GEORGE CATALIN","SRT S.R.L.","1973-05-29","BORSA","M","","True","True","True","True","U154N9357Y","BCDE","2023-02-21","2025-08-08","TN8008050","2007-11-26","","U154N9357Y95","","2025-08-20","","","","","","False","2023-04-06","","47865","SRT S.R.L.","","Dipendente","","","","","","","","","","","True","","","","","False","True","2023-07-05 22:01","RICHIESTA TESSERINO PAT 22-25  05/06/2023","","","False","False","False","False","","OK","2022","2023-06-05 14:40","MORATELLO FRANCESCO","SAPI","2023-04-26","2023-04-26","{42BAD4D2-205D-4C1C-B154-AB241F659FEC}"
"LASORELLA","TIZIANA","SRT S.R.L.","1973-10-04","MILANO","F","LSRTZN73R44F205T","True","True","True","True","TN5428312X","BCD","2020-01-11","2024-12-04","TN8008262","2008-01-09","","TN5428312X95","","2024-12-23","","","","","","False","2022-09-01","","47865","SRT S.R.L.","","Dipendente","AGGIORNAMENTO IDONEITA'","2020-01-31 00:00","","2022-12-19 15:53","","","C2","INDET","TP","40,00","False","","","","","False","True","2023-06-12 11:25","RICHIESTA TESSERINO PAT 22-25  15/05/2023","","2022-12-19 15:53:11.640000000","True","False","False","False","","OK","2021","2023-04-11 11:38","MORATELLO FRANCESCO","SAPI","2022-12-01","2022-12-01","{1D516021-7F64-4327-95FD-991CD62479F3}"
"LAURINSKA","RENATA","SRT S.R.L.","1967-05-16","TOPOLCANY","F","","True","True","True","True","TN5405738E","BDE","2018-11-20","2023-11-20","","","","TN5405738E95","","2023-07-25","","","","","","False","2023-04-05","","47865","SRT S.R.L.","","Dipendente","","","","","","","","","","","False","","","","","False","True","2023-07-05 22:01","RICHIESTA TESSERINO PAT 22-25  31/05/2023","","","False","False","False","False","","OK","2022","2023-04-13 11:42","MORATELLO FRANCESCO","SAPI","2023-04-11","2023-04-11","{F5E9C9AC-CFA0-46AF-8937-01B72C3ECF31}"
"LEONI","SIMONE","SRT S.R.L.","1971-04-10","ARCO","F","LNESMN71D50A372V","True","True","True","True","U12P31742D","MB","2019-10-17","2030-04-10","TN8012167","2019-05-17","2024-05-14","","","","","","","","","False","2022-09-01","","47865","SRT S.R.L.","","DIPENDENTE","TESSERINO ARRIVATO","2021-02-01 00:00","","2022-12-19 15:54","","","C4","INDET","TP","39,00","False","","","","","False","True","2023-06-12 11:25","RICHIESTA TESSERINO PAT 22-25  15/05/2023","","2022-12-19 15:54:23.163000000","True","False","False","False","","OK","2022","2023-05-15 14:42","MORATELLO FRANCESCO","SAPI","2022-12-01","2022-12-01","{6F9DEFB1-A5FF-4395-B17B-A34F4DF31449}"
"OCHISOR","ION","SRT S.R.L.","1957-06-12","HINCESTI","M","","True","True","True","True","U146L7357T","BCD","2022-10-04","2023-10-03","TN8008296","2008-05-27","","U146L7357T95","","2025-09-23","","","2005-01-14","2007-05-15","","True","2022-09-01","","47865","SRT S.R.L.","","Dipendente","AGGIORNAMENTO IDONEITA'","2020-02-14 00:00","","2022-12-19 16:12","","","C2","INDET","TP","40,00","False","","","","","False","True","2023-07-05 22:01","RICHIESTA TESSERINO PAT 22-25  13/04/2023 - TESSERINO 22-25 ARRIVATO 21/04/23- TESSERINO ARRIVATO ERRATO","","2022-12-19 16:12:52.053000000","True","False","False","False","","OK","2021","2023-04-13 11:50","MORATELLO FRANCESCO","SAPI","2023-01-24","2023-01-24","{DEBB0121-7A4E-453F-8B33-BCD0C437EA67}"
"PELLEGRINI","WALTER","SRT S.R.L.","1989-09-11","TRENTO","M","PLLWTR89P11L378R","True","True","True","True","U15P56778P","B","2019-11-07","2030-09-11","TN8012194","2019-08-06","2024-08-01","","","","","","","","","False","2022-09-12","","47865","SRT S.R.L.","","Dipendente","","","","","","","","","","","True","","","","","False","True","2023-06-12 11:25","","","","False","False","False","False","","MANCA CASELLARIO X RICHIESTA TESSERINO","2022","2022-11-16 11:36","MORATELLO FRANCESCO","SAPI","2022-10-13","2022-10-13","{1B1ED3F3-B567-49BB-953B-C4E02AE0EFF7}"
"PISONI","MARIO","SRT S.R.L.","1965-06-16","ARCO","M","PSNMRA65H16A372D","True","True","True","True","U184G8374V","BCDE","2022-04-14","2027-04-13","TN8008254","2008-01-09","","U184G8374V95","","2025-09-23","","","1985-11-13","1997-03-14","1997-03-14","False","2023-03-01","","47865","SRT S.R.L.","","Dipendente","AGGIORNAMENTO IDONEITA'","2020-01-31 00:00","","2022-12-19 15:56","","","C2","INDET","TP","40,00","False","","","","","False","True","2023-06-12 11:25","RICHIESTA TESSERINO PAT 22-25  06/06/2023","","2022-12-19 15:56:22.887000000","True","False","False","False","","OK","2022","2023-06-06 11:43","MORATELLO FRANCESCO","SAPI","2023-04-11","2023-04-11","{564E5D36-6D2F-4D2B-99D3-EF72D268B369}"
"PUDDU","STEFANO","SRT S.R.L.","1973-12-25","SANT'ANTIOCO","M","PDDSFN73T25I294H","True","True","True","True","TN5424485E","BDE","2019-11-18","2024-11-18","","","","TN5424485E95","","2023-08-29","","","","","","False","2023-04-20","","47865","SRT S.R.L.","","Dipendente","","","","","","","","","","","True","","","","","False","True","2023-06-12 11:25","RICHIESTA TESSERINO PAT 22-25  07/06/2023","","","False","False","False","False","","OK","2022","2023-06-06 11:53","MORATELLO FRANCESCO","SAPI","2023-04-26","2023-04-26","{A7C7C20B-40C5-43A3-A2F3-E8BA3640EF58}"
"RIGHI","LUISA","SRT S.R.L.","1964-06-18","ARCO","F","RGHLSU64H58A372X","True","True","True","True","TN5439386P","BD","2020-09-25","2023-06-16","TN8010266","2008-10-01","","TN5439386P95","2013-02-12","2025-09-23","","","","2008-08-04","","True","2022-09-01","","47865","SRT S.R.L.","","Dipendente","AGGIORNAMENTO IDONEITA'","2020-01-31 00:00","","2022-12-19 15:57","","","C3","INDET","PT","21,00","False","","","","","False","True","2023-06-12 11:25","RICHIESTA TESSERINO PAT 22-25  11/04/2023 - TESSERINO 22-25 ARRIVATO 21/04/23 - TESSERINO ARRIVATO ERRATO","","2022-12-19 15:57:22.943000000","True","False","False","False","","OK","2021","2023-04-11 11:03","MORATELLO FRANCESCO","SAPI","2023-02-09","2023-02-09","{3BDE7FB6-3582-4AD0-A3CC-E04ECA606ABA}"
"RIZZI","CRISTIAN","SRT S.R.L.","1975-01-08","ROVERETO","M","RZZCST75A08H612D","True","True","True","True","TN5428310V","BCDE","2020-01-11","2024-11-27","TN8008709","2008-03-03","","TN5428310V95","","2024-12-23","","","","","","False","2022-09-01","","47865","SRT S.R.L.","","Autista a chiamata","AGGIORNAMENTO IDONEITA'","2020-01-31 00:00","","2022-12-19 15:59","","","C4","INDET","","","False","","","","","False","True","2023-06-12 11:25","RICHIESTA TESSERINO PAT 22-25  05/06/2023","","2022-12-19 15:59:01.087000000","True","False","False","False","","OK","2022","2023-05-15 14:45","MORATELLO FRANCESCO","SAPI","2023-03-01","2023-03-01","{929468F8-CCAC-4AA3-9BBE-D1B0006423B2}"
"SARTORELLI","ELIGIO","SRT S.R.L.","1948-01-03","","M","","False","False","True","True","U13N95857U","B","2019-09-06","2021-09-05","TN8009609","2014-09-09","","","","","","","1968-10-29","1969-11-29","","False","2022-09-01","","47865","SRT S.R.L.","","Titolare","AGGIORNAMENTO IDONEITA'","2020-01-31 00:00","","2022-12-19 16:01","","","","","","","False","","","","","False","True","2023-07-05 22:01"," | Categoria: Titolare","","2022-12-19 16:01:15.177000000","False","False","False","False","","","2020","2022-12-19 16:01","ROSINA ANDREA","SAPI","2019-12-10","2019-06-11","{C3A5EC4A-83C6-43DD-BE77-C09D127B1277}"
"SARTORELLI","LUCA","SRT S.R.L.","1974-08-31","","M","","False","False","True","True","U1V242579X","BCDE","2017-01-17","2022-01-16","TN8008628","2008-02-25","","U1V242579X95","","2020-09-09","","","1996-01-16","1996-01-16","1997-01-20","False","2022-09-01","","47865","SRT S.R.L.","","Titolare","AGGIORNAMENTO IDONEITA'","2020-01-31 00:00","","2022-12-19 16:05","","","","","","","False","","","","","False","True","2023-07-05 22:01"," | Categoria: Titolare","","2022-12-19 16:05:11.003000000","False","False","False","False","","","2020","2022-12-19 16:05","ROSINA ANDREA","SAPI","2019-12-18","2019-12-12","{F8BB731C-B477-4880-B547-FAE21DA034B2}"
"TURCAN","IURII","SRT S.R.L.","1972-07-28","CHISINAU","M","","True","True","True","True","TN5452457E","BD","2021-05-19","2026-01-25","","","","TN5452457E95","","2026-05-19","","","","","","True","2022-09-12","","47865","SRT S.R.L.","","Dipendente","","","","","","","","","","","False","","","","","False","True","2023-07-05 22:01","RICHIESTA TESSERINO PAT 22-25  11/04/2023 - TESSERINO 22-25 ARRIVATO 21/04/23 - TESSERINO ARRIVATO ERRATO","","","False","False","False","False","","OK","2022","2023-04-11 11:08","MORATELLO FRANCESCO","SAPI","2022-12-14","2022-12-14","{72137D91-0ABA-4709-82B8-D2FAA24FF364}"
"ZANONA","MARTINA","SRT S.R.L.","1997-05-19","TRENTO","F","ZNNMTN97E59L378U","True","True","True","True","TN5487065H","bd","2022-11-30","2027-02-18","TN8012492","2022-12-16","","TN5487065H95","","2027-11-30","","","","","","False","2023-01-09","","47865","SRT S.R.L.","","Dipendente","","","","","","","","","","","False","","","","","False","True","2023-06-12 11:25","RICHIESTA TESSERINO PAT 22-25  31/05/2023","","","False","False","False","False","","OK","2022","2023-04-11 11:15","MORATELLO FRANCESCO","SAPI","2023-01-24","2023-01-24","{7BA631D3-F2E5-4885-BACD-A9F3F87F28BD}"
"ADROGNA","ANNA","STENGHELE S.R.L.","1959-10-29","LAVARONE","F","DRGNNA59R69E492A","True","True","True","True","U127H7925J","BCD","2022-05-03","2026-10-29","","","","U127H7925J95","","2025-10-12","","","1991-12-13","1991-12-13","","True","2025-10-12","","46115","STENGHELE F.LLI SNC DI STENGHELE","","Dipendente","AGGIORNAMENTO IDONEITA'","2019-11-22 00:00","","2013-01-21 00:00","","","5","INDET","TP","40,00","False","","","","","False","True","2023-06-12 11:25","TESSERINO 22-25 ARRIVATO 16/03/23","0696","","False","False","True","False","","OK","2022","2022-10-12 15:55","QUINTARELLI EMANUELE","SAPI","2022-09-22","2022-09-22","{522B40D6-3FEF-4691-A83E-2E6D54261259}"
"BERTOLDI","ALBERTO","STENGHELE S.R.L.","1981-08-30","","M","","True","True","True","True","TN5435954H","BCDE","2020-08-11","2025-06-22","","","","TN5435954H95","","2025-07-30","","","2002-06-28","2010-06-11","2010-06-11","True","2016-01-07","","46115","STENGHELE F.LLI SNC DI STENGHELE","","Dipendente","AGGIORNAMENTO IDONEITA'","2019-12-20 00:00","","2022-09-30 00:00","","","5","INDET","TP","40,00","False","","","","","False","True","2023-07-05 22:01","TESSERINO 22-25 ARRIVATO 16/03/23","2176","","False","False","True","False","","OK","2022","2023-03-07 15:09","QUINTARELLI EMANUELE","SAPI","2022-12-21","2022-12-21","{31BB29D9-82C2-4FFE-ABE9-F814BE521BBF}"
"LUNELLI","FRANCO","STENGHELE S.R.L.","1964-12-16","LAVARONE","M","LNLFNC64T16E492U","True","True","True","True","TN5493305J","BCDE","2023-03-22","2026-12-14","TN8003511","1995-02-06","","TN5493305J95","","2028-01-31","","","","1986-05-05","","False","","","46115","STENGHELE F.LLI SNC DI STENGHELE","","Autista a chiamata","AGGIORNAMENTO IDONEITA'","2019-12-20 00:00","","2012-11-28 00:00","","","4","INDET","","","False","","","","","False","True","2023-06-12 11:25","","0697","","False","False","True","False","","","2023","2023-04-18 10:51","QUINTARELLI EMANUELE","SAPI","2023-04-13","2023-04-13","{300072BE-391E-41BB-9FB1-7DAF7D03305E}"
"LUNELLI","PAOLO","STENGHELE S.R.L.","1971-10-22","TRENTO","M","LNLPLA71R22L378N","True","True","True","True","TN5493304K","BCDE","2023-03-22","2024-11-28","TN8005481","1996-06-04","","TN5493304K95","","2028-01-31","","","1993-10-05","1993-10-05","1993-10-05","False","","","46115","STENGHELE F.LLI SNC DI STENGHELE","","Autista a chiamata","AGGIORNAMENTO IDONEITA'","2019-12-20 00:00","","2012-11-28 00:00","","","4","INDET","","","False","","","","","False","True","2023-06-12 11:25","","0698","","False","False","True","False","","","2020","2021-02-05 00:00","QUINTARELLI EMANUELE","","2020-12-18","2020-12-18","{0F85585F-368A-44E9-AAE2-7C9989A097C4}"
"STENGHELE","ALDO","STENGHELE S.R.L.","1955-09-26","LAVARONE","M","STNLDA55P26E492E","True","True","True","True","VI5679083J","BCD","2022-06-03","2024-05-02","","","","VI5679083J95","","2025-10-12","","","","1977-01-25","","True","","","46115","STENGHELE F.LLI SNC DI STENGHELE","","Titolare","","2019-04-10 00:00","","","","","","","","","False","","","","","False","True","2023-06-12 11:25","TESSERINO 22-25 ARRIVATO 21/04/23","0694","","False","False","False","False","","OK","","","","","","","{275A252B-E335-4B8F-B832-EE6C48652441}"
"STENGHELE","ALESSIA","STENGHELE S.R.L.","1984-07-13","TRENTO","F","STNLSS84L53L378T","True","True","True","True","U178J3074X","BDE","2022-06-30","2027-06-28","","","","U178J3074X95","","2025-10-12","","","","2007-05-22","2016-06-17","False","2005-11-04","","46115","STENGHELE F.LLI SNC DI STENGHELE","","Dipendente","AGGIORNAMENTO IDONEITA e RICHIESTA DUPLICATO TESSERINO","2019-11-21 00:00","","2013-01-21 00:00","","","5","INDET","TP","40,00","False","","","","","False","True","2023-06-12 11:25","","0960","","False","False","True","False","","OK","2022","2022-07-11 00:00","QUITARELLI EMANUELE","SAPI","2022-06-30","2022-06-30","{AC38045E-5F0B-4122-8FA5-03D021CE75CE}"
"STENGHELE","ISABELLA","STENGHELE S.R.L.","1989-08-11","TRENTO","F","STNSLL89M51L378X","True","True","True","True","U142J6908X","BCDE","2022-06-16","2027-06-15","","","","U142J6908X95","","2024-09-25","","","2013-07-05","2013-12-20","2016-06-17","False","2008-08-01","","46115","STENGHELE F.LLI SNC DI STENGHELE","","Dipendente","AGGIORNAMENTO IDONEITA'","2019-11-22 00:00","","2013-01-21 00:00","","","5","INDET","TP","40,00","False","","","","","False","True","2023-06-12 11:25","","1626","","False","False","True","False","","OK","2022","2023-03-21 15:37","QUINTARELLI EMANUELE","SAPI","2022-09-06","2022-09-06","{F91C8343-FC07-4863-9CA3-55877413BF43}"
"TRIFILETTI","ALESSIO","STENGHELE S.R.L.","1972-12-06","","M","","True","True","True","True","TN5423478F","BCDE","2019-10-17","2024-10-08","","","","TN5423478F95","","2024-10-09","","","","","","True","2022-07-01","","46115","STENGHELE F.LLI SNC DI STENGHELE","","Dipendente","RICHIESTA TESSERINO 11/08/2022","2022-08-11 00:00","","2022-09-30 00:00","","","","","","","False","","","","","False","True","2023-07-05 22:01","TESSERINO 22-25 ARRIVATO 18/10/2022","2863","2022-08-14 17:48:02.093000000","False","False","True","False","","OK","2023","2023-03-21 14:12","QUINTARELLI EMANUELE","SAPI","2023-03-16","2023-03-16","{D0143250-5E74-4A0A-99D9-3317432089D0}"
"ECCHER","ANITA","SVALDI PIERINO","1952-12-13","","M","","True","True","True","True","TN544423U","B","2020-12-16","2025-12-13","TN8008605","2008-02-21","","","","","","","","","","False","","","46018","SVALDI PIERINO","","coll. Familiare","AGGIORNAMENTO IDONEITA'","2019-12-04 00:00","","2022-09-29 00:00","","","","","","","False","","","","","False","True","2023-07-05 22:01"," | Categoria: coll. Familiare","0705","","False","False","False","False","","OK","2021","2022-09-27 11:26","QUINTARELLI EMANUELE","SAPI","2021-11-05","2021-11-05","{FECF33EC-772C-42E3-8F8D-E10B6E478DBC}"
"SVALDI","CHRISTIAN","SVALDI PIERINO","1979-03-27","","M","","True","True","True","True","U174D1302K","BCDE","2021-10-30","2026-10-29","","","","U174D1302K95","","2022-03-31","","","2000-12-21","2000-12-21","2009-10-19","False","","","46018","SVALDI PIERINO","","coll. Familiare","AGGIORNAMENTO IDONEITA'","2019-12-02 00:00","","2012-10-02 00:00","","","","","","","False","","","","","False","True","2023-07-05 22:01"," | Categoria: coll. Familiare","0709","","False","False","False","False","","OK","2021","2022-09-27 11:30","QUINTARELLI EMANUELE","SAPI","2021-11-05","2021-11-05","{482A9803-3F75-44F5-A3A3-8E3EA74B126B}"
"SVALDI","MIRKO","SVALDI PIERINO","1984-08-07","","M","","True","True","True","True","TN5431843N","BCDE","2020-03-18","2025-01-21","BS8017605","2008-07-03","","TN5431843N95","","2025-03-03","","","","2007-05-30","","False","","","46018","SVALDI PIERINO","","coll. Familiare","AGGIORNAMENTO IDONEITA'","2019-12-02 00:00","","2012-10-02 00:00","","","","","","","False","","","","","False","True","2023-07-05 22:01"," | Categoria: coll. Familiare","1177","","False","False","False","False","","OK","2021","2022-09-27 11:34","QUINTARELLI EMANUELE","SAPI","2021-10-14","2021-10-14","{BBD0FE29-58FF-4032-BBA7-767AB1C5DAF9}"
"SVALDI","PIERINO","SVALDI PIERINO","1947-08-10","","M","","True","True","True","True","U11X86008W","BC","2020-12-15","2023-05-08","","","","","","","","","1982-01-18","1982-01-18","","True","","","46018","SVALDI PIERINO","","Titolare","","2019-04-10 00:00","","","","","","","","","False","","","","","False","True","2023-07-05 22:01","TESSERINO 22-25 ARRIVATO 21/04/23","0704","","False","False","False","False","","OK","2020","2021-02-05 00:00","QUINTARELLI EMANUELE","","2020-11-20","2020-11-20","{CA4A9D2B-D1B1-4504-B61A-0A5DFD696A3D}"
"TAMBURINI","MARIO","TAMBURINI MARIO","1971-05-03","","M","","True","True","True","True","TN5433564C","BD","2020-06-30","2025-06-18","TN5433564C95","2008-02-21","","TN548564C95","","2025-06-23","","","","2005-07-11","","True","","","46068","TAMBURINI MARIO","","Titolare","AGGIORNAMENTO IDONEITA'","2019-08-08 00:00","","","","","","","","","False","","","","","False","True","2023-07-05 22:01","TESSERINO 22-25 ARRIVATO 05/01/20223","0711","","False","False","False","False","","OK","2020","2022-08-03 17:21","BENEDETTI ALESSANDRO","SAPI","2019-07-18","2019-07-18","{9308FF50-3383-4DB2-92E3-BE87108BDFE9}"
"VICENTINI","SARA","TAMBURINI MARIO","1971-02-22","","M","","True","True","True","True","U12F00998N","B","2018-07-19","2029-02-22","TN8006035","1998-07-28","2023-07-19","","","","","","","","","True","","","46068","TAMBURINI MARIO","","Associato in partecipazione","AGGIORNAMENTO IDONEITA'","2019-10-28 00:00","","2012-09-28 00:00","","","","","","","False","","","","","False","True","2023-07-05 22:01","TESSERINO 22-25 ARRIVATO 16/01/2023","0712","","False","False","False","False","","OK","2022","2022-12-28 16:30","BENEDETTI ALESSANDRO","SAPI","2022-11-17","2022-11-17","{44CA9E9D-1D84-4749-B7C0-CB9F6F7544FD}"
"STABLUM","FRANCO","TAXI TRAVEL DI STABLUM FRANCO","1962-04-07","","M","","True","True","True","True","TN5444302U","BD","2020-12-11","2025-11-25","TN8008593","2008-02-21","","TN5444302U95","","2025-11-27","","","","","","True","","","46514","STABLUM FRANCO","","Titolare","","","","","","","","","","","False","","","","","False","True","2023-07-05 22:01","TESSERINO 22-25 ARRIVATO 05/01/20223","2852","2022-08-11 13:54:55.973000000","False","False","False","False","","OK","","","","","","","{FF9A718E-906B-4732-B0E0-5022C61961FC}"
"GENTILINI","ANGELA","TAXI VIAGGI VALENTINELLI DI VALENTINELLI GIORGIO & C. SNC","1958-08-10","","M","","True","True","True","True","TN5439668X","BCD","2020-09-30","2023-08-09","","","","TN5439668X95","","2025-09-21","","","","","","True","","","47073","TAXI VIAGGI VALENTINELLI & C. SNC","","Socio","AGGIORNAMENTO IDONEITA'.NO CORSO AUTISTI","2019-11-14 00:00","","2013-07-02 00:00","","","","","","","False","","","","","False","True","2023-07-05 22:01","TESSERINO 22-25 ARRIVATO 16/03/23","2149","","False","False","False","False","","OK","2023","2023-03-10 15:49","LOCATELLI ALBERTO","SAPI","2023-02-10","2023-02-10","{F9F47EE8-8A27-4E07-A202-B91A402A55DA}"
"GENTILINI","NADIA","TAXI VIAGGI VALENTINELLI DI VALENTINELLI GIORGIO & C. SNC","1971-01-19","","M","","True","True","True","True","U190K5349P","BCD","2022-09-03","2027-09-02","","","","U190K5349P95","","2025-09-21","","","","","","True","1997-11-21","","47073","TAXI VIAGGI VALENTINELLI & C. SNC","","Dipendente","AGGIORNAMENTO IDONEITA'","2019-11-14 00:00","","2013-07-02 00:00","","","3","INDET","TP","39,00","False","","","","","False","True","2023-07-05 22:01","TESSERINO 22-25 ARRIVATO 21/04/23","2150","","False","True","False","False","","OK","2023","2023-03-10 15:49","LOCATELLI ALBERTO","SAPI","2023-02-10","2023-02-10","{98907EB8-AA0A-4BC0-8BE8-CFC971D6872F}"
"MAGNONI","DIEGO","TAXI VIAGGI VALENTINELLI DI VALENTINELLI GIORGIO & C. SNC","1971-10-01","","M","","True","True","True","True","TN5439665L","BCD","2020-09-30","2024-05-07","","","","TN5439665L95","","2025-09-21","","","","","","True","2003-12-22","","47073","TAXI VIAGGI VALENTINELLI & C. SNC","","Dipendente","AGGIORNAMENTO IDONEITA'","2019-11-14 00:00","","2013-07-02 00:00","","","3","INDET","TP","47,00","False","","","","","False","True","2023-07-05 22:01","TESSERINO 22-25 ARRIVATO 21/04/23","2151","","False","True","False","False","","OK","2021","2023-03-10 15:50","LOCATELLI ALBERTO","SAPI","2022-09-09","2022-09-09","{AA3A979C-699C-4E81-A1F8-4A661ABDF73E}"
"VALENTINELLI","GESSICA","TAXI VIAGGI VALENTINELLI DI VALENTINELLI GIORGIO & C. SNC","1981-04-17","","M","","True","True","True","True","U144B1620K","BD","2021-06-19","2026-06-18","","","","U144B1620K95","","2025-09-21","","","","","","True","2007-12-01","","47073","TAXI VIAGGI VALENTINELLI & C. SNC","","Socio","AGGIORNAMENTO IDONEITA'","2019-11-14 00:00","","2013-07-02 00:00","","","","","","","False","","","","","False","True","2023-07-05 22:01","TESSERINO 22-25 ARRIVATO 21/04/23","2152","","False","False","False","False","","OK","2023","2023-03-10 15:50","LOCATELLI ALBERTO","SAPI","2023-02-10","2023-02-10","{3A498D19-3BA0-448B-82B4-4E161BDCA2F1}"
"VALENTINELLI","GIORGIO","TAXI VIAGGI VALENTINELLI DI VALENTINELLI GIORGIO & C. SNC","1954-05-11","","M","","True","True","True","True","TN5492552E","B","2023-03-09","2028-05-11","TN8009075","2008-04-22","","","","","","","","","","False","","","47073","TAXI VIAGGI VALENTINELLI & C. SNC","","Socio","AGGIORNAMENTO IDONEITA'","2019-08-05 00:00","","","","","","","","","False","","","","","False","True","2023-07-05 22:01","","2148","","False","False","False","False","","OK","2022","2023-03-10 15:52","LOCATELLI ALBERTO","SAPI","2022-09-09","2022-09-09","{D9F665ED-DB15-426B-B98A-F0734CF37E35}"
"VALENTINELLI","MASSIMO","TAXI VIAGGI VALENTINELLI DI VALENTINELLI GIORGIO & C. SNC","1984-09-02","","M","","True","True","True","True","U184D3392X","BD","2021-11-06","2026-11-05","","","","U184D3392X95","","2025-09-21","","","","","","True","2009-01-02","","47073","TAXI VIAGGI VALENTINELLI & C. SNC","","Socio","AGGIORNAMENTO IDONEITA'","2019-11-14 00:00","","2013-07-02 00:00","","","","","","","False","","","","","False","True","2023-07-05 22:01","TESSERINO 22-25 ARRIVATO 16/03/23","2153","","False","False","False","False","","OK","2022","2023-03-10 15:52","LOCATELLI ALBERTO","SAPI","2022-09-09","2022-09-09","{3751EDF1-5476-46EA-9A79-3BF89738CC7C}"
"ZAMPIERI","SERGIO","TAXI ZETA DI ZAMPIERI SERGIO","1972-09-10","","M","","True","True","True","True","U160L6189P","BCD","2022-10-13","2027-10-12","TN8009716","2008-07-22","","U160L6189P95","","2025-01-20","","","2002-11-05","2002-11-05","","True","","","46407","TAXI ZETA DI ZAMPIERI SERGIO","","Titolare","","2019-04-10 00:00","","","","","","","","","False","","","","","False","True","2023-07-05 22:01","TESSERINO 22-25 ARRIVATO 08/02/2023","0877","","False","False","False","False","","OK","","","","","","","{02C7652A-E258-4BC2-8BE4-2BA43FFEDB68}"
"MORESCHINI","PIERANTONIO","TAXI-MINIBUS-AUTOBUS PANIZZA S.A.S. DI ZENDELI ILIR","1970-02-18","PEIO","M","MRSPNT70B18G419T","True","True","True","True","BS6055731V","BC","2022-08-17","2027-05-21","BS8013902","2004-05-10","","","","","","","","","","True","2022-10-03","","47699","TAXI-MINIBUS-AUTOBUS PANIZZA S.A.S. DI ZENDELI ILIR","","Dipendente","","","","","","","","","","","True","","","","","False","True","2023-06-12 11:25","RICHIESTA TESSERINO PAT 22-25  28/02/2023 - TESSERINO 22-25 ARRIVATO 16/03/23","","","False","False","False","False","","OK","2022","2023-02-28 16:12","LOCATELLI ALBERTO","SAPI","2022-10-06","2022-10-06","{6ACFAF80-15A7-4B0D-969C-DAB42C372139}"
"PANIZZA","GIAMPAOLO","TAXI-MINIBUS-AUTOBUS PANIZZA S.A.S. DI ZENDELI ILIR","1973-08-11","","M","","True","False","True","True","U182L3988J","BCDE","2022-10-28","2025-10-27","BS8019016","2009-06-05","","U182L3988J95","","2025-09-01","","","","","","True","2020-07-01","","47699","TAXI-MINIBUS-AUTOBUS PANIZZA S.A.S. DI ZENDELI ILIR","","Dipendente","RICHIESTA TESSERINO 17/08/2020; TESSERINO ARRIVATO","2020-10-21 00:00","","2020-08-17 00:00","","","3","INDET","TP","39,00","False","","","","","False","True","2023-07-05 22:01","TESSERINO 22-25 ARRIVATO 18/10/2022","2651","","False","True","False","False","","OK","2022","2023-01-17 14:30","LOCATELLI ALBERTO","SAPI","2023-01-12","2023-01-12","{A922C350-6333-4545-AAE3-0E3071F69543}"
"ZENDELI","ILIR","TAXI-MINIBUS-AUTOBUS PANIZZA S.A.S. DI ZENDELI ILIR","1976-05-03","","M","","True","True","True","True","TN5431415L","BCD","2020-03-05","2025-02-27","","","","TN5431415L95","","2025-02-02","","","","","","True","","","47699","TAXI-MINIBUS-AUTOBUS PANIZZA S.A.S. DI ZENDELI ILIR","","Titolare","emettere tesserino 30/07/2020,: TESSERINO ARRIVATO","2020-10-21 00:00","","2020-07-30 00:00","","","","","","","False","","","","","False","True","2023-07-05 22:01","TESSERINO 22-25 ARRIVATO 18/10/2022","2649","","False","False","False","False","","OK","2021","2023-01-17 14:31","LOCATELLI ALBERTO","SAPI","2023-01-12","2023-01-12","{79F9A152-C99F-4C7A-B608-859C8C297507}"
"ZENDELI","KRENAR","TAXI-MINIBUS-AUTOBUS PANIZZA S.A.S. DI ZENDELI ILIR","1998-12-25","","M","","True","True","True","True","MI7848792E","BD","2022-09-02","2027-09-02","TN8012293","2020-09-25","2025-09-23","MI7848792E95","","2027-08-15","","","","","","True","2020-10-01","","47699","TAXI-MINIBUS-AUTOBUS PANIZZA S.A.S. DI ZENDELI ILIR","","Dipendente","RICHIESTA TESSERINO 22/04/2021.TESSERINO ARRIVATO","2020-08-28 00:00","","2021-04-22 00:00","","","","","","","False","","","","","False","True","2023-07-05 22:01","TESSERINO 22-25 ARRIVATO 18/10/2022","2655","","False","False","False","False","","OK","2023","2023-06-15 14:25","LOCATELLI ALBERTO","SAPI","2023-06-09","2023-06-09","{84EFCADC-739B-488D-A731-6AC456698750}"
"MICHELON","NADIA","TECNOBENZ DI VALLE GIOVANNI E GUIDO S.N.C.","1970-12-23","","M","","True","True","True","True","U1X824006N","B","2017-06-09","2027-12-23","","","","","","","","","","","","True","","","46154","TECNOBENZ DI VALLE GIOVANNI E GUIDO","","coll. Familiare","ATTESA DOCUMENTI PER TESSERINO. RICHIESTA TESSERINO PAT 22-25 15/09/2022","2022-09-15 00:00","","2022-09-15 00:00","","","","","","","False","","","","","False","True","2023-07-05 22:01","TESSERINO 22-25 ARRIVATO 16/09/2022","2867","2022-09-18 16:14:08.010000000","False","False","False","False","","OK","2022","2022-08-22 00:00","","SAPI","2022-02-22","2022-02-22","{F43C717B-F5B6-42BB-83B4-9EDB11296075}"
"VALLE","GIOVANNI","TECNOBENZ DI VALLE GIOVANNI E GUIDO S.N.C.","1969-04-21","","","","True","False","True","True","TN5402717U","BCDE","2018-10-08","2023-10-08","","","","TN5402717U95","","2023-08-29","","","","","","False","","","46154","TECNOBENZ DI VALLE GIOVANNI E GUIDO","9","Socio","","2019-04-10 00:00","TITOLARE OK","2013-01-24 00:00","","","","","","","False","","","","","","True","2023-07-05 22:01"," | Categoria: Titolare","0750","","False","False","False","","","","","","","","","","{08B19599-DEA5-4F18-8F68-F35D742FD363}"
"VALLE","GUIDO","TECNOBENZ DI VALLE GIOVANNI E GUIDO S.N.C.","1966-02-08","","M","","True","True","True","True","U115J1388C","BC","2022-06-07","2027-06-06","TN8006199","1999-08-16","","U115J1388C95","2008-10-01","","","","","","","True","","","46154","TECNOBENZ DI VALLE GIOVANNI E GUIDO","","Socio","","2019-04-10 00:00","","2013-01-24 00:00","","","","","","","False","","","","","False","True","2023-07-05 22:01","TESSERINO 22-25 ARRIVATO 05/01/20223","0749","","False","False","False","False","","OK","","","","","","","{F7796856-6AF0-4339-B0F5-A4B3DA669D96}"
"CALLIGARI","DONATO","TI PORTO IO TRASPORTO INFERMI DI PELLEGRIN ARNALDO","1957-06-13","","M","","True","True","True","True","TN5444459H","B","2020-12-17","2026-06-13","TN8011808","2016-03-21","","","","","","","","","","False","2018-07-01","","46663","TI PORTO IO","","Autista a chiamata","","2019-04-10 00:00","","2018-11-16 00:00","","","C2","DET","","","False","","","","","False","True","2023-07-05 22:01","","2443","","True","False","False","False","","OK","2022","2022-09-15 00:00","GRAVINA TOMMASO","","2022-02-15","","{F109B228-F61A-4A57-8F32-FC63E37F28C1}"
"FOLLADOR","ENOS","TI PORTO IO TRASPORTO INFERMI DI PELLEGRIN ARNALDO","1958-08-04","","M","","True","True","True","True","TN5482096G","BE","2022-08-18","2028-08-04","TN8008408","2008-02-07","","","","","","","","","","True","2021-11-04","","46663","TI PORTO IO","","Autista a chiamata","RICHIESTA TESSERINO PAT 22 25 15/09/2022","2022-09-15 00:00","","2022-09-15 00:00","","","","","","","False","","","","","False","True","2023-07-05 22:01","TESSERINO 22-25 ARRIVATO 16/09/2022","2870","2022-09-18 16:14:08.010000000","True","False","False","False","","OK","2022","2022-09-15 00:00","GRAVINA TOMMASO","","2022-02-15","2022-02-15","{C4AD3C55-FA84-4CE8-9F6F-06086D514E43}"
"PELLEGRIN","ARNALDO","TI PORTO IO TRASPORTO INFERMI DI PELLEGRIN ARNALDO","1959-02-15","","M","","True","True","True","True","U182K3939V","BCDE","2022-08-30","2023-08-29","TN8007887","2007-10-22","","U182K3939V95","","2024-11-25","","","1981-07-01","2002-11-19","2002-11-19","True","","","46663","TI PORTO IO","","Titolare","","2019-04-10 00:00","","2018-09-25 00:00","","","","","","","False","","","","","False","True","2023-07-05 22:01","TESSERINO 22-25 ARRIVATO 16/03/23","1132","","False","False","False","False","","OK","","","","","","","{2D755823-AC76-45C4-98DF-63C7BD39EE8A}"
"TOMASELLO","IVO","TI PORTO IO TRASPORTO INFERMI DI PELLEGRIN ARNALDO","1957-01-30","","M","","True","False","True","True","TN5454335J","B","2021-06-01","2027-01-30","","","","","","","","","","","","False","2018-07-01","","46663","TI PORTO IO","","Autista a chiamata","","2019-04-10 00:00","","2018-09-25 00:00","","","C2","DET","","","False","","","","","False","True","2023-07-05 22:01","","2431","","True","False","False","False","","OK","2022","2022-09-15 00:00","GRAVINA TOMMASO","","2022-02-15","2022-02-15","{626410E4-DA35-47DB-9F7F-8D2209831CA2}"
"CARETTONI","GIACOMO","TN SERVICE LORENZI SRL A CAPITALE RIDOTTO","1968-03-12","","M","","True","True","True","True","U141B616P","BCDE","2021-06-18","2026-06-17","","","","U141B616P95","","2025-07-22","","","","","","True","2019-02-11","","46977","TN SERVICE LORENZI SRLCR","","Dipendente","","2019-04-10 00:00","","2019-03-13 00:00","","","C2","DET","TP","40,00","False","","","","","False","True","2023-07-05 22:01","TESSERINO 22-25 ARRIVATO 16/03/23","2488","","True","False","False","False","","OK","2022","2022-09-16 00:00","","SAPI","2022-06-24","2022-06-24","{7A4400A7-F5B3-4041-9227-2ACF5BDD9837}"
"COLLINI","ROBERTO","TN SERVICE LORENZI SRL A CAPITALE RIDOTTO","1979-06-20","","M","","True","True","True","True","U148J5954W","BCDE","2022-06-20","2027-06-18","BS8014660","2006-10-05","","U148J5954W95","","2026-01-08","","","2000-10-23","2006-08-02","2006-08-02","True","2013-01-01","","46977","TN SERVICE LORENZI SRLCR","","Dipendente","AGGIORNAMETO IDONEITA'","2019-12-23 00:00","","2013-02-06 00:00","","","C2","INDET","TP","40,00","False","","","","","False","True","2023-07-05 22:01","TESSERINO 22-25 ARRIVATO 16/03/23","1821","","True","False","False","False","","OK","2022","2023-03-06 15:51","MORATELLO FRANCESCO","SAPI","2022-12-16","2022-12-16","{36E0A54E-541F-4859-98B5-B9DB6348689B}"
"FERRANDI","PONZIANO","TN SERVICE LORENZI SRL A CAPITALE RIDOTTO","1961-10-13","","M","","True","True","True","True","TN5435821K","BCDE","2020-08-07","2023-06-29","BS8015099","2007-10-02","","TN5435821K95","","2025-08-05","","","","","","True","2012-12-28","","46977","TN SERVICE LORENZI SRLCR","","Dipendente","AGGIORNAMENTO IDONEITA'","2019-12-23 00:00","","2013-02-13 00:00","","","C1","INDET","PT","27,00","False","","","","","False","True","2023-07-05 22:01","TESSERINO 22-25 ARRIVATO 16/03/23","1809","","True","False","False","False","","OK","2021","2023-03-06 15:50","","SAPI","2022-12-16","2022-12-16","{C9B83F8F-9AC4-4684-89E9-08C1BF34D54F}"
"FERRARI","FRANCA","TN SERVICE LORENZI SRL A CAPITALE RIDOTTO","1961-06-15","","M","","True","True","True","True","U12P78662K","B","2019-10-19","2025-06-16","TN8011483","2013-10-08","2023-09-07","","","","","","","","","False","2014-07-14","","46977","TN SERVICE LORENZI SRLCR","","Dipendente","RICHIESTA TESSERINO 27/04/2021.TESSERINO ARRIVATO 06/05/2021","2021-04-27 00:00","","2021-04-27 00:00","","","C2","INDET","PT","30,00","False","","","","","False","False","2023-07-05 22:01","","2722","","True","False","False","False","","MANCA AUTODICHIARAZIONE","2021","2021-04-27 00:00","MORATELLO FRANCESCO","SAPI","2021-03-20","2021-03-20","{2447CF95-EA44-4B50-85AF-B1E2B716387D}"
"PASI","GRAZIANO","TN SERVICE LORENZI SRL A CAPITALE RIDOTTO","1969-06-20","","M","","False","True","True","True","TN5426822B","BCDE","2019-12-07","2024-11-22","","","","TN5426822B95","","2024-11-26","","","1989-11-04","1989-11-04","1989-11-04","False","2013-01-01","","46977","TN SERVICE LORENZI SRLCR","","Dipendente","AGGIORNAMETO IDONEITA'","2019-11-13 00:00","","2013-02-06 00:00","","","C2","INDET","TP","40,00","False","","","","","False","True","2023-07-05 22:01","","1822","","True","False","False","False","","OK","2021","2022-09-22 12:54","","SAPI","2021-10-22","2021-10-22","{B326B2C8-1C03-4A73-8DA1-D9AF8AE3789A}"
"PICCINOTTI","DIEGO","TN SERVICE LORENZI SRL A CAPITALE RIDOTTO","1978-10-08","","M","","True","True","True","True","BS5980750K","BDE","2020-09-09","2025-08-22","","","","BS5980750K95","","2025-09-02","","","","","","False","2021-01-07","","46977","TN SERVICE LORENZI SRLCR","","Dipendente","RICHIESTA TESSERINO 27/04/2021.TESSERINO ARRIVATO 06/05/2021","2021-04-27 00:00","","2021-04-24 00:00","","","C2","DET","TP","40,00","False","","","","","False","True","2023-07-05 22:01","","2721","","True","False","False","False","","OK","2022","2022-09-22 12:51","","SAPI","2022-03-12","2022-03-12","{5A9B0587-BCC0-4047-BB51-83013DDC574C}"
"RIZZARDI","FRANCESCO","TN SERVICE LORENZI SRL A CAPITALE RIDOTTO","1963-06-14","","M","","True","True","True","True","U16J07347M","BCD","2019-02-09","2024-02-08","","","","U16J07347M95","","2020-09-09","","","2002-02-12","2004-02-12","","False","2015-12-31","","46977","TN SERVICE LORENZI SRLCR","","Dipendente","AGGIORNAMENTO IDONEITA'","2019-11-13 00:00","","2016-04-06 00:00","","","C2","INDET","PT","30,00","False","","","","","False","True","2023-07-05 22:01","","2198","","True","False","False","False","","OK","2021","2022-09-22 12:46","","SAOI","2021-10-22","2021-10-22","{95608C95-CB1D-47E8-936A-847946BA9AE4}"
"TAVELLI","ANDREA","TN SERVICE LORENZI SRL A CAPITALE RIDOTTO","1987-07-30","","M","","True","False","True","True","U11P46086K","BD","2019-11-01","2024-10-10","","","","U11P46086K95","","2020-12-03","","","","2009-11-11","","True","2013-01-01","","46977","TN SERVICE LORENZI SRLCR","","Titolare","AGGIORNAMENTO IDONEITA'","2019-12-23 00:00","","2013-02-06 00:00","","","","","","","False","","","","","False","True","2023-07-05 22:01","TESSERINO 22-25 ARRIVATO 21/04/23","1808","","False","False","False","False","","OK","2021","2022-09-22 12:43","","SAPI","2022-03-12","2022-03-12","{8BA3BDE4-52D2-4095-97DD-0756554CA448}"
"TISI","RENATA","TN SERVICE LORENZI SRL A CAPITALE RIDOTTO","1965-06-10","","F","","True","True","True","True","U111R9228H","BD","2023-05-18","2028-05-17","TN8009964","2008-08-11","","U111R9228H95","","2024-09-02","","","","","","True","2021-01-04","","46977","TN SERVICE LORENZI SRLCR","","Dipendente","","","","2022-09-27 00:00","","","","","","","False","","","","","False","True","2023-07-05 22:01","RICHIESTA TESSERINO PAT 22-25 27/09/2022 - TESSERINO PAT 22-25 ARRIVATO 05/10/2022","2864","2022-08-14 17:48:02.093000000","True","False","False","False","","OK","2021","2022-09-27 15:56","MORATELLO FRANCESCO","SAPI","2022-09-23","2022-09-23","{C1ABCC69-199E-40AB-B608-C45969F3DF77}"
"BONAFINI","PAOLO","TODESCHI AUTONOLEGGI S.R.L.","1970-08-25","","M","","True","True","True","True","TN5434092P","BCD","2020-07-09","2025-06-26","","","","TN5434092P95","","2025-07-03","","","","","","True","2009-08-28","","46768","TODESCHI AUTONOLEGGI S.R.L.","","Dipendente","AGGIORNAMENTO IDONEITA'","2020-06-19 00:00","","2012-12-17 00:00","","","3 SUPER","INDET","TP","39,00","False","","","","","False","True","2023-07-05 22:01","TESSERINO 22-25 ARRIVATO 05/01/20223","1206","","False","True","False","False","","OK","2022","2022-05-05 00:00","LOCATELLI ALBERTO","SAPI","2022-04-28","2022-04-28","{BCD5E103-9214-43F0-860E-DA6907CD5E69}"
"BRUNORI","IVANO","TODESCHI AUTONOLEGGI S.R.L.","1969-03-12","","M","","True","True","True","True","TN5438224K","BCDE","2020-09-09","2025-08-24","","","","TN5438224K95","","2025-08-26","","","1989-10-13","1990-09-24","1990-09-24","True","2017-09-11","","46768","TODESCHI AUTONOLEGGI S.R.L.","","Dipendente","AGGIORNAMENTO IDONEITA'","2019-11-14 00:00","","2017-09-21 00:00","","","3 SUPER","DET","TP","39,00","False","","","","","False","True","2023-07-05 22:01","TESSERINO 22-25 ARRIVATO 18/10/2022","2302","","False","True","False","False","","OK","2022","2023-01-24 11:30","LOCATELLI ALBERTO","SAPI","2022-12-16","2022-12-16","{4903C4AD-96B5-4C4F-9D40-A9C2FB9D1E81}"
"BUSSOLA","GIANNI","TODESCHI AUTONOLEGGI S.R.L.","1964-05-09","","M","","True","True","True","True","U17X34558T","BCDE","2021-01-23","2026-02-22","TN8011142","2011-11-08","","U17X34558T95","","2025-08-20","","","1991-01-28","1991-01-28","1991-01-28","True","2017-08-29","","46768","TODESCHI AUTONOLEGGI S.R.L.","","Dipendente","AGGIORNAMENTO IDONEITA'","2019-11-14 00:00","","2017-09-22 00:00","","","3 SUPER","DET","TP","39,00","False","","","","","False","True","2023-07-05 22:01","TESSERINO 22-25 ARRIVATO 27/01/2023","2301","","False","True","False","False","","OK","2022","2022-09-22 11:15","LOCATELLI ALBERTO","SAPI","2022-09-15","2022-09-15","{1D1966F2-C809-411C-B08B-87762E8A5B4F}"
"D'OVIDIO","MARCO","TODESCHI AUTONOLEGGI S.R.L.","1977-02-24","","M","","True","True","True","True","U195C8254U","BCDE","2021-09-22","2026-09-21","TN8006384","2000-09-28","","U195C8254U95","","2025-08-20","","","","","","True","2000-12-11","","46768","TODESCHI AUTONOLEGGI S.R.L.","","Dipendente","AGGIORNAMENTO IDONEITA'","2019-12-20 00:00","","2012-09-28 00:00","","","3 SUPER","INDET","TP","39,00","False","","","","","False","True","2023-07-05 22:01","TESSERINO 22-25 ARRIVATO 08/02/2023","0759","","False","True","False","False","","OK","2022","2023-01-24 11:31","LOCATELLI ALBERTO","SAPI","2022-12-16","2022-12-16","{51125D2A-554E-4054-A64F-692F5CA37254}"
"ESPOSITO","GIOVANNI","TODESCHI AUTONOLEGGI S.R.L.","1955-07-16","","M","","True","True","True","True","U176K8526L","BCD","2022-08-24","2024-08-23","TN8004648","1995-09-19","","U176K8526L95","","2025-09-09","","","","","","False","1997-02-04","","46768","TODESCHI AUTONOLEGGI S.R.L.","","Autista a chiamata","AUTISTA LICENZIATO.AUTISTA LICENZIATO. AUTISTA RIASSUNTO IN DATA 17/01/2020","2019-11-30 00:00","","2013-07-02 00:00","","","3 SUPER","INDET","","","False","","","","","False","True","2023-07-05 22:01"," | Categoria: Dipendente","0753","","False","True","False","False","","OK","2022","2022-05-11 00:00","LOCATELLI ALBERTO","SAPI","2022-01-14","2022-01-14","{595029AD-F669-4976-8D3E-C8A0ECED70D1}"
"PRUGNOLA","ENRICO","TODESCHI AUTONOLEGGI S.R.L.","1972-05-28","","M","","True","True","True","True","U182C7611K","BCDE","2021-09-15","2026-09-14","TN8006571","2001-09-19","","U182C7611K95","","2025-08-20","","","","","","True","2001-01-22","","46768","TODESCHI AUTONOLEGGI S.R.L.","","Dipendente","AGGIORNAMENTO IDONEITA'","2019-12-10 00:00","","2013-07-09 00:00","","","3 SUPER","INDET","TP","39,00","False","","","","","False","True","2023-07-05 22:01","TESSERINO 22-25 ARRIVATO 08/02/2023","0758","","False","True","False","False","","OK","2022","2023-01-24 11:32","BENEDETTI ALESSANDRO","SAPI","","2022-12-22","{404E9FC7-7069-46E2-ACBE-12BF6D065B2D}"
"TODESCHI","LORENZA","TODESCHI AUTONOLEGGI S.R.L.","1966-07-25","","M","","True","True","True","True","U1H104041C","B","2015-01-23","2025-07-25","TN8003501","1995-02-03","2025-10-29","","","","","","","","","True","","","46768","TODESCHI AUTONOLEGGI S.R.L.","","Socio - Consigliere Amministrazione","AGGIORNAMENTO IDONEITA'","2019-12-20 00:00","","2013-07-02 00:00","","","","","","","False","","","","","False","True","2023-07-05 22:01","TESSERINO 22-25 ARRIVATO 18/10/2022","0756","","False","False","False","False","","OK","2022","2023-01-24 11:34","LOCATELLI ALBERTO","SAPI","2022-12-16","2022-12-16","{FDE3B227-EB3D-45FB-82A3-89BBC92C500C}"
"TODESCHI","MATTEO","TODESCHI AUTONOLEGGI S.R.L.","1971-06-18","","M","","True","True","True","True","TN5437918K","BCDE","2020-09-04","2023-04-12","TN8008667","2006-02-27","","TN5437918K95","","2025-08-20","","","","","","True","","","46768","TODESCHI AUTONOLEGGI S.R.L.","","Socio - Consigliere Amministrazione","AGGIORNAMENTO IDONEITA' 14/11/2019, AGGIORNAMENTO IDONEITA'","2020-02-07 00:00","","2013-07-02 00:00","","","","","","","False","","","","","False","True","2023-07-05 22:01","TESSERINO 22-25 ARRIVATO 05/01/20223","0757","","False","False","False","False","","OK","2023","2023-01-24 11:35","LOCATELLI ALBERTO","SAPI","2023-01-20","2023-01-20","{04A770EB-FD09-40E5-B623-BE3E49D735D9}"
"TOSLLUKU","VLADIMIR","TODESCHI AUTONOLEGGI S.R.L.","1972-05-27","","M","","True","True","True","True","TN5467089M","BD","2021-03-03","2026-11-25","","","","TN5467089M95","","2026-03-03","","","","","","True","2022-02-01","","46768","TODESCHI AUTONOLEGGI S.R.L.","","Dipendente","RICHIESTA TESSERINO 03/05/2022.TESSERINO ARRIVATO 10/05/2022","2022-05-03 00:00","","2022-05-03 00:00","","","C3","DET","TP","40,00","False","","","","","False","True","2023-07-05 22:01","TESSERINO 22-25 ARRIVATO 18/10/2022","2820","","False","True","False","False","","OK","2022","2022-05-03 00:00","LOCATELLI ALBERTO","SAPI","2022-04-29","2022-04-29","{465DCC31-EE98-4152-A4C0-35A5EA0FC4B8}"
"LAI","MASSIMILIANO","TOLLER S.N.C. DI TOLLER CALLISTO E C.","1996-10-05","TRENTO","M","LAIMSM96R05L378V","True","True","True","True","TN5374773A","B","2017-05-05","2027-10-05","8012205","2019-09-17","2024-09-16","","","","","","","","","True","2023-01-02","","46168","TOLLER S.N.C. DI TOLLER CALLISTO E C.","","Dipendente","","","","","","","","","","","True","","","","","False","True","2023-06-12 11:25","RICHIESTA TESSERINO PAT 22-25  23/01/2023 - TESSERINO ARRIVATO 07/02","","","False","False","False","False","","OK","2022","2023-01-23 10:53","BEDENETTI ALESSANDRO","SAPI","2023-01-12","2023-01-12","{0873DE14-A05E-440A-9C6C-3EE7FCDE8740}"
"PEDERGNANA","STEFANO","TOLLER S.N.C. DI TOLLER CALLISTO E C.","1965-11-01","","M","","True","True","True","True","TN5426895M","BCDE","2019-12-10","2024-11-22","","","","TN5426895M95","","2024-12-09","","","","","","False","2014-02-07","","46168","TOLLER S.N.C. DI TOLLER CALLISTO E C.","","Dipendente","AGGIORNAMENTO IDONEITA'","2019-12-24 00:00","","2014-09-24 00:00","","","3 SUPER","INDET","TP","39,00","False","","","","","False","True","2023-07-05 22:01","","1982","","False","True","False","False","","OK","2021","2022-04-12 00:00","BENEDETTI ALESSANDRO","SAPI","2021-12-09","2021-12-09","{3BE6547D-CA5F-44B6-97BB-96E9767E8E53}"
"PELLEGRINI","FABIO","TOLLER S.N.C. DI TOLLER CALLISTO E C.","1973-01-07","ROMA","M","PLLFBA73A07H501D","True","True","True","True","TN5417996X","BDE","2019-07-19","2024-07-19","","","","TN5417996X95","","2023-06-20","","","","","","True","2022-11-21","","46168","TOLLER S.N.C. DI TOLLER CALLISTO E C.","","Dipendente","","","","","","","","","","","True","","","","","False","True","2023-06-12 11:25","RICHIESTA TESSERINO PAT 22-25  23/01/2023 - TESSERRINO ARRIVATO 07/02/23","","","False","False","False","False","","OK","2022","2023-01-23 10:58","BENEDETTI ALESSANDRO","SAPI","2022-09-22","2022-09-22","{54BF496B-BE9A-4BF9-B2FE-0977ED1218A8}"
"TOLLER","ARIANNA","TOLLER S.N.C. DI TOLLER CALLISTO E C.","1997-03-15","","M","","True","True","True","True","TN5347000P","B","2016-01-11","2026-03-15","TN8012083","1997-03-15","2023-09-05","","","","","","","","","True","","","46168","TOLLER S.N.C. DI TOLLER CALLISTO E C.","","Socio Dipendente","RICHIESTA TESSERINO 01/09/2022.TESSERINO ARRIVATO 13/09/2022","2022-09-01 00:00","","2022-09-01 00:00","","","","","","","False","","","","","False","True","2023-07-05 22:01","TESSERINO 22-25 ARRIVATO 13/09/2022","2868","2022-09-18 16:14:08.010000000","False","False","False","False","","OK","2022","2022-09-01 00:00","","SAPI","2022-06-30","2022-06-30","{4ADF4FB4-72B1-410C-B106-2957EFD5F70A}"
"TOLLER","VALENTINO","TOLLER S.N.C. DI TOLLER CALLISTO E C.","1963-02-07","","M","","True","True","True","True","U129N0196M","BCDE","2023-02-03","2028-02-02","TN8009624","2008-07-16","","U129N0196M95","","2025-11-18","","","","","","True","","","46168","TOLLER S.N.C. DI TOLLER CALLISTO E C.","","Titolare","","2019-04-10 00:00","","2012-09-17 00:00","","","","","","","False","","","","","False","True","2023-07-05 22:01","TESSERINO 22-25 ARRIVATO 21/04/23","0766","","False","False","False","False","","OK","","","","","","","{23528149-DA4F-4BF7-AC5F-E2540A0C7AA6}"
"MOSCHEN","CRISTINA","TOMA SPEED DI TOMASELLI PIERGIORGIO","1969-02-10","","M","","True","True","True","True","U15R82754K ","B","2020-01-11","2025-02-10","BZ8016088","2009-09-09","2025-08-19","","","","","","","","","True","2010-05-05","","46804","TOMA SPEED DI TOMASELLI PIERGIORGIO","","coll. Familiare","AGGIORNAMENTO IDONEITA'","2019-11-20 00:00","","2012-09-28 00:00","","","","","","","False","","","","","False","True","2023-07-05 22:01","TESSERINO 22-25 ARRIVATO 05/01/20223","1583","","False","False","False","False","","OK","2022","2022-11-18 11:18","QUINTARELLI EMANUELE","SAPI","2022-11-11","2022-11-11","{E7BAFFF0-2A00-4667-8124-D5DDBDCDE55D}"
"TOMASELLI","ALESSANDRO","TOMA SPEED DI TOMASELLI PIERGIORGIO","1999-06-26","","M","","True","True","True","True","TN5399081H","B","2018-07-31","2029-06-26","TN8012418","2022-05-31","2027-05-26","","","","","","","","","True","2022-07-01","","46804","TOMA SPEED DI TOMASELLI PIERGIORGIO","","coll. Familiare","RICHIESTA TESSERINO 11/07/2022. FA CORSO AL POSTO DI PIERGIORGIO.TESSERINO ARRIVATO 29/07/2022","2022-07-11 00:00","","2022-07-04 00:00","","","","","","","False","","","","","False","True","2023-07-05 22:01","TESSERINO 22-25 ARRIVATO 18/10/2022","2825","","False","True","False","False","","OK","2022","2022-07-04 00:00","QUINTARELLI EMANUELE","SAPI","2022-07-01","2022-07-01","{10472E6A-3ABF-4BCE-83E8-DE7EE3597906}"
"TOMASELLI","PIERGIORGIO","TOMA SPEED DI TOMASELLI PIERGIORGIO","1966-05-21","","M","","True","True","True","True","U121P2945W","BCD","2023-03-28","2028-03-27","TN8011726","2015-08-28","","U121P2945W95","","2025-06-25","","","1987-06-08","2008-04-06","","True","","","46804","TOMA SPEED DI TOMASELLI PIERGIORGIO","","Titolare","","2019-04-10 00:00","","","","","","","","","False","","","","","False","True","2023-07-05 22:01","TESSERINO 22-25 ARRIVATO 05/01/20223","1318","","False","False","False","False","","OK","","","","","","","{E7BF2B09-E43A-4367-8BB0-7B2FBB277054}"
"PANIZZA","CLAUDIO","TONALE VIAGGI DI PANIZZA CLAUDIO","1980-05-06","","M","","True","True","True","True","U131P6706W","BCDE","2023-04-04","2024-04-03","","","","U131P6706W95","","2025-10-28","","","2000-11-15","2001-10-17","","True","","","47459","TONALE VIAGGI DI PANIZZA CLAUDIO","","Titolare","","2019-04-10 00:00","","","","","","","","","False","","","","","False","True","2023-07-05 22:01","TESSERINO 22-25 ARRIVATO 21/04/23","2408","","False","False","False","False","","OK","","","","","","","{E61E7D06-FF5E-4B0B-B99D-4437AC3CF30E}"
"VIVALDI","TIZIANA","TORBOLE TOUR S.N.C. DI ZANELLA LUCA E C.","1973-02-27","","M","","True","True","True","True","TN5469433P","BD","2022-01-28","2027-01-17","","","","TN5469433P95","","2027-01-20","","","","","","True","","","46081","TORBOLE TOUR S.N.C. DI ZANELLA LUCA E C.","","Socio e Collab. Famigliare","AGGIORNAMENTO IDONEITA'","2021-02-24 00:00","","2012-10-17 00:00","","","","","","","True","","","","","False","True","2023-07-05 22:01","TESSERINO 22-25 ARRIVATO 08/02/2023","0002","","False","False","False","False","","OK","2022","2022-08-17 00:00","MORATELLO FRANCESCO","SAPI","2022-05-05","2022-05-05","{E217AF0D-F95F-4B50-AE63-1CFBFF017EC9}"
"ZANELLA","LUCA","TORBOLE TOUR S.N.C. DI ZANELLA LUCA E C.","1969-11-29","","M","","True","False","True","True","TN5468975H","BCD","2022-01-20","2027-01-10","","","","TN5468975H95","","2027-01-13","","","2001-01-29","2001-01-29","","True","","","46081","TORBOLE TOUR S.N.C. DI ZANELLA LUCA E C.","","Titolare","","2019-04-10 00:00","","","","","","","","","False","","","","","False","True","2023-07-05 22:01","TESSERINO 22-25 ARRIVATO 14/10/22","0001","","False","False","False","False","","OK","","","","","","","{18CA21A5-E66A-4745-9396-B6DDC29DBA5B}"
"BONOMO","DANIELE","TRENTINOBUS S.R.L.","1970-04-18","","M","","True","True","True","True","U17Z71669N","BCD","2021-05-19","2026-05-18","","","","U17Z71669N95","","2025-09-18","","","","","","True","2019-01-01","","46329","TRENTINOBUS S.R.L.","","Dipendente","","2019-04-10 00:00","","2019-01-30 00:00","","","C2","INDET","TP","40,00","False","","","","","False","True","2023-07-05 22:01","TESSERINO 22-25 ARRIVATO 16/03/23","2470","","True","False","False","False","","OK","2023","2023-03-07 08:28","BENEDETTI ALESSANDRO","SAPI","2023-01-19","2023-01-19","{E2EE636E-5AAD-4D52-87C3-C97AAF26A6C8}"
"CAZZOLLI","ANDREA","TRENTINOBUS S.R.L.","1959-11-30","","M","","True","True","True","True","U175J6005H","BCDE","2022-06-30","2024-06-28","","","","U175J6005H95","","2025-02-14","","","1981-12-23","1985-08-07","1985-08-07","False","2016-08-16","","46329","TRENTINOBUS S.R.L.","","Autista a chiamata","AGGIORNAMENTO IDONEITA'","2021-04-28 00:00","","2021-04-28 00:00","","","C2","DET","","","False","","","","","False","True","2023-07-05 22:01","","2214","","True","False","False","False","","OK","2023","2023-03-07 08:30","BENEDETTI ALESSANDRO","SAPI","2023-02-13","2023-02-13","{5DEC66B4-0E02-4938-A94A-82BD7FEAAF40}"
"CHEROTTI","STEFANO","TRENTINOBUS S.R.L.","1966-06-06","","M","","True","False","True","True","U1G999414X","B","2015-01-17","2025-06-06","TN8012180","2019-06-20","2024-06-20","U1G999414X95","","","","","","","","True","2022-03-07","","46329","TRENTINOBUS S.R.L.","","Autista a chiamata","RICHIESTA TESSERINO 12/09/2022","","","2022-09-12 00:00","","","","","","","False","","","","","False","True","2023-07-05 22:01","TESSERINO 22-25 ARRIVATO 18/10/2022","2818","","True","False","False","False","","OK","2022","2022-09-12 00:00","BENEDETTI ALESSANDRO","SAPI","2022-09-06","2022-09-06","{B60D467C-F593-4F59-B0E8-5E2437CB2F7E}"
"GIORDANI","STEVE","TRENTINOBUS S.R.L.","1977-06-18","","M","","True","True","True","True","U18W73480P","BD","2020-11-28","2025-11-27","TN8011010","2010-12-29","","U18W73480P95","","2025-09-22","","","","2006-02-07","","False","2014-02-01","","46329","TRENTINOBUS S.R.L.","","Dipendente","AGGIORNAMENTO IDONEITA'","2019-11-14 00:00","","2014-02-28 00:00","","","C2","INDET","TP","40,00","False","","","","","False","True","2023-07-05 22:01","","1928","","True","False","False","False","","OK","2022","2022-09-12 00:00","","SAPI","2022-02-01","2022-02-01","{58AF51E3-3EED-43F8-BE0B-D2DD9C115714}"
"HUDOROVIC","JOS","TRENTINOBUS S.R.L.","1983-01-07","","M","","True","True","True","True","TN5399069X","BD","2018-07-30","2023-07-30","","","","TN5399069X95","","2023-06-20","","","","","","False","2018-08-12","","46329","TRENTINOBUS S.R.L.","","Dipendente","AGGIORNAMENTO IDONEITA'","2019-11-14 00:00","","2018-09-11 00:00","","","C2","DET","TP","40,00","False","","","","","False","True","2023-07-05 22:01","","2414","","True","False","False","False","","OK","2021","2022-04-06 00:00","BENEDETTI ALESSANDRO","SAPI","2021-12-06","2021-12-06","{EE1E9232-59F5-486F-9C8C-00694AAEC045}"
"MAFFEI","FRANCESCA","TRENTINOBUS S.R.L.","1980-09-27","","M","","True","True","True","True","U147G4057M","BCD","2022-03-26","2027-03-25","TN8008014","2007-11-23","","U147G4057M95","","2025-09-18","","","2002-05-14","2002-05-14","","True","","","46329","TRENTINOBUS S.R.L.","","Socio","","2019-04-10 00:00","","2022-10-12 00:00","","","","","","","False","","","","","False","True","2023-07-05 22:01","TESSERINO 22-25 ARRIVATO 16/03/23","1929","","False","False","False","False","","OK","2022","2022-09-12 00:00","BENEDETTI ALESSANDRO","SAPI","2022-09-06","2022-09-06","{5AFBDDA7-41DC-4AC9-9AFE-C0A11985F3B3}"
"MAFFEI","PAOLO","TRENTINOBUS S.R.L.","1970-04-15","","M","","True","True","True","True","U190G6044S","BCD","2022-04-16","2027-04-15","TN8001841","1991-12-24","","U190G6044S95","","2025-09-18","","","","","","True","","","46329","TRENTINOBUS S.R.L.","","Titolare","","2019-04-10 00:00","","2022-10-12 00:00","","","","","","","False","","","","","False","True","2023-07-05 22:01","TESSERINO 22-25 ARRIVATO 21/04/23","1930","","False","False","False","False","","OK","","","","","","","{8875B8F7-06BB-4B71-BA0F-B4DE276EFD81}"
"POLANA","LIVIO","TRENTINOBUS S.R.L.","1960-10-10","","M","","True","True","True","True","U195G5763W","BCDE","2022-04-21","2024-04-20","TN8008310","2008-01-18","","U195G5763W95","","2025-09-05","","","","","","True","2020-12-15","","46329","TRENTINOBUS S.R.L.","","Autista a chiamata","EMETTERE TESSERINO 24/02/2021; TESSERINO ARRIVATO","2021-03-15 00:00","","2021-02-24 00:00","","","C2","DET","","","False","","","","","False","True","2023-07-05 22:01","TESSERINO 22-25 ARRIVATO 21/04/23","2704","","True","False","False","False","","OK","2022","2022-09-12 00:00","","SAPI","2022-07-07","2022-07-07","{0CB8379E-4128-4DBD-A4D0-6435AE42BED8}"
"RACCUIA","GIUSEPPE","TRENTINOBUS S.R.L.","1995-01-09","PATTI","M","RCCGPP95A09G377U","True","True","True","True","ME5503351C","BCDE","2022-06-16","2027-06-16","","","","ME5503351C95","","2026-06-10","","","","","","False","2022-09-12","","46329","TRENTINOBUS S.R.L.","","Dipendente","","","","","","","","","","","True","","","","","False","True","2023-06-12 11:25","RICHIESTA TESSERINO PAT 22-25  02/11/2022","","","False","False","False","False","","","2022","2022-11-02 14:22","BENEDETTI ALESSANDRO","SAPI","2022-10-10","2022-10-20","{802D1681-A2F2-4355-824B-23E685747FB6}"
"SOFIA","DAVIDE","TRENTINOBUS S.R.L.","1984-11-30","MILAZZO","M","SFODVD84S30F206E","True","True","True","True","ME5506834S","BD","2022-08-19","2027-06-16","","","","ME5506834S95","","2027-08-19","","","","","","False","2022-09-12","","46329","TRENTINOBUS S.R.L.","","Dipendente","","","","","","","C2","DETERMINATO","TP","40,00","True","","","","","False","True","2023-06-12 11:25","RICHIESTA TESSERINO PAT 22-25  02/11/2022","","","False","False","False","False","","","2022","2022-11-02 15:09","BENEDETTI ALESSANDRO","SAPI","2022-10-20","2022-10-20","{74900140-1739-4C3E-A3EF-B0357FE1E0EA}"
"ALVERA'","PAOLO","VALBUS S.R.L.","1966-01-22","","M","","True","True","True","True","TN5435631Z","BCDE","2020-08-05","2023-12-18","TN8010377","2008-11-12","","TN5435631Z95","","2025-07-21","","","1985-01-23","2004-01-12","2004-01-12","True","2010-09-07","","46780","VALBUS S.R.L.","","Dipendente","AGGIORNAMENTO IDONEITA' 14/11/2019; AGGIORNAMENTO IDONEITA'","2020-09-16 00:00","","2013-07-08 00:00","","","C2","INDET","TP","40,00","False","","","","","False","True","2023-07-05 22:01","TESSERINO 22-25 ARRIVATO 05/01/20223","1594","","True","False","False","False","","OK","2022","2022-09-01 00:00","QUINTARELLI EMANUELE","SAPI","2022-08-26","2022-08-26","{17432E19-7528-4EAA-ACC8-CF1C12C128B1}"
"CAMPREGHER","IVO","VALBUS S.R.L.","1959-01-25","","M","","True","True","True","True","TN5462172Z","BCD","2021-09-30","2023-09-11","","","","TN5462172Z95","","2026-09-15","","","2004-03-17","2008-09-09","","True","2020-09-24","","46780","VALBUS S.R.L.","","Autista a chiamata","EMETTERE TESSERINO 01/10/2020; TESSERINO ARRIVATO","2020-10-13 00:00","","2020-10-01 00:00","","","C2","INDET","","","False","","","","","False","True","2023-07-05 22:01","TESSERINO 22-25 ARRIVATO 27/01/2023","2668","","True","False","False","False","","OK","2022","2022-09-01 00:00","QUINTARELLI EMANUELE","SAPI","2022-07-22","2022-07-22","{2B2EA49C-883E-41D0-8F86-0C4D556A10FA}"
"FILIPPI","FRANCO","VALBUS S.R.L.","1959-09-14","TRENTO","M","FLPFNC59P14L378D","True","True","True","True","U118N5074Y","BCDE","2023-01-27","2024-01-26","TN8008008","2007-11-15","","U118N5074Y95","","2025-09-10","","","","","","True","2022-09-28","","46780","VALBUS S.R.L.","","Autista a chiamata","","","","","","","","","","","True","","","","","False","True","2023-06-12 11:25","RICHIESTA TESSERINO PAT 22-25 08/11/2022 - TESSERINO ARRIVATO 21/04/23","","","False","False","False","False","","OK","2022","2022-11-04 14:46","QUINTARELLI EMANUELE","SAPI","2022-10-14","2022-10-14","{75D3488D-9643-4D27-BD54-9BBF736B26F6}"
"TASSAINER","ERICO","VALBUS S.R.L.","1975-09-30","","M","","True","True","True","True","TN5439976K","BCDE","2020-10-03","2025-01-20","","","","TN5439976K95","","2025-09-28","","","","","","True","2019-10-01","","46780","VALBUS S.R.L.","","Dipendente","EMETTERE TESSERINO 01/10/2019; TESSERINO ARRIVATO 10/10/19. AGGIORNAMENTO IDONEITA' 14/11/2019; AGGIORNAMENTO IDONEITA'","2020-09-16 00:00","","2019-10-01 00:00","","","C2","INDET","PT","24,00","False","","","","","False","True","2023-07-05 22:01","TESSERINO 22-25 ARRIVATO 27/01/2023","2155","","True","False","False","False","","OK","2022","2022-09-01 00:00","QUINTARELLI EMANUELE","SAPI","2022-08-26","2022-08-26","{5D32FFE4-41D4-4050-AC09-94333A9E9122}"
"TRENTO","LUCA","VALBUS S.R.L.","1990-04-28","TRIESTE","M","TRNLCU90D28L424L","True","True","True","True","TN5492999M","BCD","2023-03-16","2028-03-08","","","","TN5492999M95","","2028-03-16","","","","","","True","2015-11-09","","46780","VALBUS S.R.L.","","Titolare","AGGIORNAMENTO IDONEITA' 14/11/2019; AGGIORNAMENTO IDONEITA'","2020-09-16 00:00","","2015-11-04 00:00","","","","","","","False","","","","","False","True","2023-06-12 11:25","TESSERINO 22-25 ARRIVATO 18/10/2022","2164","","False","False","False","False","","OK","2022","2022-09-01 00:00","QUINATRELLI EMANUELE","SAPI","2022-08-26","2022-08-26","{792A4B7D-B218-4FE6-832D-1AA9BC820008}"
"TRENTO","PAOLO","VALBUS S.R.L.","1965-06-05","","M","","True","True","True","True","TN5424106U","BCDE","2019-10-29","2024-10-22","TN8010474","2009-01-27","","TN5424106U95","","2024-10-23","","","1994-06-06","1994-11-14","1994-11-14","True","2006-03-21","","46780","VALBUS S.R.L.","","Socio Dipendente","AGGIORNAMENTO IDONEITA' 14/11/2019; AGGIORNAMENTO IDONEITA'","2020-09-16 00:00","","2012-09-28 00:00","","","C2","INDET","TP","40,00","False","","","","","False","True","2023-07-05 22:01","TESSERINO 22-25 ARRIVATO 16/01/2023","1058","","True","False","False","False","","OK","2022","2022-09-01 00:00","QUINTARELLI PAOLO","SAPI","2022-08-26","2022-08-26","{630805D4-C68A-477A-A142-284C9DAC5C38}"
"BOURKO","ANNA MARIE JEANNE","VALDUGA FRANCESCO","1972-10-29","","M","","True","True","True","True","U112D1275C","BCD","2021-09-24","2026-09-23","TN8008251","2008-01-09","","U112D1275C95","","2025-08-03","","","2001-04-24","2001-04-24","","True","","","46054","VALDUGA FRANCESCO","","coll. Familiare","AGGIORNAMENTO IDONEITA'","2019-11-14 00:00","","2013-02-08 00:00","","","","","","","False","","","","","False","True","2023-07-05 22:01","TESSERINO 22-25 ARRIVATO 16/01/2023","0025","","False","False","False","False","","OK","2022","2022-12-28 10:42","QUINTARELLI EMANUELE","SAPI","2022-10-14","2022-10-14","{6E65C491-3DD6-4069-9303-36B286BC0FF3}"
"VALDUGA","FRANCESCO","VALDUGA FRANCESCO","1964-03-03","","M","","True","True","True","True","U139H7944X","BCDE","2022-05-07","2027-05-06","TN8004405","1995-09-14","","U139H7944X","","2025-08-03","","","1986-10-18","1986-10-18","1987-06-01","True","","","46054","VALDUGA FRANCESCO","","Titolare","AGGIORNAMENTO IDONEITA'","2019-11-18 00:00","","","","","","","","","False","","","","","False","True","2023-07-05 22:01","TESSERINO 22-25 ARRIVATO 05/01/20223","0024","","False","False","False","False","","OK","2022","2022-12-28 10:43","QUINTARELLI EMANUELE","SAPI","2022-10-14","2022-10-14","{636DE89E-A461-4975-A848-B5A1FAA07C56}"
"ABRAM","AMANDA","VIAGGI AMANDA SRL","1956-12-30","","M","","True","True","True","True","TN5474724F","B","2022-04-22","2027-12-31","TN8007930","2007-11-05","2027-04-28","","","","","","","","","True","","","46899","VIAGGI AMANDA SRL","","Titolare","","","","","","","","","","","False","","","","","False","True","2023-07-05 22:01","TESSERINO 22-25 ARRIVATO 05/01/20223","2860","2022-08-11 13:54:55.973000000","False","False","False","False","","OK","2022","2022-08-18 00:00","","SAPI","2022-07-12","2022-07-12","{CAC5CC23-20C2-4C16-A196-81A68490CEA8}"
"ARTINI","FABRIZIO","VIAGGI BORDATI EZIO & C. S.N.C.","1975-09-28","","M","","True","True","True","True","TN5450210N","BD","2021-04-14","2026-01-26","","","","TN5450210N","","2026-04-14","","","","","","False","2021-06-01","","46114","VIAGGI BORDATI EZIO & C. S.N.C.","","Dipendente","RICHIESTA TESSERINO 01/06/2021.TESSERINO ARRIVATO 11/06/2021","2021-06-01 00:00","","2021-06-01 00:00","","","C4","DET","TP","40,00","False","","","","","False","True","2023-07-05 22:01","","2730","","True","False","False","False","","OK","2022","2022-08-29 00:00","","ECO SPES","2022-07-01","2022-07-01","{E9503F76-11C3-49F3-8F6E-D2521B565DAD}"
"BORDATI","ALESSANDRO","VIAGGI BORDATI EZIO & C. S.N.C.","1976-10-30","","M","","True","True","True","True","TN5478467Y","BCDE","2022-06-22","2027-05-04","TN8007783","2007-09-17","","TN5478467Y95","","2027-05-31","","","1998-02-09","1998-02-09","2001-09-17","True","","","46114","VIAGGI BORDATI EZIO & C. S.N.C.","","Titolare","AGGIORNAMENTO IDONEITA' 26/11/2019; AGGIORNAMENTO IDONEITA'","2020-09-21 00:00","","","","","","","","","False","","","","","False","True","2023-07-05 22:01","TESSERINO 22-25 ARRIVATO 21/04/23","0032","","False","False","False","False","","OK","2022","2022-09-20 12:02","PAROLARI GIACOMO","ECO SPES","2022-09-19","2022-09-19","{3023F43C-696C-4853-92DC-0FC036F70ADA}"
"BORDATI","EZIO","VIAGGI BORDATI EZIO & C. S.N.C.","1945-04-09","","M","","True","True","True","True","U199N3327Y","BE","2023-03-20","2026-04-09","TN8008468","2008-02-15","2026-07-17","","","","","","","","","True","","","46114","VIAGGI BORDATI EZIO & C. S.N.C.","","Socio","AGGIORNAMENTO IDONEITA' 19/07/2019; AGGIORNAMENTO IDONEITA'","2020-09-21 00:00","","2012-09-28 00:00","","","","","","","False","","","","","False","True","2023-07-05 22:01","TESSERINO 22-25 ARRIVATO 21/04/23","0033","","False","False","False","False","","OK","2022","2022-09-13 00:00","PAROLARI GIACOMO ECO SPE","ECO SPES","2022-09-12","2022-09-12","{76C87389-AE32-4FEA-8C1D-1700F3D6F143}"
"DEL AGUILA AMIGO","CARLOS","VIAGGI BORDATI EZIO & C. S.N.C.","1987-08-19","","M","","True","True","True","True","TN5460135M","BDE","2021-09-15","2023-07-16","","","","TN5460135M95","","2026-09-15","","","","","","True","2021-12-01","","46114","VIAGGI BORDATI EZIO & C. S.N.C.","","Dipendente","RICHIESTA TESSERINO 27/12/2021.TESSERINO ARRIVATO 21/01/2022","2021-12-27 00:00","","2021-12-27 00:00","","","C4","DET","TP","40,00","False","","","","","False","True","2023-07-05 22:01","TESSERINO 22-25 ARRIVATO 16/03/23","2776","","True","False","False","False","","OK","2022","2022-12-16 14:19","PAROLARI GIACOMO","ECO SPES","","2022-12-01","{01E833F8-5F19-4FEC-AD0D-AAF504273647}"
"LUPI","VERONICA","VIAGGI BORDATI EZIO & C. S.N.C.","1987-10-20","PORTOFERRAIO","F","LPUVNC87R68G912O","True","True","True","True","U1N324417K","B","2015-12-31","2026-10-28","TN8012428","2022-07-25","2027-07-25","","","","","","","","","True","2022-12-01","","46114","VIAGGI BORDATI EZIO & C. S.N.C.","","Dipendente","","","","","","","","","","","True","","","","","False","True","2023-07-04 22:01","RICHIESTA TESSERINO PAT 22-25  29/12/2022 - TESSERINO 22-25 ARRIVATO 16/03/23","","","True","False","False","False","","OK","2022","2022-12-29 15:27","PAROLARI GIACOMO","ECO SPES","2022-12-14","2022-12-14","{C594C826-65B8-42FC-932B-4ABEDBB3C9F3}"
"PANGRAZZI","MAURO","VIAGGI BORDATI EZIO & C. S.N.C.","1957-08-27","","M","","True","True","True","True","U172J2276C","BCDE","2022-06-28","2024-08-27","","","","U172J2276C95","","2025-10-08","","","","","","True","2014-12-20","","46114","VIAGGI BORDATI EZIO & C. S.N.C.","","Autista a chiamata","AGGIORNAMENTO IDONEITA'. DIPENDENTE STAGIONALE. AUTISTA LICENZIATO.AUTISTA RIASSUNTO FINO A MARZO 2023","2020-01-17 00:00","","2013-01-22 00:00","","","C2","","","","False","","","","","False","True","2023-07-05 22:01","TESSERINO 22-25 ARRIVATO 21/04/23","1748","","True","False","False","False","","OK","2022","2022-09-13 00:00","PAROLARI GIACOMO","ECO SPES","2022-09-12","2022-09-12","{E20ECDC8-2BF1-4017-8C06-4478CE97836E}"
"VALENTI","MORIS","VIAGGI BORDATI EZIO & C. S.N.C.","1975-02-21","","M","","True","True","True","True","U13W02752D","BCDE","2020-10-24","2025-10-23","TN8008379","2008-02-01","","U13W02752D95","","2021-04-09","","","","","","True","2021-12-06","","46114","VIAGGI BORDATI EZIO & C. S.N.C.","","Dipendente","RICHIESTA TESSERINO 27/12/2021.TESSERINO ARRIVATO 21/01/2022","2021-12-27 00:00","","2021-12-27 00:00","","","C4","DET","TP","40,00","False","","","","","False","True","2023-07-05 22:01","TESSERINO 22-25 ARRIVATO 16/03/23","2777","","True","False","False","False","","OK","2022","2022-12-16 14:20","PAROLARI GIACOMO","ECO SPES","2022-12-01","2022-12-01","{FFD7A948-7CEF-4091-8B03-6B9667598F21}"
"VALERIO","GIORGIO","VIAGGI BORDATI EZIO & C. S.N.C.","1965-06-02","","M","","True","True","True","True","TN5477905B","BCD","2022-06-10","2026-03-17","TN8008265","2008-01-08","","TN5477905B95","","2027-05-17","","","1986-03-24","1986-03-24","","True","2015-01-03","","46114","VIAGGI BORDATI EZIO & C. S.N.C.","","Autista a chiamata","AGGIORNAMENTO IDONEITA' 05/08/2019; AGGIORNAMENTO IDONEITA'.DIPENDENTE STAGIONALE.AUTISTA LICENZIATO.AUTISTA RIASSUNTO FINO A  OTTOBRE 2022","2020-09-21 00:00","","2016-02-17 00:00","","","C2","DETERMINATO","","","False","","","","","False","True","2023-07-05 22:01","TESSERINO 22-25 ARRIVATO 21/04/23","2186","","True","False","False","False","","OK","2022","2022-09-13 00:00","PAROLARI GIACOMO","ECO SPES","2022-09-12","2022-09-12","{C2D96CFB-C7F2-4D2E-B234-068E561CE7D2}"
"BRIDA","FABRIZIO","VIAGGI CICOLINI S.R.L.","1971-04-17","","M","","True","True","True","True","TN5439543F","BCDE","2020-09-29","2024-10-26","","","","TN5439543F95","","2025-09-11","","","1997-01-28","1997-01-28","1997-06-13","True","2009-10-04","","46153","VIAGGI CICOLINI S.N.C. DI CICOLINI","","Autista a Chiamata","AGGIORNAMENTO IDONEITA' 12/09/19; AGGIORNAMENTO IDONEITA'.","2020-08-28 00:00","","2021-03-22 00:00","","","C3","INDET","","","False","","","","","False","True","2023-07-05 22:01","TESSERINO 22-25 ARRIVATO 16/01/2023","1183","","False","True","False","False","","OK","2022","2022-12-28 10:59","PAROLARI GIACOMO","ECO SPES","2022-08-19","2022-08-19","{C59452EF-0981-4F93-AF53-D7C1AA12BC1C}"
"CERESA","DANIELE","VIAGGI CICOLINI S.R.L.","1964-08-07","","M","","True","True","True","True","U164E3616C","BCD","2021-12-21","2026-12-17","","","","U164E3616C95","","2025-08-07","","","","","","True","2016-12-01","","46153","VIAGGI CICOLINI S.N.C. DI CICOLINI","","Dipendente","AGGIORNAMENTO IDONEITA' 12/09/19; AGGIORNAMENTO IDONEITA'","2019-09-12 00:00","","2017-01-31 00:00","","","3 SUPER","","","","False","","","","","False","True","2023-07-05 22:01","TESSERINO 22-25 ARRIVATO 27/01/2023","2261","","False","True","False","False","","OK","2022","2022-09-22 12:16","PAROLARI GIACOMO","ECO SPES","2022-08-19","2022-08-19","{CA206768-3878-4D9D-ACB2-A2180DFB34D9}"
"CICOLINI","PIETRO","VIAGGI CICOLINI S.R.L.","1961-04-29","","M","","True","True","True","True","TN5428689P","BCDE","2020-01-21","2025-01-08","","","","TN5428689P95","","2025-01-13","","","","","","True","","","46153","VIAGGI CICOLINI S.N.C. DI CICOLINI","","Titolare","AGGIORNAMENTO IDONEITA' 11/09/19; AGGIORNAMENTO IDONEITA'","2020-08-28 00:00","","","","","","","","","False","","","","","False","True","2023-07-05 22:01","TESSERINO 22-25 ARRIVATO 21/04/23","0036","","False","False","False","False","","OK","2022","2022-08-22 00:00","PAROLARI GIACOMO","ECO SPES","2022-08-19","2022-08-19","{91550049-7435-4721-9E77-448F908CB931}"
"FLESSATI","ADA","VIAGGI CORNELIO DI FLESSATI NICOLA E C. S.N.C.","1964-09-05","COMMEZZADURA","F","FLSDAA64P45C931B","True","True","True","True","U136C9091E","BCD","2021-08-04","2026-08-03","TN8006601","2001-11-12","","U136C9091E","","2025-09-04","","","2001-10-11","2001-10-11","","True","","","46113","VIAGGI CORNELIO DI FLESSATI NICOLA","","Socio","AGGIORNAMENTO IDONEITA'","2019-12-10 00:00","","2012-09-28 00:00","","","","","","","False","","","","","False","True","2023-06-12 11:25","TESSERINO 22-25 ARRIVATO 05/01/20223","0040","","False","False","False","False","","OK","2022","2022-11-04 14:23","LOCATELLI ALBERTO","SAPI","2022-10-25","2022-10-25","{B597A9A0-C3E1-4649-9351-1955CA2F4CAE}"
"FLESSATI","NICOLA","VIAGGI CORNELIO DI FLESSATI NICOLA E C. S.N.C.","1977-12-22","","M","","True","True","True","True","TN5456702B","BCDE","2021-07-09","2026-07-09","TN8007801","2007-09-26","","TN5456702B95","","2025-09-04","","","","","","True","","","46113","VIAGGI CORNELIO DI FLESSATI NICOLA","","Titolare","AGGIORNAMENTO IDONEITA'.AGGIORNAMENTO IDONEITA'","2021-07-13 00:00","","2012-09-17 00:00","","","","","","","False","","","","","False","True","2023-07-05 22:01","TESSERINO 22-25 ARRIVATO 16/01/2023","0041","","False","False","False","False","","OK","2023","2023-06-08 12:35","LOCATELLI ALBERTO","SAPI","2023-06-08","2023-06-08","{FCA22F73-3B4E-476C-8FEE-5333E27BA813}"
"GABRIELLI","STEFANO","VIAGGI CORNELIO DI FLESSATI NICOLA E C. S.N.C.","1996-02-08","","M","","True","True","True","True","BS6040872V","BDE","2022-04-02","2027-04-02","","","","BS6040872V95","","2026-11-25","","","","","","True","2021-12-03","","46113","VIAGGI CORNELIO DI FLESSATI NICOLA","","Dipendente","RICHIESTA TESSERINO 07/12/2021; TESSERINO ARRIVATO 17/12","2021-12-07 00:00","","2021-12-06 00:00","","","C3","DET","TP","40,00","False","","","","","False","True","2023-07-05 22:01","TESSERINO 22-25 ARRIVATO 18/10/2022","2774","","True","False","False","False","","OK","2022","2022-11-22 09:36","LOCATELLI ALBERTO","SAPI","2022-11-17","2022-11-17","{3634140C-7069-4418-A829-4ABCAFD1C76D}"
"SARTORE","MARIA","VIAGGI CORNELIO DI FLESSATI NICOLA E C. S.N.C.","1965-06-05","VILLA DEL CONTE","F","SRTMRA65H45L934F","True","True","True","True","TN5456703C","BCDE","2021-07-09","2026-07-09","PD8016678","2008-03-26","","TN5456703C95","","2025-09-04","","","1993-05-05","1993-05-05","","True","2015-02-17","","46113","VIAGGI CORNELIO DI FLESSATI NICOLA","","Dipendente","AGGIORNAMENTO IDONEITA'","2022-02-17 00:00","","2015-02-19 00:00","","","C2","INDET","TP","40,00","False","","","","","False","True","2023-06-12 11:25","TESSERINO 22-25 ARRIVATO 18/10/2022","2028","","True","False","False","False","","OK","2023","2023-03-09 14:14","LOCATELLI ALBERTO","SAPI","2023-02-10","2023-02-10","{B500D024-B58A-449E-ADFD-0D0A881890AE}"
"CHINI","ANTHONY","VIAGGI FORMOLO S.A.S. DI FORMOLO ANGELO & C.","1991-08-20","CLES","M","CHNNHN91M20C794Z","True","True","True","True","U16P60482L","B","2019-11-13","2030-08-20","TN8011915","2017-04-20","2027-05-02","","","","","","","","","True","2022-07-23","","46391","VIAGGI FORMOLO S.A.S. DI FORMOLO ANGELO & C.","","Dipendente","","","","2022-10-12 00:00","","","","","","","False","","","","","False","True","2023-07-04 22:01","RICHIESTA TESSERINO PAT 22 25 12/10/2022 - TESSERINO PAT ARRIVATO 21/10/22","","","True","False","False","False","","OK","2024","2022-12-16 14:25","PRINCIVALLE ANDREA","SAPI","2022-12-10","2022-12-10","{A2CC0D76-9914-4CD6-A260-49F5C4A56303}"
"FORMOLO","ANGELO","VIAGGI FORMOLO S.A.S. DI FORMOLO ANGELO & C.","1982-03-18","","M","","True","True","True","True","U193K3512W","BD","2022-09-06","2027-09-05","TN8011695","2015-05-29","","U193K3512W95","","2023-02-13","","","","","","True","","","46391","VIAGGI FORMOLO S.A.S. DI FORMOLO ANGELO & C.","","Titolare","AGGIORNAMENTO IDONEITA'","2019-09-27 00:00","","","","","","","","","False","","","","","False","True","2023-07-05 22:01","TESSERINO 22-25 ARRIVATO 18/10/2022","2193","","False","False","False","False","","OK","2020","2022-08-03 17:21","PRINCIVALLE ANDREA","SAPI","2019-09-06","","{A4112741-9AC1-4173-97C8-08D5585D3F77}"
"FORMOLO","ERMANNO","VIAGGI FORMOLO S.A.S. DI FORMOLO ANGELO & C.","1986-11-09","","M","","True","True","True","True","U117N7510X","BD","2023-01-26","2028-01-25","TN8008114","2007-12-13","","NO CQC","","","","","","","","True","","","46391","VIAGGI FORMOLO S.A.S. DI FORMOLO ANGELO & C.","","Titolare","AGGIORNAMENTO IDONEITA'","2019-09-27 00:00","","2013-01-28 00:00","","","","","","","False","","","","","False","True","2023-07-05 22:01","TESSERINO 22-25 ARRIVATO 16/01/2023","2195","","False","False","False","False","","OK","2022","2022-12-16 14:23","PRINCIVALLE ANDREA","SAPI","2022-12-03","2022-12-03","{89C4FBEF-1B91-4725-A8C5-C3BBC08824C1}"
"FORMOLO","ISABELLA","VIAGGI FORMOLO S.A.S. DI FORMOLO ANGELO & C.","1975-10-03","","M","","True","True","True","True","U12M9776S","B","2022-11-23","2023-11-22","TN8007266","2004-12-30","2022-08-09","","","","","","","","","True","2022-06-13","","46391","VIAGGI FORMOLO S.A.S. DI FORMOLO ANGELO & C.","","Socio","RICHIESTA TESSERINO 04/07/2022.TESSERINO ARRIVATO 29/07/2022","2022-07-04 00:00","","2022-07-04 00:00","","","C2","DET","PT","5,00","False","","","","","False","True","2023-07-05 22:01","TESSERINO 22-25 ARRIVATO 08/02/2023","2831","","True","False","False","False","","OK","2022","2022-07-04 00:00","PRINCIVALLE ANDREA","","2022-06-17","2022-06-17","{870E2189-0F7A-471C-B2FA-988CEB7F85B1}"
"DESILVESTRO","FRANCO","VIAGGI VALFASSA S.R.L.","1959-12-06","MAZZIN","M","","True","True","True","True","U131R7294L","BCD","2023-05-30","2026-12-06","TN8009391","2008-06-10","","U131R7294L95","","2027-04-04","","","","1988-03-11","","False","","","47478","VIAGGI VALFASSA S.R.L.","","Titolare","","2019-04-10 00:00","","","","","","","","","False","","","","","False","True","2023-07-05 22:01","","2445","","False","False","False","False","","OK","","","","","","","{00E637CE-402F-4AC6-813D-1E025A77C2F7}"
"DESILVESTRO","MONICA","VIAGGI VALFASSA S.R.L.","1989-05-04","","F","","True","True","True","True","BZ5414491V","BD","2019-01-05","2023-09-05","TN8012220","2019-10-22","","BZ5414491V95","","2023-12-10","","","","","","True","2018-10-16","","47478","VIAGGI VALFASSA S.R.L.","","Dipendente","AUTISTA IN MATERNITA'.AGGIORNAMENTO IDONEITA'.AUTISTA TOLTO FINO AL 14/05/2021","2021-05-14 00:00","","","","","3","INDET","TP","39,00","False","","","","","False","True","2023-07-05 22:01","VISITA MEDICA VALE 2 ANNI - TOSSICODIPENDENZA A FINE SETT 2022 - TESSERINO 22-25 ARRIVATO 27/01/2023","2446","","False","True","False","False","","OK","2022","2022-09-30 12:04","GIAVARINA MASSIMO","SAPI","2021-05-10","2022-09-28","{90B84BB3-7735-4E76-9A3D-CB44859DC25D}"
"VENDER","LUCA","VIAGGI VALFASSA S.R.L.","1982-02-26","","M","","True","True","True","True","BZ5397614C","BD","2018-02-23","2022-10-13","","","","BZ5397614C95","","2023-02-23","","","","","","True","2019-05-02","","47478","VIAGGI VALFASSA S.R.L.","","Dipendente","AGGIORNAMENTO IDONEITA' 2019. AGGIORNAMENTO IDONEITA'","2021-05-03 00:00","","2019-04-29 00:00","","","3","DET","PT","6,00","False","","","","","False","True","2023-07-05 22:01","TESSERINO 22-25 ARRIVATO 18/10/2022","2450","","False","True","False","False","","OK","2022","2022-08-22 00:00","","SAPI","2022-05-11","2022-05-11","{44EB9594-89EA-4CD7-854A-E4C118F86822}"
"GIOVANNINI","DAVIDE","VITO DI PEDRON VITTORIA","1998-02-05","","M","","True","True","True","True","TN5420804L","BCDE","2019-09-16","2024-09-16","","","","TN5420804L95","","2023-10-24","","","","","","True","2019-10-18","","46897","VITO DI PEDRON VITTORIA","","coll. Familiare","RICHIESTA TESSERINO 02/08/0022.TESSERINO ARRIVATO 11/08/2022","","","2022-08-02 00:00","","","","","","","False","","","","","False","True","2023-07-05 22:01","TESSERINO 22-25 ARRIVATO 18/10/2022","2845","2022-08-03 17:21:07.180000000","False","True","False","False","","OK","2022","2022-08-02 00:00","PRINCIVALLE ANDREA","SAPI","2022-01-20","2022-01-28","{9CB0FCDC-0C54-441A-A03B-23B94293D932}"
"GIOVANNINI","JESSICA","VITO DI PEDRON VITTORIA","1994-12-02","","M","","True","True","True","True","TN5367144P","BD","2016-12-13","2021-12-13","","","","TN5367144P95","","2021-11-23","","","","","","True","","","46897","VITO DI PEDRON VITTORIA","","Socio","RICHIESTA TESSERINO 27/05/2019. TESSERINO ARRIVATO","2019-06-20 00:00","","","","","","","","","False","","","","","False","True","2023-07-05 22:01","TESSERINO 22-25 ARRIVATO 21/04/23","2503","","False","False","False","False","","OK","2022","2022-08-16 00:00","PRINCIVALLE ANDREA","SAPI","2022-08-06","2022-08-06","{B402FF42-EED5-473C-81D1-C98364E5CDA5}"
"GIOVANNINI","ONORIO","VITO DI PEDRON VITTORIA","1965-06-04","","M","","True","True","True","True","TN5428605C","BCDE","2020-01-17","2024-12-11","TN8010525","2009-03-13","","TN5428605C95","","2024-12-19","","","1987-08-07","1989-12-12","1989-12-12","True","","","46897","VITO DI PEDRON VITTORIA","","Autista a chiamata","AGGIORNAMENTO IDONEITA'","2019-12-30 00:00","","2013-11-29 00:00","","","3 SUPER","INDET","","","False","","","","","False","True","2023-07-05 22:01","TESSERINO 22-25 ARRIVATO 18/10/2022","1633","","False","True","False","False","","OK","2022","2022-08-16 00:00","PRINCIVALLE ANDREA","SAPI","2022-08-06","2022-08-06","{2B0A637B-3A3D-4ADB-97D5-275CC8331631}"
"MIHAILA","OCTAVIAN","VITO DI PEDRON VITTORIA","1985-08-11","","M","","False","True","True","True","TN5441950K","BCDE","2020-11-05","2025-10-19","","","","TN5441950K95","","2025-10-26","","","","","","False","2015-09-19","","46897","VITO DI PEDRON VITTORIA","","Dipendente","AGGIORNAMENTO IDONEITA'","2019-12-30 00:00","","2015-10-21 00:00","","","3 SUPER","DET","PT","10,00","False","","","","","False","False","2023-07-05 22:01","","2162","","False","True","False","False","","","2020","2021-02-08 00:00","FABBRI MARCO","PROGETTO SALUTE","2020-07-09","2020-07-09","{F2EAA9AF-9A3D-4EF7-ACB6-DBF070E9C9AA}"
"PEDRON","VITTORIA","VITO DI PEDRON VITTORIA","1972-02-21","","M","","True","True","True","True","TN5432208S","BD","2020-06-03","2025-05-19","TN8010526","2009-03-13","","TN5432208S95","","2025-05-29","","","","","","True","","","46897","VITO DI PEDRON VITTORIA","","Titolare","","2019-04-10 00:00","","","","","","","","","False","","","","","False","True","2023-07-05 22:01","TESSERINO 22-25 ARRIVATO 18/10/2022","1632","","False","False","False","False","","OK","","","","","","","{0E97C115-D3DB-4A16-980F-D04AEFA6962E}"
"TURRINI","ERNESTO","VITO DI PEDRON VITTORIA","1971-01-25","","M","","True","True","True","True","U152M2287C","BCDE","2022-12-15","2027-12-14","","","","U152M2287C95","2013-01-09","2025-10-06","","","","","","True","2014-08-05","","46897","VITO DI PEDRON VITTORIA","","Dipendente","AGGIORNAMENTO IDONEITA'","2019-12-30 00:00","","2014-08-13 00:00","","","3 SUPER","DET","TP","39,00","False","","","","","False","True","2023-07-05 22:01","TESSERINO 22-25 ARRIVATO 18/10/2022","1970","","False","True","False","False","","OK","2022","2022-08-16 00:00","PRINCIVALLE ANDREA","SAPI","2022-01-22","2022-01-22","{6D43B3F9-1D5E-4398-BBD1-86FDD447C603}"
"ZENI","ALDO","VITO DI PEDRON VITTORIA","1965-11-22","MEZZOLOMBARDO","M","ZNELDA65S22F187C","True","True","True","True","U175F4853T","BCDE","2022-02-23","2027-02-22","","","","U175F4853T95","","2025-09-02","","","","","","True","2020-10-18","","46897","VITO DI PEDRON VITTORIA","","Dipendente","","","","","","","","","","","False","","","","","False","True","2023-06-12 11:25","RICHIESTA TESSERINO PAT 22-25  31/03/2023 - TESSERINO ARRIVATO 21/04/23","","","False","False","False","False","","OK","2022","2023-03-30 14:55","","SAPI","2023-02-04","2023-02-04","{2CD76D3C-1B13-430A-AA8E-10F8F3A69053}"
"BERNARDI","LOREDANA","VOLTOLINI SNC DI VOLTOLINI LUCA E MARTINO","1967-06-14","BORGO VALSUGANA","F","BRNLDN67H54B006I","True","True","True","True","U157F3664K","B","2022-02-12","2027-06-14","TN8007672","2007-02-23","2026-09-22","","","","","","","","","True","2023-03-13","","46063","VOLTOLINI SNC DI VOLTOLINI LUCA E MARTINO","","Dipendente","","","","","","","","","","","True","","","","","False","True","2023-06-12 11:25","RICHIESTA TESSERINO PAT 22-25  31/03/2023 - TESSERINO ARRIVATO 21/04/23","","","False","False","False","False","","OK","2023","2023-04-14 14:59","QUINTARELLI EMANUELE","SAPI","2023-04-13","2023-04-13","{93C24773-6D32-4E52-98F4-0C3BD60AA5D3}"
"DELL'AGNOLO","EMANUELE","VOLTOLINI SNC DI VOLTOLINI LUCA E MARTINO","1980-03-25","","M","","True","True","True","True","TN5438228M","BCD","2020-09-09","2024-06-26","TN8010821","","","TN5438228M95","","2025-09-08","","","","","","True","2014-09-01","","46063","VOLTOLINI SNC DI VOLTOLINI LUCA E","","Dipendente","AGGIORNAMENTO IDONEITA' 26/09/2019;  AGGIORNAMENTO IDONEITA'","2020-08-31 00:00","","2014-09-02 00:00","","","3J SPEC","INDET","TP","39,00","False","","","","","False","True","2023-07-05 22:01","TESSERINO 22-25 ARRIVATO 16/03/23","1974","","False","True","False","False","","OK","2022","2022-09-20 12:10","QUINTARELLI EMANUELE","SAPI","2022-09-15","2022-09-15","{47921113-99E7-4CA7-9186-31C0118C42EC}"
"VOLTOLINI","FRANCESCO","VOLTOLINI SNC DI VOLTOLINI LUCA E MARTINO","1976-06-23","","M","","True","True","True","True","TN5438744H","BCDE","2020-09-16","2024-08-30","TN8008963","2008-04-07","","TN5438744H95","","2025-09-15","","","1998-03-25","1998-03-25","","True","1999-01-08","","46063","VOLTOLINI SNC DI VOLTOLINI LUCA E","","Dipendente","AGGIORNAMENTO IDONEITA'","2020-01-13 00:00","","2012-12-17 00:00","","","3 SUPER","INDET","TP","39,00","False","","","","","False","True","2023-07-05 22:01","TESSERINO 22-25 ARRIVATO 21/04/23","0056","","False","True","False","False","","OK","2023","2023-01-30 12:27","QUINTARELLI EMANUELE","SAPI","2023-01-27","2023-01-27","{EA481667-A4D5-4DBE-98DF-67539719E765}"
"VOLTOLINI","LUCA","VOLTOLINI SNC DI VOLTOLINI LUCA E MARTINO","1962-05-31","","M","","True","True","True","True","VI5622861K","BCD","2020-02-04","2025-01-15","TN8008713","2008-03-03","","VI5622861K95","","2025-01-24","","","1990-05-29","1990-05-29","","True","","","46063","VOLTOLINI SNC DI VOLTOLINI LUCA E","","Titolare","AGGIORNAMENTO IDONEITA' 26/09/2019; AGGIORNAMENTO IDONEITA'","2020-08-31 00:00","","2022-09-28 00:00","","","","","","","False","","","","","False","True","2023-07-05 22:01","TESSERINO 22-25 ARRIVATO 08/02/2023","0057","","False","False","False","False","","OK","2022","2022-09-28 14:07","QUINTARELLI EMANUELE","SAPI","2022-09-23","2022-09-23","{E32AD4C5-BE99-42E6-BB89-26610948E55D}"
"ALTIERI","ALESSANDRO","ZAMPEDRI STEFANO","1990-12-24","","M","","True","True","True","True","TN5427994T","BCDE","2020-01-22","2024-09-20","TN8011182","2012-02-21","2022-02-07","TN5427994T95","","2024-07-03","","","","","","True","2020-10-01","","46044","ZAMPEDRI STEFANO","","Dipendente","EMETTERE TESSERINO 30/09/2020; TESSERINO ARRIVATO. AGGIORNAMENTO IDONEITA'","2020-10-13 00:00","","2020-09-30 00:00","","","C2","INDET","TP","40,00","False","","","","","False","True","2023-07-05 22:01","TESSERINO 22-25 ARRIVATO 18/10/2022","2667","","True","False","False","False","","OK","2022","2022-12-28 16:41","QUINTARELLI EMANUELE","SAPI","2022-12-21","2022-12-21","{30761FA1-1B21-481E-A054-2DB5B9961AFD}"
"PAOLI","MARCO","ZAMPEDRI STEFANO","2029-03-18","TRENTO","M","PLAMRC29C18L378Q","True","True","True","True","TN5415105J","BCDE","2019-05-15","2024-01-15","TN8011664","2015-01-19","","TN5415105J95","","2024-05-02","","","","","","False","2023-05-04","","46044","ZAMPEDRI STEFANO","","Dipendente","","","","","","","","","","","False","","","","","False","True","2023-06-12 11:25","RICHIESTA TESSERINO PAT 22-25  11/05/23","","","False","False","False","False","","OK","2022","2023-05-11 08:27","QUINTARELLI EMANUELE","SAPI","2023-01-13","2023-01-13","{74A6DC84-86EC-4B13-9DC4-E7B8F2A33419}"
"PIZZININI","MAURO","ZAMPEDRI STEFANO","1957-09-04","","M","","True","True","True","True","TN5432112X","BCD","2020-05-28","2024-09-04","","","","TN5432112X95","","2020-04-27","","","1990-04-09","1990-04-09","","True","2016-09-19","","46044","ZAMPEDRI STEFANO","","Dipendente","AGGIORNAMENTO IDONEITA'","2020-05-05 00:00","","2016-02-22 00:00","","","C2","DET","TP","40,00","False","","","","","False","True","2023-07-05 22:01","TESSERINO 22-25 ARRIVATO 18/10/2022","2188","","True","False","False","False","","OK","2023","2023-03-06 11:29","QUINTARELLI EMANUELE","SAPI","2023-03-03","2023-03-03","{61A460FE-D30B-4585-81DF-419F2A7D905D}"
"VISIGALLI","LUCA","ZAMPEDRI STEFANO","1190-07-16","TRENTO","M","","True","True","True","True","TN5474300V","BD","2022-04-29","2026-10-22","","","","TN5474300V95","","2027-04-24","","","","","","False","2023-02-01","","46044","ZAMPEDRI STEFANO","","Dipendente","","","","","","","","","","","True","","","","","False","True","2023-07-05 22:01","RICHIESTA TESSERINO PAT 22-25  06/03/2023 - TESSERINO 22-25 ARRIVATO 16/03/23","","","False","False","False","False","","OK","2022","2023-03-06 16:23","QUINTARELLI EMANUELE","SAPI","2023-02-17","2023-02-17","{0BA212D9-F8CB-4F55-BFD7-60C6F8252C3A}"
"ZAMPEDRI","STEFANO","ZAMPEDRI STEFANO","1967-09-13","","M","","True","True","True","True","U173N3269P","BCD","2023-03-04","2028-03-03","TN8008276 riclassificato TN8004305","2008-01-08","","U173N3269P95","","2025-08-05","","","1988-03-01","1988-03-01","","True","","","46044","ZAMPEDRI STEFANO","","Titolare","AGGIORNAMENTO IDONEITA'.AGGIORNAMENTO IDONEITA'","2021-07-13 00:00","","2021-07-13 00:00","","","","","","","False","","","","","False","True","2023-07-05 22:01","TESSERINO 22-25 ARRIVATO 05/01/20223","0076","","False","False","False","False","","OK","2022","2022-07-04 00:00","QUINTARELLI EMANUELE","SAPI","2022-06-30","2022-06-30","{EC5D8C65-9C02-40FA-B891-172408828524}"
"ZOTTELE","FAUSTO","ZOTTELE FAUSTO & C SNC","1957-04-23","","M","","True","True","True","True","TN5477155G","B","2022-05-31","2028-04-23","TN8004624","1995-09-16","","","","","","","","","","True","","","46125","ZOTTELE FAUSTO & C SNC","","Socio","","2019-04-10 00:00","","2013-03-06 00:00","","","","","","","False","","","","","False","False","2023-07-05 22:01","TESSERINO 22-25 ARRIVATO 08/02/2023","0084","","False","False","False","False","","OK","","","","","","","{6AADB8A7-6E30-43EE-B82A-BF138AD76DF2}"
"ZOTTELE","LORENA","ZOTTELE FAUSTO & C SNC","1987-11-20","","M","","True","True","True","True","U15W59027E","B","2020-11-09","2029-11-20","TN8010959","2020-09-09","2022-05-29","","","","","","","","","True","","","46125","ZOTTELE FAUSTO & C SNC","","Titolare","","2019-04-10 00:00","","","","","","","","","False","","","","","False","True","2023-07-05 22:01","TESSERINO 22-25 ARRIVATO 05/01/20223","1617","","False","False","False","False","","OK","2032","2023-01-16 09:05","QUINTARELLI EMANUELE","SAPI","2023-01-13","2023-03-13","{52911CA9-1A93-4867-8B6E-EB92D61E31D7}"
