Textbox36,Textbox100,Textbox103,Textbox192,Textbox67,Textbox186,Textbox109,Textbox106,Textbox189,Textbox37,LastName,Name,VectorName,DateOfBirth,LuogoDiNascita,Sesso,FiscalCode,CartaIdentità,Fototessera,Appalto,Active,LicenceNumber,LicenceCategory,LicenceReleaseDate,LicenceExpiration,CAP_B_Number,CAP_B_ReleaseDate,CAP_B_Expiration,CQC_Number,CQC_ReleaseDate,CQC_Expiration,B_LicenceRelease,LicenceAuthority,C_LicenceRelease,D_LicenceRelease,E_LicenceRelease,Tesserino_Consegnato,DataAssunzione,DataLicenziamento,CodSocio,DescrizioneSocio,Categoria,DescrCategoria,TipoAggiornamento,VariazionePAT,ConsegnaAutocertificazione,DataAggiornamento,NoteAggiornamento,ConsegnaDocumentoIdoneità,AutorimesseNoleggioAutomezzi,AutotrasportoMerciArtigianato,MetalmeccanicoArtigianato,Inquadramento,Tipologia,Tp_Pt,Ore,NoAppaltoMaAttivo,PuntiPatente,PuntiPatenteNote,NumeroMulte,NumeroMulteNote,FrequenzaCorsiCapitolato,CasellarioPenale,DataUltimaModifica,Note,BS_DriverID,DataInserimento,AutorimesseNoleggioAutomezzi1,AutotrasportoMerciArtigianato1,MetalmeccanicoArtigianato1,CCNL_Coop_Sociali,Altro,DocPat_22_25,DataAggiornamento4,NuovoMedico2,NuovoEnte2,NuovaVisita4,Tossicodipendenza2,DataAggiornamento1,NuovoMedico1,NuovoEnte21,NuovaVisita1,Tossicodipendenza1;;
Agg.to 2021,Medico 2021,Ente 2021,Nuova Visita 2021,Tossicodipendenza 2021,Agg.to 2022,Medico 2022,Ente 2022,Nuova Visita 2022,Tossicodipendenza 2022,BOSCHETTO,ELIO,A.BOSCH di Boschetto Elio & C. S.a.s.,14/11/1954,,M,,False,False,True,True,U16G84407X,B,20/10/2018,14/11/2023,TN8001813,18/10/1991,20/10/2023,,,,,,,,,False,,,47204,A.BOSCH,10,Titolare,,10/04/2019,TITOLARE,,,,False,False,False,,,,,False,,,,,False,True,12/10/2022,,2246,,False,False,False,False,,,,,,,,,,,,;;
Agg.to 2021,Medico 2021,Ente 2021,Nuova Visita 2021,Tossicodipendenza 2021,Agg.to 2022,Medico 2022,Ente 2022,Nuova Visita 2022,Tossicodipendenza 2022,AGOSTINI,MARCELLO,AGOSTINI MARCELLO,19/05/1963,,,,False,False,True,True,U12H33878S,BC,19/11/2018,17/11/2023,BS8001928,16/01/1985,,,,,,,26/10/1983,,,False,,,46085,AGOSTINI MARCELLO,10,Titolare,AGGIORNAMENTO IDONEITA',21/10/2019,TITOLARE,,,,False,False,False,,,,,False,,,,,,True,12/10/2022, | Categoria: Titolare,0218,,False,False,False,,,,,,,,,,,,,;;
Agg.to 2021,Medico 2021,Ente 2021,Nuova Visita 2021,Tossicodipendenza 2021,Agg.to 2022,Medico 2022,Ente 2022,Nuova Visita 2022,Tossicodipendenza 2022,DEPETRIS,MARIA ROSA,AGOSTINI MARCELLO,24/10/1964,,,,True,False,True,True,TN2100935K,B,15/05/1984,24/10/2024,BS8012034,19/12/1997,17/11/2023,,,,,,,,,False,23/03/2015,,46085,AGOSTINI MARCELLO,4,coll. Familiare,AGGIORNAMENTO IDONEITA',18/11/2019,OK,23/03/2015,,OK,False,False,False,,,,,False,,,,,,False,12/10/2022,,2035,,False,False,False,,,,,,,,,,,,,;;
Agg.to 2021,Medico 2021,Ente 2021,Nuova Visita 2021,Tossicodipendenza 2021,Agg.to 2022,Medico 2022,Ente 2022,Nuova Visita 2022,Tossicodipendenza 2022,ANZELINI,ALESSIO,ALESSIO VIAGGI,,,,,False,False,True,True,00000000000,,,,,,,,,,,,,,,False,01/09/2020,,47713,ALESSIO VIAGGI DI ANZELINI ALESSIO,10,Titolare,EMETTERE TESSERINO; TESSERINO ARRIVATO,26/10/2020,,,DITTA NO CONSORZIATA - TERZI,,False,False,False,,,,,False,,,,,,True,12/10/2022,,2680,,False,False,False,,,,,,,,,,,,,;
Agg.to 2021,Medico 2021,Ente 2021,Nuova Visita 2021,Tossicodipendenza 2021,Agg.to 2022,Medico 2022,Ente 2022,Nuova Visita 2022,Tossicodipendenza 2022,ANZELINI,MARIO,ALESSIO VIAGGI,21/02/1955,,,,False,False,True,True,U18H41924N,BCDE,04/01/2019,21/02/2022,,,,U18H41924N95,,09/09/2021,,,,,,False,,,47713,ALESSIO VIAGGI DI ANZELINI ALESSIO,4,coll. Familiare,EMETTERE TESSERINO 10/12/2020; TESSERINO ARRIVATO,10/12/2020,,,DITTA NO CONSORZIATA - TERZI,,False,False,False,,,,,False,,,,,,False,12/10/2022,,2689,,False,False,False,,,,,,,,,,,,,;
Agg.to 2021,Medico 2021,Ente 2021,Nuova Visita 2021,Tossicodipendenza 2021,Agg.to 2022,Medico 2022,Ente 2022,Nuova Visita 2022,Tossicodipendenza 2022,BORZAGA,CRISTIAN,ALESSIO VIAGGI,,,,,False,False,True,True,00000000000,,,,,,,,,,,,,,,False,01/09/2020,,47713,ALESSIO VIAGGI DI ANZELINI ALESSIO,8,Dipendente,EMETTERE TESSERINO; TESSERINO ARRIVATO,26/10/2020,,,DITTA NO CONSORZIATA - TERZI,,False,False,False,,,,,False,,,,,,False,12/10/2022,,2681,,False,False,False,,,,,,,,,,,,,;
Agg.to 2021,Medico 2021,Ente 2021,Nuova Visita 2021,Tossicodipendenza 2021,Agg.to 2022,Medico 2022,Ente 2022,Nuova Visita 2022,Tossicodipendenza 2022,BARONCINI,STEFANO,ALPINABUS di MARTINTONI MAURO,13/09/1966,,M,,True,False,True,True,BZ5412218X,BD,30/11/2018,30/11/2023,TN8010674,11/09/2009,,BZ5412218X95,,24/04/2023,,,,17/07/2012,,False,16/09/2013,,46490,ALPINABUS,,Autista a chiamata,AGGIORNAMENTO IDONEITA',30/12/2019,,23/10/2013,,,True,False,False,C2,DET,,,False,,,,,False,True,12/10/2022,,1897,,True,False,False,False,,OK,09/08/2022,GERMANI ROCCO,SAPI,07/09/2021,07/09/2021,21/09/2022,GERMANI ROCCO,SAPI,13/09/2022,13/09/2022;;
Agg.to 2021,Medico 2021,Ente 2021,Nuova Visita 2021,Tossicodipendenza 2021,Agg.to 2022,Medico 2022,Ente 2022,Nuova Visita 2022,Tossicodipendenza 2022,FEDRIGONI,TIZIANA,ALPINABUS di MARTINTONI MAURO,27/06/1955,,M,,True,True,True,True,U154B0922E,B,25/06/2021,27/06/2026,TN8010849,01/04/2010,13/11/2025,,,,,,,,,False,10/10/2013,,46490,ALPINABUS,4,coll. Familiare,AGGIORNAMENTO IDONEITA'. AGGIORNAMENTO IDONEITA' 23/06/2021,23/06/2021,OK,08/07/2013,RIASSUNTO DICEMBRE 2018,OK,False,False,False,,,,,False,,,,,False,True,12/10/2022,,1115,,False,False,False,False,,OK,23/06/2021,GERMANI ROCCO,SAPI,21/06/2021,21/06/2021,09/08/2022,GERMANI ROCCO,SAPI,14/06/2022,14/06/2022;;
Agg.to 2021,Medico 2021,Ente 2021,Nuova Visita 2021,Tossicodipendenza 2021,Agg.to 2022,Medico 2022,Ente 2022,Nuova Visita 2022,Tossicodipendenza 2022,MARTINTONI,MATTEO,ALPINABUS di MARTINTONI MAURO,11/07/1986,,M,,True,True,True,True,U18B38379P,BD,13/01/2018,12/01/2023,TN8010287 riclassificato TN8010151,03/10/2008,,U18B38379P95,,09/09/2020,,,,05/02/2008,,False,05/02/2008,,46490,ALPINABUS,,coll. Familiare,AGGIORNAMENTO IDONEITA',30/12/2019,,08/07/2013,,,False,False,False,,,,,False,,,,,False,True,12/10/2022, | Categoria: coll. Familiare,1320,,False,False,False,False,,OK,,,,,,09/08/2022,GERMANI ROCCO,,12/04/2022,12/04/2022;;
Agg.to 2021,Medico 2021,Ente 2021,Nuova Visita 2021,Tossicodipendenza 2021,Agg.to 2022,Medico 2022,Ente 2022,Nuova Visita 2022,Tossicodipendenza 2022,MARTINTONI,MAURO,ALPINABUS di MARTINTONI MAURO,06/09/1978,,,,True,True,True,True,TN5429698K,BCD,07/02/2020,20/12/2024,TN8007825,03/10/2007,,U1G999334U95,,04/02/2025,,,14/02/2000,14/02/2000,,False,,,46490,ALPINABUS,10,Titolare,AGGIORNAMENTO IDONEITA',19/07/2019,TITOLARE,,,,False,False,False,,,,,False,,,,,,True,12/10/2022, | Categoria: Titolare,0948,,False,False,False,,,OK,09/08/2022,GERMANI ROCCO,SAPI,07/09/2021,07/09/2021,,,SAPI,,;;
Agg.to 2021,Medico 2021,Ente 2021,Nuova Visita 2021,Tossicodipendenza 2021,Agg.to 2022,Medico 2022,Ente 2022,Nuova Visita 2022,Tossicodipendenza 2022,ANDREOLLI,FRANCO,ANDREOLLI FRANCO,11/05/1959,,,,True,False,True,True,U180H6370J,B,25/05/2022,24/05/2023,TN8010056,26/08/2008,24/05/2023,,,,,,13/10/1982,13/10/1982,,False,,,47477,ANDREOLLI FRANCO,10,Titolare,DUPLICATO TESSERINO ARRIVATO 12/09/2019,10/04/2019,OK,13/11/2018,,OK,False,False,False,,,,,False,,,,,,True,12/10/2022,,2439,,False,False,False,,,OK,,,,,,,,,,;;
Agg.to 2021,Medico 2021,Ente 2021,Nuova Visita 2021,Tossicodipendenza 2021,Agg.to 2022,Medico 2022,Ente 2022,Nuova Visita 2022,Tossicodipendenza 2022,ANGELI,CAMILLO,ANGELI CAMILLO,15/02/1958,,M,,True,False,True,True,TN5443847H,BCD,02/12/2020,15/02/2023,TN8004257,24/08/1985,,TN5443847H95,,20/11/2025,,,,,,True,,,46108,ANGELI CAMILLO,,Titolare,,10/04/2019,,,,,False,False,False,,,,,False,,,,,False,True,18/10/2022,TESSERINO 22-25 ARRIVATO 18/10/2022,0422,,False,False,False,False,,OK,,,,,,22/08/2022,,,17/03/2022,17/03/2022;;
Agg.to 2021,Medico 2021,Ente 2021,Nuova Visita 2021,Tossicodipendenza 2021,Agg.to 2022,Medico 2022,Ente 2022,Nuova Visita 2022,Tossicodipendenza 2022,ANGELI,STEFANO,ANGELI CAMILLO,04/03/1989,,M,,True,False,True,True,TN5423372U,BCDE,16/10/2019,31/05/2024,,,,TN5423372U95,,08/10/2024,,,18/09/2007,27/06/2014,27/06/2014,True,26/01/2015,,46108,ANGELI CAMILLO,,coll. Familiare,AGGIORNAMENTO IDONEITA',23/12/2019,,26/01/2015,,,False,False,False,,,,,False,,,,,False,True,18/10/2022,TESSERINO 22-25 ARRIVATO 18/10/2022,2016,,False,False,False,False,,OK,,,,,,22/08/2022,,,01/07/2022,01/07/2022;;
"Agg.to 2021,Medico 2021,Ente 2021,Nuova Visita 2021,Tossicodipendenza 2021,Agg.to 2022,Medico 2022,Ente 2022,Nuova Visita 2022,Tossicodipendenza 2022,BOCCHER,SANDRO,ANGELI CAMILLO,24/03/1978,,M,,True,False,True,True,U174L7908M,BCDE,22/10/2022,21/10/2027,TN8011986,17/11/2017,,U174L7908M95,,03/09/2026,,,23/09/1998,25/10/2017,25/10/2017,True,20/11/2017,,46108,ANGELI CAMILLO,,Dipendente,AGGIORNAMENTO IDONEITA',20/12/2019,,20/12/2017,,,True,False,False,C3,INDET,PT,""35,00"",False,,,,,False,True,18/11/2022,TESSERINO 22-25 ARRIVATO 18/10/2022,2341,,True,False,False,False,,OK,22/08/2022,,SAPI,10/12/2021,10/12/2021,,,SAPI,,";;
"Agg.to 2021,Medico 2021,Ente 2021,Nuova Visita 2021,Tossicodipendenza 2021,Agg.to 2022,Medico 2022,Ente 2022,Nuova Visita 2022,Tossicodipendenza 2022,CAPRA,FABIO,ANGELI CAMILLO,15/12/1977,,,,True,True,True,True,U1S777882N,B,26/07/2016,15/12/2026,TN8012364,22/09/2021,22/09/2026,,,,,,,,,False,,,46108,ANGELI CAMILLO,8,Dipendente,ATTESA CASELLARIO X TESSERINO,,,,ATTESA CASELLARIO PER TESSERINO,,False,False,False,C3,INDET,PT,""28,00"",False,,,,,False,False,12/10/2022,,2869,18/09/2022,False,False,False,False,,OK,01/09/2022,QUINTARELLI EMANUELE,SAPI,26/11/2021,26/11/2021,,,SAPI,,";;
Agg.to 2021,Medico 2021,Ente 2021,Nuova Visita 2021,Tossicodipendenza 2021,Agg.to 2022,Medico 2022,Ente 2022,Nuova Visita 2022,Tossicodipendenza 2022,DE GASPERIS,CINZIA,ANGELI CAMILLO,07/02/1962,,M,,True,False,True,True,TN5443846G,BCD,02/12/2020,18/11/2025,TN8006392,19/10/2000,,TN5443846G95,,20/11/2025,,,22/10/1985,22/10/1985,,True,,,46108,ANGELI CAMILLO,,coll. Familiare,AGGIORNAMENTO IDONEITA',20/12/2019,,28/09/2012,,,False,False,False,,,,,False,,,,,False,True,18/10/2022,TESSERINO 22-25 ARRIVATO 18/10/2022,0423,,False,False,False,False,,OK,22/08/2022,,SAPI,10/12/2021,10/12/2021,,,SAPI,,;;
"Agg.to 2021,Medico 2021,Ente 2021,Nuova Visita 2021,Tossicodipendenza 2021,Agg.to 2022,Medico 2022,Ente 2022,Nuova Visita 2022,Tossicodipendenza 2022,POSTAI,GIANPAOLO,ANGELI CAMILLO,05/09/1979,,M,,True,False,True,True,U142D9709S,BCD,13/10/2021,12/10/2026,TN8006953,22/07/2003,,U142D9709S95,,03/11/2025,,,,,,True,20/11/2017,,46108,ANGELI CAMILLO,,Dipendente,AGGIORNAMENTO IDONEITA',20/12/2019,,22/11/2017,,,True,False,False,C3,INDET,PT,""28,00"",False,,,,,False,True,03/11/2022,TESSERINO 22-25 ARRIVATO 18/10/2022,2333,,True,False,False,False,,OK,22/08/2022,,SAPI,10/12/2021,10/12/2021,,,SAPI,,";;
Agg.to 2021,Medico 2021,Ente 2021,Nuova Visita 2021,Tossicodipendenza 2021,Agg.to 2022,Medico 2022,Ente 2022,Nuova Visita 2022,Tossicodipendenza 2022,ROPELATO,MAURIZIO,ANGELI CAMILLO,06/12/1959,,M,,True,False,True,True,U118D2262X,BCDE,29/09/2021,06/12/2024,TN8008256,09/01/2008,,U118D2262X95,,10/09/2025,,,,,,True,26/01/2022,,46108,ANGELI CAMILLO,,Autista a chiamata,RICHIESTA TESSERINO 29/07/2022.TESSERINO ARRIVATO 04/08/2022,,,29/07/2022,,,True,False,False,C2,DET,,,False,,,,,False,True,18/10/2022,TESSERINO 22-25 ARRIVATO 18/10/2022,2844,03/08/2022,True,False,False,False,,OK,,,,,,29/07/2022,QUINTARELLI EMANUELE,,22/07/2022,22/07/2022;;
Agg.to 2021,Medico 2021,Ente 2021,Nuova Visita 2021,Tossicodipendenza 2021,Agg.to 2022,Medico 2022,Ente 2022,Nuova Visita 2022,Tossicodipendenza 2022,SANDRI,HILLARY,ANGELI CAMILLO,02/05/1994,,M,,True,False,True,True,TN5290370U,B,28/05/2013,02/05/2024,TN8012206,17/09/2019,16/09/2024,,,,,,,,,True,21/08/2020,,46108,ANGELI CAMILLO,,Dipendente,RICHIESTA TESSERINO 14/09/2020;" TESSERINO ARRIVATO,24/09/2020,,14/09/2020,,,True,False,False,C2,INDET,PT,""20,00"",False,,,,,False,True,18/10/2022,TESSERINO 22-25 ARRIVATO 18/10/2022,2660,,True,False,False,False,,OK,22/08/2022,,SAPI,25/08/2021,25/08/2021,07/09/2022,QUINTARELLI EMANUELE,SAPI,06/09/2022,06/09/2022";
"Agg.to 2021,Medico 2021,Ente 2021,Nuova Visita 2021,Tossicodipendenza 2021,Agg.to 2022,Medico 2022,Ente 2022,Nuova Visita 2022,Tossicodipendenza 2022,VETTORAZZI,MARTINO,ANGELI CAMILLO,04/12/1965,,M,,True,False,True,True,TN54497065,B,24/03/2021,04/12/2026,TN8012146,19/03/2019,19/03/2024,,,,,,,,,True,06/09/2021,,46108,ANGELI CAMILLO,,Dipendente,RICHIESTA TESSERINO 25/10/2021.TESSERINO ARRIVATO 08/11/2021,25/10/2021,,25/10/2021,,,True,False,False,C3,DET,PT,""36,00"",False,,,,,False,True,18/10/2022,TESSERINO 22-25 ARRIVATO 18/10/2022,2762,,True,False,False,False,,OK,22/10/2021,QUINTARELLI EMANUELE,SAPI,14/10/2021,14/10/2021,,,SAPI,,";;
Agg.to 2021,Medico 2021,Ente 2021,Nuova Visita 2021,Tossicodipendenza 2021,Agg.to 2022,Medico 2022,Ente 2022,Nuova Visita 2022,Tossicodipendenza 2022,LUNELLI,ANTONIO,AUTOFFICINA LUNELLI DI LUNELLI STEFANO & C. S.N.C.,21/08/1974,,M,,True,False,True,True,U166H8651T,BCD,19/05/2022,18/05/2027,,,,U166H8651T95,,15/10/2025,,,06/12/1996,06/12/1996,,True,,,46304,AUTOFFICINA LUNELLI DI LUNELLI STEFANO &,,Socio,AGGIORNAMENTO IDONEITA' 18/09/2019;AGGIORNAMENTO IDONEITA',14/09/2020,,29/09/2017,,,False,False,False,,,,,False,,,,,False,True,18/10/2022,TESSERINO 22-25 ARRIVATO 18/10/2022,2308,,False,False,False,False,,OK,06/09/2021,QUINTARELLI EMANUELE,SAPI,03/09/2021,03/09/2021,07/09/2022,QUINTARELI EMANUELE,SAPI,06/09/2022,06/09/2022;
Agg.to 2021,Medico 2021,Ente 2021,Nuova Visita 2021,Tossicodipendenza 2021,Agg.to 2022,Medico 2022,Ente 2022,Nuova Visita 2022,Tossicodipendenza 2022,LUNELLI,MIRKO,AUTOFFICINA LUNELLI DI LUNELLI STEFANO & C. S.N.C.,11/02/1973,,,,True,False,True,True,U18Z06886X,BCDE,20/05/2021,19/05/2026,VI8011063,20/01/2000,,U18Z06886X95,,19/05/2026,,,,,,False,,,46304,AUTOFFICINA LUNELLI DI LUNELLI STEFANO &,9,Socio,AGGIORNAMENTO IDONEITA',14/09/2020,OK,11/10/2017,,OK,False,False,False,,,,,False,,,,,,True,12/10/2022,,2318,,False,False,False,,,OK,06/09/2021,QUINTARELLI EMANUELE,SAPI,03/09/2021,03/09/2021,07/09/2022,QUINTARELLI EMANUELE,SAPI,06/09/2022,06/09/2022;;
Agg.to 2021,Medico 2021,Ente 2021,Nuova Visita 2021,Tossicodipendenza 2021,Agg.to 2022,Medico 2022,Ente 2022,Nuova Visita 2022,Tossicodipendenza 2022,LUNELLI,STEFANO,AUTOFFICINA LUNELLI DI LUNELLI STEFANO & C. S.N.C.,21/11/1967,,M,,True,False,True,True,U142D9851X,BCD,13/10/2021,12/10/2026,,,,U142D9851X,,15/10/2025,,,,,,False,,,46304,AUTOFFICINA LUNELLI DI LUNELLI STEFANO &,,Titolare Datore di Lavoro,AGGIORNAMENTO IDONEITA' 03/10/2019; AGGIORNAMENTO IDONEITA',14/09/2020,,29/09/2017,,,False,False,False,,,,,False,,,,,False,True,12/10/2022,,2306,,False,False,False,False,,OK,06/09/2021,QUINTARELLI EMANUELE,SAPI,03/09/2021,03/09/2021,07/09/2022,QUINTARELLI EMANUALE,SAPI,06/09/2022,06/09/2022;
"Agg.to 2021,Medico 2021,Ente 2021,Nuova Visita 2021,Tossicodipendenza 2021,Agg.to 2022,Medico 2022,Ente 2022,Nuova Visita 2022,Tossicodipendenza 2022,BRENA,GIORGIO,AUTONOLEGGI FILIPPI SRL UNIPERSONALE,13/06/1962,,M,,True,False,True,True,U155J0618B,BCDE,22/06/2022,21/06/2027,,,,U155J0618B95,,31/08/2025,,,,,,True,13/09/2020,,46470,AUTONOLEGGI FILIPPI SRL UNIPERSONALE,,Dipendente,RICHIESTA TESSERINO 22/11/2021.TESSERINO ARRIVATO 01/12/2021,22/11/2021,,22/11/2021,,,True,False,False,C2,INDET,TP,""40,00"",False,,,,,False,True,18/10/2022,TESSERINO 22-25 ARRIVATO 18/10/2022,2747,,True,False,False,False,,OK,22/11/2021,GIRARDI GIANPIERO,ECO SPES,19/11/2021,19/11/2021,,,ECO SPES,,";;
"Agg.to 2021,Medico 2021,Ente 2021,Nuova Visita 2021,Tossicodipendenza 2021,Agg.to 2022,Medico 2022,Ente 2022,Nuova Visita 2022,Tossicodipendenza 2022,BUGOLONI,CLAUDIA,AUTONOLEGGI FILIPPI SRL UNIPERSONALE,01/07/1980,,M,,True,False,True,True,U16H37138N,B,14/12/2018,07/07/2029,TN8011889,15/02/2017,13/02/2022,,,,,,,,,True,10/01/2022,,46470,AUTONOLEGGI FILIPPI SRL UNIPERSONALE,,Dipendente,RICHIESTA TESSERINO 25/01/2022.TESSERINO ARRIVATO 11/04/2022,25/01/2022,,25/01/2022,,,True,False,False,C3,DET,PT,""25,00"",False,,,,,False,True,18/10/2022,TESSERINO 22-25 ARRIVATO 18/10/2022,2797,,True,False,False,False,,OK,,,,,,25/01/2022,GIRARDI GIANPIERO,,19/01/2022,19/01/2022";;
Agg.to 2021,Medico 2021,Ente 2021,Nuova Visita 2021,Tossicodipendenza 2021,Agg.to 2022,Medico 2022,Ente 2022,Nuova Visita 2022,Tossicodipendenza 2022,FILIPPI,CLAUDIO,AUTONOLEGGI FILIPPI SRL UNIPERSONALE,06/02/1970,,M,,True,False,True,True,TN5457130X,BCD,19/07/2021,10/10/2023,TN8008215,21/12/2007,,TN5457130X95,05/12/2012,29/09/2025,,,09/06/2003,09/06/2003,,False,01/05/2005,,46470,AUTONOLEGGI FILIPPI SRL UNIPERSONALE,,Autista a chiamata,AGGIORNAMENTO IDONEITA',19/07/2019,,28/09/2012,,,True,False,False,C1,INDET,,,False,,,,,False,True,13/10/2022, | Categoria: Dipendente,0322,,True,False,False,False,,OK,16/09/2021,GIRARDI GIANPIERO,ECO SPES,15/09/2021,15/09/2021,12/10/2022,GIRARDI GIANPIERO,ECO SPES,03/10/2022,03/10/2022;;
Agg.to 2021,Medico 2021,Ente 2021,Nuova Visita 2021,Tossicodipendenza 2021,Agg.to 2022,Medico 2022,Ente 2022,Nuova Visita 2022,Tossicodipendenza 2022,FILIPPI,SERGIO,AUTONOLEGGI FILIPPI SRL UNIPERSONALE,06/02/1970,,,,True,False,True,True,TN5438265F,BCD,09/09/2020,06/02/2024,TN8008217,21/12/2007,,TN5438265F95,,08/09/2025,,,,,,False,,,46470,AUTONOLEGGI FILIPPI SRL UNIPERSONALE,10,Titolare,,10/04/2019,TITOLARE,,,,False,False,False,,,,,False,,,,,,True,12/10/2022, | Categoria: Titolare,0318,,False,False,False,,,OK,,,,,,,,,,;;
"Agg.to 2021,Medico 2021,Ente 2021,Nuova Visita 2021,Tossicodipendenza 2021,Agg.to 2022,Medico 2022,Ente 2022,Nuova Visita 2022,Tossicodipendenza 2022,FILIPPI,STEFANO,AUTONOLEGGI FILIPPI SRL UNIPERSONALE,24/03/1966,,,,True,False,True,True,U151J3974X,BCDE,21/06/2022,20/06/2027,TN8008216,21/12/2007,,U151J3974X95,,08/09/2025,,,30/06/1986,21/05/2001,,False,17/04/2009,,46470,AUTONOLEGGI FILIPPI SRL UNIPERSONALE,8,Dipendente,AGGIORNAMENTO IDONEITA',19/07/2019,OK,28/09/2012,,OK,True,False,False,C1,INDET,TP,""40,00"",False,,,,,,True,12/10/2022, | Categoria: Dipendente,0323,,True,False,False,,,OK,16/09/2021,GIRARDI GIANPIERO,ECO SPES,15/09/2021,15/09/2021,21/09/2022,GIRARDI GIANPIERO,ECO SPES,16/09/2022,16/09/2022";;
"Agg.to 2021,Medico 2021,Ente 2021,Nuova Visita 2021,Tossicodipendenza 2021,Agg.to 2022,Medico 2022,Ente 2022,Nuova Visita 2022,Tossicodipendenza 2022,FILIPPI,THOMAS,AUTONOLEGGI FILIPPI SRL UNIPERSONALE,06/11/2000,,M,,True,False,True,True,TN5456437G,B,19/07/2021,06/11/2031,TN8012379,31/12/2021,29/12/2026,,,,,,,,,True,03/07/2019,,46470,AUTONOLEGGI FILIPPI SRL UNIPERSONALE,,Dipendente,RICHIESTA TESSERINO 25/01/2022..TESSERINO ARRIVATO 02/02/2022,25/01/2022,,25/01/2022,,,True,False,False,C3,INDET,PT,""20,00"",False,,,,,False,True,18/10/2022,TESSERINO 22-25 ARRIVATO 18/10/2022,2798,,True,False,False,False,,OK,,,,,,25/01/2022,GIRARDI GIANPIERO,,19/01/2022,19/01/2022";;
"Agg.to 2021,Medico 2021,Ente 2021,Nuova Visita 2021,Tossicodipendenza 2021,Agg.to 2022,Medico 2022,Ente 2022,Nuova Visita 2022,Tossicodipendenza 2022,OCCULTO,ATTILIO,AUTONOLEGGI FILIPPI SRL UNIPERSONALE,21/10/1979,,M,,True,False,True,True,TN5451396N,BD,04/05/2021,04/05/2026,,,,TN5451396N,,04/05/2026,,,,,,True,21/09/2020,,46470,AUTONOLEGGI FILIPPI SRL UNIPERSONALE,,Dipendente,RICHIESTA TESSERINO 16/11/2021.TESSERINO ARRIVATO 26/11/2021,16/11/2021,,16/11/2021,,,True,False,False,C2,INDET,TP,""40,00"",False,,,,,False,True,18/10/2022,TESSERINO 22-25 ARRIVATO 18/10/2022,2748,,True,False,False,False,,OK,16/11/2021,GIRARDI GIANPIERO,ECO SPES,15/11/2021,15/11/2021,,,ECO SPES,,";;
Agg.to 2021,Medico 2021,Ente 2021,Nuova Visita 2021,Tossicodipendenza 2021,Agg.to 2022,Medico 2022,Ente 2022,Nuova Visita 2022,Tossicodipendenza 2022,PARISI,DEMIS,AUTONOLEGGI FILIPPI SRL UNIPERSONALE,05/06/1976,,M,,True,False,True,True,U13F23230F,BCDE,26/07/2018,25/07/2023,,,,U13F23230F95,,09/09/2020,,,,,,False,01/07/2019,,46470,AUTONOLEGGI FILIPPI SRL UNIPERSONALE,,Dipendente,RICHIESTA TESSERINO 01/10/2019;" TESSERINO ARRIVATO 11/10/2019,01/10/2019,,01/10/2019,,,True,False,False,C1,INDET,TP,""40,00"",False,,,,,False,True,12/10/2022,,2545,,True,False,False,False,,OK,16/09/2021,GIRARDI GIANPIERO,ECO SPES,15/09/2021,15/09/2021,21/09/2022,GIRARDI GIANPIERO,ECO SPES,16/09/2022,16/09/2022";
Agg.to 2021,Medico 2021,Ente 2021,Nuova Visita 2021,Tossicodipendenza 2021,Agg.to 2022,Medico 2022,Ente 2022,Nuova Visita 2022,Tossicodipendenza 2022,POLANA,ROBERTO,AUTONOLEGGI FILIPPI SRL UNIPERSONALE,23/08/1991,,M,,True,False,True,True,TN5452462N,BD,06/05/2021,10/02/2026,TN8011592,18/06/2014,,TN5452462N95,,04/05/2026,,,,,,True,11/09/2017,,46470,AUTONOLEGGI FILIPPI SRL UNIPERSONALE,,Dipendente,RICHIESTA TESSERINO 01/10/2019;" TESSERINO ARRIVATO 24/10/2019,24/10/2019,,01/10/2019,,,True,False,False,C1,INDET,TP,""40,00"",False,,,,,False,True,18/10/2022,TESSERINO 22-25 ARRIVATO 18/10/2022,2296,,True,False,False,False,,OK,15/03/2021,GIRARDI GIANPIERO,ECO SPES,11/03/2021,11/03/2021,24/08/2022,GIRARDI GIANPIERO,ECO SPES,03/03/2022,03/03/2022";
"Agg.to 2021,Medico 2021,Ente 2021,Nuova Visita 2021,Tossicodipendenza 2021,Agg.to 2022,Medico 2022,Ente 2022,Nuova Visita 2022,Tossicodipendenza 2022,ANDRIOLLO,CLAUDIO,AUTONOLEGGI PEGORARO SNC DI PEGORARO LUCIANO & C.,09/09/1968,,,,True,False,True,True,U17W20996Y,BCDE,19/11/2020,18/11/2025,TN8008015,23/11/2007,,U17W20996Y95,,15/10/2026,,,30/01/1990,30/01/1990,27/11/1990,False,01/08/2016,,47203,AUTONOLEGGI PEGORARO SNC DI PEGORARO LUCIANO & C.,8,Dipendente,AGGIORNAMENTO IDONEITA',05/05/2020,OK,01/09/2016,,OK,True,False,False,C2,INDET,PT,""30,00"",False,,,,,,True,12/10/2022,,2218,,True,False,False,,,OK,23/03/2021,QUINTARELLI EMANUELE,SAPI,05/03/2021,05/03/2021,14/03/2022,QUINTARELLI EMANUELE,SAPI,03/03/2022,03/03/2022";;
"Agg.to 2021,Medico 2021,Ente 2021,Nuova Visita 2021,Tossicodipendenza 2021,Agg.to 2022,Medico 2022,Ente 2022,Nuova Visita 2022,Tossicodipendenza 2022,FURLANI,PAOLA,AUTONOLEGGI PEGORARO SNC DI PEGORARO LUCIANO & C.,26/11/1961,,,,True,False,True,True,U1W178667W,AB,07/03/2017,26/11/2022,TN8007526,10/04/2006,29/03/2026,,,,,,,,,False,01/10/2020,,47203,AUTONOLEGGI PEGORARO SNC DI PEGORARO LUCIANO & C.,8,Dipendente,AGGIORNAMENTO IDONEITA'. RICHIESTA TESSERINO.  TESSERINO ARRIVATO 26/04/2021,13/04/2021,OK,13/04/2021,RICHIESTA TESSERINO. TESSERINO ARRIVATO 26/04/2021,OK,True,False,False,C3,INDET,PT,""35,00"",False,,,,,,True,12/10/2022,,2719,,True,False,False,,,OK,23/03/2021,QUINTARELLI EMANUELE,SAPI,05/03/2021,05/03/2021,14/03/2022,QUINTARELLI EMANUELE,SAPI,03/03/2022,03/03/2022";;
Agg.to 2021,Medico 2021,Ente 2021,Nuova Visita 2021,Tossicodipendenza 2021,Agg.to 2022,Medico 2022,Ente 2022,Nuova Visita 2022,Tossicodipendenza 2022,GIOVANAZZI,STEFANO,AUTONOLEGGI PEGORARO SNC DI PEGORARO LUCIANO & C.,,,M,,False,False,True,True,TN5477037F,BCDE,10/06/2022,19/04/2027,,,,TN5477037F95,,14/10/2025,,,,,,False,,,47203,AUTONOLEGGI PEGORARO SNC DI PEGORARO LUCIANO & C.,,Dipendente,,,,,,,False,False,False,,,,,False,,,,,False,False,14/11/2022,,2872,18/09/2022,False,False,False,False,,,,,,,,,,,,;;
Agg.to 2021,Medico 2021,Ente 2021,Nuova Visita 2021,Tossicodipendenza 2021,Agg.to 2022,Medico 2022,Ente 2022,Nuova Visita 2022,Tossicodipendenza 2022,PACHER,MARCO,AUTONOLEGGI PEGORARO SNC DI PEGORARO LUCIANO & C.,11/01/1970,,,,True,False,True,True,TN5438223P,BCDE,09/09/2020,04/09/2025,TN8010088,03/09/2008,,TN5438223P95,,08/09/2025,,,27/10/1994,27/10/1994,24/10/1995,False,01/08/2016,,47203,AUTONOLEGGI PEGORARO SNC DI PEGORARO LUCIANO & C.,8,Dipendente,AGGIORNAMENTO IDONEITA' 08/08/2019;" AGGIORNAMENTO IDONEITA',04/12/2020,OK,01/09/2016,,DOCUMENTAZIONE GIA' DEPOSITATA PER CERTIFICAZIONE IDONEITA',True,False,False,C2,INDET,TP,""40,00"",False,,,,,,True,12/10/2022,,2220,,True,False,False,,,OK,03/12/2021,QUINTARELLI EMANUELE,SAPI,26/11/2021,26/11/2021,,,SAPI,,";
Agg.to 2021,Medico 2021,Ente 2021,Nuova Visita 2021,Tossicodipendenza 2021,Agg.to 2022,Medico 2022,Ente 2022,Nuova Visita 2022,Tossicodipendenza 2022,PEDRAZZA,LORENZO,AUTONOLEGGI PEGORARO SNC DI PEGORARO LUCIANO & C.,,,M,,True,True,True,True,TN5440978K,,21/10/2020,31/08/2025,,,,TN5440978K95,,15/07/2025,,,,,,False,06/07/2022,,47203,AUTONOLEGGI PEGORARO SNC DI PEGORARO LUCIANO & C.,,Dipendente,,,,,,,False,False,False,,,,,False,,,,,False,True,14/11/2022,RICHIESTA TESSERINO PAT 22-25  14/11/2022,2871,18/09/2022,False,False,False,False,,OK,,,,,,14/11/2022,QUINTARELLI EMANUELE,,16/09/2022,16/09/2022;;
Agg.to 2021,Medico 2021,Ente 2021,Nuova Visita 2021,Tossicodipendenza 2021,Agg.to 2022,Medico 2022,Ente 2022,Nuova Visita 2022,Tossicodipendenza 2022,PEGORARO,LUCIANA,AUTONOLEGGI PEGORARO SNC DI PEGORARO LUCIANO & C.,27/08/1979,,,,True,False,True,True,U124C7020H,BCD,28/07/2021,27/07/2026,TN8006511,11/06/2001,,U124C7020H95,,04/09/2025,,,12/04/2001,12/04/2001,,False,,,47203,AUTONOLEGGI PEGORARO SNC DI PEGORARO LUCIANO & C.,9,Socio,,10/04/2019,OK,01/09/2016,,OK,False,False,False,,,,,False,,,,,,True,12/10/2022,,2217,,False,False,False,,,OK,03/12/2021,QUINTARELLI EMANUELE,SAPI,26/11/2021,26/11/2021,,,SAPI,,;;
Agg.to 2021,Medico 2021,Ente 2021,Nuova Visita 2021,Tossicodipendenza 2021,Agg.to 2022,Medico 2022,Ente 2022,Nuova Visita 2022,Tossicodipendenza 2022,PEGORARO,LUCIANO,AUTONOLEGGI PEGORARO SNC DI PEGORARO LUCIANO & C.,05/03/1945,,,,True,False,True,True,U14S44972P,B,20/02/2020,05/03/2023,TN8010978,28/10/2010,29/01/2022,,,,,,,,,False,,,47203,AUTONOLEGGI PEGORARO SNC DI PEGORARO LUCIANO & C.,10,Titolare,,10/04/2019,TITOLARE,01/09/2016,,,False,False,False,,,,,False,,,,,,True,12/10/2022,,2215,,False,False,False,,,OK,,,,,,,,,,;;
Agg.to 2021,Medico 2021,Ente 2021,Nuova Visita 2021,Tossicodipendenza 2021,Agg.to 2022,Medico 2022,Ente 2022,Nuova Visita 2022,Tossicodipendenza 2022,PEGORARO,SEBASTIANO,AUTONOLEGGI PEGORARO SNC DI PEGORARO LUCIANO & C.,29/01/1981,,,,True,False,True,True,TN5458184H,BCD,29/07/2021,26/04/2023,BL8004995,16/12/2003,,TN5458184H95,,20/07/2026,,,06/08/2009,23/11/2009,,False,,,47203,AUTONOLEGGI PEGORARO SNC DI PEGORARO LUCIANO & C.,9,Socio,AGGIORNAMENTO IDONEITA',04/12/2020,OK,03/04/2019,,OK,False,False,False,,,,,False,,,,,,True,12/10/2022,,2225,,False,False,False,,,OK,03/12/2021,QUITARELLI EMANUELE,SAPI,26/11/2021,26/11/2021,,,SAPI,,;;
Agg.to 2021,Medico 2021,Ente 2021,Nuova Visita 2021,Tossicodipendenza 2021,Agg.to 2022,Medico 2022,Ente 2022,Nuova Visita 2022,Tossicodipendenza 2022,PEGORARO,VERA,AUTONOLEGGI PEGORARO SNC DI PEGORARO LUCIANO & C.,25/09/1976,,M,,True,False,True,True,U15H42413M,BCD,10/12/2018,07/12/2023,TN8006057,17/09/1998,,U15H42413M95,,09/09/2020,,,,,,False,,,47203,AUTONOLEGGI PEGORARO SNC DI PEGORARO LUCIANO & C.,,Socio,AGGIORNAMENTO IDONEITA',14/09/2020,,01/09/2016,,,False,False,False,,,,,False,,,,,False,True,08/11/2022,,2216,,False,False,False,False,,,,,,,,,,,,;;
Agg.to 2021,Medico 2021,Ente 2021,Nuova Visita 2021,Tossicodipendenza 2021,Agg.to 2022,Medico 2022,Ente 2022,Nuova Visita 2022,Tossicodipendenza 2022,PELLEGRINI,FABIO,AUTONOLEGGI PEGORARO SNC DI PEGORARO LUCIANO & C.,,,,,True,False,True,True,,,,,,,,,,,,,,,,False,08/08/2022,,47203,AUTONOLEGGI PEGORARO SNC DI PEGORARO LUCIANO & C.,8,Dipendente,,,,,ATTESA DOCUMENTAZIONE COMPLETA,,False,False,False,,,,,False,,,,,False,False,12/10/2022,,2873,18/09/2022,False,False,False,False,,,,,,,,,,,,;;
Agg.to 2021,Medico 2021,Ente 2021,Nuova Visita 2021,Tossicodipendenza 2021,Agg.to 2022,Medico 2022,Ente 2022,Nuova Visita 2022,Tossicodipendenza 2022,PIVETTI,IVAN,AUTONOLEGGI PEGORARO SNC DI PEGORARO LUCIANO & C.,,,,,False,False,True,True,,,,,,,,,,,,,,,,False,20/06/2022,,47203,AUTONOLEGGI PEGORARO SNC DI PEGORARO LUCIANO & C.,8,Dipendente,,,,,ATTESA DOCUMENTAZIONE COMPLETA,,False,False,False,,,,,False,,,,,False,False,12/10/2022,,2874,18/09/2022,False,False,False,False,,,,,,,,,,,,;;
"Agg.to 2021,Medico 2021,Ente 2021,Nuova Visita 2021,Tossicodipendenza 2021,Agg.to 2022,Medico 2022,Ente 2022,Nuova Visita 2022,Tossicodipendenza 2022,SUTU,OVIDIU,AUTONOLEGGI PEGORARO SNC DI PEGORARO LUCIANO & C.,27/04/1987,,M,,True,False,True,True,TN5413859H,BD,08/05/2019,11/04/2024,,,,,,08/05/2024,,,,,,False,12/11/2018,,47203,AUTONOLEGGI PEGORARO SNC DI PEGORARO LUCIANO & C.,,Dipendente,AGGIORNAMENTO IDONEITA',14/09/2020,,11/03/2019,,,True,False,False,C2,INDET,PT,""30,00"",False,,,,,False,True,14/11/2022,,2485,,True,False,False,False,,OK,07/10/2021,QUINTARELLI EMANUELE,SAPI,30/09/2021,30/09/2021,14/11/2022,QUINTARELLI EMANUELE,SAPI,16/09/2022,16/09/2022";;
"Agg.to 2021,Medico 2021,Ente 2021,Nuova Visita 2021,Tossicodipendenza 2021,Agg.to 2022,Medico 2022,Ente 2022,Nuova Visita 2022,Tossicodipendenza 2022,BOSO,GIUSEPPE,AUTONOLEGGI SORDO S.A.S. DI SORDO STEFANO & C.,01/08/1963,,M,,True,False,True,True,U188K2729N,BCDE,02/09/2022,01/09/2027,TN8009067,22/04/2008,,U188K2729N95,,09/09/2025,,,03/07/1985,03/07/1985,12/09/2012,False,01/09/2014,,46905,AUTONOLEGGI SORDO S.A.S.,,Dipendente,AGGIORNAMENTO IDONEITA',30/12/2019,,12/03/2014,,,True,False,False,C3,INDET,PT,""22,00"",False,,,,,False,True,24/10/2022,,1945,,True,False,False,False,,OK,,,,,,26/08/2022,QUINTARELLI EMANUELE,,18/03/2022,18/03/2022";;
Agg.to 2021,Medico 2021,Ente 2021,Nuova Visita 2021,Tossicodipendenza 2021,Agg.to 2022,Medico 2022,Ente 2022,Nuova Visita 2022,Tossicodipendenza 2022,SORDO,STEFANO,AUTONOLEGGI SORDO S.A.S. DI SORDO STEFANO & C.,05/01/1979,,,,True,False,True,True,U16C63630J,BCDE,02/03/2018,01/03/2023,BL8004885,11/02/2003,,U16C63630J95,,09/09/2020,,,06/09/2002,06/09/2002,,False,,,46905,AUTONOLEGGI SORDO S.A.S.,10,Titolare,AGGIORNAMENTO IDONEITA'.AGGIORNAMENTO IDONEITA'.,05/08/2020,TITOLARE,,,,False,False,False,,,,,False,,,,,,True,12/10/2022, | Categoria: coll. Familiare,0692,,False,False,False,,,OK,26/07/2021,QUINTARELLI MANUELE,SAPI,08/07/2021,08/07/2021,26/08/2022,QUINTARELLI EMANUELE,SAPI,22/07/2022,22/07/2022;;
Agg.to 2021,Medico 2021,Ente 2021,Nuova Visita 2021,Tossicodipendenza 2021,Agg.to 2022,Medico 2022,Ente 2022,Nuova Visita 2022,Tossicodipendenza 2022,CASAGRANDE,DAMIANO,AUTONOLEGGI VISINTAINER DI VISINTAINER FRANCESCO,23/06/2018,,M,,True,False,True,True,U11G31288H,BCDE,19/09/2018,18/09/2023,TN2010332,22/10/2008,,U11G31288H95,,24/07/2023,,,,,,False,,,46459,AUTONOLEGGI VISINTAINER DI VISINTAINER,,Dipendente,,,,23/08/2022,,,False,True,False,,,,,False,,,,,False,False,24/10/2022,,2851,11/08/2022,False,True,False,False,,OK,,,,,,26/08/2022,,,26/08/2022,26/08/2022;;
"Agg.to 2021,Medico 2021,Ente 2021,Nuova Visita 2021,Tossicodipendenza 2021,Agg.to 2022,Medico 2022,Ente 2022,Nuova Visita 2022,Tossicodipendenza 2022,DALLAPICCOLA,NICOLA,AUTONOLEGGI VISINTAINER DI VISINTAINER FRANCESCO,04/08/1971,,M,,True,False,True,True,U173E3630G,BCDE,29/12/2021,28/12/2026,TN8010309,14/10/2008,,U173E3630G95,,05/01/2026,,,,,,False,09/09/2014,,46459,AUTONOLEGGI VISINTAINER DI VISINTAINER,,Dipendente,AGGIORNAMENTO IDONEITA',16/12/2019,,16/10/2012,,,False,True,False,3,DET,PT,""24,00"",False,,,,,False,False,24/10/2022,,1735,,False,True,False,False,,OK,05/08/2022,QUINTARELLI EMANUELE,SAPI,10/12/2021,10/12/2021,,,SAPI,,";;
"Agg.to 2021,Medico 2021,Ente 2021,Nuova Visita 2021,Tossicodipendenza 2021,Agg.to 2022,Medico 2022,Ente 2022,Nuova Visita 2022,Tossicodipendenza 2022,LENZI,MAURIZIO,AUTONOLEGGI VISINTAINER DI VISINTAINER FRANCESCO,05/08/1959,,M,,True,False,True,True,U19U37125M,BCD,11/08/2020,10/08/2025,,,,,,29/04/2024,,,,,,False,24/09/2018,,46459,AUTONOLEGGI VISINTAINER DI VISINTAINER,,Dipendente,AGGIORNAMENTO IDONEITA',25/02/2021,,27/09/2018,,,False,True,False,3 SUPER,INDET,PT,""30,00"",False,,,,,False,False,24/10/2022,,2432,,False,True,False,False,,OK,05/08/2022,QUINTARELLI EMANUELE,SAPI,10/12/2021,10/12/2021,,,SAPI,,";;
Agg.to 2021,Medico 2021,Ente 2021,Nuova Visita 2021,Tossicodipendenza 2021,Agg.to 2022,Medico 2022,Ente 2022,Nuova Visita 2022,Tossicodipendenza 2022,TOMELIN,ANDREA,AUTONOLEGGI VISINTAINER DI VISINTAINER FRANCESCO,24/02/1971,,M,,True,False,True,True,TN5428127J,BCD,22/01/2020,14/11/2024,,,,TN5428127J95,,22/01/2025,,,,,,False,01/08/2020,,46459,AUTONOLEGGI VISINTAINER DI VISINTAINER,,Dipendente,RICHIESTA TESSERINO;" TESSERINO ARRIVATO 15/03/2021,15/03/2021,,26/02/2021,,,False,True,False,C3,DET,TP,""39,00"",False,,,,,False,False,24/10/2022,OK,2708,,False,True,False,False,,,05/08/2022,QUINTARELLI EMANUELE,SAPI,03/09/2021,03/09/2021,24/10/2022,QUINTARELLI EMANUELE,SAPI,06/09/2022,06/09/2022";
Agg.to 2021,Medico 2021,Ente 2021,Nuova Visita 2021,Tossicodipendenza 2021,Agg.to 2022,Medico 2022,Ente 2022,Nuova Visita 2022,Tossicodipendenza 2022,VISINTAINER,FRANCESCO,AUTONOLEGGI VISINTAINER DI VISINTAINER FRANCESCO,04/10/1969,,M,,True,False,True,True,U150H9135W,BCD,12/05/2022,11/05/2027,TN8008764,17/03/2008,,U150H9135W95,,09/08/2026,,,,,,False,,,46459,AUTONOLEGGI VISINTAINER DI VISINTAINER,,Titolare,,10/04/2019,,,,,False,False,False,,,,,False,,,,,False,True,24/10/2022,,0043,,False,False,False,False,,OK,,,,,,,,,,;;
Agg.to 2021,Medico 2021,Ente 2021,Nuova Visita 2021,Tossicodipendenza 2021,Agg.to 2022,Medico 2022,Ente 2022,Nuova Visita 2022,Tossicodipendenza 2022,ZDRAVKOV,KOSTADIN,AUTONOLEGGI VISINTAINER DI VISINTAINER FRANCESCO,04/05/1960,,M,,True,False,True,True,U16Z46033P,BCDE,12/05/2021,11/05/2023,TN8011795,24/02/2016,,U16Z46033P95,,06/11/2024,,,,,,False,29/11/2021,,46459,AUTONOLEGGI VISINTAINER DI VISINTAINER,,Dipendente,RICHIESTA DUPLICATO TESSERINO 06/12: tesserino arrivato 17/12/2021,06/12/2021,,06/12/2021,,,False,True,False,,,,,False,,,,,False,False,24/10/2022,,2775,,False,True,False,False,,OK,06/12/2021,QUINTARELLI EMANUELE,SAPI,30/09/2021,30/09/2021,24/10/2022,QUINTARELLI EMANUELE,SAPI,06/09/2022,06/09/2022;;
Agg.to 2021,Medico 2021,Ente 2021,Nuova Visita 2021,Tossicodipendenza 2021,Agg.to 2022,Medico 2022,Ente 2022,Nuova Visita 2022,Tossicodipendenza 2022,GIRARDI,PAOLO,AUTONOLEGGIO AMICO,26/03/1961,,,,False,False,True,True,0000000000,,,,,,,,,,,,,,,False,,,46986,AUTONOLEGGIO AMICO DI MOREA MICHELE,11,Autista a chiamata,EMETTERE TESSERINO 19/11/2020; TESSERINO ARRIVATO,30/11/2020,,,DITTA NO CONSORZIATA - TERZI,,False,False,False,,,,,False,,,,,,False,12/10/2022,,2687,,False,False,False,,,,,,,,,,,,,;
Agg.to 2021,Medico 2021,Ente 2021,Nuova Visita 2021,Tossicodipendenza 2021,Agg.to 2022,Medico 2022,Ente 2022,Nuova Visita 2022,Tossicodipendenza 2022,LUCIN,RENZO,AUTONOLEGGIO AMICO,,,,,False,False,True,True,00000000000,,,,,,,,,,,,,,,False,01/09/2020,,46986,AUTONOLEGGIO AMICO DI MOREA MICHELE,8,Dipendente,EMETTERE TESSERINO; TESSERINO ARRIVATO,16/10/2020,,,DITTA NO CONSORZIATA - TERZI,,False,False,False,,,,,False,,,,,,False,12/10/2022,,2678,,False,False,False,,,,,,,,,,,,,;
Agg.to 2021,Medico 2021,Ente 2021,Nuova Visita 2021,Tossicodipendenza 2021,Agg.to 2022,Medico 2022,Ente 2022,Nuova Visita 2022,Tossicodipendenza 2022,MOREA,MICHELE,AUTONOLEGGIO AMICO,,,,,False,False,True,True,00000000000,,,,,,,,,,,,,,,False,01/09/2020,,46986,AUTONOLEGGIO AMICO DI MOREA MICHELE,10,Titolare,EMETTERE TESSERINO; TESSERINO ARRIVATO,16/10/2020,,,DITTA NO CONSORZIATA - TERZI,,False,False,False,,,,,False,,,,,,True,12/10/2022,,2679,,False,False,False,,,,,,,,,,,,,;
Agg.to 2021,Medico 2021,Ente 2021,Nuova Visita 2021,Tossicodipendenza 2021,Agg.to 2022,Medico 2022,Ente 2022,Nuova Visita 2022,Tossicodipendenza 2022,BONELLI,ANNA,AUTONOLEGGIO DI GUADAGNINI FERDINANDO E ZAMPIERI DAVID S.N.C.,27/07/1974,,M,,True,False,True,True,TN2238022P,B,18/04/1994,27/07/2024,BZ8015437,29/10/2008,19/10/2023,,,,,,,,,False,12/09/2016,,46853,AUTONOLEGGIO DI GUADAGNINI FERDINANDO E,,Dipendente,AGGIORNAMENTO IDONEITA' 30/12/2019;" AGGIORNAMENTO IDONEITA',29/10/2020,,08/11/2016,,,True,False,False,C3,DET,PT,""11,00"",False,,,,,False,True,14/11/2022,,2252,,True,False,False,False,,OK,30/09/2022,GIAVARINA MASSIMO,SAPI,13/10/2021,13/10/2021,14/11/2022,GIAVARINA MASSIMO,SAPI,12/10/2022,12/10/2022";
Agg.to 2021,Medico 2021,Ente 2021,Nuova Visita 2021,Tossicodipendenza 2021,Agg.to 2022,Medico 2022,Ente 2022,Nuova Visita 2022,Tossicodipendenza 2022,GUADAGNINI,GUENDALINA,AUTONOLEGGIO DI GUADAGNINI FERDINANDO E ZAMPIERI DAVID S.N.C.,27/09/1979,,M,,True,False,True,True,U167J1696S,B,25/06/2022,27/09/2032,BZ8010150,06/05/2002,24/06/2027,,,,,,,,,True,10/09/2014,,46853,AUTONOLEGGIO DI GUADAGNINI FERDINANDO E,,Dipendente,AGGIORNAMENTO IDONEITA' 20/11/2019;" AGGIORNAMENTO IDONEITA',29/10/2020,,10/10/2012,,,True,False,False,C3,INDET,PT,""30,00"",False,,,,,False,True,14/11/2022,TESSERINO 22-25 ARRIVATO 18/10/2022,0403,,True,False,False,False,,OK,30/09/2022,GIAVARINA MASSIMO,SAPI,13/10/2021,13/10/2021,14/11/2022,GIAVARINA MASSIMO,SAPI,12/10/2022,12/10/2022";
Agg.to 2021,Medico 2021,Ente 2021,Nuova Visita 2021,Tossicodipendenza 2021,Agg.to 2022,Medico 2022,Ente 2022,Nuova Visita 2022,Tossicodipendenza 2022,ZAMPIERI,DAVID,AUTONOLEGGIO DI GUADAGNINI FERDINANDO E ZAMPIERI DAVID S.N.C.,20/02/1974,,,,True,True,True,True,TN5480213L,BCD,14/07/2022,31/07/2024,TN8005436,29/03/1996,,TN5480213L95,,20/06/2027,,,08/08/2009,20/01/2009,,False,,,46853,AUTONOLEGGIO DI GUADAGNINI FERDINANDO E,13,Titolare e Collab. Famigliare,,10/04/2019,TITOLARE,03/09/2012,,,False,False,False,,,,,False,,,,,,True,12/10/2022, | Categoria: Titolare e Collab. Famigliare,0402,,False,False,False,,,OK,,,,,,,,,,;;
Agg.to 2021,Medico 2021,Ente 2021,Nuova Visita 2021,Tossicodipendenza 2021,Agg.to 2022,Medico 2022,Ente 2022,Nuova Visita 2022,Tossicodipendenza 2022,MAISTRELLI,MARIARITA,AUTONOLEGGIO DI MAISTRELLI MARIARITA,22/10/1964,,,,True,False,True,True,TN2094402J,B,12/09/1983,22/10/2023,TN8006172,18/05/1999,18/07/2023,,,,,,,,,False,,,46188,AUTONOLEGGIO DI MAISTRELLI MARIARITA,10,Titolare,,10/04/2019,TITOLARE,,,,False,False,False,,,,,False,,,,,,True,12/10/2022, | Categoria: Titolare,0444,,False,False,False,,,OK,,,,,,,,,,;;
"Agg.to 2021,Medico 2021,Ente 2021,Nuova Visita 2021,Tossicodipendenza 2021,Agg.to 2022,Medico 2022,Ente 2022,Nuova Visita 2022,Tossicodipendenza 2022,CANARGIU,FRANCESCO,AUTONOLEGGIO FABBRO SNC DI FABBRO DANILO  & C.,12/05/1965,,,,False,False,True,True,TN5434848J,BCD,22/07/2020,12/05/2025,TN8008071,03/12/2007,,TN5434848J95,,07/07/2025,,,,,,False,14/03/2022,,46037,AUTONOLEGGIO FABBRO SNC DI FABBRO DANILO,8,Dipendente,RICHIESTA TESSERINO 15/03/2022. TESSERINO ARRIVATO 24/03/2022.FREQUENTA CORSO AUTISTI,15/03/2022,OK,15/03/2022,RICHIESTA TESSERINO 15/03/2022. TESSERINO ARRIVATO 24/03/2022. FREQUENTA CORSO AUTISTI,OK,False,True,False,C2,DET,TP,""39,00"",False,,,,,,True,12/10/2022,,2809,,False,True,False,,,,,,,,,15/03/2022,PAROLARI GIACOMO,,07/12/2021,07/12/2021";;
Agg.to 2021,Medico 2021,Ente 2021,Nuova Visita 2021,Tossicodipendenza 2021,Agg.to 2022,Medico 2022,Ente 2022,Nuova Visita 2022,Tossicodipendenza 2022,FABBRO,DANILO,AUTONOLEGGIO FABBRO SNC DI FABBRO DANILO  & C.,02/09/1968,,M,,False,False,True,True,TN5436839L,BCD,22/08/2020,03/04/2024,TN8008281,18/01/2008,,TN5436839L95,,20/08/2025,,,15/09/1989,15/09/1989,,False,,,46037,AUTONOLEGGIO FABBRO SNC DI FABBRO DANILO,,Titolare,AGGIORNAMENTO IDONEITA' 12/09/2019; AGGIORNAMENTO IDONEITA',04/09/2020,,,,,False,False,False,,,,,False,,,,,False,True,18/10/2022, | Categoria: Titolare,0517,,False,False,False,False,,,18/10/2022,QUINTARELLI EMANUELE,SAPI,14/10/2022,14/10/2022,,,SAPI,,;
Agg.to 2021,Medico 2021,Ente 2021,Nuova Visita 2021,Tossicodipendenza 2021,Agg.to 2022,Medico 2022,Ente 2022,Nuova Visita 2022,Tossicodipendenza 2022,FABBRO,GABRIELE,AUTONOLEGGIO FABBRO SNC DI FABBRO DANILO  & C.,08/03/1964,,M,,False,False,True,True,TN5433645C,BCD,01/07/2020,23/06/2025,VI8003843,10/01/1987,,TN5433645C95,,25/06/2025,,,28/03/1986,28/03/1986,,False,15/09/2010,,46037,AUTONOLEGGIO FABBRO SNC DI FABBRO DANILO,,Dipendente,AGGIORNAMENTO IDONEITA' 12/09/2019;" AGGIORNAMENTO IDONEITA',04/09/2020,,09/01/2013,,,False,True,False,3,INDET,TP,""39,00"",False,,,,,False,True,18/10/2022, | Categoria: Dipendente,0518,,False,True,False,False,,,18/10/2022,QUINTARELLI EMANUELE,SAPI,14/10/2022,14/10/2022,,,SAPI,,";
Agg.to 2021,Medico 2021,Ente 2021,Nuova Visita 2021,Tossicodipendenza 2021,Agg.to 2022,Medico 2022,Ente 2022,Nuova Visita 2022,Tossicodipendenza 2022,LINS,JACIARA MARIA,AUTONOLEGGIO FABBRO SNC DI FABBRO DANILO  & C.,24/11/1979,,,,False,False,True,True,U13N88103W,B,05/09/2019,24/11/2029,TN8011515,04/12/2013,18/02/2024,,,,,,,,,False,,,46037,AUTONOLEGGIO FABBRO SNC DI FABBRO DANILO,4,coll. Familiare,AGGIORNAMENTO IDONEITA',10/03/2020,OK,14/02/2013,,OK,False,False,False,,,,,False,,,,,,True,12/10/2022,,1938,,False,False,False,,,,,,,,,07/06/2022,QUINTARELLI EMANUELE,,27/05/2022,27/05/2022;;
"Agg.to 2021,Medico 2021,Ente 2021,Nuova Visita 2021,Tossicodipendenza 2021,Agg.to 2022,Medico 2022,Ente 2022,Nuova Visita 2022,Tossicodipendenza 2022,VAGLIO IORI,SIMONE,AUTONOLEGGIO FABBRO SNC DI FABBRO DANILO  & C.,10/08/1962,,,,False,False,True,True,TN5432720V,BCD,13/06/2020,17/01/2025,,,,TN5432720V95,,12/06/2025,,,06/02/1985,10/04/2015,,False,03/08/2015,,46037,AUTONOLEGGIO FABBRO SNC DI FABBRO DANILO,8,Dipendente,AGGIORNAMENTO IDONEITA',20/12/2019,OK,04/08/2015,,OK,False,True,False,3,INDET,TP,""39,00"",False,,,,,,True,12/10/2022,,2142,,False,True,False,,,,,,,,,,,,,";;
Agg.to 2021,Medico 2021,Ente 2021,Nuova Visita 2021,Tossicodipendenza 2021,Agg.to 2022,Medico 2022,Ente 2022,Nuova Visita 2022,Tossicodipendenza 2022,BERTAGNOLLI,NICOLETTA,AUTONOLEGGIO FELIX DI FELICETTI ENRICO & C. S.N.C.,05/07/1969,,,,True,True,True,True,U19G61088J,B,09/11/2018,05/07/2029,TN8007719,14/05/2007,19/05/2027,,,,,,,,,False,,,46261,AUTONOLEGGIO FELIX DI FELICETTI ENRICO &,10,Titolare,AGGIORNAMENTO IDONEITA',20/12/2019,OK,28/09/2012,,OK,False,False,False,,,,,False,,,,,,True,12/10/2022,,1121,,False,False,False,,,OK,28/01/2021,GRAVINA TOMMASO,SAPI,18/01/2021,18/01/2021,,,SAPI,,;;
Agg.to 2021,Medico 2021,Ente 2021,Nuova Visita 2021,Tossicodipendenza 2021,Agg.to 2022,Medico 2022,Ente 2022,Nuova Visita 2022,Tossicodipendenza 2022,FELICETTI,ENRICO,AUTONOLEGGIO FELIX DI FELICETTI ENRICO & C. S.N.C.,19/02/1970,,,,True,True,True,True,U190E9868J,BCD,14/01/2022,13/01/2027,,,,U190E9868J95,,31/03/2022,,,31/01/1992,31/01/1992,,False,,,46261,AUTONOLEGGIO FELIX DI FELICETTI ENRICO &,10,Titolare,,10/04/2019,TITOLARE,28/09/2012,,OK,False,False,False,,,,,False,,,,,,True,12/10/2022, | Categoria: Titolare,0300,,False,False,False,,,OK,,,,,,,,,,;;
"Agg.to 2021,Medico 2021,Ente 2021,Nuova Visita 2021,Tossicodipendenza 2021,Agg.to 2022,Medico 2022,Ente 2022,Nuova Visita 2022,Tossicodipendenza 2022,BRIGADOI,AMEDEO,AUTONOLEGGIO VANZO DI VANZO PATRIZIO & C. S.N.C.,14/03/1992,,M,,True,False,True,True,TN5477209G,BCDE,31/05/2022,11/07/2024,,,,TN5477209G9595,,11/07/2024,,,,,,True,14/05/2018,,46126,AUTONOLEGGIO VANZO,,Dipendente,AGGIORNAMENTO IDONEITA',13/11/2019,,10/05/2018,,,False,True,False,A3,INDET,TP,""39,00"",False,,,,,False,True,18/10/2022,TESSERINO 22-25 ARRIVATO 18/10/2022,2386,,False,True,False,False,,OK,,,,,,17/08/2022,PRINCIVALLE ANDREA,,06/08/2022,06/08/2022";;
Agg.to 2021,Medico 2021,Ente 2021,Nuova Visita 2021,Tossicodipendenza 2021,Agg.to 2022,Medico 2022,Ente 2022,Nuova Visita 2022,Tossicodipendenza 2022,GIACOMOZZI,SANDRA,AUTONOLEGGIO VANZO DI VANZO PATRIZIO & C. S.N.C.,17/06/1961,,,,True,True,True,True,U122F5528J,BCD,25/01/2022,24/01/2023,TN8006239,16/11/1999,,U122F5528J95,,28/11/2024,,,,,,False,,,46126,AUTONOLEGGIO VANZO,9,Socio,AGGIORNAMENTO IDONEITA',13/11/2019,OK,28/09/2012,,OK,False,False,False,,,,,False,,,,,,False,12/10/2022, | Categoria: Socio,0613,,False,False,False,,,OK,,,,,,17/08/2022,,,23/06/2022,23/06/2022;;
Agg.to 2021,Medico 2021,Ente 2021,Nuova Visita 2021,Tossicodipendenza 2021,Agg.to 2022,Medico 2022,Ente 2022,Nuova Visita 2022,Tossicodipendenza 2022,VANZO,PATRIZIO,AUTONOLEGGIO VANZO DI VANZO PATRIZIO & C. S.N.C.,13/04/1965,,,,True,True,True,True,U1Y052469L,BCD,25/05/2022,24/05/2027,TN8005938,05/12/1997,,U1Y052469L95,,17/08/2025,,,21/11/1985,21/11/1985,,False,,,46126,AUTONOLEGGIO VANZO,10,Titolare,,10/04/2019,TITOLARE,,,,False,False,False,,,,,False,,,,,,True,12/10/2022, | Categoria: Titolare,0612,,False,False,False,,,OK,,,,,,,,,,;;
Agg.to 2021,Medico 2021,Ente 2021,Nuova Visita 2021,Tossicodipendenza 2021,Agg.to 2022,Medico 2022,Ente 2022,Nuova Visita 2022,Tossicodipendenza 2022,ANDREOLLI,LUCA,AUTOSERVIZI ANDREOLLI S.N.C. DI ANDREOLLI PAOLO & C.,28/11/1972,,,,False,False,True,True,U17K80160G,BCD,11/04/2019,03/04/2024,TN8008287,18/01/2008,,U17K80160G95,,09/09/2020,,,05/10/1993,26/03/1994,,False,,,46124,AUTOSERVIZI ANDREOLLI S.N.C.,9,Socio,AGGIORNAMENTO IDONEITA',23/12/2019,OK,28/11/2012,,OK,False,False,False,,,,,False,,,,,,False,12/10/2022, | Categoria: Socio,0689,,False,False,False,,,,,,,,,,,,,;;
Agg.to 2021,Medico 2021,Ente 2021,Nuova Visita 2021,Tossicodipendenza 2021,Agg.to 2022,Medico 2022,Ente 2022,Nuova Visita 2022,Tossicodipendenza 2022,ANDREOLLI,PAOLO,AUTOSERVIZI ANDREOLLI S.N.C. DI ANDREOLLI PAOLO & C.,18/06/1967,,,,False,False,True,True,U19G61148X,BCD,09/11/2018,08/11/2023,,,,U19G61148X95,,09/09/2020,,,19/10/1988,19/10/1988,,False,,,46124,AUTOSERVIZI ANDREOLLI S.N.C.,10,Titolare,,10/04/2019,TITOLARE NON GUIDA,23/04/2013,,OK,False,False,False,,,,,False,,,,,,True,12/10/2022, | Categoria: Titolare,0688,,False,False,False,,,,,,,,,,,,,;;
"Agg.to 2021,Medico 2021,Ente 2021,Nuova Visita 2021,Tossicodipendenza 2021,Agg.to 2022,Medico 2022,Ente 2022,Nuova Visita 2022,Tossicodipendenza 2022,BRAIJA,SAID,AUTOSERVIZI ANDREOLLI S.N.C. DI ANDREOLLI PAOLO & C.,30/10/1968,,,,False,False,True,True,BO5613670W,BCDE,03/06/2016,07/05/2021,,,,BO5613670W95,,28/05/2021,,,,,,False,01/02/2020,,46124,AUTOSERVIZI ANDREOLLI S.N.C.,8,Dipendente,RICHIESTA TESSERINO 17/06/2021.TESSERINO ARRIVATO 25/06/2021,17/06/2021,OK,17/06/2021,RICHIESTA TESSERINO 17/06/2021.TESSERINO ARRIVATO 25/06/2021,OK,True,False,False,C2,INDET,TP,""40,00"",False,,,,,,False,12/10/2022,,2723,,True,False,False,,,,17/06/2021,CIUFFA VALERIO,SAPI,19/05/2021,19/05/2021,,,SAPI,,";;
Agg.to 2021,Medico 2021,Ente 2021,Nuova Visita 2021,Tossicodipendenza 2021,Agg.to 2022,Medico 2022,Ente 2022,Nuova Visita 2022,Tossicodipendenza 2022,BRENA,PIERO,AUTOSERVIZI BRENA SNC DI BRENA PIERO & C.,02/04/1967,,,,True,True,True,True,U19H40001G,BCDE,10/01/2019,09/01/2024,TN8007775,14/09/2007,,U19H40001G95,,09/09/2020,,,03/01/1989,03/01/1989,03/01/1989,False,,,46051,AUTOSERVIZI BRENA SNC DI BRENA PIERO,10,Titolare,AGGIORNAMENTO IDONEITA',06/08/2019,TITOLARE,03/09/2012,,,False,False,False,,,,,False,,,,,,True,12/10/2022, | Categoria: Titolare,0003,,False,False,False,,,OK,,,,,,,,,,;;
Agg.to 2021,Medico 2021,Ente 2021,Nuova Visita 2021,Tossicodipendenza 2021,Agg.to 2022,Medico 2022,Ente 2022,Nuova Visita 2022,Tossicodipendenza 2022,CROSINA,MANUEL,AUTOSERVIZI CROSINA ,,,,,False,False,True,True,00000000000,,,,,,,,,,,,,,,False,01/09/2020,,46698,AUTOSERVIZI CROSINA MARIO,8,,,,,,,,False,False,False,,,,,False,,,,,,False,12/10/2022,,2673,,False,False,False,,,,,,,,,,,,,;;
Agg.to 2021,Medico 2021,Ente 2021,Nuova Visita 2021,Tossicodipendenza 2021,Agg.to 2022,Medico 2022,Ente 2022,Nuova Visita 2022,Tossicodipendenza 2022,CROSINA,MARIO,AUTOSERVIZI CROSINA ,,,,,False,False,True,True,00000000000,,,,,,,,,,,,,,,False,01/09/2020,,46698,AUTOSERVIZI CROSINA MARIO,8,,,,,,,,False,False,False,,,,,False,,,,,,False,12/10/2022,,2674,,False,False,False,,,,,,,,,,,,,;;
Agg.to 2021,Medico 2021,Ente 2021,Nuova Visita 2021,Tossicodipendenza 2021,Agg.to 2022,Medico 2022,Ente 2022,Nuova Visita 2022,Tossicodipendenza 2022,ZUCCATI,MIRCO,AUTOSERVIZI DI MIRCO ZUCCATI & C. S.N.C.,02/10/1977,,,,True,True,True,True,U124E3430A,BCDE,25/11/2021,24/11/2026,BS8012729,12/09/2000,,U124E3430A95,,13/07/2026,,,15/04/2000,15/04/2000,06/09/2006,False,,,46497,AUTOSERVIZI DI MIRCO ZUCCATI & C. S.N.C.,10,Titolare,AGGIORNAMENTO IDONEITA',05/08/2019,TITOLARE,,,,False,False,False,,,,,False,,,,,,True,12/10/2022, | Categoria: Titolare,0986,,False,False,False,,,OK,,,,,,,,,,;;
"Agg.to 2021,Medico 2021,Ente 2021,Nuova Visita 2021,Tossicodipendenza 2021,Agg.to 2022,Medico 2022,Ente 2022,Nuova Visita 2022,Tossicodipendenza 2022,CASARI,MASSIMO,AUTOSERVIZI MATTUZZI CLAUDIO & C. S.N.C.,04/05/1971,,,,False,False,True,True,VR5813671K,BD,15/01/2021,17/12/2025,,,,VR5813671K95,,24/12/2025,,,,17/01/2011,,False,08/12/2013,,46049,AUTOSERVIZI MATTUZZI CLAUDIO & C. S.N.C.,8,Dipendente,,10/04/2019,OK,28/09/2012,,OK,True,False,False,C2,DET,TP,""40,00"",False,,,,,,True,12/10/2022, | Categoria: Dipendente,1689,,True,False,False,,,,,,,,,,,,,";;
Agg.to 2021,Medico 2021,Ente 2021,Nuova Visita 2021,Tossicodipendenza 2021,Agg.to 2022,Medico 2022,Ente 2022,Nuova Visita 2022,Tossicodipendenza 2022,DESSI',ANDREA,AUTOSERVIZI MATTUZZI CLAUDIO & C. S.N.C.,07/03/1973,,,,False,False,True,True,CN5401106E,BCDE,15/03/2017,21/03/2021,CN8012298,19/12/2018,,CN5401106E95,,21/03/2021,,,,,,False,04/01/2020,,46049,AUTOSERVIZI MATTUZZI CLAUDIO & C. S.N.C.,8,Dipendente,RICHIESTA TESSERINO 25/02/2021;" TESSERINO ARRIVATO,19/03/2021,OK,24/02/2021,,OK,True,False,False,C2,INDET,TP,""40,00"",False,,,,,,True,12/10/2022,,2701,,True,False,False,,,,25/02/2021,GIARRUSSO SALVATORE,ECO SPES,19/02/2021,19/02/2021,,,ECO SPES,,";
"Agg.to 2021,Medico 2021,Ente 2021,Nuova Visita 2021,Tossicodipendenza 2021,Agg.to 2022,Medico 2022,Ente 2022,Nuova Visita 2022,Tossicodipendenza 2022,JADCZYK,DARIUSZ ANDRZEJ,AUTOSERVIZI MATTUZZI CLAUDIO & C. S.N.C.,27/03/1968,,,,False,False,True,True,VR5796546D,BD,06/06/2020,20/02/2025,,,,VR5796546D95,,04/06/2025,,,,,,False,06/12/2014,,46049,AUTOSERVIZI MATTUZZI CLAUDIO & C. S.N.C.,8,Dipendente,,10/04/2019,OK,28/09/2012,,OK,True,False,False,C2,DET,TP,""40,00"",False,,,,,,True,12/10/2022, | Categoria: Dipendente,1664,,True,False,False,,,,,,,,,,,,,";;
Agg.to 2021,Medico 2021,Ente 2021,Nuova Visita 2021,Tossicodipendenza 2021,Agg.to 2022,Medico 2022,Ente 2022,Nuova Visita 2022,Tossicodipendenza 2022,MATTUZZI,CLAUDIO,AUTOSERVIZI MATTUZZI CLAUDIO & C. S.N.C.,14/11/1967,,,,False,False,True,True,VR5799891B,BCDE,24/07/2020,25/05/2024,TN8008440,07/02/2008,,VR5799891B95,,27/07/2025,,,27/02/1989,27/02/1989,27/02/1989,False,,,46049,AUTOSERVIZI MATTUZZI CLAUDIO & C. S.N.C.,10,Titolare,,10/04/2019,TITOLARE,,,,False,False,False,,,,,False,,,,,,True,12/10/2022, | Categoria: Titolare,0103,,False,False,False,,,,,,,,,,,,,;;
Agg.to 2021,Medico 2021,Ente 2021,Nuova Visita 2021,Tossicodipendenza 2021,Agg.to 2022,Medico 2022,Ente 2022,Nuova Visita 2022,Tossicodipendenza 2022,MATTUZZI,LUCA,AUTOSERVIZI MATTUZZI CLAUDIO & C. S.N.C.,04/02/1998,,,,False,False,True,True,TN5424216S,BD,13/11/2019,13/11/2024,,,,TN5424216S95,,21/08/2025,,,,,,False,07/01/2021,,46049,AUTOSERVIZI MATTUZZI CLAUDIO & C. S.N.C.,8,Dipendente,RICHIESTA TESSERINO 25/02/2021;" TESSERINO ARRIVATO,19/03/2021,OK,24/02/2021,,OK,True,False,False,C2,DET,PT,""20,00"",False,,,,,,True,12/10/2022,,2702,,True,False,False,,,,25/02/2021,GIARRUSSO SALVATORE,ECO SPES,19/02/2021,19/02/2021,,,ECO SPES,,";
Agg.to 2021,Medico 2021,Ente 2021,Nuova Visita 2021,Tossicodipendenza 2021,Agg.to 2022,Medico 2022,Ente 2022,Nuova Visita 2022,Tossicodipendenza 2022,TONELLI,ANDREA,AUTOSERVIZI MATTUZZI CLAUDIO & C. S.N.C.,,,,,False,False,True,True,,,,,,,,,,,,,,,,False,,,46049,AUTOSERVIZI MATTUZZI CLAUDIO & C. S.N.C.,,,,,,,,,False,False,False,,,,,False,,,,,False,True,12/10/2022,,2853,11/08/2022,False,False,False,False,,,,,,,,,,,,;;
"Agg.to 2021,Medico 2021,Ente 2021,Nuova Visita 2021,Tossicodipendenza 2021,Agg.to 2022,Medico 2022,Ente 2022,Nuova Visita 2022,Tossicodipendenza 2022,TURCAN,VLADIMIR,AUTOSERVIZI MATTUZZI CLAUDIO & C. S.N.C.,03/05/1969,,,,False,False,True,True,VR5783167K,BCD,26/10/2019,21/08/2024,,,,VR5783167K95,,18/10/2024,,,24/11/2003,24/11/2003,,False,16/03/2015,,46049,AUTOSERVIZI MATTUZZI CLAUDIO & C. S.N.C.,8,Dipendente,,10/04/2019,OK,05/02/2013,,OK,True,False,False,C2,INDET,TP,""40,00"",False,,,,,,True,12/10/2022, | Categoria: Dipendente,1662,,True,False,False,,,,,,,,,,,,,";;
Agg.to 2021,Medico 2021,Ente 2021,Nuova Visita 2021,Tossicodipendenza 2021,Agg.to 2022,Medico 2022,Ente 2022,Nuova Visita 2022,Tossicodipendenza 2022,VALZOLGHER,MONICA,AUTOSERVIZI MATTUZZI CLAUDIO & C. S.N.C.,29/12/1967,,,,False,False,True,True,U11E00549D,BCD,21/05/2018,19/05/2023,,,,U11E00549D95,,09/09/2020,,,26/09/1995,26/09/1995,,False,,,46049,AUTOSERVIZI MATTUZZI CLAUDIO & C. S.N.C.,10,Titolare,,10/04/2019,TITOLARE,03/09/2012,,,False,False,False,,,,,False,,,,,,True,12/10/2022, | Categoria: Titolare,0108,,False,False,False,,,,,,,,,,,,,;;
Agg.to 2021,Medico 2021,Ente 2021,Nuova Visita 2021,Tossicodipendenza 2021,Agg.to 2022,Medico 2022,Ente 2022,Nuova Visita 2022,Tossicodipendenza 2022,ORIGANO,F,AUTOSERVIZI ORIGANO,,,,,False,False,True,True,00000000000,,,,,,,,,,,,,,,False,01/09/2020,,46443,AUTOSERVIZI ORIGANO,8,,,,,,DITTA NO CONSORZIATA - TERZI,,False,False,False,,,,,False,,,,,,False,12/10/2022,,2675,,False,False,False,,,,,,,,,,,,,;;
Agg.to 2021,Medico 2021,Ente 2021,Nuova Visita 2021,Tossicodipendenza 2021,Agg.to 2022,Medico 2022,Ente 2022,Nuova Visita 2022,Tossicodipendenza 2022,ORIGANO,SECONDO,AUTOSERVIZI ORIGANO,,,,,False,False,True,True,00000000000,,,,,,,,,,,,,,,False,01/09/2020,,46443,AUTOSERVIZI ORIGANO,8,,,,,,DITTA NO CONSORZIATA - TERZI,,False,False,False,,,,,False,,,,,,False,12/10/2022,,2676,,False,False,False,,,,,,,,,,,,,;;
Agg.to 2021,Medico 2021,Ente 2021,Nuova Visita 2021,Tossicodipendenza 2021,Agg.to 2022,Medico 2022,Ente 2022,Nuova Visita 2022,Tossicodipendenza 2022,PETERLINI,ERIKA,AUTOSERVIZI PETERLINI ERIKA,12/11/1973,,,,False,False,True,True,U1K653363C,B,23/06/2015,12/11/2025,TN8005984,24/03/1998,25/08/2022,,,,,,,,,False,,,46325,AUTOSERVIZI PETERLINI ERIKA,10,Titolare,AGGIORNAMENTO IDONEITA',08/08/2019,OK,10/04/2018,,OK,False,False,False,,,,,False,,,,,,True,12/10/2022,,2375,,False,False,False,,,,,,,,,,,,,;;
"Agg.to 2021,Medico 2021,Ente 2021,Nuova Visita 2021,Tossicodipendenza 2021,Agg.to 2022,Medico 2022,Ente 2022,Nuova Visita 2022,Tossicodipendenza 2022,BRUNO,MARIA TERESA,AUTOSERVIZI ZANTEDESCHI DI ZANTEDESCHI L,14/10/1981,,M,,True,False,True,True,U16U17050M,BCDE,24/07/2020,23/07/2025,TN8011167,19/01/2012,,U16U17050M95,,15/10/2024,,,03/10/2007,21/10/2009,,False,05/09/2017,,46863,AUTOSERVIZI ZANTEDESCHI DI ZANTEDESCHI LUCIANO,,Dipendente,TESSERINO ARRIVATO,30/04/2019,,15/04/2019,,,True,False,False,C2,INDET,TP,""40,00"",False,,,,,False,True,09/11/2022,,2264,,True,False,False,False,,OK,07/11/2022,BENEDETTI ALESSANDRO,SAPI,15/12/2021,15/12/2021,,,SAPI,,";;
"Agg.to 2021,Medico 2021,Ente 2021,Nuova Visita 2021,Tossicodipendenza 2021,Agg.to 2022,Medico 2022,Ente 2022,Nuova Visita 2022,Tossicodipendenza 2022,TONETTA,PAOLO,AUTOSERVIZI ZANTEDESCHI DI ZANTEDESCHI L,06/12/1967,,M,,True,False,True,True,TN5424709L,BCD,07/11/2019,24/10/2024,,,,TN5424709L95,,29/10/2024,,,,,,False,23/09/2019,,46863,AUTOSERVIZI ZANTEDESCHI DI ZANTEDESCHI LUCIANO,,Dipendente,RICHIESTA TESSERINO 12/11/2019. TESSERINO ARRIVATO,21/11/2019,,12/11/2019,,,True,False,False,C2,INDET,TP,""40,00"",False,,,,,False,True,09/11/2022,,2562,,True,False,False,False,,OK,07/11/2022,BENEDETTI ALESSANDRO,SAPI,20/12/2021,20/12/2021,,,SAPI,,";;
Agg.to 2021,Medico 2021,Ente 2021,Nuova Visita 2021,Tossicodipendenza 2021,Agg.to 2022,Medico 2022,Ente 2022,Nuova Visita 2022,Tossicodipendenza 2022,ZENI,MANUEL,AUTOSERVIZI ZENI MANUEL,05/03/1975,,,,False,False,True,True,U14E88692U,BCDE,14/06/2018,13/06/2023,TN8010436,23/12/2008,,U14E88692U,,09/09/2020,,,,,,False,,,46387,AUTOSERVIZI ZENI MANUEL,10,Titolare,,,,,,,False,False,False,,,,,False,,,,,False,True,12/10/2022,,2854,11/08/2022,False,False,False,False,,,,,,,,,,,,;;
Agg.to 2021,Medico 2021,Ente 2021,Nuova Visita 2021,Tossicodipendenza 2021,Agg.to 2022,Medico 2022,Ente 2022,Nuova Visita 2022,Tossicodipendenza 2022,BAZZANELLA,ANDREA,BAZZAVAN S.A.S. DI BAZZANELLA ANDREA,29/10/1985,,M,,True,False,True,True,TN5411830K,BD,27/03/2019,25/01/2024,,,,TN5411830K95,,27/03/2024,,,,,,True,01/09/2019,,47599,BAZZAVAN S.A.S. DI BAZZANELLA ANDREA,,Titolare,NUOVA DITTA CONSORZIATA; RICHIESTA TESSERINO 29/08; TESSERINO ARRIVATO,12/09/2019,,29/08/2019,,,False,False,False,,,,,False,,,,,False,True,18/10/2022,TESSERINO 22-25 ARRIVATO 18/10/2022,2527,,False,False,False,False,,OK,,,,,,,,,,
Agg.to 2021,Medico 2021,Ente 2021,Nuova Visita 2021,Tossicodipendenza 2021,Agg.to 2022,Medico 2022,Ente 2022,Nuova Visita 2022,Tossicodipendenza 2022,BAZZANELLA,FABIO,BAZZAVAN S.A.S. DI BAZZANELLA ANDREA,11/07/1955,,,,True,False,True,True,U135K2670H,BCDE,20/07/2022,19/07/2024,TN8009366,04/06/2008,,U135K2670H95,,27/07/2025,,,,,,False,01/09/2019,,47599,BAZZAVAN S.A.S. DI BAZZANELLA ANDREA,9,Socio,NUOVA DITTA CONSORZIATA; RICHIESTA TESSERINO 13/09/2019; TESSERINO ARRIVATO,24/09/2019,OK,29/08/2019,,OK,False,False,False,,,,,False,,,,,,False,12/10/2022,,2526,,False,False,False,,,OK,17/02/2021,BENEDETTI ALESSANDRO,SAPI,28/01/2021,28/01/2021,09/08/2022,BENEDETTI ALESSANDRO,SAPI,13/01/2022,13/01/2022
Agg.to 2021,Medico 2021,Ente 2021,Nuova Visita 2021,Tossicodipendenza 2021,Agg.to 2022,Medico 2022,Ente 2022,Nuova Visita 2022,Tossicodipendenza 2022,DALLIO,GRAZIANO,BAZZAVAN S.A.S. DI BAZZANELLA ANDREA,20/06/1957,,M,,True,False,True,True,BZ5443738J,BCDE,05/09/2020,17/05/2023,,,,BZ5443738J95,,26/08/2025,,,,,,False,16/11/2020,,47599,BAZZAVAN S.A.S. DI BAZZANELLA ANDREA,,Dipendente,RICHIESTA TESSERINO 18/11/2020;" TESSERINO ARRIVATO,30/11/2020,,18/11/2020,,,False,True,False,C2,INDET,TP,""39,00"",False,,,,,False,True,12/10/2022,,2686,,False,True,False,False,,OK,22/09/2022,BENEDETTI FRANCESCA,SMA,05/08/2022,05/08/2022,,,SMA,,";
Agg.to 2021,Medico 2021,Ente 2021,Nuova Visita 2021,Tossicodipendenza 2021,Agg.to 2022,Medico 2022,Ente 2022,Nuova Visita 2022,Tossicodipendenza 2022,BELLAN,GIANLUCA,BELLAN DI BELLAN SAMUEL & C. S.N.C.,08/09/1969,,,,False,False,True,True,TN2154082K,B,02/05/1988,30/05/2018,TN8004340,14/09/1995,13/04/2017,,,,,,,,,False,,,46189,BELLAN DI BELLAN SAMUEL & C. S.N.C.,10,Titolare,,10/04/2019,OK,25/10/2012,,OK,False,False,False,,,,,False,,,,,,True,12/10/2022, | Categoria: Titolare,0164,,False,False,False,,,,,,,,,,,,,;;
Agg.to 2021,Medico 2021,Ente 2021,Nuova Visita 2021,Tossicodipendenza 2021,Agg.to 2022,Medico 2022,Ente 2022,Nuova Visita 2022,Tossicodipendenza 2022,BELLAN,SAMUEL,BELLAN DI BELLAN SAMUEL & C. S.N.C.,20/09/1977,,,,False,False,True,True,U1W700469L,BD,04/04/2017,03/04/2022,,,,no CQC,,,,,,26/08/2005,,False,,,46189,BELLAN DI BELLAN SAMUEL & C. S.N.C.,10,Titolare,,10/04/2019,TITOLARE,17/12/2012,,,False,False,False,,,,,False,,,,,,True,12/10/2022, | Categoria: Titolare,0166,,False,False,False,,,,,,,,,,,,,;;
Agg.to 2021,Medico 2021,Ente 2021,Nuova Visita 2021,Tossicodipendenza 2021,Agg.to 2022,Medico 2022,Ente 2022,Nuova Visita 2022,Tossicodipendenza 2022,BERTE',DENIS,BERTE' DENIS,06/04/1962,,,,False,False,True,True,TN5432044K,B,21/05/2020,06/04/2025,TN8004998,04/10/1995,15/05/2025,,,,,,,,,False,,,46059,BERTE' DENIS,10,Titolare,,10/04/2019,TITOLARE,,,,False,False,False,,,,,False,,,,,,True,12/10/2022, | Categoria: Titolare,0188,,False,False,False,,,,,,,,,,,,,;;
Agg.to 2021,Medico 2021,Ente 2021,Nuova Visita 2021,Tossicodipendenza 2021,Agg.to 2022,Medico 2022,Ente 2022,Nuova Visita 2022,Tossicodipendenza 2022,BERTE',JACOPO,BERTE' DENIS,12/06/1999,,,,False,False,True,True,TN5382243Z,B,21/09/2017,12/06/2028,TN8012284,30/07/2020,29/07/2025,,,,,,,,,False,01/09/2020,,46059,BERTE' DENIS,4,coll. Familiare,EMETTERE TESSERINO 07/10/2020; TESSERINO ARRIVATO,20/10/2020,OK,07/10/2020,,OK,False,False,False,,,,,False,,,,,,False,12/10/2022,,2670,,False,False,False,,,,,,,,,,,,,;
Agg.to 2021,Medico 2021,Ente 2021,Nuova Visita 2021,Tossicodipendenza 2021,Agg.to 2022,Medico 2022,Ente 2022,Nuova Visita 2022,Tossicodipendenza 2022,BERTE',MARIANNA,BERTE' DENIS,03/09/1996,,,,False,False,True,True,TN5348895P,B,17/02/2016,03/09/2026,TN8012159,11/04/2019,10/04/2024,,,,,,,,,False,,,46059,BERTE' DENIS,4,coll. Familiare,RICHIESTA TESSERINO 31/05/2019. TESSERINO ARRIVATO 11/06/2019; AGGIORNAMENTO IDONEITA',25/02/2021,OK,31/05/2019,,OK,False,False,False,,,,,False,,,,,,False,12/10/2022,,2508,,False,False,False,,,,25/02/2021,BENEDETTI ALESSANDRO,SAPI,23/02/2021,23/02/2021,,,SAPI,,;
Agg.to 2021,Medico 2021,Ente 2021,Nuova Visita 2021,Tossicodipendenza 2021,Agg.to 2022,Medico 2022,Ente 2022,Nuova Visita 2022,Tossicodipendenza 2022,BEZ,FRANCO,BEZ FRANCO,02/04/1966,,,,False,False,True,True,U16F72964V,B,30/08/2018,02/04/2024,BL8004293,15/10/1998,29/08/2023,,,,,,,,,False,,,46062,BEZ FRANCO,10,Titolare,,10/04/2019,TITOLARE,23/01/2013,,,False,False,False,,,,,False,,,,,,True,12/10/2022, | Categoria: Titolare,1004,,False,False,False,,,,,,,,,,,,,;;
Agg.to 2021,Medico 2021,Ente 2021,Nuova Visita 2021,Tossicodipendenza 2021,Agg.to 2022,Medico 2022,Ente 2022,Nuova Visita 2022,Tossicodipendenza 2022,PESCOL,GIULIANA,BEZ FRANCO,24/02/1970,,,,False,False,True,True,U19F27313K,B,13/09/2018,24/02/2029,BL8004207,21/04/1998,28/02/2023,,,,,,,,,False,,,46062,BEZ FRANCO,4,coll. Familiare,AGGIORNAMENTO IDONEITA',17/12/2019,OK,28/09/2012,,OK,False,False,False,,,,,False,,,,,,True,12/10/2022, | Categoria: coll. Familiare,1005,,False,False,False,,,,28/01/2021,GRAVINA TOMMASO,SAPI,18/01/2021,18/01/2021,,,SAPI,,;;
Agg.to 2021,Medico 2021,Ente 2021,Nuova Visita 2021,Tossicodipendenza 2021,Agg.to 2022,Medico 2022,Ente 2022,Nuova Visita 2022,Tossicodipendenza 2022,BRUGNARA,PAOLO,BRUGNARA PAOLO,19/05/1956,,,,False,False,True,True,U11R99542P,BC,11/12/2019,19/05/2021,TN8006296,22/03/2022,,U11R99542P,,,,,,,,False,,,46797,BRUGNARA PAOLO,10,Titolare,,,,,,,False,False,False,,,,,False,,,,,False,True,12/10/2022,,2855,11/08/2022,False,False,False,False,,,,,,,,,,,,;;
Agg.to 2021,Medico 2021,Ente 2021,Nuova Visita 2021,Tossicodipendenza 2021,Agg.to 2022,Medico 2022,Ente 2022,Nuova Visita 2022,Tossicodipendenza 2022,BUCELLA,ADRIANO,BUCELLA IVANO,18/01/1995,,,,False,False,True,True,U1Z552201T,B,11/10/2017,18/01/2024,,,,,,,,,,,,False,,,47612,BUCELLA IVANO,4,coll. Familiare,,,,,,,False,False,False,,,,,False,,,,,,False,12/10/2022,,2714,,False,False,False,,,,,,,,,,,,,;;
"Agg.to 2021,Medico 2021,Ente 2021,Nuova Visita 2021,Tossicodipendenza 2021,Agg.to 2022,Medico 2022,Ente 2022,Nuova Visita 2022,Tossicodipendenza 2022,FOLGARAIT,DAVIDE,BUS MANIA S.R.L. SEMPLIFICATA,26/01/1976,,,,False,False,True,True,TN5365905F,BCD,09/11/2016,14/04/2021,MO8006995,31/10/1997,,TN5365905F95,,08/11/2021,,,27/05/1997,27/05/1997,,False,20/10/2017,,47443,BUS MANIA S.R.L. SEMPLIFICATA,8,Dipendente,AGGIORNAMENTO IDONEITA',23/12/2019,OK,11/01/2019,,OK,True,False,False,C1,INDET,TP,""40,00"",False,,,,,,False,12/10/2022,,2412,,True,False,False,,,,28/01/2021,BENEDETTI ALESSANDRO,SAPI,28/01/2021,28/01/2021,,,SAPI,,";;
"Agg.to 2021,Medico 2021,Ente 2021,Nuova Visita 2021,Tossicodipendenza 2021,Agg.to 2022,Medico 2022,Ente 2022,Nuova Visita 2022,Tossicodipendenza 2022,FOLGARAIT,ROBERTO,BUS MANIA S.R.L. SEMPLIFICATA,10/07/1964,,,,False,False,True,True,U1Y319564N,BCD,07/07/2017,06/07/2022,TN8004699,19/09/1995,,U1Y319564N95,,09/09/2020,,,02/05/1987,02/05/1987,,False,20/10/2017,,47443,BUS MANIA S.R.L. SEMPLIFICATA,8,Dipendente,AGGIORNAMENTO IDONEITA',23/12/2019,OK,11/01/2019,,OK,True,False,False,C1,INDET,PT,""15,00"",False,,,,,,False,12/10/2022,,2411,,True,False,False,,,,28/01/2021,BENEDETTI ALESSANDRO,SAPI,28/01/2021,28/01/2021,,,SAPI,,";;
"Agg.to 2021,Medico 2021,Ente 2021,Nuova Visita 2021,Tossicodipendenza 2021,Agg.to 2022,Medico 2022,Ente 2022,Nuova Visita 2022,Tossicodipendenza 2022,PERONI,PAOLO,BUS MANIA S.R.L. SEMPLIFICATA,22/06/1961,,,,False,False,True,True,U17C99005P,BCDE,10/03/2018,09/03/2023,TN8004824,25/09/1995,,U17C99005P95,,09/09/2020,,,02/03/1987,02/03/1987,,False,20/10/2017,,47443,BUS MANIA S.R.L. SEMPLIFICATA,8,Dipendente,AGGIORNAMENTO IDONEITA',23/12/2019,OK,11/01/2019,,OK,True,False,False,C1,INDET,TP,""40,00"",False,,,,,,False,12/10/2022,,2413,,True,False,False,,,,28/01/2021,BENEDETTI ALESSANDRO,SAPI,28/01/2021,28/01/2021,,,SAPI,,";;
"Agg.to 2021,Medico 2021,Ente 2021,Nuova Visita 2021,Tossicodipendenza 2021,Agg.to 2022,Medico 2022,Ente 2022,Nuova Visita 2022,Tossicodipendenza 2022,VIGAGNI,ELIA,BUS MANIA S.R.L. SEMPLIFICATA,16/02/1985,,,,False,False,True,True,TN5402463M,BDE,03/10/2018,03/10/2023,TN8011567,08/04/2014,,TN5402463M95,,21/06/2022,,,,,,False,20/11/2018,,47443,BUS MANIA S.R.L. SEMPLIFICATA,8,Dipendente,AGGIORNAMENTO IDONEITA',23/12/2019,OK,28/11/2018,,OK,True,False,False,C2,INDET,PT,""35,00"",False,,,,,,False,12/10/2022,,2630,,True,False,False,,,,28/01/2021,BENEDETTI ALESSANDRO,SAPI,28/01/2021,28/01/2021,,,SAPI,,";;
Agg.to 2021,Medico 2021,Ente 2021,Nuova Visita 2021,Tossicodipendenza 2021,Agg.to 2022,Medico 2022,Ente 2022,Nuova Visita 2022,Tossicodipendenza 2022,BAILONI,IVANO,CLUB DELLAI S.R.L.,24/03/1964,,,,True,False,True,True,TN5479563,BCD,07/07/2022,18/05/2023,,,,TN547956395,,07/07/2027,,,,,,False,07/01/2020,,46094,CLUB DELLAI S.R.L.,8,Dipendente,RICHIESTA TESSERINO 17/01/2020;" TESSERINO ARRIVATO 31/01/2020,31/01/2020,OK,17/01/2020,,OK,True,False,False,C2/4,DET,TP,""40,00"",False,,,,,,True,12/10/2022,,2635,,True,False,False,,,OK,30/08/2022,GRAVINA TOMMASO,,27/10/2021,27/10/2021,,,,,";
Agg.to 2021,Medico 2021,Ente 2021,Nuova Visita 2021,Tossicodipendenza 2021,Agg.to 2022,Medico 2022,Ente 2022,Nuova Visita 2022,Tossicodipendenza 2022,CAMPREGHER,IVO,CLUB DELLAI S.R.L.,25/01/1959,,M,,False,False,True,True,TN5462172Z,BCD,30/09/2021,11/09/2023,,,,TN5462172Z95,,15/09/2026,,,17/03/2004,09/09/2008,,False,11/04/2016,,46094,CLUB DELLAI S.R.L.,,Autista a chiamata,,10/04/2019,,14/04/2016,,,True,False,False,C2/4,INDET,,,False,,,,,False,True,03/11/2022,,2203,,True,False,False,False,,,,,,,,,,,,;;
Agg.to 2021,Medico 2021,Ente 2021,Nuova Visita 2021,Tossicodipendenza 2021,Agg.to 2022,Medico 2022,Ente 2022,Nuova Visita 2022,Tossicodipendenza 2022,CARIDDI,MAURO,CLUB DELLAI S.R.L.,13/11/1973,,M,,True,False,True,True,TN5469919K,BD,05/02/2022,27/01/2027,TN8012197,28/08/2019,,TN5469919K95,,02/02/2027,,,,,,False,13/09/2021,,46094,CLUB DELLAI S.R.L.,,Dipendente,RICHIESTA TESSERINO 02/09 ;" TESSERINO ARRIVATO,12/09/2019,,02/09/2019,,,True,False,False,C2/4,DET,TP,""40,00"",False,,,,,False,True,19/10/2022,,2529,,True,False,False,False,,OK,19/10/2022,GRAVINA TOMMASO,,27/10/2021,29/06/2022,,,,,";
Agg.to 2021,Medico 2021,Ente 2021,Nuova Visita 2021,Tossicodipendenza 2021,Agg.to 2022,Medico 2022,Ente 2022,Nuova Visita 2022,Tossicodipendenza 2022,COSER,UMBERTO,CLUB DELLAI S.R.L.,08/03/1961,,,,False,False,True,True,TN5429322P,BCD,14/02/2020,14/02/2025,TN8012263,14/02/2020,,TN5429322P95,,22/01/2025,,,,,,False,03/09/2020,,46094,CLUB DELLAI S.R.L.,8,Dipendente,EMETTERE TESSERINO 15/09/2020;" TESSERINO ARRIVATO 25/09/2020,25/09/2020,OK,15/09/2020,,OK,True,False,False,C2/4,DET,TP,""40,00"",False,,,,,,False,12/10/2022,,2661,,True,False,False,,,,,,,,,,,,,";
Agg.to 2021,Medico 2021,Ente 2021,Nuova Visita 2021,Tossicodipendenza 2021,Agg.to 2022,Medico 2022,Ente 2022,Nuova Visita 2022,Tossicodipendenza 2022,D'AGOSTINO,ANTONIO,CLUB DELLAI S.R.L.,25/01/1956,,,,True,False,True,True,U12Z77048N,BCDE,20/04/2021,19/04/2023,TN8007988,15/11/2007,,U12Z77048N95,,16/07/2025,,,07/04/1982,15/09/2003,,False,08/10/2018,,46094,CLUB DELLAI S.R.L.,11,Autista a chiamata,AGGIORNAMENTO IDONEITA',14/11/2019,OK,30/11/2018,,OK,True,False,False,C2/4,INDET,,,False,,,,,,True,12/10/2022, | Categoria: Dipendente,1631,,True,False,False,,,OK,30/08/2022,GRAVINA TOMMASO,,27/10/2021,27/10/2021,,,,,;;
Agg.to 2021,Medico 2021,Ente 2021,Nuova Visita 2021,Tossicodipendenza 2021,Agg.to 2022,Medico 2022,Ente 2022,Nuova Visita 2022,Tossicodipendenza 2022,DELLAI,GIORGIO,CLUB DELLAI S.R.L.,12/10/1967,,,,True,False,True,True,TN5434611S,BCDE,17/07/2020,12/03/2024,TN8011854,13/10/2016,,TN5434611S95,,16/07/2025,,,28/04/1989,28/04/1989,,False,01/01/2005,,46094,CLUB DELLAI S.R.L.,10,Titolare,AGGIORNAMENTO IDONEITA',14/11/2019,OK,28/09/2012,,OK,False,False,False,,,,,False,,,,,,True,12/10/2022, | Categoria: Titolare,0234,,False,False,False,,,OK,30/08/2022,GRAVINA TOMMASO,,27/10/2021,27/10/2021,,,,,;;
Agg.to 2021,Medico 2021,Ente 2021,Nuova Visita 2021,Tossicodipendenza 2021,Agg.to 2022,Medico 2022,Ente 2022,Nuova Visita 2022,Tossicodipendenza 2022,FATTORUSSO,PASQUALE,CLUB DELLAI S.R.L.,16/12/1970,,,,True,False,True,True,U166G9506T,BCD,06/04/2022,05/04/2027,TN8010568,04/05/2009,,U166G9506T95,,27/10/2025,,,17/02/1997,17/02/1997,,False,07/01/2010,,46094,CLUB DELLAI S.R.L.,8,Dipendente,AGGIORNAMENTO IDONEITA' 14/11/2019;" RICHIESTA DUPLICATO TESSERINO E AGGIORNAMENTO IDONEITA',03/12/2020,OK,28/09/2012,,OK,True,False,False,C2/4,INDET,TP,""40,00"",False,,,,,,True,12/10/2022, | Categoria: Dipendente,1019,,True,False,False,,,OK,30/08/2022,GRAVINA TOMMASO,,27/10/2021,27/10/2021,,,,,";
Agg.to 2021,Medico 2021,Ente 2021,Nuova Visita 2021,Tossicodipendenza 2021,Agg.to 2022,Medico 2022,Ente 2022,Nuova Visita 2022,Tossicodipendenza 2022,FRANCESCO,COSTANTINO,CLUB DELLAI S.R.L.,19/02/1991,TRENTO,M,,True,True,True,True,TN5474307K,BDTN5474307K,29/04/2022,10/12/2026,,,,TN5474307K95,,29/07/2027,,,,,,True,01/09/2022,,46094,CLUB DELLAI S.R.L.,,Dipendente,,,,,,,False,False,False,,,,,True,,,,,False,True,18/11/2022,RICHIESTA TESSERINO PAT 22-25  09/11/2022 - TESSERINO ARRIVATO 18/11/22,,,False,False,False,False,,OK,,,,,,04/11/2022,GRAVINA TOMMASO,,07/09/2022,07/09/2022;;
Agg.to 2021,Medico 2021,Ente 2021,Nuova Visita 2021,Tossicodipendenza 2021,Agg.to 2022,Medico 2022,Ente 2022,Nuova Visita 2022,Tossicodipendenza 2022,GADOTTI,ANNALISA,CLUB DELLAI S.R.L.,02/02/1979,TRENTO,F,,True,True,True,True,U178H0764J,,24/05/2022,23/05/2027,TN8006998,10/10/2023,,U178H0764J95,,29/06/2022,,,,,,True,07/09/2022,,46094,CLUB DELLAI S.R.L.,,Dipendente,,,,,,,False,False,False,,,,,True,,,,,False,True,18/11/2022,RICHIESTA TESSERINO PAT 22-25  09/11/2022 - TESSERINO ARRIVATO 18/11/22,,,False,False,False,False,,OK,,,,,,08/11/2022,GRAVINA TOMMASO,,07/09/2022,07/09/2022;;
"Agg.to 2021,Medico 2021,Ente 2021,Nuova Visita 2021,Tossicodipendenza 2021,Agg.to 2022,Medico 2022,Ente 2022,Nuova Visita 2022,Tossicodipendenza 2022,GIRARDI,EMILIANO,CLUB DELLAI S.R.L.,25/06/1975,,M,,True,False,True,True,U195K3741X,BCD,07/09/2022,06/09/2027,,,,U195K3741X,,05/08/2025,,,,,,False,01/08/2022,,46094,CLUB DELLAI S.R.L.,,Dipendente,RICHIESTA TESSERINO 21/03/2022. TESSERINO ARRIVATO 07/04/2022,21/03/2022,,21/03/2022,,,True,False,False,C2/4,DET,PT,""18,00"",False,,,,,False,True,03/11/2022,,2816,,True,False,False,False,,OK,21/03/2022,QUINTARELLI EMANUELE,SAPI,18/06/2021,18/06/2021,,,SAPI,,";;
"Agg.to 2021,Medico 2021,Ente 2021,Nuova Visita 2021,Tossicodipendenza 2021,Agg.to 2022,Medico 2022,Ente 2022,Nuova Visita 2022,Tossicodipendenza 2022,GOTTARDI,UMBERTO,CLUB DELLAI S.R.L.,12/11/1964,,,,False,False,True,True,TN5437391M,BCD,29/08/2020,17/05/2024,TN8011006,17/12/2010,,TN5437391M95,,29/07/2025,,,,,,False,16/03/2015,,46094,CLUB DELLAI S.R.L.,8,Dipendente,AGGIORNAMENTO IDONEITA',14/10/2019,OK,18/03/2015,,OK,True,False,False,C2/4,INDET,TP,""40,00"",False,,,,,,True,12/10/2022,,2032,,True,False,False,,,,,,,,,,,,,";;
Agg.to 2021,Medico 2021,Ente 2021,Nuova Visita 2021,Tossicodipendenza 2021,Agg.to 2022,Medico 2022,Ente 2022,Nuova Visita 2022,Tossicodipendenza 2022,GRAVANTE,FRANCESCO,CLUB DELLAI S.R.L.,03/02/1986,,,,True,False,True,True,TN5429287K,BCDE,12/02/2020,13/01/2025,,,,TN5429287K95,,13/01/2025,,,,,,False,16/03/2020,,46094,CLUB DELLAI S.R.L.,8,Dipendente,EMETTERE TESSERINO 05/04/2020;" TESSERINO ARRIVATO,16/06/2020,OK,05/04/2020,,OK,True,False,False,C2/4,DET,TP,""40,00"",False,,,,,,True,12/10/2022,,2648,,True,False,False,,,OK,,,,,,30/08/2022,GRAVINA TOMMASO,,27/06/2022,27/06/2022";
Agg.to 2021,Medico 2021,Ente 2021,Nuova Visita 2021,Tossicodipendenza 2021,Agg.to 2022,Medico 2022,Ente 2022,Nuova Visita 2022,Tossicodipendenza 2022,MARTINELLI,DENNIS,CLUB DELLAI S.R.L.,18/04/1973,,M,,False,False,True,True,U15H42469P,BCD,10/12/2018,07/12/2023,TN8008297,18/01/2008,,U15H42469P95,,09/09/2020,,,,,,False,22/06/2013,,46094,CLUB DELLAI S.R.L.,11,Autista a chiamata,AGGIORNAMENTO IDONEITA'.AUTISTA LICENZIATO,14/11/2019,OK,13/02/2013,AUTISTA LICENZIATO,OK,True,False,False,C2/4,INDET,,,False,,,,,False,False,12/10/2022, | Categoria: Dipendente,1040,,True,False,False,False,,,,,,,,,,,,;;
Agg.to 2021,Medico 2021,Ente 2021,Nuova Visita 2021,Tossicodipendenza 2021,Agg.to 2022,Medico 2022,Ente 2022,Nuova Visita 2022,Tossicodipendenza 2022,MAZZOLIN,EZIO,CLUB DELLAI S.R.L.,30/08/1966,TRENTO,M,,True,True,True,True,TN5478383L,BCDE,04/07/2022,04/07/2027,,,,TN5478383L95,,23/04/2027,,,,,,True,08/08/2022,,46094,CLUB DELLAI S.R.L.,,Autista a chiamata,,,,,,,False,False,False,,,,,True,,,,,False,True,18/11/2022,RICHIESTA TESSERINO PAT 22-25 04/11/2022 - TESSRRINO ARRIVATO 18/11/22,,,False,False,False,False,,OK,,,,,,04/11/2022,GRAVINA TOMMASO,,07/09/2022,07/09/2022;;
Agg.to 2021,Medico 2021,Ente 2021,Nuova Visita 2021,Tossicodipendenza 2021,Agg.to 2022,Medico 2022,Ente 2022,Nuova Visita 2022,Tossicodipendenza 2022,MINIO,ANTONINO,CLUB DELLAI S.R.L.,07/06/1992,,,,False,False,True,True,TN5462376F,BD,13/10/2021,17/09/2026,,,,TN5462376F95,,13/10/2026,,,,,,False,27/01/2022,,46094,CLUB DELLAI S.R.L.,8,Dipendente,RICHIESTA TESSERINO 14/02/2022.TESSERINO ARRIVATO 25/02/2022,14/02/2022,OK,14/02/2022,RICHIESTA TESSERINO 14/02/2022;" TESSERINO ARRIVATO 25/02/2022,OK,True,False,False,C2/4,DET,TP,""40,00"",False,,,,,,False,12/10/2022,,2805,,True,False,False,,,,,,,,,14/02/2022,GRAVINA TOMMASO,,09/02/2022,";
"Agg.to 2021,Medico 2021,Ente 2021,Nuova Visita 2021,Tossicodipendenza 2021,Agg.to 2022,Medico 2022,Ente 2022,Nuova Visita 2022,Tossicodipendenza 2022,MINIO,MARIO,CLUB DELLAI S.R.L.,17/03/1970,,M,,True,False,True,True,TN5435376F,BCD,30/07/2020,03/07/2025,TN8010454,15/01/2009,,TN5435376F95,,14/07/2025,,,06/09/2004,06/09/2004,,False,01/09/2010,,46094,CLUB DELLAI S.R.L.,,Dipendente,AGGIORNAMENTO IDONEITA',14/11/2019,,28/09/2012,,,True,False,False,C2/4,INDET,TP,""40,00"",False,,,,,False,True,20/10/2022,,1294,,True,False,False,False,,OK,20/10/2022,GRAVINA TOMMASO,,27/10/2021,27/10/2021,,,,,";;
"Agg.to 2021,Medico 2021,Ente 2021,Nuova Visita 2021,Tossicodipendenza 2021,Agg.to 2022,Medico 2022,Ente 2022,Nuova Visita 2022,Tossicodipendenza 2022,OSLER,LUCA,CLUB DELLAI S.R.L.,27/03/1972,,,,True,False,True,True,TN5435809G,BCD,07/08/2020,05/07/2024,TN8009712,22/07/2008,,TN5435809G95,,31/07/2025,,,04/10/1994,04/10/1994,,False,08/09/2008,,46094,CLUB DELLAI S.R.L.,8,Dipendente,AGGIORNAMENTO IDONEITA',14/11/2019,OK,28/09/2012,,OK,True,False,False,C2/4,INDET,TP,""40,00"",False,,,,,,True,12/10/2022, | Categoria: Dipendente,1257,,True,False,False,,,OK,30/08/2022,GRAVINA TOMMASO,,27/10/2021,27/10/2021,,,,,";;
Agg.to 2021,Medico 2021,Ente 2021,Nuova Visita 2021,Tossicodipendenza 2021,Agg.to 2022,Medico 2022,Ente 2022,Nuova Visita 2022,Tossicodipendenza 2022,OSPINA,HERNAN MANUEL,CLUB DELLAI S.R.L.,22/04/1965,,M,,False,False,True,True,U164D2196E,BCDE,23/10/2021,22/10/2026,TV8011989,27/10/2008,,U164D2196E95,,20/08/2025,,,,,,False,01/06/2021,,46094,CLUB DELLAI S.R.L.,8,Dipendente,RICHIESTA TESSERINO 13/07/2021.TESSERINO ARRIVATO 26/07/2021; AUTISTA LICENZIATO 01/09/2022,13/07/2021,OK,01/09/2022,RICHIESTA TESSERINO 13/07/2021.TESSERINO ARRIVATO 26/07/2021;" AUTISTA LICENZIATO 01/09/2022,OK,True,False,False,C2/4,DET,TP,""40,00"",False,,,,,False,False,12/10/2022,,2734,,True,False,False,False,,,13/07/2021,GRAVINA TOMMASO,,01/07/2021,01/07/2021,,,,,"
Agg.to 2021,Medico 2021,Ente 2021,Nuova Visita 2021,Tossicodipendenza 2021,Agg.to 2022,Medico 2022,Ente 2022,Nuova Visita 2022,Tossicodipendenza 2022,PAOLAZZI,DARIO,CLUB DELLAI S.R.L.,18/10/1959,TRENTO,M,,True,True,True,True,TN5428688X,BCDE,21/01/2020,15/10/2024,,,,TN5428688X95,,13/01/2025,,,,,,True,20/10/2022,,46094,CLUB DELLAI S.R.L.,,Dipendente,,,,,,,False,False,False,,,,,True,,,,,False,True,18/11/2022,RICHIESTA TESSERINO PAT 22-25  11/11/2022 - TESSERINO ARRIVATO 18/11/22,,,False,False,False,False,,OK,,,,,,11/11/2022,GRAVINA TOMMASO,,26/10/2022,26/10/2022;;
"Agg.to 2021,Medico 2021,Ente 2021,Nuova Visita 2021,Tossicodipendenza 2021,Agg.to 2022,Medico 2022,Ente 2022,Nuova Visita 2022,Tossicodipendenza 2022,PICCOLO,FELICE,CLUB DELLAI S.R.L.,19/08/1987,,M,,True,False,True,True,TN5482905F,BDE,03/09/2022,26/07/2024,,,,TN5482905F95,,31/10/2025,,,,,,False,04/10/2021,,46094,CLUB DELLAI S.R.L.,,Dipendente,RICHIESTA TESSERINO 08/11/2021.TESSERINO ARRIVATO 22/11/2021,08/11/2021,,08/11/2021,,,True,False,False,C2/4,DET,TP,""40,00"",False,,,,,False,True,03/11/2022,,2763,,True,False,False,False,,OK,08/11/2021,GRAVINA TOMMASO,,27/10/2021,27/10/2021,,,,,";;
Agg.to 2021,Medico 2021,Ente 2021,Nuova Visita 2021,Tossicodipendenza 2021,Agg.to 2022,Medico 2022,Ente 2022,Nuova Visita 2022,Tossicodipendenza 2022,PIZZININI,MAURO,CLUB DELLAI S.R.L.,04/09/1957,,,,False,False,True,True,TN5432112X,BCD,28/05/2020,04/09/2024,,,,TN5432112X,,10/05/2025,,,,,,False,13/09/2021,,46094,CLUB DELLAI S.R.L.,8,Dipendente,RICHIESTA TESSERINO 02/12/2021. TESSERINO ARRIVATO; AUTISTA LICENZIATO 01/09/2022,02/12/2021,OK,01/09/2022,RICHIESTA TESSERINO 02/12/2021.TESSERINO ARRIVATO;" AUTISTA LICENZIATO 01/09/2022,OK,True,False,False,C2/4,DET,TP,""40,00"",False,,,,,,False,12/10/2022,,2773,,True,False,False,,,,02/12/2021,GRAVINA TOMMASO,,27/10/2021,,,,,,"
"Agg.to 2021,Medico 2021,Ente 2021,Nuova Visita 2021,Tossicodipendenza 2021,Agg.to 2022,Medico 2022,Ente 2022,Nuova Visita 2022,Tossicodipendenza 2022,STENICO,ALESSANDRO,CLUB DELLAI S.R.L.,18/08/1991,,M,,True,False,True,True,TN5456976P,BDE,26/07/2021,26/07/2026,,,,TN5456976P95,,05/06/2026,,,,,,False,09/09/2021,,46094,CLUB DELLAI S.R.L.,,Dipendente,RICHIESTA TESSERINO 08/11/2021.TESSERINO ARRIVATO 29/11/2021,08/11/2021,,08/11/2021,,,True,False,False,C2/4,DET,TP,""40,00"",False,,,,,False,True,20/10/2022,,2764,,True,False,False,False,,OK,08/11/2021,GRAVINA TOMMASO,,27/10/2021,,20/10/2022,GRAVINA TOMMASO,,27/10/2021,27/10/2021";;
"Agg.to 2021,Medico 2021,Ente 2021,Nuova Visita 2021,Tossicodipendenza 2021,Agg.to 2022,Medico 2022,Ente 2022,Nuova Visita 2022,Tossicodipendenza 2022,STINGHEL,ERMINIO,CLUB DELLAI S.R.L.,21/03/1968,,,,True,False,True,True,TN5424864F,BCDE,09/11/2019,15/10/2024,TN8008623,25/02/2008,,TN5424864F95,,18/10/2024,,,,,,False,15/01/2018,,46094,CLUB DELLAI S.R.L.,8,Dipendente,AGGIORNAMENTO IDONEITA',05/08/2019,OK,19/01/2018,,OK,True,False,False,C2/4,INDET,TP,""40,00"",False,,,,,,True,12/10/2022,,2358,,True,False,False,,,OK,30/08/2022,GRAVINA TOMMASO,,27/10/2021,27/10/2021,,,,,";;
Agg.to 2021,Medico 2021,Ente 2021,Nuova Visita 2021,Tossicodipendenza 2021,Agg.to 2022,Medico 2022,Ente 2022,Nuova Visita 2022,Tossicodipendenza 2022,TRENTIN,DANIELE,CLUB DELLAI S.R.L.,26/11/1960,,M,,False,False,True,True,U156C3799K,BCDE,31/08/2021,30/08/2023,TN8008308,18/01/2008,,U156C3799K95,,08/07/2025,,,07/07/1982,22/06/1983,22/06/1983,False,01/09/2009,,46094,CLUB DELLAI S.R.L.,,Dipendente,AGGIORNAMENTO IDONEITA';" AUTISTA LICENZIATO 01/09/2022,14/11/2019,,01/09/2022,,,True,False,False,C2/4,INDET,PT,""25,00"",False,,,,,False,True,14/11/2022, | Categoria: Dipendente,0250,,True,False,False,False,,,14/11/2022,GRAVINA TOMMASO,,26/10/2022,26/10/2022,,,,,";
"Agg.to 2021,Medico 2021,Ente 2021,Nuova Visita 2021,Tossicodipendenza 2021,Agg.to 2022,Medico 2022,Ente 2022,Nuova Visita 2022,Tossicodipendenza 2022,ZILLER,IGOR,CLUB DELLAI S.R.L.,30/03/1977,,M,,True,False,True,True,TN5438687X,BCDBECEDE,16/09/2020,27/03/2022,TN8009062,22/04/2008,,TN5438687X95,,03/09/2025,,,09/03/2001,09/03/2001,,False,01/09/2010,,46094,CLUB DELLAI S.R.L.,,Dipendente,AGGIORNAMENTO IDONEITA',14/11/2019,,28/09/2012,,,True,False,False,C2/4,INDET,TP,""40,00"",False,,,,,False,True,14/11/2022,,1580,,True,False,False,False,,OK,20/10/2022,GRAVINA TOMMASO,,27/10/2021,27/10/2021,14/11/2022,GRAVINA TOMMASO,,26/10/2022,26/10/2022";;
Agg.to 2021,Medico 2021,Ente 2021,Nuova Visita 2021,Tossicodipendenza 2021,Agg.to 2022,Medico 2022,Ente 2022,Nuova Visita 2022,Tossicodipendenza 2022,CONTRINI,STEFANO,CONTRINI STEFANO,26/12/1972,,M,,True,True,True,True,U16F72982V,B,30/08/2018,26/12/2028,TN8007882,22/10/2007,29/08/2023,,,,,,,,,True,01/02/2015,,47051,CONTRINI STEFANO,,Titolare,AGGIORNAMENTO IDONEITA',24/09/2019,,25/02/2015,,,False,False,False,,,,,False,,,,,False,True,18/10/2022,TESSERINO 22-25 ARRIVATO 18/10/2022,2021,,False,False,False,False,,OK,,,,,,,,,,;;
Agg.to 2021,Medico 2021,Ente 2021,Nuova Visita 2021,Tossicodipendenza 2021,Agg.to 2022,Medico 2022,Ente 2022,Nuova Visita 2022,Tossicodipendenza 2022,CORN,ADOLFO,CORN ADOLFO,03/10/1972,,M,,True,False,True,True,TN5429529J,BCDE,06/02/2020,04/12/2024,TN8008087,13/12/2007,,TN5429529J95,15/12/2012,24/01/2025,,,07/10/1991,15/10/1994,15/10/1994,False,,,46106,CORN ADOLFO,,Titolare,,10/04/2019,,,,,False,False,False,,,,,False,,,,,False,True,17/11/2022,,0270,,False,False,False,False,,OK,,,,,,,,,,;;
Agg.to 2021,Medico 2021,Ente 2021,Nuova Visita 2021,Tossicodipendenza 2021,Agg.to 2022,Medico 2022,Ente 2022,Nuova Visita 2022,Tossicodipendenza 2022,CORN,FABRIZIO,CORN ADOLFO,26/06/1977,,M,,True,False,True,True,TN5444056K,BCD,04/12/2020,28/08/2025,TN8010786,15/02/2010,,TN5444056K95,,27/11/2025,,,09/05/2000,09/05/2000,,False,25/11/2010,,46106,CORN ADOLFO,,coll. Familiare,AGGIORNAMENTO IDONEITA',17/01/2020,,17/12/2012,,,False,False,False,,,,,False,,,,,False,True,17/11/2022,,1644,,False,False,False,False,,OK,17/11/2022,QUINTARELLI EMANUELE,SAPI,24/02/2022,24/02/2022,,,SAPI,,;;
Agg.to 2021,Medico 2021,Ente 2021,Nuova Visita 2021,Tossicodipendenza 2021,Agg.to 2022,Medico 2022,Ente 2022,Nuova Visita 2022,Tossicodipendenza 2022,ECCEL,MICHELA,CORN ADOLFO,19/02/1979,,M,,True,False,True,True,U198G3472K,BCD,22/04/2022,21/04/2027,TN8008086,13/12/2007,,U198G3472K95,,27/11/2025,,,27/11/2001,27/11/2001,,False,22/01/2010,,46106,CORN ADOLFO,,coll. Familiare,AGGIORNAMENTO IDONEITA',17/01/2020,,17/12/2012,,,False,False,False,,,,,False,,,,,False,True,17/11/2022,,1645,,False,False,False,False,,OK,17/11/2022,QUINTARELLI EMANUELE,SAPI,01/10/2021,01/10/2021,17/11/2022,QUINTARELLI EMANUELE,SAPI,15/09/2022,15/09/2022;;
Agg.to 2021,Medico 2021,Ente 2021,Nuova Visita 2021,Tossicodipendenza 2021,Agg.to 2022,Medico 2022,Ente 2022,Nuova Visita 2022,Tossicodipendenza 2022,CROCE,ANTONIO,CROCE ANTONIO,13/01/1967,,M,,True,True,True,True,TN5442941J,BCD,19/11/2020,20/06/2023,,,,TN5442941J95,,16/11/2025,,,,,,False,,,46458,CROCE ANTONIO,,Titolare,,,,,,,False,False,False,,,,,False,,,,,False,True,17/10/2022,,2856,11/08/2022,False,False,False,False,,OK,,,,,,,,,,;;
Agg.to 2021,Medico 2021,Ente 2021,Nuova Visita 2021,Tossicodipendenza 2021,Agg.to 2022,Medico 2022,Ente 2022,Nuova Visita 2022,Tossicodipendenza 2022,DALLA TORRE,MARCO,DALLA TORRE MARCO,06/06/1970,,,,False,False,True,True,U177G3935V,BCDE,11/04/2022,09/04/2027,,,,U177G3935V95,,22/11/2024,,,,,,False,27/10/2020,,47708,DALLA TORRE MARCO,10,Titolare,,,,,,,False,False,False,,,,,False,,,,,,True,12/10/2022,,2682,,False,False,False,,,,,,,,,,,,,;;
Agg.to 2021,Medico 2021,Ente 2021,Nuova Visita 2021,Tossicodipendenza 2021,Agg.to 2022,Medico 2022,Ente 2022,Nuova Visita 2022,Tossicodipendenza 2022,GREIFENBERG,AGOSTINO,DALLA TORRE MARCO,10/02/1964,,,,False,False,True,True,U117E2879V9,BCDE,20/11/2021,19/11/2026,,,,U117E2879V95,,08/10/2025,,,,,,False,14/01/2021,,47708,DALLA TORRE MARCO,11,Autista a chiamata,ATTESA DOCUMENTI X TESSERINO. AUTISTA IN ATTESA DI VISITA IDONEITA',,,,ATTESA DOCUMENTI X TESSERINO. AUTISTA IN ATTESA DI VISITA IDONEITA',,True,False,False,C2,DET,,,False,,,,,,False,12/10/2022,,2801,,True,False,False,,,,,,,,,,,,,;;
"Agg.to 2021,Medico 2021,Ente 2021,Nuova Visita 2021,Tossicodipendenza 2021,Agg.to 2022,Medico 2022,Ente 2022,Nuova Visita 2022,Tossicodipendenza 2022,ROSSI,ALESSANDRO,DALLA TORRE MARCO,18/11/1970,,,,False,False,True,True,BZ5443749L,BCD,05/09/2020,09/06/2022,,,,BZ5443749L95,,27/08/2025,,,,,,False,24/12/2021,,47708,DALLA TORRE MARCO,8,Dipendente,ATTESA DOCUMENTI X TESSERINO. AUTISTA IN ATTESA DI VISITA IDONEITA',,,,ATTESA DOCUMENTI X TESSERINO. AUTISTA IN ATTESA DI VISITA IDONEITA',,True,False,False,C2,DET,TP,""40,00"",False,,,,,,False,12/10/2022,,2800,,True,False,False,,,,,,,,,,,,,";;
"Agg.to 2021,Medico 2021,Ente 2021,Nuova Visita 2021,Tossicodipendenza 2021,Agg.to 2022,Medico 2022,Ente 2022,Nuova Visita 2022,Tossicodipendenza 2022,D'AMICO,ANGELA,D'AMICO VIAGGI S.R.L.,01/06/1986,,,,True,True,True,True,TN5417195E,BD,03/07/2019,16/05/2024,TN8010347,22/10/2008,,TN5417195E95,,03/07/2024,,,,,,False,03/11/2014,,47765,D'AMICO VIAGGI S.R.L.,9,Socio Dipendente,AUTISTA LICENZIATO PER MATERNITA'. AGGIORNAMENTO IDONEITA',10/04/2019,OK,12/03/2013,AUTISTA TOLTO PER MATERNITA'. AGGIORNAMENTO IDONEITA'.,OK,True,False,False,C2,INDET,PT,""26,00"",False,,,,,,False,12/10/2022,,2749,,True,False,False,,,OK,28/07/2021,PRINCIVALLE ANDREA,SAPI,10/04/2021,10/04/2021,22/08/2022,PRINCIVALLE ANDREA,SAPI,08/08/2022,08/08/2022";;
Agg.to 2021,Medico 2021,Ente 2021,Nuova Visita 2021,Tossicodipendenza 2021,Agg.to 2022,Medico 2022,Ente 2022,Nuova Visita 2022,Tossicodipendenza 2022,D'AMICO,ANTONIO,D'AMICO VIAGGI S.R.L.,08/06/1992,,M,,True,False,True,True,TN5474752G,BDE,22/04/2022,08/04/2027,TN8011491,24/10/2013,,TN5474752G95,,22/04/2027,,,,,,True,16/07/2021,,47765,D'AMICO VIAGGI S.R.L.,,Titolare,,,,26/07/2021,,,False,False,False,,,,,False,,,,,False,True,18/10/2022,TESSERINO 22-25 ARRIVATO 18/10/2022,2739,,False,False,False,False,,OK,,,,,,,,,,;;
"Agg.to 2021,Medico 2021,Ente 2021,Nuova Visita 2021,Tossicodipendenza 2021,Agg.to 2022,Medico 2022,Ente 2022,Nuova Visita 2022,Tossicodipendenza 2022,D'AMICO,VINCENZO,D'AMICO VIAGGI S.R.L.,25/05/1963,,M,,True,True,True,True,TN5463866L,BD,21/10/2021,29/09/2026,TN8007842,10/10/2007,,TN5463866L95,,18/10/2026,,,,20/06/2006,,False,16/07/2021,,47765,D'AMICO VIAGGI S.R.L.,,Socio Dipendente,,,,,,,True,False,False,A1,INDET,PT,""25,00"",False,,,,,False,False,18/11/2022,,2738,,True,False,False,False,,OK,19/10/2021,PRINCIVALLE ANDREA,SAPI,16/10/2021,16/10/2021,18/11/2022,PRINCIVALLE ANDREA,SAPI,12/11/2022,12/11/2022";;
Agg.to 2021,Medico 2021,Ente 2021,Nuova Visita 2021,Tossicodipendenza 2021,Agg.to 2022,Medico 2022,Ente 2022,Nuova Visita 2022,Tossicodipendenza 2022,ZICHELLA,MICHELE,D'AMICO VIAGGI S.R.L.,12/06/1990,,M,,True,False,True,True,TN5475683L,BDE,10/05/2022,29/04/2027,,,,TN5475683L95,,10/05/2027,,,,,,True,16/07/2021,,47765,D'AMICO VIAGGI S.R.L.,,Autista a chiamata,,,,26/07/2021,,,True,False,False,C2,INDET,,,False,,,,,False,True,18/11/2022,TESSERINO 22-25 ARRIVATO 18/10/2022,2740,,True,False,False,False,,OK,19/10/2021,PRINCIVALLE ANDREA,SAPI,16/10/2021,16/10/2021,18/11/2022,PRINCIVALLE ANDREA,SAPI,12/11/2022,12/11/2022;;
Agg.to 2021,Medico 2021,Ente 2021,Nuova Visita 2021,Tossicodipendenza 2021,Agg.to 2022,Medico 2022,Ente 2022,Nuova Visita 2022,Tossicodipendenza 2022,ANIELLO,ERASMO,DESILVESTRO TAXI E VIAGGI S.R.L.,30/07/1972,,,,True,False,True,True,TN5445101K,BCDE,31/12/2020,12/05/2023,TN8011473,02/09/2013,,TN5445101K95,,28/12/2025,,,,,,False,01/11/2019,,47069,DESILVESTRO TAXI E VIAGGI S.R.L.,8,Dipendente,RICHIESTA TESSERINO 31/12;"TESSERINO ARRIVATO,13/01/2020,OK,31/12/2019,,OK,False,True,False,3,INDET,TP,""39,00"",False,,,,,,True,12/10/2022,,2629,,False,True,False,,,OK,30/12/2021,GRAVINA TOMMASO,SAPI,22/10/2021,22/10/2021,,,SAPI,,";
Agg.to 2021,Medico 2021,Ente 2021,Nuova Visita 2021,Tossicodipendenza 2021,Agg.to 2022,Medico 2022,Ente 2022,Nuova Visita 2022,Tossicodipendenza 2022,CROCE,LETIZIA,DESILVESTRO TAXI E VIAGGI S.R.L.,03/01/1957,,,,True,False,True,True,U15R22680H,B,09/01/2020,03/01/2025,TN8005267,10/11/1995,14/03/2021,,,,,,,,,False,,,47069,DESILVESTRO TAXI E VIAGGI S.R.L.,9,Socio,AGGIORNAMENTO IDONEITA',22/11/2019,OK,08/07/2015,,OK,False,False,False,,,,,False,,,,,,True,12/10/2022,,2134,,False,False,False,,,OK,30/12/2021,GIAVARINA MASSIMO,SAPI,24/11/2021,24/11/2021,,,SAPI,,;;
"Agg.to 2021,Medico 2021,Ente 2021,Nuova Visita 2021,Tossicodipendenza 2021,Agg.to 2022,Medico 2022,Ente 2022,Nuova Visita 2022,Tossicodipendenza 2022,DESILVESTRO,ANNA,DESILVESTRO TAXI E VIAGGI S.R.L.,25/09/1983,,,,True,False,True,True,TN5450761K,BD,10/04/2021,29/01/2025,TN8007703,17/04/2007,,TN5450761K95,,08/04/2026,,,,,,False,13/05/2015,,47069,DESILVESTRO TAXI E VIAGGI S.R.L.,8,Dipendente,AGGIORNAMENTO IDONEITA',22/11/2019,OK,08/07/2015,,OK,False,True,False,3,INDET,TP,""39,00"",False,,,,,,True,12/10/2022,,2137,,False,True,False,,,OK,30/12/2021,GIAVARINA MASSIMO,SAPI,24/11/2021,24/11/2021,,,SAPI,,";;
Agg.to 2021,Medico 2021,Ente 2021,Nuova Visita 2021,Tossicodipendenza 2021,Agg.to 2022,Medico 2022,Ente 2022,Nuova Visita 2022,Tossicodipendenza 2022,DESILVESTRO,CESARE,DESILVESTRO TAXI E VIAGGI S.R.L.,20/04/1981,,,,True,False,True,True,TN5447183E,BD,09/02/2021,26/09/2023,,,,TN5447183E95,22/12/2010,08/02/2026,,,,26/09/2008,,False,,,47069,DESILVESTRO TAXI E VIAGGI S.R.L.,9,Socio,,10/04/2019,OK,08/07/2015,,OK,False,False,False,,,,,False,,,,,,True,12/10/2022,,2136,,False,False,False,,,OK,30/08/2021,GRAVINA TOMMASO,SAPI,18/01/2021,18/01/2021,,,SAPI,,;;
Agg.to 2021,Medico 2021,Ente 2021,Nuova Visita 2021,Tossicodipendenza 2021,Agg.to 2022,Medico 2022,Ente 2022,Nuova Visita 2022,Tossicodipendenza 2022,DESILVESTRO,FRANCO,DESILVESTRO TAXI E VIAGGI S.R.L.,14/08/1955,,,,True,False,True,True,BZ5459324P,BCDE,30/06/2021,31/08/2022,TN8004809,25/09/1995,,BZ5459324P95,,15/09/2026,,,04/03/1981,12/05/1982,12/05/1982,False,,,47069,DESILVESTRO TAXI E VIAGGI S.R.L.,10,Titolare,,10/04/2019,TITOLARE,08/07/2015,,,False,False,False,,,,,False,,,,,,True,12/10/2022,,2135,,False,False,False,,,OK,,,,,,,,,,;;
"Agg.to 2021,Medico 2021,Ente 2021,Nuova Visita 2021,Tossicodipendenza 2021,Agg.to 2022,Medico 2022,Ente 2022,Nuova Visita 2022,Tossicodipendenza 2022,SCORZA,DANILO,DESILVESTRO TAXI E VIAGGI S.R.L.,30/07/1973,,,,True,False,True,True,TN5459257K,BCDE,18/08/2021,23/07/2026,TN8012368,21/10/2021,,TN5459257K95,,16/08/2026,,,,,,False,03/07/2021,,47069,DESILVESTRO TAXI E VIAGGI S.R.L.,8,Dipendente,RICHIESTA TESSERINO 07/03/2022.TESSERINO ARRIVATO 17/03/2022,07/03/2022,OK,07/03/2022,RICHIESTA TESSERINO 07/03/2022..TESSERINO ARRIVATO 17/03/2022,OK,False,True,False,3,INDET,TP,""39,00"",False,,,,,,True,12/10/2022,,2760,,False,True,False,,,OK,30/12/2021,GRAVINA TOMMASO,SAPI,22/10/2021,22/10/2021,,,SAPI,,";;
"Agg.to 2021,Medico 2021,Ente 2021,Nuova Visita 2021,Tossicodipendenza 2021,Agg.to 2022,Medico 2022,Ente 2022,Nuova Visita 2022,Tossicodipendenza 2022,GABRIELLI,ROBERTO,DMG NOLEGGIO CON CONDUCENTE DI GIACOMELLI DANIELE,11/05/1980,,M,,True,False,True,True,U1F227225N,B,11/09/2014,11/05/2025,TN8011080,30/05/2011,16/05/2022,,,,,,,,,True,18/09/2015,,47023,DMG NOLEGGIO CON CONDUCENTE DI GIACOMELLI DANIELE,,Dipendente,AGGIORNAMENTO IDONEITA',05/12/2019,,09/10/2015,,,True,False,False,C3,DET,PT,""20,00"",False,,,,,False,True,18/10/2022,TESSERINO 22-25 ARRIVATO 18/10/2022,2158,,True,False,False,False,,OK,08/08/2022,GRAVINA TOMMASO,,05/10/2021,05/10/2021,,,,,";;
Agg.to 2021,Medico 2021,Ente 2021,Nuova Visita 2021,Tossicodipendenza 2021,Agg.to 2022,Medico 2022,Ente 2022,Nuova Visita 2022,Tossicodipendenza 2022,GIACOMELLI,DANIELE,DMG NOLEGGIO CON CONDUCENTE DI GIACOMELLI DANIELE,06/12/1978,,,,True,False,True,True,U153C0714N,BCD,27/08/2021,26/08/2026,,,,U153C0714N95,,25/11/2024,,,02/10/2001,02/10/2001,,False,,,47023,DMG NOLEGGIO CON CONDUCENTE DI GIACOMELLI DANIELE,10,Titolare,AGGIORNAMENTO IDONEITA',11/09/2019,OK,25/08/2014,,OK,False,False,False,,,,,False,,,,,,True,12/10/2022,,1968,,False,False,False,,,,08/08/2022,GRAVINA TOMMASO,,05/10/2021,05/10/2021,,,,,;;
Agg.to 2021,Medico 2021,Ente 2021,Nuova Visita 2021,Tossicodipendenza 2021,Agg.to 2022,Medico 2022,Ente 2022,Nuova Visita 2022,Tossicodipendenza 2022,BALDAN,ANDREA,DOLOMITI RENT A CAR S.N.C. DI ROMOR MARSHA & C.,12/08/1972,,,,False,False,True,True,U1Z452306E,BCDE,05/10/2017,04/10/2022,TN8007915,26/10/2007,,U1Z452306E95,,09/09/2020,,,26/09/1992,26/09/1992,26/09/1992,False,,,46761,DOLOMITI RENT A CAR S.N.C.,10,Titolare,,10/04/2019,OK,19/09/2018,,OK,False,False,False,,,,,False,,,,,,True,12/10/2022, | Categoria: Titolare,1272,,False,False,False,,,,,,,,,,,,,;;
"Agg.to 2021,Medico 2021,Ente 2021,Nuova Visita 2021,Tossicodipendenza 2021,Agg.to 2022,Medico 2022,Ente 2022,Nuova Visita 2022,Tossicodipendenza 2022,BONINSEGNA,DANIELE,DOLOMITI RENT A CAR S.N.C. DI ROMOR MARSHA & C.,13/04/1991,,,,False,False,True,True,TN5401577B,BD,19/09/2018,05/06/2023,,,,TN5401577B95,,19/09/2023,,,,,,False,18/10/2018,,46761,DOLOMITI RENT A CAR S.N.C.,8,Dipendente,AGGIORNAMENTO IDONEITA',14/02/2020,OK,09/01/2019,,OK,True,False,False,C3,INDET,TP,""40,00"",False,,,,,,False,12/10/2022,,2465,,True,False,False,,,,18/02/2021,GRAVINA TOMMASO,CENTRO MEDICO FIEMME,08/02/2021,08/02/2021,,,CENTRO MEDICO FIEMME,,";;
Agg.to 2021,Medico 2021,Ente 2021,Nuova Visita 2021,Tossicodipendenza 2021,Agg.to 2022,Medico 2022,Ente 2022,Nuova Visita 2022,Tossicodipendenza 2022,GILLI,GAETANO,DOLOMITI RENT A CAR S.N.C. DI ROMOR MARSHA & C.,01/07/1958,,,,False,False,True,True,U16X60603X,BCDE,20/01/2021,01/07/2025,,,,U16X60603X95,,23/12/2024,,,,,,False,11/05/2017,,46761,DOLOMITI RENT A CAR S.N.C.,11,Autista a chiamata,RICHIESTA TESSERINO 18/05/2021.TESSERINO ARRIVATO 16/06/2021,18/05/2021,OK,18/05/2021,RICHIESTA TESSERINO 18/05/2021. TESSERINO ARRIVATO 16/06/2021,OK,True,False,False,C3,INDET,,,False,,,,,,False,12/10/2022,,2727,,True,False,False,,,,18/05/2021,GRAVINA TOMMASO,CENTRO MEDICO FIEMME,14/05/2021,14/05/2021,,,CENTRO MEDICO FIEMME,,;;
Agg.to 2021,Medico 2021,Ente 2021,Nuova Visita 2021,Tossicodipendenza 2021,Agg.to 2022,Medico 2022,Ente 2022,Nuova Visita 2022,Tossicodipendenza 2022,LAHLIOUI,YOUSSEF,ERIKA TOURS SRL A SOCIO UNICO,06/03/1972,FES,M,,True,True,True,True,TN5430415K,BCDE,20/02/2020,21/11/2023,,,,TN5430415K95,,10/02/2025,,,,,,True,09/09/2022,,46332,ERIKA TOURS SRL A SOCIO UNICO,,Autista a chiamata,,,,12/10/2022,,,True,False,False,,,,,False,,,,,False,True,18/10/2022,RICHIESTA TESSERINO PAT 22-25 27/09/2022 - TESSERINO PAT 22-25 ARRIVATO 05/10/2022,,,True,False,False,False,,OK,27/09/2022,GERMANI ROCCO,SAPI,13/09/2022,13/09/2022,,,SAPI,,;;
Agg.to 2021,Medico 2021,Ente 2021,Nuova Visita 2021,Tossicodipendenza 2021,Agg.to 2022,Medico 2022,Ente 2022,Nuova Visita 2022,Tossicodipendenza 2022,LARCHER,CHRISTIAN,ERIKA TOURS SRL A SOCIO UNICO,06/07/1981,,M,,True,True,True,True,TN5447460C,BCDE,12/02/2021,05/03/2023,TN8007908,26/10/2007,,TN5447460C95,,11/02/2026,,,22/10/2002,22/10/2002,,False,,,46332,ERIKA TOURS SRL A SOCIO UNICO,,Titolare,AGGIORNAMETO IDONEITA',14/11/2019,,23/01/2013,,,False,False,False,,,,,False,,,,,False,True,12/10/2022, | Categoria: Titolare,0686,,False,False,False,False,,OK,30/08/2022,,SAPI,22/09/2021,22/09/2021,,,SAPI,,;;
"Agg.to 2021,Medico 2021,Ente 2021,Nuova Visita 2021,Tossicodipendenza 2021,Agg.to 2022,Medico 2022,Ente 2022,Nuova Visita 2022,Tossicodipendenza 2022,MALFER,ELISA,ERIKA TOURS SRL A SOCIO UNICO,22/02/1982,,M,,True,True,True,True,TN5447461D,BCD,12/02/2021,18/04/2024,TN8009064,22/04/2008,,TN5447461D95,,11/02/2026,,,05/12/2003,05/12/2003,,False,12/02/2010,,46332,ERIKA TOURS SRL A SOCIO UNICO,,Dipendente,AGGIORNAMETO IDONEITA',14/11/2019,,23/01/2013,,,True,False,False,C1,INDET,PT,""28,00"",False,,,,,False,True,12/10/2022,,0900,,True,False,False,False,,OK,05/10/2021,GERMANI ROCCO,SAPI,22/09/2021,22/09/2021,26/09/2022,GERMANI ROCCO,SAPI,20/09/2022,20/09/2022";;
Agg.to 2021,Medico 2021,Ente 2021,Nuova Visita 2021,Tossicodipendenza 2021,Agg.to 2022,Medico 2022,Ente 2022,Nuova Visita 2022,Tossicodipendenza 2022,MENGHINI,MATTEO,ERIKA TOURS SRL A SOCIO UNICO,18/03/1976,,,,True,False,True,True,TN5448258J,BCDE,26/02/2021,22/06/2023,TN8009299,27/05/2008,,TN5448258J95,,18/02/2026,,,14/05/1997,14/05/1997,19/03/1998,False,13/03/2010,,46332,ERIKA TOURS SRL A SOCIO UNICO,11,Autista a chiamata,AGGIORNAMENTO IDONEITA',14/11/2019,OK,23/01/2013,autista licenziato,OK,True,False,False,C1,INDET,,,False,,,,,,True,12/10/2022,,1676,,True,False,False,,,OK,05/10/2021,GERMANI ROCCO,SAPI,22/09/2021,22/09/2021,,,SAPI,,;;
"Agg.to 2021,Medico 2021,Ente 2021,Nuova Visita 2021,Tossicodipendenza 2021,Agg.to 2022,Medico 2022,Ente 2022,Nuova Visita 2022,Tossicodipendenza 2022,PRADE,LUCIANO,ERIKA TOURS SRL A SOCIO UNICO,14/05/1988,,M,,True,True,True,True,U192K0417W,BD,03/09/2022,02/09/2027,,,,U192K0417W95,,31/05/2023,,,,28/09/2012,,False,02/08/2017,,46332,ERIKA TOURS SRL A SOCIO UNICO,,Dipendente,AGGIORNAMENTO IDONEITA',14/11/2019,,08/08/2017,,,True,False,False,C1,INDET,TP,""40,00"",False,,,,,False,True,12/10/2022,,2291,,True,False,False,False,,OK,05/10/2021,GERMANI ROCCO,SAPI,22/09/2021,22/09/2021,26/09/2022,GERMANI ROCCO,SAPI,20/09/2022,20/09/2022";;
Agg.to 2021,Medico 2021,Ente 2021,Nuova Visita 2021,Tossicodipendenza 2021,Agg.to 2022,Medico 2022,Ente 2022,Nuova Visita 2022,Tossicodipendenza 2022,ZENDRI,MASSIMILIANO,ERIKA TOURS SRL A SOCIO UNICO,30/07/1978,,M,,True,True,True,True,TN5410525K,BD,19/02/2019,13/12/2023,,,,TN5410525K95,,18/02/2024,,,,,,False,27/06/2022,,46332,ERIKA TOURS SRL A SOCIO UNICO,,Dipendente,,,,12/10/2022,,,True,False,False,,,,,False,,,,,False,True,11/11/2022,RICHIESTA TESSERINO PAT 22-25 27/09/2022 -TESSERINO PAT 22-25 ARRIVATO 05/10/2022 ERRATO- RICHIESTA NUOVO TESSERINO 21/10/22 - NUOVO TESSERINO ARRIVATO 11/11/2022,,,True,False,False,False,,OK,,,,,,26/09/2022,GERMANI ROCCO,,13/09/2022,13/09/2022;;
Agg.to 2021,Medico 2021,Ente 2021,Nuova Visita 2021,Tossicodipendenza 2021,Agg.to 2022,Medico 2022,Ente 2022,Nuova Visita 2022,Tossicodipendenza 2022,AZZOLINI,BRUNO,EUROTOUR - SERVICE (IN SIGLA E.T.S.) DI AZZOLINI LUCA & C. S.N.C.,19/05/1984,,,,False,False,True,True,U16B86181P,BD,05/01/2018,04/01/2023,TN8009894,04/08/2008,,U16B86181P95,,08/09/2020,,,,17/07/2006,,False,01/09/2005,,46169,EUROTOUR - SERVICE (IN SIGLA E.T.S.) DI,10,Titolare,,10/04/2019,TITOLARE,15/02/2013,,,False,False,False,,,,,False,,,,,,True,12/10/2022, | Categoria: Titolare,0966,,False,False,False,,,,,,,,,,,,,;;
Agg.to 2021,Medico 2021,Ente 2021,Nuova Visita 2021,Tossicodipendenza 2021,Agg.to 2022,Medico 2022,Ente 2022,Nuova Visita 2022,Tossicodipendenza 2022,AZZOLINI,LUCA,EUROTOUR - SERVICE (IN SIGLA E.T.S.) DI AZZOLINI LUCA & C. S.N.C.,11/05/1963,,,,False,False,True,True,VR5797233K,BCDE,18/06/2020,10/02/2025,TN8006016,29/05/1998,,VR5797233K95,,12/06/2025,,,24/04/1985,24/04/1985,24/04/1985,False,,,46169,EUROTOUR - SERVICE (IN SIGLA E.T.S.) DI,9,Socio,,10/04/2019,OK,15/02/2013,,OK,False,False,False,,,,,False,,,,,,False,12/10/2022, | Categoria: Titolare,0291,,False,False,False,,,,,,,,,,,,,;;
Agg.to 2021,Medico 2021,Ente 2021,Nuova Visita 2021,Tossicodipendenza 2021,Agg.to 2022,Medico 2022,Ente 2022,Nuova Visita 2022,Tossicodipendenza 2022,APPOLONI,ARMANDO,FABIO VIAGGI S.R.L.,02/10/1964,,M,,True,False,True,True,U19B03804J,BCD,18/01/2018,17/01/2023,TN8007971,05/11/2007,,U19B03804J95,,09/09/2020,,,,,,True,01/12/2017,,47651,FABIO VIAGGI S.R.L,,Autista a chiamata,AGGIORNAMENTO IDONEITA',14/11/2019,,04/12/2017,,,True,False,False,C2,INDET,,,False,,,,,False,True,18/10/2022,TESSERINO 22-25 ARRIVATO 18/10/2022,2613,,True,False,False,False,,OK,29/11/2021,BENEDETTI ALESSANDRO,SAPI,12/10/2021,12/10/2021,,,SAPI,,;;
"Agg.to 2021,Medico 2021,Ente 2021,Nuova Visita 2021,Tossicodipendenza 2021,Agg.to 2022,Medico 2022,Ente 2022,Nuova Visita 2022,Tossicodipendenza 2022,BOTTAMEDI,CIRO,FABIO VIAGGI S.R.L.,06/02/1954,,M,,True,False,True,True,TN5472269H,BE,17/03/2022,06/02/2028,TN8012404,31/03/2022,28/03/2027,TN5472269H95,,,,,02/04/1974,13/01/1984,13/01/1984,True,13/07/2022,,47651,FABIO VIAGGI S.R.L,,Dipendente,AGGIORNAMENTO IDONEITA'.RICHIESTA TESSERINO 21/07/2022.TESSERINO ARRIVATO 29/07/2022,14/11/2019,,15/11/2012,,,True,False,False,C2,DET,PT,""10,00"",False,,,,,False,True,18/10/2022,TESSERINO 22-25 ARRIVATO 18/10/2022,2610,,True,False,False,False,,OK,29/11/2021,BENEDETTI ALESSANDRO,SAPI,08/11/2021,08/11/2021,,,SAPI,,";;
Agg.to 2021,Medico 2021,Ente 2021,Nuova Visita 2021,Tossicodipendenza 2021,Agg.to 2022,Medico 2022,Ente 2022,Nuova Visita 2022,Tossicodipendenza 2022,BOTTAMEDI,GIULIA,FABIO VIAGGI S.R.L.,15/11/1977,,,,True,True,True,True,U15K35745X,BCD,28/03/2019,27/03/2024,TN8010029,19/08/2008,,U15K35745X95,,09/09/2020,,,15/04/1999,15/04/1999,,False,,,47651,FABIO VIAGGI S.R.L,10,Titolare,AGGIORNAMENTO IDONEITA',14/11/2019,OK,15/11/2012,,OK,False,False,False,,,,,False,,,,,,True,12/10/2022,,2609,,False,False,False,,,OK,29/11/2021,BENEDETTI ALESSANDRO,SAPI,03/08/2021,03/08/2021,,,SAPI,,;;
Agg.to 2021,Medico 2021,Ente 2021,Nuova Visita 2021,Tossicodipendenza 2021,Agg.to 2022,Medico 2022,Ente 2022,Nuova Visita 2022,Tossicodipendenza 2022,CASTELLAN,DONATO,FABIO VIAGGI S.R.L.,21/05/1958,,M,,True,False,True,True,TN5436216P,BCDE,13/08/2020,15/09/2022,,,,TN5436216P95,,10/08/2025,,,,,,False,06/07/2021,,47651,FABIO VIAGGI S.R.L,,Autista a chiamata,RICHIESTA TESSERINO 16/09/2021.  TESSERINO ARRIVATO 29/09/2021,16/09/2021,,16/09/2021,,,True,False,False,C2,INDET,,,False,,,,,False,True,12/10/2022,,2758,,True,False,False,False,,OK,16/09/2021,BENEDETTI ALESSANDRO,,07/09/2021,07/09/2021,21/09/2022,BENEDETTI ALESSANDRO,,06/09/2022,06/09/2022;;
"Agg.to 2021,Medico 2021,Ente 2021,Nuova Visita 2021,Tossicodipendenza 2021,Agg.to 2022,Medico 2022,Ente 2022,Nuova Visita 2022,Tossicodipendenza 2022,FRANCHI,MAURO,FABIO VIAGGI S.R.L.,07/04/1969,,,,True,True,True,True,U150K8418L,BCD,28/07/2022,27/07/2027,TN8008769,17/03/2008,,U150K8418L95,,10/08/2025,,,17/10/2002,17/10/2002,,False,14/04/2014,,47651,FABIO VIAGGI S.R.L,8,Dipendente,AGGIORNAMENTO IDONEITA',14/11/2019,OK,01/12/2014,AUTISTA UTILIZZATO NELLE SCUOLE DAL 01/12/2014. 21/12/2017 AUTISTA IN ASPETTATIVA,OK,True,False,False,C2,INDET,TP,""40,00"",False,,,,,,True,12/10/2022,,2615,,True,False,False,,,OK,29/11/2021,BENEDETTI ALESSANDRO,SAPI,07/10/2021,07/10/2021,,,SAPI,,";;
Agg.to 2021,Medico 2021,Ente 2021,Nuova Visita 2021,Tossicodipendenza 2021,Agg.to 2022,Medico 2022,Ente 2022,Nuova Visita 2022,Tossicodipendenza 2022,MARCOLLA,LUCIANO,FABIO VIAGGI S.R.L.,22/10/1955,,M,,True,False,True,True,TN5443188N,BCDE,24/11/2020,29/10/2022,,,,TN5443188N95,,10/11/2025,,,06/01/1982,06/01/1982,06/01/1982,True,22/12/2012,,47651,FABIO VIAGGI S.R.L,,Autista a chiamata,TRASMISSIONE MODULO PER REINSERIMENTO AUTISTA IN APPALTO (ERA NO APPALTO). AGGIORNAMENTO IDONEITA' 14/11/19. AGGIORNAMENTO IDONEITA',28/04/2021,,28/04/2021,,,True,False,False,C2,INDET,,,True,,,,,False,True,18/10/2022,TESSERINO 22-25 ARRIVATO 18/10/2022,2619,,True,False,False,False,,OK,28/04/2021,BENEDETTI ALESSANDRO,SAPI,22/02/2021,22/02/2021,18/08/2022,,SAPI,01/02/2022,01/02/2022;;
Agg.to 2021,Medico 2021,Ente 2021,Nuova Visita 2021,Tossicodipendenza 2021,Agg.to 2022,Medico 2022,Ente 2022,Nuova Visita 2022,Tossicodipendenza 2022,MAULE,GIANCARLO,FABIO VIAGGI S.R.L.,02/04/1957,,,,True,True,True,True,TN5424024J,BCD,26/10/2019,28/01/2024,TN8008772,17/03/2008,,TN5424024J95,,22/10/2024,,,19/10/1983,19/10/1983,,False,25/02/2017,,47651,FABIO VIAGGI S.R.L,11,Autista a chiamata,AGGIORNAMENTO IDONEITA',14/11/2019,OK,15/11/2012,AUTISTA TOLTO POI RIASSUNTO,OK,True,False,False,C2,INDET,,,False,,,,,,True,12/10/2022,,2617,,True,False,False,,,OK,29/11/2021,BENEDETTI ALESSANDRO,SAPI,07/10/2021,07/10/2021,,,SAPI,,;;
Agg.to 2021,Medico 2021,Ente 2021,Nuova Visita 2021,Tossicodipendenza 2021,Agg.to 2022,Medico 2022,Ente 2022,Nuova Visita 2022,Tossicodipendenza 2022,MOTTES,MICHELE,FABIO VIAGGI S.R.L.,04/09/1990,,M,,True,False,True,True,TN5447457A,BCD,24/02/2021,06/10/2025,TN8012044,10/05/2018,,TN5447457A95,,24/02/2026,,,,,,True,17/12/2020,,47651,FABIO VIAGGI S.R.L,,Dipendente,RICHIESTA TESSERINO 20/09/2019;" TESSERINO ARRIVATO,07/10/2019,,20/09/2019,,,True,False,False,C2,DET,TP,""40,00"",False,,,,,False,True,18/10/2022,TESSERINO 22-25 ARRIVATO 18/10/2022,2603,,True,False,False,False,,OK,29/11/2021,BENEDETTI ALESSANDRO,SAPI,25/10/2021,25/10/2021,,,SAPI,,";
"Agg.to 2021,Medico 2021,Ente 2021,Nuova Visita 2021,Tossicodipendenza 2021,Agg.to 2022,Medico 2022,Ente 2022,Nuova Visita 2022,Tossicodipendenza 2022,PRATOLA,VINCENZO,FABIO VIAGGI S.R.L.,05/07/1946,,,,True,True,True,True,U160B0157M,B,30/06/2021,05/07/2024,TN8010947,17/02/2009,05/08/2022,,,,,,,,,False,01/09/2012,,47651,FABIO VIAGGI S.R.L,8,Dipendente,AGGIORNAMENTO IDONEITA',14/11/2019,OK,15/11/2012,,OK,True,False,False,C2,INDET,PT,""10,00"",False,,,,,,True,12/10/2022,,2621,,True,False,False,,,OK,29/11/2021,BENEDETTI ALESSANDRO,SAPI,03/08/2021,03/08/2021,,,SAPI,,";;
"Agg.to 2021,Medico 2021,Ente 2021,Nuova Visita 2021,Tossicodipendenza 2021,Agg.to 2022,Medico 2022,Ente 2022,Nuova Visita 2022,Tossicodipendenza 2022,REMONDINI,ENEA,FABIO VIAGGI S.R.L.,03/01/1976,,,,True,True,True,True,TN5434987E,BCD,23/07/2020,01/07/2025,TN8007902,26/10/2007,,TN5434987E95,,02/07/2025,,,01/03/1999,01/03/1999,,False,06/10/1999,,47651,FABIO VIAGGI S.R.L,8,Dipendente,AGGIORNAMENTO IDONEITA',14/11/2019,OK,15/11/2012,,OK,True,False,False,C1,INDET,TP,""40,00"",False,,,,,,True,12/10/2022,,2623,,True,False,False,,,OK,29/11/2021,BENEDETTI ALESSANDRO,SAPI,25/10/2021,25/10/2021,,,SAPI,,";;
Agg.to 2021,Medico 2021,Ente 2021,Nuova Visita 2021,Tossicodipendenza 2021,Agg.to 2022,Medico 2022,Ente 2022,Nuova Visita 2022,Tossicodipendenza 2022,SARTORI,GIANLUCA,FABIO VIAGGI S.R.L.,01/12/1973,MEZZOLOMBARDO,M,,True,True,True,True,U1C721109N,B,21/03/2014,01/12/2024,TN8012179,20/06/2019,20/06/2024,,,,,,,,,True,02/11/2022,,47651,FABIO VIAGGI S.R.L.,,Dipendente,,,,,,,False,False,False,,,,,True,,,,,False,True,18/11/2022,RICHIESTA TESSERINO PAT 22-25  03/11/2022 - TESSERINO ARRIVATO 18/11/22,,,False,False,False,False,,OK,,,,,,03/11/2022,BENEDETTI ALESSANDRO,,06/09/2022,06/09/2022;;
Agg.to 2021,Medico 2021,Ente 2021,Nuova Visita 2021,Tossicodipendenza 2021,Agg.to 2022,Medico 2022,Ente 2022,Nuova Visita 2022,Tossicodipendenza 2022,TAVA,LORENZO,FABIO VIAGGI S.R.L.,10/06/1962,,M,,True,False,True,True,TN5427796T,BCDE,03/01/2020,13/11/2024,,,,TN5427796T95,,16/12/2024,,,,,,True,28/09/2020,,47651,FABIO VIAGGI S.R.L,,Dipendente,EMETTERE TESSERINO 28/09/2020;" TESSERINO ARRIVATO,13/10/2020,,28/09/2020,,,True,False,False,C2,DET,PT,""30,00"",False,,,,,False,True,18/10/2022,TESSERINO 22-25 ARRIVATO 18/10/2022,2666,,True,False,False,False,,OK,29/11/2021,BENEDETTI ALESSANDRO,SAPI,23/09/2021,23/09/2021,,,SAPI,,";
Agg.to 2021,Medico 2021,Ente 2021,Nuova Visita 2021,Tossicodipendenza 2021,Agg.to 2022,Medico 2022,Ente 2022,Nuova Visita 2022,Tossicodipendenza 2022,TRIVISANI,ANTONIO,FABIO VIAGGI S.R.L.,31/07/1977,,M,,True,False,True,True,TN5465853J,BCDE,24/11/2021,22/01/2026,TN8008293,18/01/2008,,TN5465853J95,,11/09/2025,,,18/05/2001,18/05/2001,25/01/2002,True,23/09/2020,,47651,FABIO VIAGGI S.R.L,,Dipendente,EMETTERE TESSERINO 01/10/2020;" TESSERINO ARRIVATO,13/10/2020,,01/10/2020,,,True,False,False,C2,DET,TP,""40,00"",False,,,,,False,True,18/10/2022,TESSERINO 22-25 ARRIVATO 18/10/2022,2663,,True,False,False,False,,OK,29/11/2021,BENEDETTI ALESSANDRO,SAPI,25/10/2021,25/10/2021,,,SAPI,,";
Agg.to 2021,Medico 2021,Ente 2021,Nuova Visita 2021,Tossicodipendenza 2021,Agg.to 2022,Medico 2022,Ente 2022,Nuova Visita 2022,Tossicodipendenza 2022,VEGLIO',MICHELE,FABIO VIAGGI S.R.L.,14/11/1988,,M,,True,False,True,True,U1W527211L,B,23/03/2017,14/11/2027,TN8011544,20/02/2014,13/02/2024,,,,,,,,,True,20/06/2022,,47651,FABIO VIAGGI S.R.L,,Dipendente,ATTESA DOCUMENTI PER TESSERINO.RICHIESTA TESSERINO 05/07/2022.FA CORSO AL POSTO DI MAULE.TESSERINO ARRIVATO 29/07/2022,05/07/2022,,05/07/2022,,,True,False,False,,,,,False,,,,,False,True,18/10/2022,TESSERINO 22-25 ARRIVATO 18/10/2022,2829,,True,False,False,False,,OK,,,,,,04/07/2022,BENEDETTI ALESSANDRO,,23/06/0202,23/06/2022;;
"Agg.to 2021,Medico 2021,Ente 2021,Nuova Visita 2021,Tossicodipendenza 2021,Agg.to 2022,Medico 2022,Ente 2022,Nuova Visita 2022,Tossicodipendenza 2022,VIOLA,DANILO,FABIO VIAGGI S.R.L.,06/07/1949,,M,,True,False,True,True,TN5423309X,B,15/10/2019,06/07/2026,TN8011997,15/12/2017,30/09/2022,,,06/07/2023,,,,,,True,12/09/2018,,47651,FABIO VIAGGI S.R.L,,Dipendente,,10/04/2019,,17/09/2018,,,True,False,False,C2,INDET,PT,""10,00"",False,,,,,False,True,18/10/2022,TESSERINO 22-25 ARRIVATO 18/10/2022,2605,,True,False,False,False,,OK,29/11/2021,BENEDETTI ALESSANDRO,SAPI,03/08/2021,03/08/2021,,,SAPI,,";;
"Agg.to 2021,Medico 2021,Ente 2021,Nuova Visita 2021,Tossicodipendenza 2021,Agg.to 2022,Medico 2022,Ente 2022,Nuova Visita 2022,Tossicodipendenza 2022,VIOLA,GIULIANO,FABIO VIAGGI S.R.L.,25/07/1942,,M,,True,True,True,True,UU179G0109C,B,12/04/2022,11/04/2024,TN 8007746,11/07/2007,10/04/2022,,,,,,,,,False,01/09/2012,,47651,FABIO VIAGGI S.R.L,,Dipendente,AGGIORNAMENTO IDONEITA',14/11/2019,,08/01/2015,,,True,False,False,C2,INDET,PT,""10,00"",False,,,,,False,True,12/10/2022,,2607,,True,False,False,False,,OK,29/11/2021,BENEDETTI ALESSANDRO,SAPI,08/11/2021,08/11/2021,,,SAPI,,";;
Agg.to 2021,Medico 2021,Ente 2021,Nuova Visita 2021,Tossicodipendenza 2021,Agg.to 2022,Medico 2022,Ente 2022,Nuova Visita 2022,Tossicodipendenza 2022,BRUNEL,RITA,FACCHINI FRANCESCO,06/04/1976,,,,False,False,True,True,TN5401576N,BD,19/09/2018,03/08/2023,TN8011073,18/05/2011,07/06/2021,TN5401576N95,,19/09/2023,,,,,,False,,,47715,FACCHINI FRANCESCO,4,coll. Familiare,EMETTERE TESSERINO 04/11/2020; TESSERINO ARRIVATO; RINNOVO IDONEITA',04/11/2020,,,,,False,False,False,,,,,False,,,,,,False,12/10/2022,,2684,,False,False,False,,,,,,,,,,,,,
Agg.to 2021,Medico 2021,Ente 2021,Nuova Visita 2021,Tossicodipendenza 2021,Agg.to 2022,Medico 2022,Ente 2022,Nuova Visita 2022,Tossicodipendenza 2022,FACCHINI,FRANCESCO,FACCHINI FRANCESCO,21/04/1971,,,,False,False,True,True,U160H0941N,BCDE,16/05/2022,14/05/2027,TN8007913,26/10/2007,,U160H0941N95,,18/01/2026,,,,,,False,,,47715,FACCHINI FRANCESCO,10,Titolare,EMETTERE TESSERINO 04/11/2020; TESSERINO ARRIVATO; RINNOVO IDONEITA',04/11/2020,,,,,False,False,False,,,,,False,,,,,,True,12/10/2022,,2683,,False,False,False,,,,,,,,,,,,,
"Agg.to 2021,Medico 2021,Ente 2021,Nuova Visita 2021,Tossicodipendenza 2021,Agg.to 2022,Medico 2022,Ente 2022,Nuova Visita 2022,Tossicodipendenza 2022,PEDERIVA,VALERIO,FACCHINI FRANCESCO,20/01/1989,,,,False,False,True,True,U16E32324E,BCDE,22/06/2018,21/06/2023,BL8006595,13/11/2008,,U16E32324E95,,09/09/2020,,,,,,False,10/05/2021,,47715,FACCHINI FRANCESCO,8,Dipendente,,,,21/05/2021,,,True,False,False,C2,INDET,PT,""3,00"",False,,,,,,True,12/10/2022,,2728,,True,False,False,,,,,,,,,,,,,";;
Agg.to 2021,Medico 2021,Ente 2021,Nuova Visita 2021,Tossicodipendenza 2021,Agg.to 2022,Medico 2022,Ente 2022,Nuova Visita 2022,Tossicodipendenza 2022,BONZANIN,SERGIO,FERSINA TOUR S.R.L.,17/03/1972,,M,,True,True,True,True,TN5468550F,BD,26/01/2022,03/12/2026,,,,TN5468550F95,,26/01/2027,,,,,,True,21/03/2023,,46150,FERSINA TOUR S.R.L.,,Dipendente,RICHIESTA TESSERINO PAT 22-25 14/09/2022,14/09/2022,,14/09/2022,,,False,True,False,,,,,False,,,,,False,True,13/10/2022,TESSERINO 22-25 ARRIVATO 16/09/2022,2838,11/08/2022,False,True,False,False,,OK,,,,,,14/09/2022,QUINTARELLI EMANUELE,,27/08/2022,27/08/2022;;
"Agg.to 2021,Medico 2021,Ente 2021,Nuova Visita 2021,Tossicodipendenza 2021,Agg.to 2022,Medico 2022,Ente 2022,Nuova Visita 2022,Tossicodipendenza 2022,CALMASINI,DANIEL,FERSINA TOUR S.R.L.,08/05/1994,,M,,True,False,True,True,RM8446816G,BDE,09/03/2021,02/12/2024,,,,RM8446816G95,,09/03/2026,,,,,,True,03/05/2021,,46150,FERSINA TOUR S.R.L.,,Dipendente,RICHIESTA TESSERINO 30/11/2021.TESSERINO ARRIVATO 09/12/2021,30/11/2021,,30/11/2021,,,False,True,False,C3,DET,PT,""36,00"",False,,,,,False,True,18/10/2022,TESSERINO 22-25 ARRIVATO 18/10/2022,2766,,False,True,False,False,,OK,19/11/2021,QUINTARELLI EMANUELE,SAPI,05/10/2021,,,,SAPI,,";;
"Agg.to 2021,Medico 2021,Ente 2021,Nuova Visita 2021,Tossicodipendenza 2021,Agg.to 2022,Medico 2022,Ente 2022,Nuova Visita 2022,Tossicodipendenza 2022,DALPRA',FRANCESCA,FERSINA TOUR S.R.L.,26/08/1973,,M,,True,False,True,True,U14U18722J,BD,15/07/2020,14/07/2025,,,,U14U18722J95,,23/05/2023,,,,,,True,04/08/2016,,46150,FERSINA TOUR S.R.L.,,Dipendente,AGGIORNAMENTO IDONEITA',20/11/2019,,08/09/2016,,,False,True,False,3J,INDET,TP,""39,00"",False,,,,,False,True,18/10/2022,TESSERINO 22-25 ARRIVATO 18/10/2022,2212,,False,True,False,False,,OK,11/08/2022,,SAPI,23/09/2021,23/09/2021,,,SAPI,,";;
Agg.to 2021,Medico 2021,Ente 2021,Nuova Visita 2021,Tossicodipendenza 2021,Agg.to 2022,Medico 2022,Ente 2022,Nuova Visita 2022,Tossicodipendenza 2022,FONTANARI,ROLANDO,FERSINA TOUR S.R.L.,28/12/1956,,M,,True,False,True,True,U13K90916N,BCDE,20/03/2019,28/12/2023,,,,U13K90916N95,,09/09/2020,,,,,,True,03/01/2017,,46150,FERSINA TOUR S.R.L.,,Autista a chiamata,RICHIESTA TESSERINO 24/06/2019; TESSERINO ARRIVATO 12/07/2019; AGGIORNAMENTO IDONEITA',20/12/2019,,24/06/2019,,,False,True,False,3 SUPER,INDET,,,True,,,,,False,True,18/10/2022,TESSERINO 22-25 ARRIVATO 18/10/2022,1764,,False,True,False,False,,OK,11/08/2022,,SAPI,01/10/2021,01/10/2021,,,SAPI,,
"Agg.to 2021,Medico 2021,Ente 2021,Nuova Visita 2021,Tossicodipendenza 2021,Agg.to 2022,Medico 2022,Ente 2022,Nuova Visita 2022,Tossicodipendenza 2022,GIACOMONI,LUCA,FERSINA TOUR S.R.L.,18/02/1963,,M,,True,True,True,True,TN5437393G,BCDE,29/08/2020,21/02/2023,TN8006041,04/08/1998,,TN5437393G9595,,13/08/2025,,,25/06/1998,27/10/1998,27/10/1998,False,07/03/2002,,46150,FERSINA TOUR S.R.L.,,Dipendente,AGGIORNAMENTO IDONEITA',20/12/2019,,17/12/2012,,,False,True,False,3 SUPER,INDET,TP,""39,00"",False,,,,,False,True,12/10/2022, | Categoria: Dipendente,0303,,False,True,False,False,,OK,11/08/2022,,SAPI,11/11/2021,11/11/2021,,,SAPI,,";;
Agg.to 2021,Medico 2021,Ente 2021,Nuova Visita 2021,Tossicodipendenza 2021,Agg.to 2022,Medico 2022,Ente 2022,Nuova Visita 2022,Tossicodipendenza 2022,LANER,LORENZO,FERSINA TOUR S.R.L.,26/03/1966,,M,,True,False,True,True,U194E0630P,BCDE,15/01/2022,14/01/2027,TN8004481,15/09/1995,,U194E0630P95,,13/08/2025,,,12/11/1986,12/11/1986,12/11/1986,True,21/03/1995,,46150,FERSINA TOUR S.R.L.,,Titolare,,10/04/2019,,,,,False,False,False,,,,,False,30,30,0,0,False,True,18/10/2022,TESSERINO 22-25 ARRIVATO 18/10/2022,0301,,False,False,False,False,,OK,,,,,,,,,,;;
"Agg.to 2021,Medico 2021,Ente 2021,Nuova Visita 2021,Tossicodipendenza 2021,Agg.to 2022,Medico 2022,Ente 2022,Nuova Visita 2022,Tossicodipendenza 2022,PETRI ANDERLE,ALBERTO,FERSINA TOUR S.R.L.,22/06/1995,,M,,True,False,True,True,TN5434071S,BCDE,10/07/2020,11/06/2023,,,,TN5434071S95,,24/05/2022,,,,,,True,04/04/2018,,46150,FERSINA TOUR S.R.L.,,Dipendente,AGGIORNAMENTO IDONEITA',20/11/2019,,10/12/2018,,,False,True,False,C3,INDET,TP,""39,00"",False,,,,,False,True,18/10/2022,TESSERINO 22-25 ARRIVATO 18/10/2022,2458,,False,True,False,False,,OK,11/08/2022,,SAPI,01/10/2021,01/10/2021,,,SAPI,,";;
Agg.to 2021,Medico 2021,Ente 2021,Nuova Visita 2021,Tossicodipendenza 2021,Agg.to 2022,Medico 2022,Ente 2022,Nuova Visita 2022,Tossicodipendenza 2022,PINTARELLI,STEFANO,FERSINA TOUR S.R.L.,08/10/1974,,M,,True,False,True,True,U159J1603J,BCDE,23/06/2022,22/06/2027,TN8005778,06/05/1997,,U159J1603J95,,15/09/2025,,,04/02/1997,04/02/1997,11/06/1997,True,18/09/2009,,46150,FERSINA TOUR S.R.L.,,Dipendente,RICHIESTA DUPLICATO TESSERINO DETERIORATO 07/06/2019. TESSERINO ARRIVATO;" AGGIORNAMENTO IDONEITA',20/12/2019,,17/12/2012,,,False,True,False,3 SUPER,INDET,PT,""6,00"",False,,,,,False,True,18/10/2022,TESSERINO 22-25 ARRIVATO 18/10/2022,0307,,False,True,False,False,,OK,11/08/2022,,SAPI,26/11/2021,26/11/2021,,,SAPI,,";
"Agg.to 2021,Medico 2021,Ente 2021,Nuova Visita 2021,Tossicodipendenza 2021,Agg.to 2022,Medico 2022,Ente 2022,Nuova Visita 2022,Tossicodipendenza 2022,POFFO SCHMID,LORENO,FERSINA TOUR S.R.L.,24/08/1979,,,,True,True,True,True,TN5436217K,BCDE,13/08/2020,01/07/2025,TN8008186,21/12/2007,,TN5436217K25,,12/08/2025,,,08/02/2005,08/02/2005,06/09/2005,False,10/09/2010,,46150,FERSINA TOUR S.R.L.,8,Dipendente,AGGIORNAMENTO IDONEITA',20/12/2019,OK,17/12/2012,,OK,False,True,False,3 SUPER,INDET,TP,""39,00"",False,,,,,,True,12/10/2022, | Categoria: Dipendente,1599,,False,True,False,,,OK,11/08/2022,,SAPI,26/11/2021,26/11/2021,,,SAPI,,";;
"Agg.to 2021,Medico 2021,Ente 2021,Nuova Visita 2021,Tossicodipendenza 2021,Agg.to 2022,Medico 2022,Ente 2022,Nuova Visita 2022,Tossicodipendenza 2022,RUNGGALDIER,AARON,FERSINA TOUR S.R.L.,18/10/1986,,M,,True,False,True,True,U11U67363L,BCDE,02/07/2020,01/07/2025,,,,U11U67363L95,,21/10/2024,,,10/04/2007,15/05/2012,04/08/2015,True,02/09/2015,,46150,FERSINA TOUR S.R.L.,,Dipendente,AGGIORNAMENTO IDONEITA',20/12/2019,,01/10/2015,,,False,True,False,C3,INDET,PT,""10,00"",False,,,,,False,True,18/10/2022,TESSERINO 22-25 ARRIVATO 18/10/2022,2156,,False,True,False,False,,OK,11/08/2022,,SAPI,11/11/2021,11/11/2021,,,SAPI,,";;
Agg.to 2021,Medico 2021,Ente 2021,Nuova Visita 2021,Tossicodipendenza 2021,Agg.to 2022,Medico 2022,Ente 2022,Nuova Visita 2022,Tossicodipendenza 2022,SALTORI,DINO,FERSINA TOUR S.R.L.,08/09/1951,,M,,True,False,True,True,TN5439454G,BE,26/09/2020,08/09/2026,TN8008489,15/02/2008,,TN5439454G95,,08/09/2026,,,07/05/1982,07/05/1982,07/05/1982,True,28/07/2008,,46150,FERSINA TOUR S.R.L.,,Autista a chiamata,AGGIORNAMENTO IDONEITA',20/12/2019,,17/12/2012,,,False,True,False,3 SUPER,INDET,,,False,,,,,False,True,18/10/2022,TESSERINO 22-25 ARRIVATO 18/10/2022,1242,,False,True,False,False,,OK,11/08/2022,,SAPI,01/10/2021,01/10/2021,,,SAPI,,;;
Agg.to 2021,Medico 2021,Ente 2021,Nuova Visita 2021,Tossicodipendenza 2021,Agg.to 2022,Medico 2022,Ente 2022,Nuova Visita 2022,Tossicodipendenza 2022,SANNICOLO',TIZIANO,FERSINA TOUR S.R.L.,19/05/1969,,M,,True,False,True,True,TN5447447H,BCD,10/02/2021,25/01/2026,,,,TN5447447H95,,15/07/2025,,,,,,True,02/08/2021,,46150,FERSINA TOUR S.R.L.,,Dipendente,RICHIESTA TESSERINO 30/11/2021;" TESSERINO ARRIVATO 15/12/2021,30/11/2021,,30/11/2021,,,False,True,False,C3,DET,PT,""34,00"",False,,,,,False,True,18/10/2022,TESSERINO 22-25 ARRIVATO 18/10/2022,2767,,False,True,False,False,,OK,30/11/2021,QUINTARELLI EMANUELE,SAPI,26/11/2021,26/11/2021,,,SAPI,,";
"Agg.to 2021,Medico 2021,Ente 2021,Nuova Visita 2021,Tossicodipendenza 2021,Agg.to 2022,Medico 2022,Ente 2022,Nuova Visita 2022,Tossicodipendenza 2022,SICHER,SILVIO,FERSINA TOUR S.R.L.,25/07/1967,,,,True,True,True,True,U19T66738N,BCDE,27/06/2020,26/06/2025,,,,U19T66738N95,,30/06/2020,,,14/04/1993,14/04/1993,25/03/2005,False,10/10/2006,,46150,FERSINA TOUR S.R.L.,8,Dipendente,AGGIORNAMENTO IDONEITA',20/11/2019,OK,17/12/2012,,OK,False,True,False,3 SUPER,INDET,PT,""18,00"",False,,,,,,True,12/10/2022, | Categoria: Dipendente,1189,,False,True,False,,,OK,11/08/2022,,SAPI,23/09/2021,23/09/2021,,,SAPI,,";;
Agg.to 2021,Medico 2021,Ente 2021,Nuova Visita 2021,Tossicodipendenza 2021,Agg.to 2022,Medico 2022,Ente 2022,Nuova Visita 2022,Tossicodipendenza 2022,SPAGNOLLI,MASSIMO,FERSINA TOUR S.R.L.,31/05/1973,,M,,True,False,True,True,TN2222602S,B,11/01/1993,31/05/2023,TN8012145,19/03/2019,19/03/2024,,,,,,,,,True,14/09/2020,,46150,FERSINA TOUR S.R.L.,,Dipendente,RICHIESTA TESSERINO 01/03/2021;" TESSERINO ARRIVATO,15/03/2021,,01/03/2021,,,False,True,False,F2,DET,PT,""15,00"",False,,,,,False,True,18/10/2022,TESSERINO 22-25 ARRIVATO 18/10/2022,2697,,False,True,False,False,,OK,11/08/2022,,SAPI,11/10/2021,11/10/2021,,,SAPI,,";
Agg.to 2021,Medico 2021,Ente 2021,Nuova Visita 2021,Tossicodipendenza 2021,Agg.to 2022,Medico 2022,Ente 2022,Nuova Visita 2022,Tossicodipendenza 2022,TABARELLI,MASSIMO,FERSINA TOUR S.R.L.,25/04/1964,,M,,True,False,True,True,U14J66322W,BCDE,01/02/2019,31/01/2024,TN8008128,20/12/2007,,U14J66322W95,,09/09/2020,,,16/05/1984,02/03/2004,,True,02/09/2020,,46150,FERSINA TOUR S.R.L.,,Dipendente,EMETTERE TESSERINO 04/09/2020;" TESSERINO ARRIVATO,16/09/2020,,04/09/2020,,,False,True,False,F2,INDET,TP,""39,00"",False,,,,,False,True,18/10/2022,TESSERINO 22-25 ARRIVATO 18/10/2022,2656,,False,True,False,False,,OK,11/08/2022,,SAPI,15/10/2021,15/10/2021,,,SAPI,,";
"Agg.to 2021,Medico 2021,Ente 2021,Nuova Visita 2021,Tossicodipendenza 2021,Agg.to 2022,Medico 2022,Ente 2022,Nuova Visita 2022,Tossicodipendenza 2022,TERRAGNOLO,GIORGIO,FERSINA TOUR S.R.L.,30/07/1964,,M,,True,True,True,True,U13X04989Y,BCDE,21/12/2020,19/12/2025,TN8008436,07/02/2008,,U13X04989Y95,,31/08/2025,,,05/06/1989,05/06/1989,29/12/2010,False,01/09/2010,,46150,FERSINA TOUR S.R.L.,,Dipendente,AGGIORNAMENTO IDONEITA',20/11/2019,,17/12/2012,,,False,True,False,3 SUPER,INDET,TP,""39,00"",False,,,,,False,True,12/10/2022, | Categoria: Dipendente,1600,,False,True,False,False,,OK,11/08/2022,,SAPI,15/10/2021,15/10/2021,,,SAPI,,";;
Agg.to 2021,Medico 2021,Ente 2021,Nuova Visita 2021,Tossicodipendenza 2021,Agg.to 2022,Medico 2022,Ente 2022,Nuova Visita 2022,Tossicodipendenza 2022,VOLKOV,ILIA,FERSINA TOUR S.R.L.,02/04/1984,,,,True,False,True,True,TN5467731F,BCDE,12/01/2022,15/12/2026,,,,TN5467731F95,,12/01/2027,,,,,,False,18/01/2022,,46150,FERSINA TOUR S.R.L.,8,Dipendente,RICHIESTA TESSERINO 11/08/2022,,OK,11/08/2022,RICHIESTA TESSERINO 11/08/2022,OK,False,True,False,,,,,False,,,,,False,True,12/10/2022,,2837,11/08/2022,False,True,False,False,,OK,,,,,,11/08/2022,,,18/03/2022,18/03/2022;;
"Agg.to 2021,Medico 2021,Ente 2021,Nuova Visita 2021,Tossicodipendenza 2021,Agg.to 2022,Medico 2022,Ente 2022,Nuova Visita 2022,Tossicodipendenza 2022,ZAMPEDRI,MAURIZIO,FERSINA TOUR S.R.L.,03/10/1961,,,,True,True,True,True,U158G3872U,BCD,01/04/2022,31/03/2024,,,,U158G3872U95,,28/08/2025,,,11/06/2002,11/06/2002,,False,01/07/2010,,46150,FERSINA TOUR S.R.L.,8,Dipendente,AGGIORNAMENTO IDONEITA',20/12/2019,OK,17/12/2012,,OK,False,True,False,3 SUPER,INDET,TP,""39,00"",False,,,,,,True,12/10/2022, | Categoria: Dipendente,1597,,False,True,False,,,OK,11/08/2022,,SAPI,15/10/2021,15/10/2021,,,SAPI,,";;
Agg.to 2021,Medico 2021,Ente 2021,Nuova Visita 2021,Tossicodipendenza 2021,Agg.to 2022,Medico 2022,Ente 2022,Nuova Visita 2022,Tossicodipendenza 2022,BARONCINI,STEFANO,FIABA VIAGGI S.N.C. DI FANTI MILVA E BARONCINI STEFANO,13/09/1966,,M,,True,False,True,True,BZ5412218X,BD,30/11/2018,30/11/2023,TN8010674,11/09/2009,,BZ5412218X95,,24/04/2023,,,,,,True,,,47545,FIABA VIAGGI S.N.C.,,Socio,AGGIORNAMENTO IDONEITA' 30/12/2019; AGGIORNAMENTO IDONEITA',29/09/2020,,,,,False,False,False,,,,,False,,,,,False,True,18/10/2022,TESSERINO 22-25 ARRIVATO 18/10/2022,2512,,False,False,False,False,,OK,10/09/2021,GERMANI ROCCO,SAPI,07/09/2021,07/09/2021,13/09/2022,GERMANI ROCCO,SAPI,13/09/2022,13/09/2022;
Agg.to 2021,Medico 2021,Ente 2021,Nuova Visita 2021,Tossicodipendenza 2021,Agg.to 2022,Medico 2022,Ente 2022,Nuova Visita 2022,Tossicodipendenza 2022,FANTI,MILVA,FIABA VIAGGI S.N.C. DI FANTI MILVA E BARONCINI STEFANO,10/07/1965,,,,True,True,True,True,U17V47723P,B,29/09/2020,10/07/2026,TN8006966,28/07/2003,17/09/2023,,,10/07/2026,,,,,,False,,,47545,FIABA VIAGGI S.N.C.,10,Titolare,AGGIORNAMENTO IDONEITA' 02/12/2019; AGGIORNAMENTO IDONEITA',29/09/2020,TITOLARE,,,,False,False,False,,,,,False,,,,,,True,12/10/2022,,2511,,False,False,False,,,OK,10/09/2021,GERMANI ROCCO,SAPI,07/09/2021,07/09/2021,15/09/2022,GERMANI ROCCO,SAPI,13/09/2022,13/09/2022;
Agg.to 2021,Medico 2021,Ente 2021,Nuova Visita 2021,Tossicodipendenza 2021,Agg.to 2022,Medico 2022,Ente 2022,Nuova Visita 2022,Tossicodipendenza 2022,CELLANA,MAURIZIO,FILIPPI RENATO,08/02/1982,,,,False,False,True,True,U14G66642N,BC,09/10/2018,08/10/2023,TN8012383,28/01/2022,,,,,,,,,,False,16/03/2017,,46117,FILIPPI RENATO,2,Autista di riserva,AGGIORNAMENTO IDONEITA' 19/04/2019;" AGGIORNAMENTO IDONEITA',28/09/2020,OK,27/03/2017,,OK,False,False,True,5,INDET,TP,""40,00"",False,,,,,,False,12/10/2022,,2278,,False,False,True,,,,01/09/2021,GIARRUSSO SALVATORE,,28/08/2021,28/08/2021,31/08/2022,GIARRUSSO SALVATORE,,30/08/2022,30/08/2022";
Agg.to 2021,Medico 2021,Ente 2021,Nuova Visita 2021,Tossicodipendenza 2021,Agg.to 2022,Medico 2022,Ente 2022,Nuova Visita 2022,Tossicodipendenza 2022,FILIPPI,GABRIELE,FILIPPI RENATO,16/03/1995,,M,,False,True,True,True,TN5296902F,B,04/09/2013,16/03/2024,BG8016253,02/11/2017,03/10/2027,,,,,,,,,False,,,46117,FILIPPI RENATO,,coll. Familiare,AGGIORNAMENTO IDONEITA' 19/04/2019; AGGIORNAMENTO IDONEITA',28/09/2020,,18/04/2018,,,False,False,False,,,,,False,,,,,False,True,19/10/2022,,2379,,False,False,False,False,,,01/09/2021,GIARRUSSO SALVATORE,,28/08/2021,28/08/2021,31/08/2022,GIARRUSSO SALVATORE,,29/08/2022,29/08/2022;
Agg.to 2021,Medico 2021,Ente 2021,Nuova Visita 2021,Tossicodipendenza 2021,Agg.to 2022,Medico 2022,Ente 2022,Nuova Visita 2022,Tossicodipendenza 2022,FILIPPI,RENATO,FILIPPI RENATO,22/08/1965,,,,False,False,True,True,TN5436218J,BCD,13/08/2020,25/06/2023,TN8008158,20/12/2007,,TN5436218J5,,07/08/2025,,,,,,False,,,46117,FILIPPI RENATO,10,Titolare,AGGIORNAMENTO IDONEITA' 11/09/2019; AGGIORNAMENTO IDONEITA',28/09/2020,TITOLARE,,,,False,False,False,,,,,False,,,,,,True,12/10/2022, | Categoria: Titolare,0310,,False,False,False,,,,01/09/2021,GIARRUSSO SALVATORE,,28/08/2021,28/08/2021,31/08/2022,GIARRUSSO SALVATORE,,29/08/2022,29/08/2022;
Agg.to 2021,Medico 2021,Ente 2021,Nuova Visita 2021,Tossicodipendenza 2021,Agg.to 2022,Medico 2022,Ente 2022,Nuova Visita 2022,Tossicodipendenza 2022,ORADINI,LAURA,FILIPPI RENATO,16/03/1965,,M,,False,False,True,True,TN2097446T,B,16/11/1983,16/03/2024,TN8005454,19/04/1996,24/06/2024,,,,,,,,,False,,,46117,FILIPPI RENATO,,coll. Familiare,AGGIORNAMENTO IDONEITA' 02/12/2019; AGGIORNAMENTO IDONEITA',23/11/2020,,28/11/2012,,,False,False,False,,,,,False,,,,,False,True,04/11/2022, | Categoria: coll. Familiare,0311,,False,False,False,False,,,17/12/2021,GIARRUSSO SALVATORE,,14/12/2021,14/12/2021,04/11/2022,GIARRUSSO SALVATORE,,28/10/2022,28/10/2022;
Agg.to 2021,Medico 2021,Ente 2021,Nuova Visita 2021,Tossicodipendenza 2021,Agg.to 2022,Medico 2022,Ente 2022,Nuova Visita 2022,Tossicodipendenza 2022,POULI,SOFIA,FILIPPI RENATO,03/05/1972,,M,,False,False,True,True,TN2215589E,B,24/06/1992,19/05/2022,TN8011280,12/10/2012,22/09/2022,,,,,,,,,False,15/10/2012,,46117,FILIPPI RENATO,,Dipendente,AGGIORNAMENTO IDONEITA'; RICHIESTA DUPLICATO  TESSERINO 05/08/2020;" AGGIORNAMENTO IDONEITA',23/11/2020,,12/10/2012,,,True,False,False,C3,INDET,PT,""24,00"",False,,,,,False,True,04/11/2022,,1787,,True,False,False,False,,,17/12/2021,GIARRUSSO SALVATORE,,14/12/2021,14/12/2021,04/11/2022,GIARRUSSO SALVATORE,,28/10/2022,28/10/2022"
Agg.to 2021,Medico 2021,Ente 2021,Nuova Visita 2021,Tossicodipendenza 2021,Agg.to 2022,Medico 2022,Ente 2022,Nuova Visita 2022,Tossicodipendenza 2022,FONTANARI,MATTEO,FONTANARI MATTEO,03/10/1979,,,,True,True,True,True,TN5443848J,BCDE,02/12/2020,18/11/2025,TN8008307,18/01/2008,,TN5443848J95,,20/11/2025,,,06/09/2001,05/12/2002,05/12/2002,False,,,46719,FONTANARI MATTEO,10,Titolare,,10/04/2019,TITOLARE,14/09/2012,,,False,False,False,,,,,False,,,,,,True,12/10/2022, | Categoria: Titolare,1150,,False,False,False,,,OK,,,,,,,,,,;;
"Agg.to 2021,Medico 2021,Ente 2021,Nuova Visita 2021,Tossicodipendenza 2021,Agg.to 2022,Medico 2022,Ente 2022,Nuova Visita 2022,Tossicodipendenza 2022,PUECHER,ROBERTO,FONTANARI MATTEO,08/05/1965,,,,True,False,True,True,TN5439544G,BCDE,29/09/2020,29/08/2022,TN8006731,21/12/2007,,TN5439544G95,,14/09/2025,,,,,,False,01/09/2020,,46719,FONTANARI MATTEO,8,Dipendente,TESSERINO ARRIVATO,18/02/2021,OK,10/02/2021,,OK,False,True,False,C2,DET,TP,""39,00"",False,,,,,,True,12/10/2022,,2699,,False,True,False,,,OK,31/08/2021,QUINTARELLI EMANUELE,SAPI,19/02/2021,19/02/2021,,,SAPI,,";;
Agg.to 2021,Medico 2021,Ente 2021,Nuova Visita 2021,Tossicodipendenza 2021,Agg.to 2022,Medico 2022,Ente 2022,Nuova Visita 2022,Tossicodipendenza 2022,FONTANARI,ALESSANDRO,FONTANARI SERGIO,11/09/1984,,M,,True,True,True,True,U14M60521C,BCDE,06/07/2019,05/07/2024,TN8009307,27/05/2008,,U14M60521C95,,09/09/2020,,,31/03/2009,19/06/2007,,False,,,46070,FONTANARI SERGIO,,Dipendente,AGGIORNAMENTO IDONEITA',23/01/2020,,21/01/2013,,,False,False,False,,,,,False,,,,,False,True,28/10/2022, | Categoria: coll. Familiare,1656,,False,False,False,False,,OK,18/02/2021,QUINTARELLI EMANUELE,SAPI,04/02/2021,04/02/2021,03/02/2022,QUINTARELLI EMANUELE,SAPI,03/02/2022,03/02/2022;;
Agg.to 2021,Medico 2021,Ente 2021,Nuova Visita 2021,Tossicodipendenza 2021,Agg.to 2022,Medico 2022,Ente 2022,Nuova Visita 2022,Tossicodipendenza 2022,FONTANARI,SERGIO,FONTANARI SERGIO,28/08/1968,,M,,True,True,True,True,U17L26949X,BCD,01/06/2019,31/05/2024,TN8008608,21/02/2008,,U17L26949X95,,09/09/2020,,,11/05/2004,11/05/2004,,False,,,46070,FONTANARI SERGIO,,Titolare,,10/04/2019,,,,,False,False,False,,,,,False,,,,,False,True,28/10/2022, | Categoria: Titolare,0339,,False,False,False,False,,OK,,,,,,,,,,;;
Agg.to 2021,Medico 2021,Ente 2021,Nuova Visita 2021,Tossicodipendenza 2021,Agg.to 2022,Medico 2022,Ente 2022,Nuova Visita 2022,Tossicodipendenza 2022,FRUNER,SIMONE,FRUNER VIAGGI IN EUROPA SAS DI TATIANA E SIMONE FRUNER,23/10/1985,,,,True,False,True,True,U149D5976J,BDE,15/10/2021,14/10/2023,TN8007758,09/08/2007,,U149D5976J95,,21/04/2026,,,,,,False,21/08/2007,,47561,FRUNER VIAGGI IN EUROPA SAS DI TATIANA E SIMONE FRUNER,9,Socio,NUOVA RAGIONE SOCIALE,19/07/2019,OK,22/01/2013,,OK,False,False,False,,,,,False,,,,,,False,12/10/2022,,2520,,False,False,False,,,OK,25/03/2021,MORATELLO FRANCESCO,SAPI,18/03/2021,18/03/2021,12/09/2022,,SAPI,30/08/2022,30/08/2022;;
Agg.to 2021,Medico 2021,Ente 2021,Nuova Visita 2021,Tossicodipendenza 2021,Agg.to 2022,Medico 2022,Ente 2022,Nuova Visita 2022,Tossicodipendenza 2022,FRUNER,TATIANA,FRUNER VIAGGI IN EUROPA SAS DI TATIANA E SIMONE FRUNER,05/04/1980,,,,True,False,True,True,U18C97012M,BCDE,16/03/2018,15/03/2023,TN8007031,04/12/2003,,U18C97012M95,,09/09/2020,,,,,,False,03/03/2015,,47561,FRUNER VIAGGI IN EUROPA SAS DI TATIANA E SIMONE FRUNER,10,Titolare,NUOVA RAGIONE SOCIALE,19/07/2019,OK,22/01/2013,autista in MATERNITA' DA GENNAIO 2016 RIENTRATA APRILE 2016,OK,False,False,False,,,,,False,,,,,,True,12/10/2022,,2519,,False,False,False,,,OK,,,,,,,,,,;;
Agg.to 2021,Medico 2021,Ente 2021,Nuova Visita 2021,Tossicodipendenza 2021,Agg.to 2022,Medico 2022,Ente 2022,Nuova Visita 2022,Tossicodipendenza 2022,LORENZI,NICOLETTA,FRUNER VIAGGI IN EUROPA SAS DI TATIANA E SIMONE FRUNER,15/12/1957,,,,True,False,True,True,U14F81033D,BCD,06/08/2018,15/12/2022,TN8007987,18/11/2007,,U14F81033D95,,09/09/2020,,,,,,False,,,47561,FRUNER VIAGGI IN EUROPA SAS DI TATIANA E SIMONE FRUNER,9,Socio,NUOVA RAGIONE SOCIALE,19/07/2019,OK,22/01/2013,,OK,False,False,False,,,,,False,,,,,,False,12/10/2022,,2522,,False,False,False,,,OK,25/03/2021,MORATELLO FRANCESCO,SAPI,18/03/2021,18/03/2021,12/09/2022,,SAPI,30/08/2022,30/08/2022;;
Agg.to 2021,Medico 2021,Ente 2021,Nuova Visita 2021,Tossicodipendenza 2021,Agg.to 2022,Medico 2022,Ente 2022,Nuova Visita 2022,Tossicodipendenza 2022,MIORELLI,LUCA,FRUNER VIAGGI IN EUROPA SAS DI TATIANA E SIMONE FRUNER,22/01/1970,,,,True,False,True,True,TN5463413Y,BCD,14/10/2021,25/01/2025,,,,TN5463413Y95,,23/09/2026,,,,,,False,17/03/2022,,47561,FRUNER VIAGGI IN EUROPA SAS DI TATIANA E SIMONE FRUNER,11,Autista a chiamata,RICHIESTA TESSERINO 11/05/2022.TESSERINO ARRIVATO 18/05/2022 MA DENOMINAZIONE DITTA ERRATA.TESSERINO CORRETTO ARRIVATO 08/06/2022,11/05/2022,OK,11/05/2022,RICHIESTA TESSERINO 11/05/2022.TESSERINO ARRIVATO 18/05/2022 MA DENOMINAZIONE DITTA ERRATA.TESSERINO CORRETTO ARRIVATO 08/06/2022,OK,False,True,False,C2,DET,,,False,,,,,,False,12/10/2022,,2822,,False,True,False,,,OK,,,,,,11/05/2022,MORATELLO FRANCESCO,,27/04/2022,27/04/2022;;
Agg.to 2021,Medico 2021,Ente 2021,Nuova Visita 2021,Tossicodipendenza 2021,Agg.to 2022,Medico 2022,Ente 2022,Nuova Visita 2022,Tossicodipendenza 2022,UBOLDI,PACO,FRUNER VIAGGI IN EUROPA SAS DI TATIANA E SIMONE FRUNER,21/10/1983,,,,True,False,True,True,U191E0132A,BD,14/01/2022,13/01/2023,TN8011378,04/03/2013,,U191E0132A95,,17/10/2023,,,,,,False,23/02/2021,,47561,FRUNER VIAGGI IN EUROPA SAS DI TATIANA E SIMONE FRUNER,8,Dipendente,RICHIESTA TESSERINO 24/02/2021;" TESSERINO ARRIVATO,24/03/2021,,12/03/2021,,,False,True,False,C2,DET,TP,""40,00"",False,,,,,,False,12/10/2022,,2703,,False,True,False,,,OK,03/02/2022,MORATELLO FRANCESCO,SAPI,24/11/2021,24/11/2021,,,SAPI,,";
"Agg.to 2021,Medico 2021,Ente 2021,Nuova Visita 2021,Tossicodipendenza 2021,Agg.to 2022,Medico 2022,Ente 2022,Nuova Visita 2022,Tossicodipendenza 2022,BLASIOL,ANGELO,GENZIANA S.r.l.,10/01/1969,,M,,True,True,True,True,U160G7825N,BCD,02/04/2022,01/04/2027,TN8005631,13/12/1996,,U160G7825N95,,21/01/2026,,,13/03/1992,13/03/1992,,False,01/09/2000,,46088,GENZIANA S.r.l.,,Dipendente,AGGIORNAMENTO IDONEITA',02/03/2020,,28/11/2012,,,True,False,False,C2,INDET,TP,""40,00"",False,,,,,False,True,12/10/2022, | Categoria: Dipendente,0368,,True,False,False,False,,OK,26/02/2021,MARINI MONICA,MEDICINA 2000,18/02/2021,18/02/2021,16/08/2022,,MEDICINA 2000,17/02/2022,17/02/2022";;
"Agg.to 2021,Medico 2021,Ente 2021,Nuova Visita 2021,Tossicodipendenza 2021,Agg.to 2022,Medico 2022,Ente 2022,Nuova Visita 2022,Tossicodipendenza 2022,CORAZZA,DANILO,GENZIANA S.r.l.,24/01/1977,,M,,True,True,True,True,U18F43806X,BCD,08/09/2018,07/09/2023,TN8006174,01/06/1999,,U18F43806X95,,09/09/2020,,,10/11/1998,10/11/1998,,False,06/09/1999,,46088,GENZIANA S.r.l.,,Dipendente,AGGIORNAMENTO IDONEITA',02/03/2020,,28/11/2012,,,True,False,False,C2,INDET,TP,""40,00"",False,,,,,False,True,12/10/2022, | Categoria: Dipendente,0364,,True,False,False,False,,OK,26/02/2021,MARINI MONICA,MEDICINA 2000,18/02/2021,18/02/2021,16/08/2022,,MEDICINA 2000,17/02/2022,17/02/2022";;
Agg.to 2021,Medico 2021,Ente 2021,Nuova Visita 2021,Tossicodipendenza 2021,Agg.to 2022,Medico 2022,Ente 2022,Nuova Visita 2022,Tossicodipendenza 2022,D'ANDRIA,VALERIO,GENZIANA S.r.l.,20/07/1958,,M,,True,False,True,True,TN5423366J,BCDE,16/10/2019,14/02/2024,,,,TN5423366J95,,08/10/2024,,,,,,True,26/06/2018,,46088,GENZIANA S.r.l.,,Autista a chiamata,AGGIORNAMENTO IDONEITA',02/03/2020,,18/07/2018,,,True,False,False,C2,DET,,,False,,,,,False,True,18/10/2022,TESSERINO 22-25 ARRIVATO 18/10/2022,2397,,True,False,False,False,,OK,,,,,,16/08/2022,,,17/02/2022,17/02/2022;;
"Agg.to 2021,Medico 2021,Ente 2021,Nuova Visita 2021,Tossicodipendenza 2021,Agg.to 2022,Medico 2022,Ente 2022,Nuova Visita 2022,Tossicodipendenza 2022,LORENZONI,CLAUDIO,GENZIANA S.r.l.,02/12/1968,,M,,True,False,True,True,TN5439310N,BCD,24/09/2020,31/07/2025,TN8008330,24/01/2008,,TN5439310N95,,21/09/2025,,,22/10/1987,22/10/1987,,True,03/01/2003,,46088,GENZIANA S.r.l.,,Dipendente,AGGIORNAMENTO IDONEITA',02/03/2020,,28/11/2012,,,True,False,False,C2,INDET,TP,""40,00"",False,,,,,False,True,18/10/2022,TESSERINO 22-25 ARRIVATO 18/10/2022,0373,,True,False,False,False,,OK,26/02/2021,MARINI MONICA,MEDICINA 2000,18/02/2021,18/02/2021,16/08/2022,,MEDICINA 2000,17/02/2022,17/02/2022";;
"Agg.to 2021,Medico 2021,Ente 2021,Nuova Visita 2021,Tossicodipendenza 2021,Agg.to 2022,Medico 2022,Ente 2022,Nuova Visita 2022,Tossicodipendenza 2022,MACCANI,MIRKO,GENZIANA S.r.l.,27/12/1975,,M,,True,True,True,True,U13L87869K,BCD,14/05/2019,13/05/2024,TN8008335,24/01/2008,,U13L87869K95,,09/09/2020,,,10/06/1999,10/06/1999,,False,01/06/2000,,46088,GENZIANA S.r.l.,,Dipendente,,10/04/2019,,28/11/2012,,,True,False,False,C2,INDET,TP,""40,00"",False,,,,,False,True,12/10/2022, | Categoria: Dipendente,0365,,True,False,False,False,,OK,26/02/2021,MARINI MONICA,MEDICINA 2000,18/02/2021,18/02/2021,16/08/2022,,MEDICINA 2000,17/02/2022,17/02/2022";;
Agg.to 2021,Medico 2021,Ente 2021,Nuova Visita 2021,Tossicodipendenza 2021,Agg.to 2022,Medico 2022,Ente 2022,Nuova Visita 2022,Tossicodipendenza 2022,MARCHIO',MATTEO,GENZIANA S.r.l.,04/02/1990,,M,,True,False,True,True,U14Y31773K,BCDE,27/02/2021,26/02/2026,,,,U14Y31773K95,,27/03/2024,,,,,,True,01/07/2021,,46088,GENZIANA S.r.l.,,Dipendente,RICHIESTA TESSERINO 15/05/2019. TESSERINO ARRIVATO 24/05/2019;" AGGIORNAMENTO IDONEITA'. AUTISTA LICENZIATO.AGGIORNAMENTO IDONEITA',13/07/2021,,15/05/2019,,,True,False,False,C2,DET,TP,""40,00"",False,,,,,False,True,18/10/2022,TESSERINO 22-25 ARRIVATO 18/10/2022,2500,,True,False,False,False,,OK,13/07/2021,MARINI MONICA,MEDICINA 2000,02/07/2021,02/07/2021,16/08/2022,,MEDICINA 2000,17/02/2022,17/02/2022";
"Agg.to 2021,Medico 2021,Ente 2021,Nuova Visita 2021,Tossicodipendenza 2021,Agg.to 2022,Medico 2022,Ente 2022,Nuova Visita 2022,Tossicodipendenza 2022,POLETTI,CRISTIANO,GENZIANA S.r.l.,27/05/1968,,M,,True,False,True,True,TN5385334D,BCD,15/11/2017,06/09/2022,TN8011995,04/12/2017,,TN5385334D95,,15/11/2022,,,,,,True,01/06/2018,,46088,GENZIANA S.r.l.,,Dipendente,AGGIORNAMENTO IDONEITA',02/03/2020,,29/05/2018,,,True,False,False,C2,DET,TP,""40,00"",False,,,,,False,True,18/10/2022,TESSERINO 22-25 ARRIVATO 18/10/2022,2390,,True,False,False,False,,OK,01/03/2021,MARINI MONICA,MEDICINA 2000,18/02/2021,18/02/2021,16/08/2022,,MEDICINA 2000,17/02/2022,17/02/2022";;
"Agg.to 2021,Medico 2021,Ente 2021,Nuova Visita 2021,Tossicodipendenza 2021,Agg.to 2022,Medico 2022,Ente 2022,Nuova Visita 2022,Tossicodipendenza 2022,PRADE,GIOVANNI,GENZIANA S.r.l.,11/03/1972,,M,,True,True,True,True,U13H26606W,BCD,24/11/2018,23/11/2023,TN8008122,20/12/2000,,U13H26606W95,,09/09/2020,,,,,,False,11/09/2000,,46088,GENZIANA S.r.l.,,Dipendente,AGGIORNAMENTO IDONEITA',02/03/2020,,28/11/2012,,,True,False,False,C2,INDET,TP,""40,00"",False,,,,,False,True,12/10/2022, | Categoria: Dipendente,0366,,True,False,False,False,,OK,01/03/2021,MARINI MONICA,MEDICINA 2000,18/02/2021,18/02/2021,16/08/2022,,MEDICINA 2000,17/02/2022,17/02/2022";;
"Agg.to 2021,Medico 2021,Ente 2021,Nuova Visita 2021,Tossicodipendenza 2021,Agg.to 2022,Medico 2022,Ente 2022,Nuova Visita 2022,Tossicodipendenza 2022,PUIE,VIOREL IOAN,GENZIANA S.r.l.,27/01/1979,,M,,True,False,True,True,TN5459947K,BCD,27/08/2021,24/08/2026,,,,TN5459947K95,,26/08/2026,,,,,,True,26/02/2019,,46088,GENZIANA S.r.l.,,Dipendente,AGGIORNAMENTO IDONEITA',02/03/2020,,14/03/2019,,,True,False,False,C2,DET,TP,""40,00"",False,,,,,False,True,18/10/2022,TESSERINO 22-25 ARRIVATO 18/10/2022,2490,,True,False,False,False,,OK,01/03/2021,MARINI  MONICA,MEDICINA 2000,18/02/2021,18/02/2021,16/08/2022,,MEDICINA 2000,17/02/2022,17/02/2022";;
"Agg.to 2021,Medico 2021,Ente 2021,Nuova Visita 2021,Tossicodipendenza 2021,Agg.to 2022,Medico 2022,Ente 2022,Nuova Visita 2022,Tossicodipendenza 2022,QOSE,ILIR,GENZIANA S.r.l.,06/06/1970,,M,,True,True,True,True,U14Y40344M,BCDE,01/03/2021,27/02/2026,TN8009052,22/04/2008,,U14Y40344M95,,19/06/2025,,,,,,True,02/11/2021,,46088,GENZIANA S.r.l.,,Dipendente,RICHIESTA TESSERINO 25/11/2021.TESSERINO ARRIVATO 29/11/2021,25/11/2021,,25/11/2021,,,True,False,False,C2,DET,TP,""40,00"",False,,,,,False,True,10/11/2022,TESSERINO 22-25 ARRIVATO 18/10/2022,2771,,True,False,False,False,,OK,25/11/2021,MARINI MONICA,MEDICINA 2000,11/11/2021,,10/11/2022,MARINI MONICA,MEDICINA 2000,10/11/2022,10/11/2022";;
"Agg.to 2021,Medico 2021,Ente 2021,Nuova Visita 2021,Tossicodipendenza 2021,Agg.to 2022,Medico 2022,Ente 2022,Nuova Visita 2022,Tossicodipendenza 2022,RIZZI,MARCO,GENZIANA S.r.l.,15/04/1964,,M,,True,True,True,True,TN5439309N,BCDE,24/09/2020,06/04/2023,TN8007896,24/10/2007,,TN5439309N95,,21/09/2025,,,19/06/1993,19/06/1993,19/06/1993,False,07/09/2011,,46088,GENZIANA S.r.l.,,Dipendente,AGGIORNAMENTO IDONEITA',02/03/2020,,28/11/2012,,,True,False,False,C2,INDET,TP,""40,00"",False,,,,,False,True,12/10/2022, | Categoria: Dipendente,1291,,True,False,False,False,,OK,01/03/2021,MARINI MONICA,MEDICINA 2000,18/02/2021,18/02/2021,16/08/2022,,MEDICINA 2000,17/02/2022,17/02/2022";;
"Agg.to 2021,Medico 2021,Ente 2021,Nuova Visita 2021,Tossicodipendenza 2021,Agg.to 2022,Medico 2022,Ente 2022,Nuova Visita 2022,Tossicodipendenza 2022,SANTINI,VALENTINO,GENZIANA S.r.l.,13/12/1974,,M,,True,False,True,True,U13K90857J,BCD,20/03/2019,19/03/2024,,,,U13K90857J95,,09/09/2020,,,,,,True,01/09/2018,,46088,GENZIANA S.r.l.,,Dipendente,AGGIORNAMENTO IDONEITA',02/03/2020,,25/09/2018,,,True,False,False,C2,INDET,TP,""40,00"",False,,,,,False,True,18/10/2022,TESSERINO 22-25 ARRIVATO 18/10/2022,2429,,True,False,False,False,,OK,01/03/2021,MARINI MONICA,MEDICINA 2000,18/02/2021,18/02/2021,16/08/2022,,MEDICINA 2000,17/02/2022,17/02/2022";;
Agg.to 2021,Medico 2021,Ente 2021,Nuova Visita 2021,Tossicodipendenza 2021,Agg.to 2022,Medico 2022,Ente 2022,Nuova Visita 2022,Tossicodipendenza 2022,SEPPI,ANTONELLO,GENZIANA S.r.l.,12/01/1970,,M,,True,True,True,True,U13B10090F,BCD,30/11/2017,29/11/2022,TN8010277,01/10/2008,,U13B10090F95,,09/09/2020,,,,,,False,,,46088,GENZIANA S.r.l.,,Socio,AGGIORNAMENTO IDONEITA',16/06/2020,,28/11/2012,,,False,False,False,,,,,False,,,,,False,False,12/10/2022, | Categoria: Titolare,0363,,False,False,False,False,,OK,,,,,,16/08/2022,,,25/03/2022,25/03/2022;;
Agg.to 2021,Medico 2021,Ente 2021,Nuova Visita 2021,Tossicodipendenza 2021,Agg.to 2022,Medico 2022,Ente 2022,Nuova Visita 2022,Tossicodipendenza 2022,SEPPI,GIOVANNI ROMEDIO,GENZIANA S.r.l.,03/02/1964,,M,,True,True,True,True,TN5447689K,BCD,17/02/2021,03/02/2024,TN8009505,12/06/2008,,TN5447689K95,,02/02/2026,,,,21/02/1986,,False,,,46088,GENZIANA S.r.l.,,Socio,AGGIORNAMENTO IDONEITA',02/03/2020,,28/11/2012,,,False,False,False,,,,,False,,,,,False,True,12/10/2022, | Categoria: Titolare,0362,,False,False,False,False,,OK,01/03/2021,MARINI MONICA,MEDICINA 2000,18/02/2021,18/02/2021,16/08/2022,,MEDICINA 2000,17/02/2022,17/02/2022;;
Agg.to 2021,Medico 2021,Ente 2021,Nuova Visita 2021,Tossicodipendenza 2021,Agg.to 2022,Medico 2022,Ente 2022,Nuova Visita 2022,Tossicodipendenza 2022,SEPPI,PIO,GENZIANA S.r.l.,26/10/1965,,,,True,False,True,True,U1Y859048V,CD,21/08/2017,19/08/2022,TN8004377,14/09/1995,,U1Y859048V95,,09/09/2020,,,,22/05/1987,,False,,,46088,GENZIANA S.r.l.,9,Socio,AGGIORNAMENTO IDONEITA',16/06/2020,OK,28/11/2012,,OK,False,False,False,,,,,False,,,,,,False,12/10/2022, | Categoria: Titolare,0361,,False,False,False,,,OK,,,,,,16/08/2022,,,25/03/2022,25/03/2022;;
Agg.to 2021,Medico 2021,Ente 2021,Nuova Visita 2021,Tossicodipendenza 2021,Agg.to 2022,Medico 2022,Ente 2022,Nuova Visita 2022,Tossicodipendenza 2022,DEPAUL,MONICA,GHETTA VITTORIO,03/06/1969,,,,False,False,True,True,U15X43704N,BCD,14/01/2021,13/01/2026,TN8005453,19/04/1996,,U15X43704N95,,19/10/2025,,,08/02/1996,08/02/1996,,False,,,46122,GHETTA VITTORIO,4,coll. Familiare,AGGIORNAMENTO IDONEITA',20/12/2019,OK,28/09/2012,,OK,False,False,False,,,,,False,,,,,,False,12/10/2022, | Categoria: coll. Familiare,0376,,False,False,False,,,,29/01/2021,GRAVINA TOMASSO,SAPI,18/01/2021,18/01/2021,,,SAPI,,;;
Agg.to 2021,Medico 2021,Ente 2021,Nuova Visita 2021,Tossicodipendenza 2021,Agg.to 2022,Medico 2022,Ente 2022,Nuova Visita 2022,Tossicodipendenza 2022,GHETTA,VALENTINA,GHETTA VITTORIO,11/04/1992,,,,False,False,True,True,U14Y12748L,BD,26/02/2021,25/02/2026,TN8011782,12/01/2016,,U14Y12748L95,,18/07/2021,,,,08/01/2016,,False,,,46122,GHETTA VITTORIO,4,coll. Familiare,AGGIORNAMENTO IDONEITA',20/12/2019,OK,22/01/2016,,OK,False,False,False,,,,,False,,,,,,False,12/10/2022,,2179,,False,False,False,,,,,,,,,,,,,;;
Agg.to 2021,Medico 2021,Ente 2021,Nuova Visita 2021,Tossicodipendenza 2021,Agg.to 2022,Medico 2022,Ente 2022,Nuova Visita 2022,Tossicodipendenza 2022,GHETTA,VITTORIO,GHETTA VITTORIO,04/11/1961,,,,False,False,True,True,U14L65504T,BCD,17/05/2019,16/05/2024,TN8002676,21/06/1994,,U14L65504T95,,09/09/2020,,,,27/04/1984,,False,,,46122,GHETTA VITTORIO,10,Titolare,,10/04/2019,TITOLARE,,,,False,False,False,,,,,False,,,,,,True,12/10/2022, | Categoria: Titolare,0375,,False,False,False,,,,,,,,,,,,,;;
Agg.to 2021,Medico 2021,Ente 2021,Nuova Visita 2021,Tossicodipendenza 2021,Agg.to 2022,Medico 2022,Ente 2022,Nuova Visita 2022,Tossicodipendenza 2022,BONANNI,COSTANTINO,GIACOMELLI BUS S.R.L.,29/04/1973,,M,,True,False,True,True,U176F1650B,BCD,23/02/2022,22/02/2027,,,,U176F1650B95,,04/11/2026,,,,,,True,11/11/2021,,46655,GIACOMELLI BUS S.R.L.,,Dipendente,RICHIESTA TESSERINO 10/08/2022,,,10/08/2022,,,False,False,False,,,,,False,,,,,False,True,18/10/2022,TESSERINO 22-25 ARRIVATO 18/10/2022,2847,11/08/2022,False,False,False,False,,OK,,,,,,10/08/2022,GRAVINA TOMMASO,,04/08/2022,04/08/2022;;
Agg.to 2021,Medico 2021,Ente 2021,Nuova Visita 2021,Tossicodipendenza 2021,Agg.to 2022,Medico 2022,Ente 2022,Nuova Visita 2022,Tossicodipendenza 2022,GIACOMUZZI,MONICA,GIACOMELLI BUS S.R.L.,15/02/1972,,,,True,False,True,True,U12U96492J,B,09/07/2020,15/02/2031,TN8012134,18/02/2019,12/02/2024,,,,,,,,,False,03/06/2019,,46655,GIACOMELLI BUS S.R.L.,8,Dipendente,RICHIESTA TESSERINO 13/09/2019; TESSERINO ARRIVATO,07/10/2019,OK,13/09/2019,,OK,True,False,False,C2,,,,False,,,,,,True,12/10/2022,,2533,,True,False,False,,,OK,19/08/2022,GRAVINA TOMMASO,CENTRO MEDICO FIEMME,05/10/2021,05/10/2021,,,CENTRO MEDICO FIEMME,,;
Agg.to 2021,Medico 2021,Ente 2021,Nuova Visita 2021,Tossicodipendenza 2021,Agg.to 2022,Medico 2022,Ente 2022,Nuova Visita 2022,Tossicodipendenza 2022,GILLI,PAOLO,GILLI PAOLO,15/07/1966,,M,,True,False,True,True,U1H458108C,B,13/02/2015,15/07/2025,VE8017235,08/03/2006,16/08/2026,,,,,,,,,False,08/03/2006,,46704,GILLI PAOLO,,Titolare,,10/04/2019,,,,,False,False,False,,,,,False,,,,,False,True,12/10/2022, | Categoria: Titolare,1002,,False,False,False,False,,OK,27/09/2022,,PROGETTO SALUTE,19/09/2022,19/09/2022,,,PROGETTO SALUTE,,;;
Agg.to 2021,Medico 2021,Ente 2021,Nuova Visita 2021,Tossicodipendenza 2021,Agg.to 2022,Medico 2022,Ente 2022,Nuova Visita 2022,Tossicodipendenza 2022,ZORZAN,ALMA,GILLI PAOLO,07/03/1965,,M,,True,False,True,True,TN5056909G,B,24/03/2000,07/03/2024,TN8006379,21/09/2000,02/08/2026,,,,,,,,,False,,,46704,GILLI PAOLO,,coll. Familiare,,10/04/2019,,21/01/2013,,,False,False,False,,,,,False,,,,,False,True,12/10/2022, | Categoria: coll. Familiare,0389,,False,False,False,False,,OK,27/09/2022,,PROGETTO SALUTE,19/09/2022,19/09/2002,,,PROGETTO SALUTE,,;;
Agg.to 2021,Medico 2021,Ente 2021,Nuova Visita 2021,Tossicodipendenza 2021,Agg.to 2022,Medico 2022,Ente 2022,Nuova Visita 2022,Tossicodipendenza 2022,URECHE,GEORGIANA,GIULIA SAS DI URECHE GEORGIANA & C.,01/09/1977,,,,False,False,True,True,TN5109906C,B,20/03/2003,11/03/2013,TN8011830,17/06/2016,,,,,,,,,,False,,,47600,GIULIA SAS DI URECHE GEORGIANA & C.,9,Socio,,,,,,,False,False,False,,,,,False,,,,,False,False,12/10/2022,,2857,18/09/2022,False,False,False,False,,,,,,,,,,,,;;
Agg.to 2021,Medico 2021,Ente 2021,Nuova Visita 2021,Tossicodipendenza 2021,Agg.to 2022,Medico 2022,Ente 2022,Nuova Visita 2022,Tossicodipendenza 2022,GORINI,FRANCESCO,GORINI LUIGI,28/06/1956,,,,False,False,True,True,U16Z78688M,BCDE,14/05/2021,08/05/2022,,,,U16Z78688M95,18/08/2004,07/09/2025,,,,,,False,12/01/2021,,47745,GORINI LUIGI,8,Dipendente,,25/02/2021,,25/02/2021,,,False,False,False,,,,,False,,,,,,False,12/10/2022,,2706,,False,False,False,,,,,,,,,,,,,;;
Agg.to 2021,Medico 2021,Ente 2021,Nuova Visita 2021,Tossicodipendenza 2021,Agg.to 2022,Medico 2022,Ente 2022,Nuova Visita 2022,Tossicodipendenza 2022,GORINI,LUIGI,GORINI LUIGI,10/03/1981,,,,False,False,True,True,U16D39587P,BCDE,28/04/2018,27/04/2023,,,,U16D39587P95,18/08/2007,14/04/2021,,,,,,False,,,47745,GORINI LUIGI,10,Titolare,RICHIESTA TESSERINO 03/03/2021,03/03/2021,,25/02/2021,,,False,False,False,,,,,False,,,,,,True,12/10/2022,,2705,,False,False,False,,,,,,,,,,,,,;;
Agg.to 2021,Medico 2021,Ente 2021,Nuova Visita 2021,Tossicodipendenza 2021,Agg.to 2022,Medico 2022,Ente 2022,Nuova Visita 2022,Tossicodipendenza 2022,PRADE,ALESSIA,GORINI LUIGI,30/04/1990,,,,False,False,True,True,U14P50886S,B,30/10/2019,30/04/2030,TN8011382,11/03/2013,09/03/2023,,,,,,,,,False,02/02/2021,,47745,GORINI LUIGI,8,Dipendente,AGGIORNAMENTO IDONEITA'.ATTESA DOCUMENTI PER TESSERINO,02/03/2021,,25/02/2021,ATTESA DOCUMENTI PER TESSERINO,,True,False,False,,,,,False,,,,,,False,12/10/2022,,2707,,True,False,False,,,,,,,,,,,,,;;
"Agg.to 2021,Medico 2021,Ente 2021,Nuova Visita 2021,Tossicodipendenza 2021,Agg.to 2022,Medico 2022,Ente 2022,Nuova Visita 2022,Tossicodipendenza 2022,ESPINOSA,ROSAURA MARIA,GROFF ALFREDO,13/03/1980,,,,True,False,True,True,TN5309836G,B,13/03/2014,13/03/2024,TN8011701,09/06/2015,29/05/2020,,,,,,,,,False,09/12/2013,,46026,GROFF ALFREDO,8,Dipendente,AGGIORNAMENTO IDONEITA',17/12/2019,OK,21/12/2016,,OK,True,False,False,C4,INDET,PT,""25,00"",False,,,,,,True,12/10/2022,,2265,,True,False,False,,,OK,15/09/2022,,SAPI,04/12/2021,04/12/2021,,,SAPI,,";;
"Agg.to 2021,Medico 2021,Ente 2021,Nuova Visita 2021,Tossicodipendenza 2021,Agg.to 2022,Medico 2022,Ente 2022,Nuova Visita 2022,Tossicodipendenza 2022,FRONZA,FRANCO,GROFF ALFREDO,01/09/1958,,,,True,False,True,True,U14W16538M,BD,31/10/2020,30/10/2025,,,,U14W16538M95,,11/09/2023,,,,05/07/2013,,False,19/09/2013,,46026,GROFF ALFREDO,8,Dipendente,,10/04/2019,OK,03/10/2013,,OK,True,False,False,C2,INDET,PT,""30,00"",False,,,,,,True,12/10/2022,,2438,,True,False,False,,,OK,15/09/2022,,SAPI,04/12/2021,04/12/2021,,,SAPI,,";;
Agg.to 2021,Medico 2021,Ente 2021,Nuova Visita 2021,Tossicodipendenza 2021,Agg.to 2022,Medico 2022,Ente 2022,Nuova Visita 2022,Tossicodipendenza 2022,GROFF,ALFREDO,GROFF ALFREDO,03/11/1951,,,,True,False,True,True,U16H13355H,BCD,13/12/2018,12/12/2020,,,,NO CQC,,,,,08/05/1987,08/05/1987,,False,,,46026,GROFF ALFREDO,10,Titolare,,10/04/2019,TITOLARE,03/09/2012,,,False,False,False,,,,,False,,,,,,True,12/10/2022, | Categoria: Titolare,0393,,False,False,False,,,,,,,,,,,,,;;
"Agg.to 2021,Medico 2021,Ente 2021,Nuova Visita 2021,Tossicodipendenza 2021,Agg.to 2022,Medico 2022,Ente 2022,Nuova Visita 2022,Tossicodipendenza 2022,GROFF,GIANLUCA,GROFF ALFREDO,29/12/1982,,M,,False,False,True,True,TN5423755D,BCD,22/10/2019,15/10/2024,,,,TN5423755D,,16/10/2024,,,16/03/2004,16/03/2004,,False,17/05/2001,,46026,GROFF ALFREDO,,Dipendente,AGGIORNAMENTO IDONEITA',17/12/2019,,12/11/2012,,,True,False,False,C3,INDET,TP,""40,00"",False,,,,,False,True,12/10/2022, | Categoria: Dipendente,0400,,True,False,False,False,,OK,15/09/2022,,SAPI,04/12/2021,04/12/2021,,,SAPI,,";;
"Agg.to 2021,Medico 2021,Ente 2021,Nuova Visita 2021,Tossicodipendenza 2021,Agg.to 2022,Medico 2022,Ente 2022,Nuova Visita 2022,Tossicodipendenza 2022,LOPEZ BENITO,ANGEL LUIS,GROFF ALFREDO,17/04/1960,,,,False,False,True,True,TN5476474K,BCD,20/05/2022,22/03/2027,,,,TN5476474K95,,,,,23/01/2002,23/01/2002,,False,20/08/2013,,46026,GROFF ALFREDO,8,Dipendente,AGGIORNAMENTO IDONEITA',17/12/2019,OK,18/09/2013,,OK,True,False,False,C3,INDET,TP,""40,00"",False,,,,,,True,12/10/2022,,1860,,True,False,False,,,OK,15/09/2022,,SAPI,04/12/2021,04/12/2021,,,SAPI,,";;
Agg.to 2021,Medico 2021,Ente 2021,Nuova Visita 2021,Tossicodipendenza 2021,Agg.to 2022,Medico 2022,Ente 2022,Nuova Visita 2022,Tossicodipendenza 2022,GROFF,MICHELE,GROFF PAOLO,09/01/1973,,,,True,True,True,True,TN5430826K,BCDE,26/02/2020,04/02/2025,,,,TN5430826K95,,07/02/2025,,,11/05/2004,11/05/2004,23/09/2004,False,09/03/2010,,46703,GROFF PAOLO,4,coll. Familiare,,10/04/2019,OK,21/01/2013,,OK,False,False,False,,,,,False,,,,,,True,12/10/2022, | Categoria: coll. Familiare,1569,,False,False,False,,,OK,17/08/2022,QUINTARELLI EMANUELE,SAPI,26/11/2021,26/11/2021,,,SAPI,,;;
Agg.to 2021,Medico 2021,Ente 2021,Nuova Visita 2021,Tossicodipendenza 2021,Agg.to 2022,Medico 2022,Ente 2022,Nuova Visita 2022,Tossicodipendenza 2022,GROFF,PAOLO,GROFF PAOLO,26/12/1975,,,,True,True,True,True,U16Y07365M,BCDE,11/03/2021,10/03/2026,TN8008055,26/11/2007,,U16Y07365M95,,07/09/2025,,,24/02/2005,24/02/2005,16/12/2005,False,,,46703,GROFF PAOLO,10,Titolare,,10/04/2019,TITOLARE,,,,False,False,False,,,,,False,,,,,,True,12/10/2022, | Categoria: Titolare,1184,,False,False,False,,,OK,,,,,,,,,,;;
"Agg.to 2021,Medico 2021,Ente 2021,Nuova Visita 2021,Tossicodipendenza 2021,Agg.to 2022,Medico 2022,Ente 2022,Nuova Visita 2022,Tossicodipendenza 2022,FRONZA,FRANCO,GROFF TOUR DI TATTI CARLA,01/09/1958,,,,False,False,True,True,U14W16538M,BD,31/10/2020,30/10/2025,,,,U14W16538M95,,11/09/2023,,,,05/07/2013,,False,19/09/2013,,46701,GROFF TOUR DI TATTI CARLA,8,Dipendente,AGGIORNAMENTO IDONEITA',17/12/2019,OK,03/10/2013,,OK,True,False,False,C2,INDET,PT,""20,00"",False,,,,,,True,12/10/2022,,1874,,True,False,False,,,OK,15/09/2022,,SAPI,04/12/2021,04/12/2021,,,SAPI,,";;
Agg.to 2021,Medico 2021,Ente 2021,Nuova Visita 2021,Tossicodipendenza 2021,Agg.to 2022,Medico 2022,Ente 2022,Nuova Visita 2022,Tossicodipendenza 2022,GROFF,GIANLUCA,GROFF TOUR DI TATTI CARLA,29/12/1982,,,,False,False,True,True,TN5423755O,BCD,22/10/2019,15/10/2024,,,,TN5423755O95,,16/10/2024,,,16/03/2004,16/03/2004,,False,,,46701,GROFF TOUR DI TATTI CARLA,4,coll. Familiare,,10/04/2019,OK,13/09/2013,,OK,False,False,False,,,,,False,,,,,,True,12/10/2022,,1869,,False,False,False,,,OK,15/09/2022,,SAPI,04/12/2021,04/12/2021,,,SAPI,,;;
"Agg.to 2021,Medico 2021,Ente 2021,Nuova Visita 2021,Tossicodipendenza 2021,Agg.to 2022,Medico 2022,Ente 2022,Nuova Visita 2022,Tossicodipendenza 2022,SANTUARI,MARCO,GROFF TOUR DI TATTI CARLA,04/07/1962,,,,False,False,True,True,U149C8036P,BCDE,24/08/2021,23/08/2023,,,,U149C8036P95,,15/09/2025,,,29/10/1988,28/10/1988,30/10/1995,False,01/09/2010,,46701,GROFF TOUR DI TATTI CARLA,8,Dipendente,AGGIORNAMENTO IDOENEITA',17/12/2019,OK,12/11/2012,TOLTO PER PRO FORMA. RIENTRA DAL 24 GIUGNO 2014,OK,True,False,False,C2,INDET,TP,""40,00"",False,,,,,,True,12/10/2022,,1082,,True,False,False,,,OK,15/09/2022,,SAPI,04/12/2021,04/12/2021,,,SAPI,,";;
Agg.to 2021,Medico 2021,Ente 2021,Nuova Visita 2021,Tossicodipendenza 2021,Agg.to 2022,Medico 2022,Ente 2022,Nuova Visita 2022,Tossicodipendenza 2022,TATTI,CARLA,GROFF TOUR DI TATTI CARLA,08/02/1958,,,,True,False,True,True,U14D19046J,BCD,13/04/2018,12/04/2020,,,,U14D19046J95,,09/09/2020,,,,,,False,,,46701,GROFF TOUR DI TATTI CARLA,10,Titolare,,10/04/2019,TITOLARE,03/09/2012,,,False,False,False,,,,,False,,,,,,True,12/10/2022, | Categoria: Titolare,1220,,False,False,False,,,OK,,,,,,,,,,;;
Agg.to 2021,Medico 2021,Ente 2021,Nuova Visita 2021,Tossicodipendenza 2021,Agg.to 2022,Medico 2022,Ente 2022,Nuova Visita 2022,Tossicodipendenza 2022,BETTEGA,LORIS,HOTEL AL BIVIO S.R.L.,11/12/1958,,,,True,True,True,True,U161E2567M,BCD,18/12/2021,11/12/2023,BL8005466,23/04/2008,,U161E2567M95,,05/11/2024,,,05/10/1982,05/10/1982,,False,,,46140,HOTEL AL BIVIO S.R.L.,10,Titolare,,10/04/2019,TITOLARE,,,,False,False,False,,,,,False,,,,,,True,12/10/2022, | Categoria: Titolare,0285,,False,False,False,,,OK,,,,,,,,,,;;
Agg.to 2021,Medico 2021,Ente 2021,Nuova Visita 2021,Tossicodipendenza 2021,Agg.to 2022,Medico 2022,Ente 2022,Nuova Visita 2022,Tossicodipendenza 2022,BETTEGA,NICOLA,HOTEL AL BIVIO S.R.L.,08/04/1996,,,,True,False,True,True,BL5182793S,BD,26/01/2022,14/09/2023,BL8007334,22/09/2007,20/09/2021,BL5182793S95,,14/09/2023,,,,,,False,,,46140,HOTEL AL BIVIO S.R.L.,9,Socio,AGGIORNAMENTO IDONEITA',01/09/2020,OK,10/10/2017,,OK,False,False,False,,,,,False,,,,,,False,12/10/2022,,2309,,False,False,False,,,OK,,,,,,,,,,;;
Agg.to 2021,Medico 2021,Ente 2021,Nuova Visita 2021,Tossicodipendenza 2021,Agg.to 2022,Medico 2022,Ente 2022,Nuova Visita 2022,Tossicodipendenza 2022,FONTAN,CRISTINA,HOTEL AL BIVIO S.R.L.,12/09/1970,,,,True,True,True,True,TN5429496M,B,05/02/2020,12/09/2030,BL8003695,04/11/1995,31/01/2025,,,,,,,,,False,,,46140,HOTEL AL BIVIO S.R.L.,9,Socio,AGGIORNAMENTO IDONEITA',01/09/2020,OK,28/09/2012,,OK,False,False,False,,,,,False,,,,,,False,12/10/2022, | Categoria: Socio,0284,,False,False,False,,,OK,,,,,,,,,,;;
"Agg.to 2021,Medico 2021,Ente 2021,Nuova Visita 2021,Tossicodipendenza 2021,Agg.to 2022,Medico 2022,Ente 2022,Nuova Visita 2022,Tossicodipendenza 2022,BETTEGA,ROGER,IL GIGLIO DI ZANETEL MATTIA,26/07/1968,,M,,True,False,True,True,U158F9853P,B,12/02/2022,26/07/2027,BL8003429,18/09/1995,28/01/2027,,,,,,,,,False,01/09/2021,,47769,IL GIGLIO DI ZANETEL MATTIA,,Dipendente,RICHIESTA TESSERINO 10/09/2021.TESSERINO ARRIVATO 27/09/2021,10/09/2021,,10/09/2021,,,False,True,False,3,INDET,TP,""39,00"",False,,,,,False,True,12/10/2022,,2751,,False,True,False,False,,OK,10/09/2021,GRAVINA TOMMASO,SAPI,06/09/2021,06/09/2021,22/09/2022,HAZIZOLLI DRITJON,SAPI,19/09/2022,19/09/2022";;
Agg.to 2021,Medico 2021,Ente 2021,Nuova Visita 2021,Tossicodipendenza 2021,Agg.to 2022,Medico 2022,Ente 2022,Nuova Visita 2022,Tossicodipendenza 2022,DEBERTOLIS,FABRIZIO,IL GIGLIO DI ZANETEL MATTIA,04/11/1958,,M,,True,False,True,True,TN5426862F,BE,23/12/2019,04/11/2025,TN8012217,17/10/2019,17/10/2024,,,,,,,,,False,01/09/2021,,47769,IL GIGLIO DI ZANETEL MATTIA,,Autista a chiamata,RICHIESTA TESSERINO 10/09/2021.TESSERINO ARRIVATO 27/09/2021,10/09/2021,,10/09/2021,,,False,True,False,5,DET,,,False,,,,,False,True,12/10/2022,,2755,,False,True,False,False,,OK,10/09/2021,GRAVINA TOMMASO,SAPI,06/09/2021,06/09/2021,03/10/2022,BENDETTI ALESSANDRO,SAPI,29/09/2022,29/09/2022;;
"Agg.to 2021,Medico 2021,Ente 2021,Nuova Visita 2021,Tossicodipendenza 2021,Agg.to 2022,Medico 2022,Ente 2022,Nuova Visita 2022,Tossicodipendenza 2022,SARTENA,GIANANTONIO,IL GIGLIO DI ZANETEL MATTIA,02/12/1984,,M,,True,False,True,True,U14M60546Y,BCE,06/07/2019,05/07/2024,BL8007338,15/02/2019,,U14M60546Y95,,,,,,,,True,01/09/2021,,47769,IL GIGLIO DI ZANETEL MATTIA,,Dipendente,RICHIESTA TESSERINO 10/09/2021.TESSERINO ARRIVATO 27/09/2021,10/09/2021,,10/09/2021,,,False,True,False,3,INDET,TP,""39,00"",False,,,,,False,True,18/10/2022,TESSERINO 22-25 ARRIVATO 18/10/2022,2756,,False,True,False,False,,OK,10/09/2021,GRAVINA TOMMASO,,03/02/2021,03/02/2021,25/08/2022,,,21/02/2022,21/02/2022";;
Agg.to 2021,Medico 2021,Ente 2021,Nuova Visita 2021,Tossicodipendenza 2021,Agg.to 2022,Medico 2022,Ente 2022,Nuova Visita 2022,Tossicodipendenza 2022,ZANETEL,MATTIA,IL GIGLIO DI ZANETEL MATTIA,04/03/1992,,M,,True,False,True,True,BL5160968S,BD,06/08/2018,06/08/2023,BL8007208,24/05/2013,,BL5160968S95,,06/08/2023,,,,,,True,01/09/2021,,47769,IL GIGLIO DI ZANETEL MATTIA,,Titolare,RICHIESTA TESSERINO 10/09/2021.TESSERINO ARRIVATO 27/09/2021,10/09/2021,,10/09/2021,,,False,False,False,,,,,False,,,,,False,True,18/10/2022,TESSERINO 22-25 ARRIVATO 18/10/2022,2750,,False,False,False,False,,OK,,,,,,,,,,;;
Agg.to 2021,Medico 2021,Ente 2021,Nuova Visita 2021,Tossicodipendenza 2021,Agg.to 2022,Medico 2022,Ente 2022,Nuova Visita 2022,Tossicodipendenza 2022,ZANETEL,VITTORE,IL GIGLIO DI ZANETEL MATTIA,19/02/1963,,M,,True,False,True,True,U11G31254A,BC,19/09/2018,18/09/2023,,,,U11G31254A95,,,,,,,,True,01/09/2021,,47769,IL GIGLIO DI ZANETEL MATTIA,,coll. Familiare,RICHIESTA TESSERINO 10/09/2021.TESSERINO ARRIVATO 27/09/2021,10/09/2021,,10/09/2021,,,False,False,False,,,,,False,,,,,False,True,18/10/2022,TESSERINO 22-25 ARRIVATO 18/10/2022,2754,,False,False,False,False,,OK,10/09/2021,GRAVINA TOMMASO,,03/02/2021,03/02/2021,25/08/2022,,,21/02/2022,21/02/2022;;
Agg.to 2021,Medico 2021,Ente 2021,Nuova Visita 2021,Tossicodipendenza 2021,Agg.to 2022,Medico 2022,Ente 2022,Nuova Visita 2022,Tossicodipendenza 2022,CAMPREGHER,DANIELE,ITALBUS S.N.C. DI CASAGRANDE ARMANDO E CHRISTIAN & C.,24/06/1993,,M,,True,False,True,True,TN5444827Y,BCDE,08/01/2021,08/01/2026,,,,TN5444827Y,,31/07/2024,,,,,,True,02/09/2019,,46045,ITALBUS S.N.C. DI CASAGRANDE,,Autista a chiamata,AUTISTA A CHIAMATA.RICHIESTA TESSERINO 27/12/2021.TESSERINO ARRIVATO 21/01/2022,27/12/2021,,27/12/2021,,,True,False,False,C2,,,,False,,,,,False,True,18/10/2022,TESSERINO 22-25 ARRIVATO 18/10/2022,2790,,True,False,False,False,,OK,27/12/2021,QUINTARELLI EMANUELE,SAPI,03/12/2021,03/12/2021,,,SAPI,,;;
Agg.to 2021,Medico 2021,Ente 2021,Nuova Visita 2021,Tossicodipendenza 2021,Agg.to 2022,Medico 2022,Ente 2022,Nuova Visita 2022,Tossicodipendenza 2022,CASAGRANDE,ARMANDO,ITALBUS S.N.C. DI CASAGRANDE ARMANDO E CHRISTIAN & C.,21/02/1950,,M,,True,True,True,True,TN5418570C,B,17/07/2019,21/02/2025,TN8011227,15/05/2012,21/02/2025,,,,,,26/09/1979,26/09/1979,,False,,,46045,ITALBUS S.N.C. DI CASAGRANDE,,Socio,AGGIORNAMENTO IDONEITA' 17/12/2021,11/12/2019,,17/12/2012,,,False,False,False,,,,,False,,,,,False,False,12/10/2022, | Categoria: Socio,0409,,False,False,False,False,,OK,17/12/2021,QUINTARELLI EMANUELE,SAPI,03/12/2021,03/12/2021,,,SAPI,,;;
Agg.to 2021,Medico 2021,Ente 2021,Nuova Visita 2021,Tossicodipendenza 2021,Agg.to 2022,Medico 2022,Ente 2022,Nuova Visita 2022,Tossicodipendenza 2022,CASAGRANDE,CHRISTIAN,ITALBUS S.N.C. DI CASAGRANDE ARMANDO E CHRISTIAN & C.,23/07/1974,,,,True,True,True,True,TN5439379E,BCD,25/09/2020,15/01/2024,TN8007836,10/10/2007,,TN5439379E95,,10/09/2025,,,22/03/1995,22/03/1995,,False,,,46045,ITALBUS S.N.C. DI CASAGRANDE,10,Titolare,AGGIORNAMENTO IDONEITA' 17/12/2021,10/04/2019,TITOLARE,,,,False,False,False,,,,,False,,,,,,True,12/10/2022, | Categoria: Titolare,0410,,False,False,False,,,OK,17/12/2021,QUINTARELLI EMANUELE,SAPI,03/12/2021,03/12/2021,,,SAPI,,;;
Agg.to 2021,Medico 2021,Ente 2021,Nuova Visita 2021,Tossicodipendenza 2021,Agg.to 2022,Medico 2022,Ente 2022,Nuova Visita 2022,Tossicodipendenza 2022,CASAGRANDE,LUCA,ITALBUS S.N.C. DI CASAGRANDE ARMANDO E CHRISTIAN & C.,23/07/1973,,,,True,True,True,True,U11W10852B,BCD,14/10/2020,13/10/2025,TN8007837,10/10/2007,,U11W10852B95,,10/09/2025,,,04/10/1995,04/10/1995,,False,02/02/2007,,46045,ITALBUS S.N.C. DI CASAGRANDE,15,Socio e Collab. Famigliare,AGGIORNAMENTO IDONEITA' 17/12/2021,10/12/2019,OK,17/12/2012,,OK,False,False,False,,,,,False,,,,,,True,12/10/2022, | Categoria: Socio e Collab. Famigliare,1094,,False,False,False,,,OK,17/12/2021,QUINTARELLI EMANUELE,SAPI,12/11/2021,12/11/2021,,,SAPI,,;;
"Agg.to 2021,Medico 2021,Ente 2021,Nuova Visita 2021,Tossicodipendenza 2021,Agg.to 2022,Medico 2022,Ente 2022,Nuova Visita 2022,Tossicodipendenza 2022,COLOMBINI,FRANCESCO,ITALBUS S.N.C. DI CASAGRANDE ARMANDO E CHRISTIAN & C.,31/05/1965,,M,,True,True,True,True,TN5439380M,BCDE,25/09/2020,06/08/2024,TN8003305,24/11/1994,,TN5439380M95,,10/09/2025,,,17/09/1994,17/09/1994,17/09/1994,False,14/01/1997,,46045,ITALBUS S.N.C. DI CASAGRANDE,,Dipendente,AGGIORNAMENTO IDONEITA' 17/12/2021,10/12/2019,,17/12/2012,,,True,False,False,C2,INDET,TP,""40,00"",False,,,,,False,True,12/10/2022, | Categoria: Dipendente,0407,,True,False,False,False,,OK,17/12/2021,QUINTARELLI EMANUELE,SAPI,12/11/2021,12/11/2021,,,SAPI,,";;
"Agg.to 2021,Medico 2021,Ente 2021,Nuova Visita 2021,Tossicodipendenza 2021,Agg.to 2022,Medico 2022,Ente 2022,Nuova Visita 2022,Tossicodipendenza 2022,PETRI ANDERLE,LUCA,ITALBUS S.N.C. DI CASAGRANDE ARMANDO E CHRISTIAN & C.,31/10/1979,,M,,True,False,True,True,TN5439657M,BCDE,30/09/2020,03/05/2024,,,,TN5439657M95,,10/09/2025,,,11/08/1999,11/08/1999,11/08/1999,True,13/03/2014,,46045,ITALBUS S.N.C. DI CASAGRANDE,,Dipendente,AGGIORNAMENTO IDONEITA' 17/12/2021,10/12/2019,,09/12/2014,,,True,False,False,C2,INDET,TP,""40,00"",False,,,,,False,True,18/10/2022,TESSERINO 22-25 ARRIVATO 18/10/2022,2001,,True,False,False,False,,OK,17/12/2021,QUINTARELLI EMANUELE,SAPI,12/11/2021,12/11/2021,,,SAPI,,";;
"Agg.to 2021,Medico 2021,Ente 2021,Nuova Visita 2021,Tossicodipendenza 2021,Agg.to 2022,Medico 2022,Ente 2022,Nuova Visita 2022,Tossicodipendenza 2022,BAZZANELLA,PAOLO,LA RUOTA S.R.L.,29/08/1962,,M,,True,True,True,True,TN5482694L,BCDE,01/09/2022,29/08/2023,TN80011329,24/12/2012,,TN5482694L,,29/07/2021,,,,,,True,10/09/2019,,47636,LA RUOTA S.R.L,,Dipendente,AGGIORNAMENTO IDONEITA'.CCNL COOP SOCIALI,,,,,,False,False,False,C1,INDET,PT,""34,00"",False,,,,,False,True,24/10/2022,RICHIESTA TESSERINO PAT 22-25 13/10/2022 - TESSERINO ARRIVATO 24/10/22,2602,11/08/2022,False,False,False,True,,OK,23/09/2022,,ECO SPES,23/11/2021,23/11/2021,,,ECO SPES,,";;
Agg.to 2021,Medico 2021,Ente 2021,Nuova Visita 2021,Tossicodipendenza 2021,Agg.to 2022,Medico 2022,Ente 2022,Nuova Visita 2022,Tossicodipendenza 2022,CAPUCCI,FEDERICA,LA RUOTA S.R.L.,21/06/1993,,F,,True,True,True,True,U184F5741X,B,26/02/2022,21/06/2032,TN8012396,25/02/2022,23/02/2027,,,,,,,,,True,02/09/2019,,47636,LA RUOTA S.R.L,,Dipendente,AGGIORNAMENTO IDONEITA'.CCNL COOP SOCIALI,,,,,,False,False,False,,,,,False,,,,,False,True,24/10/2022,RICHIESTA TESSERINO PAT 22-25 13/10/2022 - TESSERINO ARRIVATO 24/10/22,2566,11/08/2022,False,False,False,True,,OK,,,,,,,,,,;;
"Agg.to 2021,Medico 2021,Ente 2021,Nuova Visita 2021,Tossicodipendenza 2021,Agg.to 2022,Medico 2022,Ente 2022,Nuova Visita 2022,Tossicodipendenza 2022,CARPENTARI,GIANLUCA,LA RUOTA S.R.L.,20/01/1997,,M,,True,True,True,True,TN5386111X,B,29/11/2017,20/01/2028,TN8012156,11/04/2019,10/04/2024,,,,,,,,,True,06/07/2020,,47636,LA RUOTA S.R.L,,Dipendente,CCNL COOP SOCIALI,,,,,,False,False,False,C1,INDET,PT,""25,00"",False,,,,,False,True,24/10/2022,RICHIESTA TESSERINO PAT 22-25 13/10/2022 - TESSERINO ARRIVATO 24/10/22,2741,11/08/2022,False,False,False,True,,OK,23/09/2022,,ECO SPES,23/11/2021,23/11/2021,,,ECO SPES,,";;
Agg.to 2021,Medico 2021,Ente 2021,Nuova Visita 2021,Tossicodipendenza 2021,Agg.to 2022,Medico 2022,Ente 2022,Nuova Visita 2022,Tossicodipendenza 2022,DALPRA',DANIEL,LA RUOTA S.R.L.,08/11/1979,,M,,True,True,True,True,U12U66320M,B,08/07/2020,08/11/2030,TN8007469,28/12/2005,18/01/2026,,,,,,,,,True,18/04/2011,,47636,LA RUOTA S.R.L,,Dipendente,AGGIORNAMENTO IDONEITA'. CCNL COOP SOCIALI,,,,,,False,False,False,C1,INDET,PT 34,,False,,,,,False,True,24/10/2022,RICHIESTA TESSERINO PAT 22-25 13/10/2022 - TESSERINO ARRIVATO 24/10/22,2582,11/08/2022,False,False,False,True,,OK,23/09/2022,,SEA CS,07/03/2022,07/03/2022,,,SEA CS,,;;
"Agg.to 2021,Medico 2021,Ente 2021,Nuova Visita 2021,Tossicodipendenza 2021,Agg.to 2022,Medico 2022,Ente 2022,Nuova Visita 2022,Tossicodipendenza 2022,LONGO,ANTONIO,LA RUOTA S.R.L.,19/01/1970,,M,,True,True,True,True,U113J4704M,BC,04/06/2022,03/06/2027,TN8007471,28/12/2005,,,,,,,,,,True,30/07/2007,,47636,LA RUOTA S.R.L,,Dipendente,AGGIORNAMENTO IDONEITA'.CCNL COOP SOCIALI,,,,,,False,False,False,C1,INDET,PT,""34,00"",False,,,,,False,True,24/10/2022,RICHIESTA TESSERINO PAT 22-25 13/10/2022 - TESSERINO ARRIVATO 24/10/22,2587,11/08/2022,False,False,False,True,,OK,30/09/2022,,SEA CS,07/03/2022,07/03/2022,,,SEA CS,,";;
"Agg.to 2021,Medico 2021,Ente 2021,Nuova Visita 2021,Tossicodipendenza 2021,Agg.to 2022,Medico 2022,Ente 2022,Nuova Visita 2022,Tossicodipendenza 2022,MATTEDI,FRANCESCO,LA RUOTA S.R.L.,16/04/1985,,M,,True,True,True,True,U1J170031E,B,25/03/2015,16/04/2024,TN8012216,17/10/2019,17/10/2024,,,,,,,,,True,27/11/2019,,47636,LA RUOTA S.R.L,,Dipendente,CCNL COOP SOCIALI,,,,,,False,False,False,C1,INDET,PT,""38,00"",False,,,,,False,True,24/10/2022,RICHIESTA TESSERINO PAT 22-25 13/10/2022 - TESSERINO ARRIVATO 24/10/22,2742,11/08/2022,False,False,False,True,,OK,30/09/2022,,ECO SPES,23/11/2021,23/11/2021,,,ECO SPES,,";;
"Agg.to 2021,Medico 2021,Ente 2021,Nuova Visita 2021,Tossicodipendenza 2021,Agg.to 2022,Medico 2022,Ente 2022,Nuova Visita 2022,Tossicodipendenza 2022,MOSER,UGO,LA RUOTA S.R.L.,11/05/1965,,M,,True,True,True,True,U13G63012H,BCD,03/10/2018,02/10/2023,TN8010983,11/11/2010,,NO CQC,,,,,,,,True,20/06/2011,,47636,LA RUOTA S.R.L,,Dipendente,AGGIORNAMENTO IDONEITA'.CCNL COOP SOCIALI,,,,,,False,False,False,C1,INDET,PT,""38,00"",False,,,,,False,True,24/10/2022,RICHIESTA TESSERINO PAT 22-25 13/10/2022 - TESSERINO ARRIVATO 24/10/22,2592,11/08/2022,False,False,False,True,,OK,23/09/2022,,SEA CS,13/06/2022,13/06/2022,,,SEA CS,,";;
"Agg.to 2021,Medico 2021,Ente 2021,Nuova Visita 2021,Tossicodipendenza 2021,Agg.to 2022,Medico 2022,Ente 2022,Nuova Visita 2022,Tossicodipendenza 2022,POLITO,ANTONIO,LA RUOTA S.R.L.,15/12/1965,,M,,True,True,True,True,U1F488094U,B,27/09/2014,15/12/2024,TN8012175,20/06/2019,20/06/2024,,,,,,,,,True,01/03/2021,,47636,LA RUOTA S.R.L,,Dipendente,CCNL COOP SOCIALI,,,,,,False,False,False,B1,INDET,PT,""25,00"",False,,,,,False,True,24/10/2022,RICHIESTA TESSERINO PAT 22-25 13/10/2022 - TESSERINO ARRIVATO 24/10/22,2743,11/08/2022,False,False,False,True,,OK,23/09/2022,,SEA CS,03/08/2022,08/03/2022,,,SEA CS,,";;
Agg.to 2021,Medico 2021,Ente 2021,Nuova Visita 2021,Tossicodipendenza 2021,Agg.to 2022,Medico 2022,Ente 2022,Nuova Visita 2022,Tossicodipendenza 2022,SCARANO,CIRO,LA RUOTA S.R.L.,15/03/1960,,M,,True,True,True,True,U18J91167J,BCDE,26/02/2019,25/02/2024,TN8018719,10/12/2019,,U18J91167J95,,,,,,,,True,03/10/2022,,47636,LA RUOTA S.R.L,,Autista a chiamata,CCNL COOP SOCIALI,,,03/10/2022,,,False,False,False,,,,,False,,,,,False,True,24/10/2022,RICHIESTA TESSERINO PAT 22-25 13/10/2022 - TESSERINO ARRIVATO 24/10/22,2835,11/08/2022,False,False,False,True,,OK,03/10/2022,, ECO SPES,25/11/2021,25/11/2021,,, ECO SPES,,;;
"Agg.to 2021,Medico 2021,Ente 2021,Nuova Visita 2021,Tossicodipendenza 2021,Agg.to 2022,Medico 2022,Ente 2022,Nuova Visita 2022,Tossicodipendenza 2022,TALAMINI,KLAUS,LA RUOTA S.R.L.,25/02/1985,,M,,True,True,True,True,U191G6468L,BCD,16/04/2022,15/04/2027,TN8011103,02/09/2011,,U191G6468L95,,29/07/2026,,,,,,True,18/01/2010,,47636,LA RUOTA S.R.L,,Dipendente,AGGIORNAMENTO IDONEITA'.CCNL COOP SOCIALI,,,,,,False,False,False,C1,INDET,PT,""30,00"",False,,,,,False,True,24/10/2022,RICHIESTA TESSERINO PAT 22-25 13/10/2022 - TESSERINO ARRIVATO 24/10/22,2597,11/08/2022,False,False,False,True,,OK,23/09/2022,,ECO SPES,23/11/2021,23/11/2021,,,ECO SPES,,";;
Agg.to 2021,Medico 2021,Ente 2021,Nuova Visita 2021,Tossicodipendenza 2021,Agg.to 2022,Medico 2022,Ente 2022,Nuova Visita 2022,Tossicodipendenza 2022,LORENGO,GIOVANNI,LORENGO S.A.S. DI LORENGO GIOVANNI & C.,15/10/1947,,,,True,True,True,True,U163E2854N,BC,20/12/2021,18/12/2023,TN8008514,18/02/2008,,,,,,,31/10/1989,31/10/1989,,False,,,46069,LORENGO S.A.S. DI LORENGO GIOVANNI & C.,10,Titolare,,10/04/2019,TITOLARE,03/09/2012,,,False,False,False,,,,,False,,,,,,True,12/10/2022, | Categoria: Titolare,0429,,False,False,False,,,OK,,,,,,08/08/2022,LOCATELLI ALBERTO,,21/07/2022,21/07/2022;;
Agg.to 2021,Medico 2021,Ente 2021,Nuova Visita 2021,Tossicodipendenza 2021,Agg.to 2022,Medico 2022,Ente 2022,Nuova Visita 2022,Tossicodipendenza 2022,LORENGO,STEFANO,LORENGO S.A.S. DI LORENGO GIOVANNI & C.,25/01/1982,,,,True,True,True,True,U14F66582K,BCD,04/08/2018,03/08/2023,TN8007053,05/11/2007,,U14F66582K95,,09/09/2020,,,05/02/2002,12/08/2003,,False,,,46069,LORENGO S.A.S. DI LORENGO GIOVANNI & C.,9,Socio,AGGIORNAMENTO IDONEITA',13/11/2019,OK,21/01/2013,,OK,False,False,False,,,,,False,,,,,,False,12/10/2022, | Categoria: Titolare,0430,,False,False,False,,,OK,,,,,,,,,,;;
Agg.to 2021,Medico 2021,Ente 2021,Nuova Visita 2021,Tossicodipendenza 2021,Agg.to 2022,Medico 2022,Ente 2022,Nuova Visita 2022,Tossicodipendenza 2022,LORENGO,VANNA,LORENGO S.A.S. DI LORENGO GIOVANNI & C.,03/07/1979,,,,True,False,True,True,U1Z990009M,BD,14/11/2017,13/11/2022,,,,U1Z990009M95,,27/02/2020,,,,28/12/2012,,False,,,46069,LORENGO S.A.S. DI LORENGO GIOVANNI & C.,9,Socio,AGGIORNAMENTO IDONEITA',13/11/2019,OK,28/06/2016,,OK,False,False,False,,,,,False,,,,,,False,12/10/2022,,2209,,False,False,False,,,OK,,,,,,08/08/2022,LOCATELLI ALBERTO,,11/03/2022,11/03/2022;;
Agg.to 2021,Medico 2021,Ente 2021,Nuova Visita 2021,Tossicodipendenza 2021,Agg.to 2022,Medico 2022,Ente 2022,Nuova Visita 2022,Tossicodipendenza 2022,LORENZETTI,MATTIA,LORENZETTI SERGIO,29/07/1987,,M,,True,False,True,True,U14T56832N,BCDE,04/06/2020,03/06/2025,TN8011203,04/04/2012,,U14T56832N95,,28/12/2023,,,13/01/2015,23/04/2013,09/06/2015,True,,,46061,LORENZETTI SERGIO,,coll. Familiare,AGGIORNAMENTO IDONEITA',09/03/2020,,05/11/2014,,,False,False,False,,,,,False,,,,,False,True,18/10/2022,TESSERINO 22-25 ARRIVATO 18/10/2022,1986,,False,False,False,False,,OK,08/03/2021,ZANON GIULIO,SAPI,05/03/2021,05/03/2021,20/05/2022,ZANON GIULIO,SAPI,20/05/2022,20/05/2022;;
Agg.to 2021,Medico 2021,Ente 2021,Nuova Visita 2021,Tossicodipendenza 2021,Agg.to 2022,Medico 2022,Ente 2022,Nuova Visita 2022,Tossicodipendenza 2022,LORENZETTI,SERGIO,LORENZETTI SERGIO,12/07/1960,,,,True,True,True,True,TN5437672G,BCD,03/09/2020,07/08/2025,TN8007776,14/09/2007,,TN5437672G95,,25/08/2025,,,27/04/1995,27/04/1995,,False,,,46061,LORENZETTI SERGIO,10,Titolare,AGGIORNAMENTO IDONEITA'.AGGIORNAMENTO IDONEITA'.,08/08/2019,TITOLARE,,,,False,False,False,,,,,False,,,,,,True,12/10/2022, | Categoria: Titolare,0431,,False,False,False,,,OK,02/08/2021,ZANON GIULIO,SAPI,09/07/2021,09/07/2021,27/07/2022,ZANON GIULIO,SAPI,01/07/2022,01/07/2022;;
Agg.to 2021,Medico 2021,Ente 2021,Nuova Visita 2021,Tossicodipendenza 2021,Agg.to 2022,Medico 2022,Ente 2022,Nuova Visita 2022,Tossicodipendenza 2022,CASARI,MARCO,M.G.M. DI CASARI MARCO,07/07/1976,,,,True,True,True,True,U12Y12032L,B,15/02/2021,13/02/2026,TN8007006,28/10/2003,,U12Y12032L95,,23/12/2020,,,,,,False,,,46408,M.G.M. DI CASARI MARCO,10,Titolare,,10/04/2019,TITOLARE,,,,False,False,False,,,,,False,,,,,,True,12/10/2022, | Categoria: Titolare,0876,,False,False,False,,,OK,,,,,,,,,,;;
"Agg.to 2021,Medico 2021,Ente 2021,Nuova Visita 2021,Tossicodipendenza 2021,Agg.to 2022,Medico 2022,Ente 2022,Nuova Visita 2022,Tossicodipendenza 2022,BUGNA,MICHAEL,MAESTRI AUGUSTO & C. S.N.C.,19/09/1984,,M,,False,False,True,True,TN5411274W,BD,05/03/2019,05/12/2023,TN8010703,12/10/2009,,TN5411274W95,,26/02/2024,,,,,,False,24/03/2015,,46024,MAESTRI AUGUSTO & C. S.N.C.,,Dipendente,AGGIORNAMENTO IDONEITA',23/12/2019,,29/11/2012,,,True,False,False,C1,INDET,TP,""40,00"",False,,,,,False,True,02/11/2022,,1345,,True,False,False,False,,,18/02/2021,PAROLARI GIACOMO,ECO SPES,01/02/2021,01/02/2021,19/08/2022,PAROLARI GIACOMO,ECO SPES,31/01/2022,31/01/2022";;
Agg.to 2021,Medico 2021,Ente 2021,Nuova Visita 2021,Tossicodipendenza 2021,Agg.to 2022,Medico 2022,Ente 2022,Nuova Visita 2022,Tossicodipendenza 2022,CAMPLANI,IVAN,MAESTRI AUGUSTO & C. S.N.C.,28/04/1962,,M,,True,True,True,True,TN5481136N,BCDE,27/07/2022,02/05/2027,,,,TN5481136N95,,14/06/2027,,,,,,False,01/02/2022,,46024,MAESTRI AUGUSTO & C. S.N.C.,,Dipendente,ATTESA CASELLARIO X RICHIESTA TESSERINO,,,26/08/2022,,,True,False,False,,,,,False,,,,,False,True,02/11/2022,RICHIESTA TESSERINO PAT 22-25  02/11/2022,2866,18/09/2022,True,False,False,False,,OK,,,,,,26/08/2022,PAROLARI GIACOMO,,17/02/2022,17/02/2022;;
Agg.to 2021,Medico 2021,Ente 2021,Nuova Visita 2021,Tossicodipendenza 2021,Agg.to 2022,Medico 2022,Ente 2022,Nuova Visita 2022,Tossicodipendenza 2022,COSI,LINO,MAESTRI AUGUSTO & C. S.N.C.,29/12/1956,,M,,False,False,True,True,U16S46983N,BCD,04/03/2020,29/12/2022,,,,U16S46983N95,,09/10/2024,,,,,,False,20/04/2018,,46024,MAESTRI AUGUSTO & C. S.N.C.,,Autista a chiamata,RICHIESTA TESSERINO 27/09/2019; TESSERINO ARRIVATO,07/10/2019,,27/09/2019,,,True,False,False,C2,DET,,,False,,,,,False,False,24/10/2022,mancano c.i e casellario,2539,,True,False,False,False,,OK,18/02/2021,PAROLARI GIACOMO,ECO SPES,01/02/2021,01/02/2021,19/08/2022,PAROLARI GIACOMO,ECO SPES,31/01/2022,31/01/2022;
"Agg.to 2021,Medico 2021,Ente 2021,Nuova Visita 2021,Tossicodipendenza 2021,Agg.to 2022,Medico 2022,Ente 2022,Nuova Visita 2022,Tossicodipendenza 2022,GHEZZI,MORIS,MAESTRI AUGUSTO & C. S.N.C.,09/08/1971,,M,,False,False,True,True,U1U807194X,BCD,15/12/2016,14/12/2021,,,,U1U807194X95,,09/09/2020,,,,,,False,03/10/2017,,46024,MAESTRI AUGUSTO & C. S.N.C.,,Dipendente,AGGIORNAMENTO IDONEITA,23/12/2019,,08/08/2018,,,True,False,False,C2,INDET,TP,""40,00"",False,,,,,False,True,02/11/2022,,2388,,True,False,False,False,,,19/02/2021,PAROLARI GIACOMO,ECO SPES,12/02/2021,12/02/2021,19/08/2022,PAROLARI GIACOMO,ECO SPES,31/01/2022,31/01/2022";;
Agg.to 2021,Medico 2021,Ente 2021,Nuova Visita 2021,Tossicodipendenza 2021,Agg.to 2022,Medico 2022,Ente 2022,Nuova Visita 2022,Tossicodipendenza 2022,MAESTRI,ALDO,MAESTRI AUGUSTO & C. S.N.C.,24/07/1951,,M,,True,False,True,True,TN5444419L,AB,16/12/2020,24/07/2026,TN8008470,15/02/2000,02/12/2025,U16E32355A95,,,,,10/10/1972,10/10/1972,,False,,,46024,MAESTRI AUGUSTO & C. S.N.C.,,Socio,,10/04/2019,,17/09/2012,,,False,False,False,,,,,False,,,,,False,True,24/10/2022, | Categoria: Titolare,0433,,False,False,False,False,,OK,,,,,,,,,,;;
Agg.to 2021,Medico 2021,Ente 2021,Nuova Visita 2021,Tossicodipendenza 2021,Agg.to 2022,Medico 2022,Ente 2022,Nuova Visita 2022,Tossicodipendenza 2022,MAESTRI,MICHELA,MAESTRI AUGUSTO & C. S.N.C.,29/09/1976,,,,False,False,True,True,TN5447356G,BD,23/02/2021,23/02/2026,TN8005933,27/11/1997,,,,23/02/2026,,,,,,False,,,46024,MAESTRI AUGUSTO & C. S.N.C.,9,Socio,AGGIORNAMENTO IDONEITA',13/11/2019,OK,29/11/2012,NO SERVIZI SCOLASTICI DAL 01/09/2014 AL 14/09/2015,OK,False,False,False,,,,,False,,,,,,False,12/10/2022,,1016,,False,False,False,,,,26/04/2021,PAROLARI GIACOMO,ECO SPES,23/04/2021,23/04/2021,,,ECO SPES,,;;
Agg.to 2021,Medico 2021,Ente 2021,Nuova Visita 2021,Tossicodipendenza 2021,Agg.to 2022,Medico 2022,Ente 2022,Nuova Visita 2022,Tossicodipendenza 2022,MAESTRI,PAOLA,MAESTRI AUGUSTO & C. S.N.C.,20/10/1982,,,,False,False,True,True,U15K35786V,BCD,28/03/2019,27/03/2024,TN8007861,17/10/2007,,U15K35786V95,,09/09/2020,,,20/04/2004,20/04/2004,,False,01/01/2005,,46024,MAESTRI AUGUSTO & C. S.N.C.,9,Socio,AGGIORNAMENTO IDONEITA',13/11/2019,OK,29/11/2012,,OK,False,False,False,,,,,False,,,,,,False,12/10/2022, | Categoria: Dipendente,0922,,False,False,False,,,,26/04/2021,PAROLARI GIACOMO,ECO SPES,23/04/2021,23/04/2021,24/08/2022,PAROLARI GIACOMO,ECO SPES,23/08/2022,23/08/2022;;
"Agg.to 2021,Medico 2021,Ente 2021,Nuova Visita 2021,Tossicodipendenza 2021,Agg.to 2022,Medico 2022,Ente 2022,Nuova Visita 2022,Tossicodipendenza 2022,BIASETTO,LUSIEN,MARGON DIEGO,08/02/1988,,M,,True,True,True,True,U1S576630M,B,13/07/2016,08/02/2027,TN8011468,06/08/2013,12/07/2023,,,,,,,,,True,01/09/2014,,46796,MARGON DIEGO,,Dipendente,AGGIORNAMENTO IDONEITA'.AUTISTA LICENZIATO.,07/08/2020,,03/09/2014,,,False,True,False,3J,INDET,PT,""15,00"",False,,,,,False,True,18/10/2022,TESSERINO 22-25 ARRIVATO 18/10/2022,1973,,False,True,False,False,,OK,17/02/2021,CORRADIN RENZO,,17/02/2021,17/02/2021,27/09/2022,CORRADIN RENZO,,14/09/2022,10/11/2021";;
Agg.to 2021,Medico 2021,Ente 2021,Nuova Visita 2021,Tossicodipendenza 2021,Agg.to 2022,Medico 2022,Ente 2022,Nuova Visita 2022,Tossicodipendenza 2022,MARGON,DIEGO,MARGON DIEGO,06/11/1970,,M,,True,True,True,True,TN5443088M,BCDE,20/11/2020,16/10/2025,,,,TN5443088M95,,20/10/2025,,,,,,False,,,46796,MARGON DIEGO,,Titolare,AGGIORNAMENTO IDONEITA',07/08/2020,,28/09/2012,,,False,False,False,,,,,False,,,,,False,True,12/10/2022, | Categoria: Titolare,0467,,False,False,False,False,,OK,17/02/2021,CORRADIN RENZO,,17/02/2021,17/02/2021,27/09/2022,CORRADIN RENZO,,14/09/2022,10/11/2021;;
Agg.to 2021,Medico 2021,Ente 2021,Nuova Visita 2021,Tossicodipendenza 2021,Agg.to 2022,Medico 2022,Ente 2022,Nuova Visita 2022,Tossicodipendenza 2022,PALLAORO,ELISABETTA,MARGON DIEGO,30/09/1970,,M,,True,True,True,True,TN2191544G,B,04/01/1991,30/09/2024,TN8007018,28/11/2003,28/11/2023,,,,,,,,,False,,,46796,MARGON DIEGO,,coll. Familiare,AGGIORNAMENTO IDONEITA',15/11/2019,,28/09/2012,,,False,False,False,,,,,False,,,,,False,True,12/10/2022, | Categoria: coll. Familiare,1622,,False,False,False,False,,OK,17/02/2021,CORRADIN RENZO,,17/02/2021,17/02/2021,27/09/2022,CORRADIN RENDO,,14/09/2022,10/11/2021;;
Agg.to 2021,Medico 2021,Ente 2021,Nuova Visita 2021,Tossicodipendenza 2021,Agg.to 2022,Medico 2022,Ente 2022,Nuova Visita 2022,Tossicodipendenza 2022,CINQUEGRANI,DAVIDE,MARTINA MATTEO,19/08/1965,,,,False,False,True,True,U1H978645N,B,14/03/2015,19/08/2025,tn8012300,02/11/2020,28/10/2025,,,,,,,,,False,,,46317,MARTINA MATTEO,8,Dipendente,ATTESA DOCUMENTI X TESSERINO,,,,ATTESA DOCUMENTI X TESSERINO,,False,False,False,,,,,False,,,,,,False,12/10/2022,,2808,,False,False,False,,,,,,,,,11/03/2022,QUINTARELLI EMANUELE,,03/03/2022,03/03/2022;;
"Agg.to 2021,Medico 2021,Ente 2021,Nuova Visita 2021,Tossicodipendenza 2021,Agg.to 2022,Medico 2022,Ente 2022,Nuova Visita 2022,Tossicodipendenza 2022,DANIELI,ANTONIO ANGELO,MARTINA MATTEO,15/05/1964,,,,False,False,True,True,U15E83728Y,BCD,20/06/2018,19/06/2023,TO8048066,18/07/2012,,U15E83728Y95,,28/07/2021,,,,,,False,03/09/2018,,46317,MARTINA MATTEO,8,Dipendente,AGGIORNAMENTO IDONEITA',10/12/2019,OK,18/01/2019,,OK,False,True,False,3 SUPER,INDET,TP,""39,00"",False,,,,,,True,12/10/2022,,2469,,False,True,False,,,,26/04/2022,QUINTARELLI EMANUELE,SAPI,16/12/2021,16/12/2021,,,SAPI,,";;
Agg.to 2021,Medico 2021,Ente 2021,Nuova Visita 2021,Tossicodipendenza 2021,Agg.to 2022,Medico 2022,Ente 2022,Nuova Visita 2022,Tossicodipendenza 2022,FONTANA,MAURIZIO,MARTINA MATTEO,18/03/1957,,,,False,False,True,True,TN5437284F,BE,28/08/2020,18/03/2026,TN8011485,18/10/2013,,TN5437284F95,,,,,02/07/1980,02/07/1980,02/07/1980,False,11/11/2013,,46317,MARTINA MATTEO,11,Autista a chiamata,AGGIORNAMENTO IDONEITA',10/12/2019,OK,04/02/2016,,OK,False,True,False,3 SUPER,INDET,,,False,,,,,,False,12/10/2022,,2076,,False,True,False,,,,19/11/2021,QUINTARELLI EMANUELE,SAPI,11/11/2021,,,,SAPI,,;;
Agg.to 2021,Medico 2021,Ente 2021,Nuova Visita 2021,Tossicodipendenza 2021,Agg.to 2022,Medico 2022,Ente 2022,Nuova Visita 2022,Tossicodipendenza 2022,LIBARDI,PIETRO,MARTINA MATTEO,22/04/1967,,,,False,False,True,True,TN5441454Z,BCDE,27/10/2020,27/09/2024,TN8009311,27/05/2008,,TN5441454Z95,,26/10/2025,,,01/09/1989,01/09/1989,13/06/1994,False,05/11/2011,,46317,MARTINA MATTEO,11,Autista a chiamata,AGGIORNAMENTO IDONEITA',31/01/2020,OK,28/01/2013,,OK,False,True,False,F2,INDET,,,False,,,,,,True,12/10/2022,,1705,,False,True,False,,,,,,,,,09/02/2022,QUINTARELLI EMANUELE,,04/02/2022,04/02/2022;;
Agg.to 2021,Medico 2021,Ente 2021,Nuova Visita 2021,Tossicodipendenza 2021,Agg.to 2022,Medico 2022,Ente 2022,Nuova Visita 2022,Tossicodipendenza 2022,MARTINA,MATTEO,MARTINA MATTEO,20/01/1975,,,,False,False,True,True,TN5451848H,BCD,27/04/2021,16/04/2026,,,,TN5451848H95,,20/04/2026,,,24/02/1994,24/02/1994,,False,,,46317,MARTINA MATTEO,10,Titolare,,10/04/2019,TITOLARE,03/09/2012,,,False,False,False,,,,,False,,,,,,True,12/10/2022, | Categoria: Titolare,0150,,False,False,False,,,,,,,,,,,,,;;
"Agg.to 2021,Medico 2021,Ente 2021,Nuova Visita 2021,Tossicodipendenza 2021,Agg.to 2022,Medico 2022,Ente 2022,Nuova Visita 2022,Tossicodipendenza 2022,PONTALTI,MARCO,MARTINA MATTEO,21/12/1966,,,,False,False,True,True,TN5447638B,BCDE,16/02/2021,17/12/2025,TN8011718,28/07/2015,,TN5447638B95,,11/02/2026,,,01/09/1987,23/01/1996,23/01/1996,False,01/03/2010,,46317,MARTINA MATTEO,8,Dipendente,AGGIORNAMENTO IDONEITA',31/01/2020,OK,28/01/2013,,OK,False,True,False,3 SUPER,INDET,TP,""39,00"",False,,,,,,True,12/10/2022, | Categoria: Dipendente,1568,,False,True,False,,,,,,,,,09/02/2022,QUINTARELLI EMANUELE,,04/02/2022,04/02/2022";;
"Agg.to 2021,Medico 2021,Ente 2021,Nuova Visita 2021,Tossicodipendenza 2021,Agg.to 2022,Medico 2022,Ente 2022,Nuova Visita 2022,Tossicodipendenza 2022,SCHEMMEL,WILFRIED ROBERT,MARTINA MATTEO,03/10/1956,,,,False,False,True,True,U17V09111K,BCDE,25/09/2020,24/09/2022,,,,U17V09111K95,,09/08/2024,,,10/08/2000,10/08/2000,10/08/2000,False,06/12/2012,,46317,MARTINA MATTEO,8,Dipendente,AGGIORNAMENTO IDONEITA',31/01/2020,OK,17/12/2012,,OK,False,True,False,3 SUPER,INDET,TP,""39,00"",False,,,,,,True,12/10/2022, | Categoria: Dipendente,0045,,False,True,False,,,,,,,,,20/04/2022,LOCATELLI ALBERTO,,15/04/2022,15/04/2022";;
Agg.to 2021,Medico 2021,Ente 2021,Nuova Visita 2021,Tossicodipendenza 2021,Agg.to 2022,Medico 2022,Ente 2022,Nuova Visita 2022,Tossicodipendenza 2022,BROSEGHINI,GIORGIO,MDL S.R.L.,25/10/1956,,M,,True,False,True,True,TN5409087F,B,23/01/2019,25/10/2024,TN8012012,29/01/2018,,,,,,,,,,True,01/01/2020,,46569,MDL S.R.L.,,Autista a chiamata,emettere tesserino 18/01/2021;tesserino arrivato,19/01/2021,,19/01/2021,,,True,False,False,C2,DET,,,False,,,,,False,True,18/10/2022,TESSERINO 22-25 ARRIVATO 18/10/2022,2691,,True,False,False,False,,OK,19/01/2021,ANDREA PRINCIVALLE,SAPI,15/01/2021,15/01/2021,11/08/2022,PRINCIVALLE ANDREA,SAPI,09/07/2022,09/07/2022;
Agg.to 2021,Medico 2021,Ente 2021,Nuova Visita 2021,Tossicodipendenza 2021,Agg.to 2022,Medico 2022,Ente 2022,Nuova Visita 2022,Tossicodipendenza 2022,LINARDI,FRANCESCO,MDL S.R.L.,15/02/1960,,M,,True,True,True,True,U18Y82893P,BCD,30/03/2021,29/03/2026,BZ8011542,14/02/2006,,U18Y82893P95,,01/07/2025,,,07/07/1994,23/03/2006,,False,19/04/2006,,46569,MDL S.R.L.,,Socio,AGGIORNAMENTO IDONEITA',10/01/2020,,21/01/2013,,,False,False,False,,,,,False,,,,,False,False,20/10/2022, | Categoria: Socio,1007,,False,False,False,False,,OK,11/08/2022,PRINCIVALLE ANDREA,SAPI,18/09/2021,18/09/2021,20/10/2022,PRINCIVALLE ANDREA,SAPI,14/10/2022,14/10/2022;;
Agg.to 2021,Medico 2021,Ente 2021,Nuova Visita 2021,Tossicodipendenza 2021,Agg.to 2022,Medico 2022,Ente 2022,Nuova Visita 2022,Tossicodipendenza 2022,MARCHI,ANNAMARIA,MDL S.R.L.,29/07/1964,,M,,True,True,True,True,U17Z06289T,BD,15/05/2021,14/05/2026,TN8007900,24/10/2007,,U17Z06289T95,,01/07/2025,,,,20/06/2006,,False,,,46569,MDL S.R.L.,,Titolare,AGGIORNAMENTO IDONEITA',10/01/2020,,,,,False,False,False,,,,,False,,,,,False,True,20/10/2022, | Categoria: Titolare,1006,,False,False,False,False,,OK,20/10/2022,PRINCIVALLE ANDREA,SAPI,14/10/2022,14/10/2022,,,SAPI,,;;
"Agg.to 2021,Medico 2021,Ente 2021,Nuova Visita 2021,Tossicodipendenza 2021,Agg.to 2022,Medico 2022,Ente 2022,Nuova Visita 2022,Tossicodipendenza 2022,NOCENTINI,CRISTIAN,MDL S.R.L.,30/09/1983,,M,,True,False,True,True,U127K0425E,BCD,15/07/2022,14/07/2027,,,,U127K0425E95,,01/07/2025,,,,,,True,01/07/2015,,46569,MDL S.R.L.,,Dipendente,AGGIORNAMENTO IDONEITA',10/01/2020,,17/12/2013,,,True,False,False,C2,INDET,TP,""40,00"",False,,,,,False,True,20/10/2022,TESSERINO 22-25 ARRIVATO 18/10/2022,1913,,True,False,False,False,,OK,11/08/2022,PRINCIVALLE ANDREA,SAPI,15/10/2021,15/10/2021,20/10/2022,PRINCIVALLE ANDREA,SAPI,14/10/2022,14/10/2022";;
Agg.to 2021,Medico 2021,Ente 2021,Nuova Visita 2021,Tossicodipendenza 2021,Agg.to 2022,Medico 2022,Ente 2022,Nuova Visita 2022,Tossicodipendenza 2022,PIFFER,FRANCESCO,MDL S.R.L.,16/05/1995,,,,True,False,True,True,TN5453206N,BCD,28/05/2021,28/05/2026,,,,TN5453206N95,,31/07/2024,,,,,,False,01/02/2022,,46569,MDL S.R.L.,8,Dipendente,RICHIESTA TESSERINO 08/02/2022; TESSERINO ARRIVATO 17/02/2022,17/02/2022,OK,08/02/2022,RICHIESTA TESSERINO 08/02/2022;" TESSERINO ARRIVATO 17/02/2022,OK,False,False,False,C2,INDET,TP,""40,00"",False,,,,,,True,12/10/2022,,2803,,False,False,False,,,OK,,,,,,08/02/2022,PRINCIVALLE ANDREA,,04/02/2022,04/02/2022"
"Agg.to 2021,Medico 2021,Ente 2021,Nuova Visita 2021,Tossicodipendenza 2021,Agg.to 2022,Medico 2022,Ente 2022,Nuova Visita 2022,Tossicodipendenza 2022,ROSSINI,CARLO,MDL S.R.L.,29/08/1958,,,,True,False,True,True,U119J1062D,BCDE,08/06/2022,29/08/2025,,,,U119J1062D95,,23/04/2026,,,16/07/1980,22/07/1992,22/07/1992,False,24/02/2017,,46569,MDL S.R.L.,8,Dipendente,,10/04/2019,OK,22/12/2017,,OK,True,False,False,C2,INDET,TP,""40,00"",False,,,,,,True,12/10/2022,,2345,,True,False,False,,,OK,11/08/2022,PRINCIVALLE ANDREA,SAPI,19/08/2021,18/09/2021,,,SAPI,,";;
"Agg.to 2021,Medico 2021,Ente 2021,Nuova Visita 2021,Tossicodipendenza 2021,Agg.to 2022,Medico 2022,Ente 2022,Nuova Visita 2022,Tossicodipendenza 2022,AGNELLI,STEFANO,MONAUNI CARLO S.N.C. DI MONAUNI GERARDO E C.,17/01/1964,,M,,True,False,True,True,U11V03835E,BD,22/08/2020,21/08/2025,TN8011219,20/04/2012,,U11V03835E95,,01/03/2022,,,,25/05/2010,,True,09/03/2017,,46020,MONAUNI CARLO S.N.C. DI MONAUNI GERARDO,,Dipendente,AGGIORNAMENTO IDONEITA',20/02/2020,,13/03/2017,,,True,False,False,C2,INDET,TP,""40,00"",False,,,,,False,True,18/10/2022,TESSERINO 22-25 ARRIVATO 18/10/2022,2277,,True,False,False,False,,OK,23/08/2022,,SAPI,04/12/2021,04/12/2021,,,SAPI,,";;
Agg.to 2021,Medico 2021,Ente 2021,Nuova Visita 2021,Tossicodipendenza 2021,Agg.to 2022,Medico 2022,Ente 2022,Nuova Visita 2022,Tossicodipendenza 2022,MONAUNI,FABRIZIO,MONAUNI CARLO S.N.C. DI MONAUNI GERARDO E C.,10/12/1983,,,,True,True,True,True,TN5432601J,BD,11/06/2020,01/06/2025,TN8008211,21/12/2007,,TN5432601J95,,09/06/2025,,,,27/05/2005,,False,09/05/2005,,46020,MONAUNI CARLO S.N.C. DI MONAUNI GERARDO,9,Socio Dipendente,AGGIORNAMENTO IDONEITA',20/02/2020,OK,28/09/2012,,OK,False,False,False,,,,,False,,,,,,False,12/10/2022, | Categoria: Titolare,0914,,False,False,False,,,OK,23/08/2022,,SAPI,04/12/2021,04/12/2021,,,SAPI,,;;
Agg.to 2021,Medico 2021,Ente 2021,Nuova Visita 2021,Tossicodipendenza 2021,Agg.to 2022,Medico 2022,Ente 2022,Nuova Visita 2022,Tossicodipendenza 2022,MONAUNI,GERARDO,MONAUNI CARLO S.N.C. DI MONAUNI GERARDO E C.,18/09/1949,,,,True,True,True,True,TN5401340N,B,31/08/2018,18/09/2023,TN8008499,15/02/2008,23/07/2023,,,,,,09/10/1980,09/10/1980,,False,,,46020,MONAUNI CARLO S.N.C. DI MONAUNI GERARDO,10,Titolare,AGGIORNAMENTO IDONEITA',20/02/2020,OK,28/09/2012,,OK,False,False,False,,,,,False,,,,,,True,12/10/2022, | Categoria: Titolare,0449,,False,False,False,,,OK,23/08/2022,,SAPI,14/08/2021,14/08/2021,,,SAPI,,;;
Agg.to 2021,Medico 2021,Ente 2021,Nuova Visita 2021,Tossicodipendenza 2021,Agg.to 2022,Medico 2022,Ente 2022,Nuova Visita 2022,Tossicodipendenza 2022,MONAUNI,STEFANO,MONAUNI CARLO S.N.C. DI MONAUNI GERARDO E C.,12/10/1978,,M,,True,False,True,True,TN5429389E,BCD,04/02/2020,14/01/2025,TN8008209,21/12/2007,,TN5429389E95,,21/01/2025,,,17/02/1997,17/02/1997,,True,13/08/2012,,46020,MONAUNI CARLO S.N.C. DI MONAUNI GERARDO,,Dipendente,EMETTERE TESSERINO 05/09/2019; TESSERINO ARRIVATO 26/09/2019;" AGGIORNAMENTO IDONEITA',20/02/2020,,05/09/2019,,,True,False,False,B3,INDET,TP,""40,00"",False,,,,,False,True,18/10/2022,TESSERINO 22-25 ARRIVATO 18/10/2022,0451,,True,False,False,False,,OK,23/08/2022,,SAPI,04/12/2021,04/12/2021,,,SAPI,,"
"Agg.to 2021,Medico 2021,Ente 2021,Nuova Visita 2021,Tossicodipendenza 2021,Agg.to 2022,Medico 2022,Ente 2022,Nuova Visita 2022,Tossicodipendenza 2022,PAOLAT,DARIO,MONAUNI CARLO S.N.C. DI MONAUNI GERARDO E C.,24/01/1975,,,,True,True,True,True,TN5428887P,BCDE,24/01/2020,16/01/2025,TN8007898,24/10/2007,,TN5428887P95,,16/01/2025,,,17/06/1995,17/06/1995,17/06/1995,False,01/09/2011,,46020,MONAUNI CARLO S.N.C. DI MONAUNI GERARDO,8,Dipendente,AGGIORNAMENTO IDONEITA',20/02/2020,OK,16/10/2012,,OK,True,False,False,C2,INDET,TP,""40,00"",False,,,,,,True,12/10/2022, | Categoria: Dipendente,1191,,True,False,False,,,OK,23/08/2022,,SAPI,04/12/2021,04/12/2021,,,SAPI,,";;
"Agg.to 2021,Medico 2021,Ente 2021,Nuova Visita 2021,Tossicodipendenza 2021,Agg.to 2022,Medico 2022,Ente 2022,Nuova Visita 2022,Tossicodipendenza 2022,ZANELLA,PAOLO,MONAUNI CARLO S.N.C. DI MONAUNI GERARDO E C.,16/08/1963,,M,,True,False,True,True,U188F2088V,BD,02/03/2022,01/03/2024,TN8011751,20/10/2015,,U188F2088V95,,20/09/2022,,,,,,True,01/09/2018,,46020,MONAUNI CARLO S.N.C. DI MONAUNI GERARDO,,Dipendente,AGGIORNAMENTO IDONEITA',02/03/2020,,13/09/2018,,,True,False,False,C2,DET,TP,""40,00"",False,,,,,False,True,18/10/2022,TESSERINO 22-25 ARRIVATO 18/10/2022,2420,,True,False,False,False,,OK,,,,,,23/08/2022,MORATELLO FRANCESCO,,16/02/2022,16/02/2022";;
"Agg.to 2021,Medico 2021,Ente 2021,Nuova Visita 2021,Tossicodipendenza 2021,Agg.to 2022,Medico 2022,Ente 2022,Nuova Visita 2022,Tossicodipendenza 2022,JUGOVIC,SVETISLAV,MORATTI FILIPPO,16/03/1961,,M,,True,False,True,True,U17W16274M,B,18/11/2020,16/03/2026,TN8007643,04/12/2006,08/11/2021,,,,,,,,,True,01/01/2013,,46970,MORATTI FILIPPO,,Dipendente,AGGIORNAMENTO IDONEITA',20/11/2019,,06/02/2013,,,True,False,False,C3,INDET,TP,""40,00"",False,,,,,False,True,18/10/2022,TESSERINO PAT 22-25 ARRIVATO 18/10/22,1811,,True,False,False,False,,OK,,,,,,,,,,";;
Agg.to 2021,Medico 2021,Ente 2021,Nuova Visita 2021,Tossicodipendenza 2021,Agg.to 2022,Medico 2022,Ente 2022,Nuova Visita 2022,Tossicodipendenza 2022,MORATTI,FILIPPO,MORATTI FILIPPO,11/01/1983,,M,,True,False,True,True,SV5062366H,B,24/10/2001,18/05/2021,TN8007374,21/06/2005,31/05/2021,,,,,,,,,True,01/01/2013,,46970,MORATTI FILIPPO,,Titolare,,10/04/2019,,06/02/2013,,,False,False,False,,,,,False,,,,,False,True,18/10/2022,TESSERINO PAT 22-25 ARRIVATO 18/10/22,1812,,False,False,False,False,,OK,,,,,,,,,,;;
Agg.to 2021,Medico 2021,Ente 2021,Nuova Visita 2021,Tossicodipendenza 2021,Agg.to 2022,Medico 2022,Ente 2022,Nuova Visita 2022,Tossicodipendenza 2022,MORATTI,VALERIO,MORATTI FILIPPO,18/03/1944,,,,True,False,True,True,U12K34387D,B,12/03/2019,18/03/2022,TN8007207,05/10/2004,10/06/2023,,,,,,,,,False,01/01/2013,,46970,MORATTI FILIPPO,4,coll. Familiare,AGGIORNAMENTO IDONEITA',20/11/2019,OK,06/02/2013,,OK,False,False,False,,,,,False,,,,,,True,12/10/2022,,1814,,False,False,False,,,OK,,,,,,,,,,;;
"Agg.to 2021,Medico 2021,Ente 2021,Nuova Visita 2021,Tossicodipendenza 2021,Agg.to 2022,Medico 2022,Ente 2022,Nuova Visita 2022,Tossicodipendenza 2022,BONFIGLIO,ALFIO,NICE S.R.L.,12/02/1950,,M,,True,False,True,True,TN5428753G,BE,22/01/2020,12/02/2025,TN8012258,31/01/2020,20/01/2025,,,,,,01/01/1971,01/01/1971,01/01/1971,False,12/11/2018,,47444,NICE S.R.L.,,Autista a chiamata,,10/04/2019,,27/11/2018,,,True,False,False,C3,DET,PT,""15,00"",False,,,,,False,True,24/10/2022,,2404,,True,False,False,False,,OK,24/10/2022,BENEDETTI ALESSANDRO,SAPI,01/09/2022,01/09/2022,,,SAPI,,";;
"Agg.to 2021,Medico 2021,Ente 2021,Nuova Visita 2021,Tossicodipendenza 2021,Agg.to 2022,Medico 2022,Ente 2022,Nuova Visita 2022,Tossicodipendenza 2022,BOSCHI,ANTONIA,NICE S.R.L.,16/04/1967,,M,,True,False,True,True,U191J5038L,BD,05/07/2022,04/07/2027,TN8012042,10/05/2018,,NO CQC,,,,,,,,False,03/09/2018,,47444,NICE S.R.L.,,Dipendente,AGGIORNAMENTO IDONEITA',05/12/2019,,31/01/2019,,,True,False,False,C3,DET,PT,""20,00"",False,,,,,False,True,24/10/2022,,2427,,True,False,False,False,,OK,24/10/2022,CIUFFA VALERIO,SAPI,02/11/2021,02/11/2021,,,SAPI,,";;
Agg.to 2021,Medico 2021,Ente 2021,Nuova Visita 2021,Tossicodipendenza 2021,Agg.to 2022,Medico 2022,Ente 2022,Nuova Visita 2022,Tossicodipendenza 2022,CAIA,FLORIN,NICE S.R.L.,01/02/1981,,,,True,False,True,True,TN5399826P,BCDE,28/07/2018,27/04/2023,,,,TN5399826P95,,27/07/2023,,,,,,False,15/05/2019,,47444,NICE S.R.L.,8,Dipendente,EMETTERE TESSERINO 31/10/2019; TESSERINO ARRIVATO 13/11/2019;" AGGIORNAMENTO IDONEITA',09/10/2020,OK,31/10/2019,,OK,True,False,False,C2,DET,TP,""40,00"",False,,,,,,True,12/10/2022,,2552,,True,False,False,,,,,,,,,,,,,"
Agg.to 2021,Medico 2021,Ente 2021,Nuova Visita 2021,Tossicodipendenza 2021,Agg.to 2022,Medico 2022,Ente 2022,Nuova Visita 2022,Tossicodipendenza 2022,CEBOTAR,VALERIU,NICE S.R.L.,06/09/1977,,,,True,False,True,True,BO2187624,BCD,06/11/2019,06/11/2029,,,,BO218762495,,04/07/2025,,,,,,False,02/01/2020,,47444,NICE S.R.L.,8,Dipendente,EMETTERE TESSERINO 25/09/2020;" TESSERINO ARRIVATO,13/10/2020,OK,25/09/2020,,OK,True,False,False,C2,DET,TP,""40,00"",False,,,,,,True,12/10/2022,,2665,,True,False,False,,,,17/02/2021,CIUFFA VALERIO,SAPI,09/02/2021,09/02/2021,,,SAPI,,";
Agg.to 2021,Medico 2021,Ente 2021,Nuova Visita 2021,Tossicodipendenza 2021,Agg.to 2022,Medico 2022,Ente 2022,Nuova Visita 2022,Tossicodipendenza 2022,GARBIN,ALESSANDRO,NICE S.R.L.,21/04/1968,,,,True,False,True,True,TN5441432L,BCD,07/11/2020,06/11/2022,,,,TN5441432L,,07/11/2025,,,,,,False,12/03/2022,,47444,NICE S.R.L.,8,Dipendente,,,,,ATTESA DOCUMENTI X TESSERINO E PAT,,True,False,False,,,,,False,,,,,False,True,12/10/2022,,2865,18/09/2022,True,False,False,False,,,,,,,,,,,,;;
"Agg.to 2021,Medico 2021,Ente 2021,Nuova Visita 2021,Tossicodipendenza 2021,Agg.to 2022,Medico 2022,Ente 2022,Nuova Visita 2022,Tossicodipendenza 2022,LECINI,SHPETIM,NICE S.R.L.,23/02/1980,,M,,True,False,True,True,TN5446029K,BCD,30/01/2021,19/01/2025,,,,TN5446029K95,,23/01/2026,,,,,,False,03/06/2021,,47444,NICE S.R.L.,,Dipendente,RICHIESTA TESSERINO 19/01/2022.TESSERINO ARRIVATO 08/02/2022,19/01/2022,,19/01/2022,,,True,False,False,C2,INDET,TP,""40,00"",False,,,,,False,True,07/11/2022,,2796,,True,False,False,False,,OK,19/01/2022,CIUFFA VALERIO,SAPI,17/08/2021,17/08/2021,07/11/2022,DRITJON HAZIZOLLI,SAPI,02/11/2022,02/11/2022";;
Agg.to 2021,Medico 2021,Ente 2021,Nuova Visita 2021,Tossicodipendenza 2021,Agg.to 2022,Medico 2022,Ente 2022,Nuova Visita 2022,Tossicodipendenza 2022,PETERLINI,ANDREA,NICE S.R.L.,10/07/1972,,,,True,False,True,True,U12N05417D,BCDE,24/08/2019,23/08/2024,,,,U12N05417D95,,09/09/2020,,,,,,False,02/04/2019,,47444,NICE S.R.L.,8,Dipendente,EMETTERE TESSERINO 07/11/2019; tesserino arrivato 15/11/2019;" AGGIORNAMENTO IDONEITA',04/09/2020,OK,07/11/2019,,OK,True,False,False,C2,INDET,PT,""20,00"",False,,,,,,True,12/10/2022,,2551,,True,False,False,,,,,,,,,,,,,"
Agg.to 2021,Medico 2021,Ente 2021,Nuova Visita 2021,Tossicodipendenza 2021,Agg.to 2022,Medico 2022,Ente 2022,Nuova Visita 2022,Tossicodipendenza 2022,TAMANINI,GABRIELE,NICE S.R.L.,21/04/1968,,,,False,False,True,True,U1U261187K,BCD,09/11/2016,08/11/2021,,,,U1U261187K95,,09/09/2020,,,08/11/1991,08/11/1991,,False,01/08/2018,,47444,NICE S.R.L.,8,Dipendente,AGGIORNAMENTO IDONEITA' 02/12/2019;" AGGIORNAMENTO IDONEITA',25/11/2020,OK,27/09/2018,,OK,True,False,False,C2,INDET,TP,""40,00"",False,,,,,,True,12/10/2022,,2405,,True,False,False,,,,,,,,,,,,,";
"Agg.to 2021,Medico 2021,Ente 2021,Nuova Visita 2021,Tossicodipendenza 2021,Agg.to 2022,Medico 2022,Ente 2022,Nuova Visita 2022,Tossicodipendenza 2022,BATTISTINI,FRANCESCO,OSCAR VIAGGI DI FORMOLO OSCAR,19/11/1993,,M,,True,False,True,True,TN5418860E,BDE,02/08/2019,02/08/2024,,,,TN5418860E95,,03/07/2024,,,,,,True,01/10/2019,,46441,OSCAR VIAGGI DI FORMOLO OSCAR,,Dipendente,,01/02/2021,,25/01/2021,,,False,True,False,C3,DET,tp,""39,00"",False,,,,,False,True,18/10/2022,TESSERINO 22-25 ARRIVATO 18/10/2022,2693,,False,True,False,False,,OK,01/02/2021,PRINCIVALLE ANDREA,SAPI,16/01/2021,16/01/2021,11/08/2022,PRINCIVALLE ANDREA,SAPI,22/01/2022,22/01/2022";;
Agg.to 2021,Medico 2021,Ente 2021,Nuova Visita 2021,Tossicodipendenza 2021,Agg.to 2022,Medico 2022,Ente 2022,Nuova Visita 2022,Tossicodipendenza 2022,BERGAMO,MAURO,OSCAR VIAGGI DI FORMOLO OSCAR,08/04/1966,,,,True,True,True,True,U1Z451401H,BCDE,05/10/2017,04/10/2022,TN8008783,17/03/2008,,U1Z451401H95,,09/09/2020,,,16/10/1992,16/10/1992,16/10/1992,False,14/03/2010,,46441,OSCAR VIAGGI DI FORMOLO OSCAR,11,Autista a chiamata,AGGIORNAMENTO IDONEITA'.NON FREQUENTA CORSO.(SOSTITUITO DA ZANLUCCHI ALESSANDRO),17/01/2020,OK,03/10/2012,NON FREQUENTA CORSO (SOSTITUITO DA ZANLUCCHI ALESSANDRO),OK,False,True,False,3 SUPER,INDET,,,False,,,,,,True,12/10/2022, | Categoria: Dipendente,1619,,False,True,False,,,OK,03/02/2021,PRINCIVALLE ANDREA,SAPI,16/01/2021,16/01/2021,11/08/2022,PRINCIVALLE ANDREA,SAPI,22/01/2022,22/01/2022;;
"Agg.to 2021,Medico 2021,Ente 2021,Nuova Visita 2021,Tossicodipendenza 2021,Agg.to 2022,Medico 2022,Ente 2022,Nuova Visita 2022,Tossicodipendenza 2022,BIANCHINI,ANDREA,OSCAR VIAGGI DI FORMOLO OSCAR,30/10/1964,,,,True,True,True,True,TN5462384E,BD,13/10/2021,27/04/2023,TN8011145,09/11/2011,29/11/2021,TN5462384E95,,13/10/2026,,,,,,False,01/12/2014,,46441,OSCAR VIAGGI DI FORMOLO OSCAR,8,Dipendente,,10/04/2019,OK,03/10/2012,,OK,False,True,False,3 SUPER,INDET,TP,""39,00"",False,,,,,,True,12/10/2022, | Categoria: Dipendente,1712,,False,True,False,,,OK,,,,,,11/08/2022,PRINCIVALLE ANDREA,,28/05/2022,28/05/2022";;
Agg.to 2021,Medico 2021,Ente 2021,Nuova Visita 2021,Tossicodipendenza 2021,Agg.to 2022,Medico 2022,Ente 2022,Nuova Visita 2022,Tossicodipendenza 2022,CICOLINI,LUCIANO,OSCAR VIAGGI DI FORMOLO OSCAR,29/10/1956,,M,,True,False,True,True,U176D6056P,BCDE,03/11/2021,02/01/2023,,,,U176D6056P95,,27/08/2025,,,24/10/1986,24/10/1986,24/10/1986,True,01/04/2015,,46441,OSCAR VIAGGI DI FORMOLO OSCAR,,Autista a chiamata,NON FREQUENTA CORSO (SOSTITUITO DA COMPER FRANCESCO),10/04/2019,,30/03/2015,,,False,True,False,3 SUPER,,,,False,,,,,False,True,18/10/2022,TESSERINO 22-25 ARRIVATO 18/10/2022,2038,,False,True,False,False,,OK,18/03/2021,PRINCIVALLE ANDREA,SAPI,20/02/2021,20/02/2021,11/08/2022,PRINCIVALLE ANDREA,SAPI,19/03/2022,19/03/2022;;
Agg.to 2021,Medico 2021,Ente 2021,Nuova Visita 2021,Tossicodipendenza 2021,Agg.to 2022,Medico 2022,Ente 2022,Nuova Visita 2022,Tossicodipendenza 2022,COMPER,FRANCESCO,OSCAR VIAGGI DI FORMOLO OSCAR,19/03/1987,,M,,True,False,True,True,TN5481164B,BCDE,09/08/2022,09/08/2027,,,,TN5481164B95,,24/11/2026,,,,,,True,12/01/2021,,46441,OSCAR VIAGGI DI FORMOLO OSCAR,,Dipendente,RICHIESTA TESSERINO 11/08/2022,,,11/08/2022,,,False,True,False,,,,,False,,,,,False,True,18/10/2022,TESSERINO 22-25 ARRIVATO 18/10/2022,2862,14/08/2022,False,True,False,False,,OK,,,,,,11/08/2022,PRINCIVALLE ANDREA,,28/05/2022,28/05/2022;;
Agg.to 2021,Medico 2021,Ente 2021,Nuova Visita 2021,Tossicodipendenza 2021,Agg.to 2022,Medico 2022,Ente 2022,Nuova Visita 2022,Tossicodipendenza 2022,FORMOLO,OSCAR,OSCAR VIAGGI DI FORMOLO OSCAR,13/04/1980,,,,False,False,True,True,U1Z964711N,BCDE,11/11/2017,10/11/2022,TN8007911,26/10/2007,,U1Z964711N95,,09/09/2020,,,14/03/2002,14/03/2002,,False,,,46441,OSCAR VIAGGI DI FORMOLO OSCAR,10,Titolare,,10/04/2019,TITOLARE,,,,False,False,False,,,,,False,,,,,,True,12/10/2022, | Categoria: Titolare,0175,,False,False,False,,,,,,,,,,,,,;;
"Agg.to 2021,Medico 2021,Ente 2021,Nuova Visita 2021,Tossicodipendenza 2021,Agg.to 2022,Medico 2022,Ente 2022,Nuova Visita 2022,Tossicodipendenza 2022,MONTEL,CHRISTIAN,OSCAR VIAGGI DI FORMOLO OSCAR,05/04/1996,,M,,True,False,True,True,TN5405948H,BD,03/12/2018,24/10/2023,,,,TN5405948H,,24/10/2023,,,,,,True,01/02/2019,,46441,OSCAR VIAGGI DI FORMOLO OSCAR,,Dipendente,,10/04/2019,,27/02/2019,,,False,True,False,C3,DET,TP,""39,00"",False,,,,,False,True,18/10/2022,TESSERINO 22-25 ARRIVATO 18/10/2022,2481,,False,True,False,False,,OK,03/02/2021,PRINCIVALLE ANDREA,SAPI,16/01/2021,16/01/2021,11/08/2022,PRINCIVALLE ANDREA,SAPI,22/01/2022,22/01/2022";;
"Agg.to 2021,Medico 2021,Ente 2021,Nuova Visita 2021,Tossicodipendenza 2021,Agg.to 2022,Medico 2022,Ente 2022,Nuova Visita 2022,Tossicodipendenza 2022,PELLIZZATO,MARTA,OSCAR VIAGGI DI FORMOLO OSCAR,18/07/1961,,,,False,False,True,True,TN2062208K,B,31/07/1981,11/07/2021,TN8011585,11/06/2014,05/07/2024,,,,,,,,,False,26/06/2014,,46441,OSCAR VIAGGI DI FORMOLO OSCAR,8,Dipendente,AGGIORNAMENTO IDONEITA',17/01/2020,OK,24/10/2014,,OK,False,True,False,3 SUPER,INDET,TP,""39,00"",False,,,,,,True,12/10/2022,,1993,,False,True,False,,,,,,,,,11/08/2022,PRINCIVALLE ANDREA,,08/07/2022,08/07/2022";;
"Agg.to 2021,Medico 2021,Ente 2021,Nuova Visita 2021,Tossicodipendenza 2021,Agg.to 2022,Medico 2022,Ente 2022,Nuova Visita 2022,Tossicodipendenza 2022,ZANLUCCHI,ALESSANDRO,OSCAR VIAGGI DI FORMOLO OSCAR,04/06/1979,,M,,True,False,True,True,U115J1401E,BCD,07/06/2022,06/06/2027,,,,U115J1401E95,,28/12/2025,,,,,,True,01/09/2018,,46441,OSCAR VIAGGI DI FORMOLO OSCAR,,Dipendente,FREQUENTA CORSO AUTISTI AL POSTO DI BERGAMO MAURO,10/04/2019,,17/09/2018,,,False,True,False,C3,INDET,TP,""39,00"",False,,,,,False,True,18/10/2022,TESSERINO 22-25 ARRIVATO 18/10/2022,2422,,False,True,False,False,,OK,18/03/2021,PRINCIVALLE ANDREA,SAPI,20/02/2021,20/02/2021,11/08/2022,PRINCIVALLE ANDREA,SAPI,12/02/2022,12/02/2022";;
Agg.to 2021,Medico 2021,Ente 2021,Nuova Visita 2021,Tossicodipendenza 2021,Agg.to 2022,Medico 2022,Ente 2022,Nuova Visita 2022,Tossicodipendenza 2022,MONAUNI,SERGIO,OUTDOOR TOUR DI MONAUNI SERGIO,11/05/1973,,M,,True,False,True,True,U166H864EU,BD,19/05/2022,17/05/2025,TN8009326,04/06/2008,,U166H864EU95,,17/05/2025,,,,27/02/2009,,True,,,46744,OUTDOOR TOUR DI MONAUNI SERGIO,,Titolare,,10/04/2019,,,,,False,False,False,,,,,False,,,,,False,True,18/10/2022,TESSERINO 22-25 ARRIVATO 18/10/2022,1264,,False,False,False,False,,OK,,,,,,,,,,;;
Agg.to 2021,Medico 2021,Ente 2021,Nuova Visita 2021,Tossicodipendenza 2021,Agg.to 2022,Medico 2022,Ente 2022,Nuova Visita 2022,Tossicodipendenza 2022,NICOLINI,CRISTINA,OUTDOOR TOUR DI MONAUNI SERGIO,19/05/1972,,M,,True,False,True,True,U1H104105D,B,23/01/2015,19/05/2025,TN8012192,06/08/2019,01/08/2024,,,,,,,,,True,01/02/2021,,46744,OUTDOOR TOUR DI MONAUNI SERGIO,,Dipendente,RICHIESTA TESSERINO 30/01/2020;" TESSERINO ARRIVATO,07/02/2020,,30/01/2020,,,True,False,False,C2,INDET,PT,""25,00"",False,,,,,False,True,18/10/2022,TESSERINO 22-25 ARRIVATO 18/10/2022,2638,,True,False,False,False,,OK,31/08/2021,MORATELLO FRANCESCO,SAPI,12/05/2021,12/05/2021,16/08/2022,MORATELLO FRANCESCO,SAPI,12/05/2022,12/05/2022";
Agg.to 2021,Medico 2021,Ente 2021,Nuova Visita 2021,Tossicodipendenza 2021,Agg.to 2022,Medico 2022,Ente 2022,Nuova Visita 2022,Tossicodipendenza 2022,PANIZZA,FLAVIO,PANIZZA FLAVIO,15/06/1964,,M,,True,False,True,True,BS5968400K,BCDE,14/02/2020,25/01/2025,BS8019608,29/12/2010,,BS5968400K95,,07/02/2025,,,19/03/1985,19/03/1985,19/03/1985,True,,,46078,PANIZZA FLAVIO,,Titolare,AGGIORNAMENTO IDONEITA',19/11/2019,,,,,False,False,False,,,,,False,,,,,False,True,18/10/2022,TESSERINO 22-25 ARRIVATO 18/10/2022,0474,,False,False,False,False,,OK,,,,,,,,,,;;
Agg.to 2021,Medico 2021,Ente 2021,Nuova Visita 2021,Tossicodipendenza 2021,Agg.to 2022,Medico 2022,Ente 2022,Nuova Visita 2022,Tossicodipendenza 2022,BETTOTTI,TIZIANA,PAOLAT GROUP SNC DI PAOLAT GIORGIO & C.,01/01/1968,,M,,True,True,True,True,U1Z470684X,B,06/10/2017,01/01/2028,TN8007890,24/10/2007,03/10/2027,,,,,,,,,False,07/04/2014,,46637,PAOLAT GROUP SNC DI PAOLAT GIORGIO & C.,,Dipendente,AGGIORNAMENTO IDONEITA' 14/11/2019;" AGGIORNAMENTO IDONEITA'.PAT 22-25 NON APPALTO,01/10/2020,,10/10/2013,,,True,False,False,C2,INDET,PT,""10,00"",True,,,,,False,True,11/11/2022,RICHIESTA TESSERINO PAT 22-25  20/10/2022 - TESSERINO ARRIVATO 11/11/2022,1161,,True,False,False,False,,OK,10/09/2021,BENEDETTI ALESSANDRO,,07/09/2021,07/09/2021,13/09/2022,BENEDETTI ALESSANDRO,,06/09/2022,06/09/2022";
Agg.to 2021,Medico 2021,Ente 2021,Nuova Visita 2021,Tossicodipendenza 2021,Agg.to 2022,Medico 2022,Ente 2022,Nuova Visita 2022,Tossicodipendenza 2022,RAVANELLI,ENRICO,PAOLAT GROUP SNC DI PAOLAT GIORGIO & C.,28/05/1966,,M,,True,True,True,True,U124L2464P,BCD,17/09/2022,16/09/2022,TN8008250,09/01/2008,,U124L2464P95,,31/08/2025,,,28/09/1987,28/09/1987,,False,,,46637,PAOLAT GROUP SNC DI PAOLAT GIORGIO & C.,,Titolare,AGGIORNAMENTO IDONEITA' 14/11/2019; AGGIORNAMENTO IDONEITA',29/10/2020,,16/10/2012,,,False,False,False,,,,,False,,,,,False,True,20/10/2022,,0482,,False,False,False,False,,OK,07/10/2021,BENEDETTI ALESSANDRO,SAPI,07/10/2021,07/10/2021,20/10/2022,BENEDETTI ALESSANDRO,SAPI,20/10/2022,20/10/2022;
"Agg.to 2021,Medico 2021,Ente 2021,Nuova Visita 2021,Tossicodipendenza 2021,Agg.to 2022,Medico 2022,Ente 2022,Nuova Visita 2022,Tossicodipendenza 2022,RAVANELLI,MICHELE,PAOLAT GROUP SNC DI PAOLAT GIORGIO & C.,28/04/1996,,M,,True,False,True,True,TN5481383E,BD,02/08/2022,28/07/2027,,,,TN5481383E95,,02/08/2027,,,,10/10/2017,,True,17/03/2017,,46637,PAOLAT GROUP SNC DI PAOLAT GIORGIO & C.,,Dipendente,AGGIORNAMENTO IDONEITA'. MODIFICA CONTRATTOE AGGIORNAMENTO IDONEITA' 28/05/2021,28/05/2021,,14/11/2017,,,True,False,False,C2,INDET,TP,""40,00"",False,,,,,False,True,18/10/2022,TESSERINO 22-25 ARRIVATO 18/10/2022,2331,,True,False,False,False,,OK,28/05/2021,BENEDETTI ALESSANDRO,SAPI,26/05/2021,26/05/2021,09/05/2022,BENEDETTI ALESSANDRO,SAPI,05/05/2022,05/05/2022";;
Agg.to 2021,Medico 2021,Ente 2021,Nuova Visita 2021,Tossicodipendenza 2021,Agg.to 2022,Medico 2022,Ente 2022,Nuova Visita 2022,Tossicodipendenza 2022,REMONDINI,ELVIS,PAOLAT GROUP SNC DI PAOLAT GIORGIO & C.,13/11/1987,,,,True,True,True,True,TN5480492E,BD,16/07/2022,22/06/2027,TN8011218,20/04/2012,,TN5480492E95,,16/07/2027,,,,30/10/2009,,False,04/09/2012,,46637,PAOLAT GROUP SNC DI PAOLAT GIORGIO & C.,8,Dipendente,AGGIORNAMENTO IDONEITA' 14/11/2019;" AGGIORNAMENTO IDONEITA',29/10/2020,OK,16/10/2012,,OK,True,False,False,C2,INDET,TP,""40,00"",False,,,,,,True,12/10/2022,,1747,,True,False,False,,,OK,06/10/2021,BENEDETTI ALESSANDRO,SAPI,05/10/2021,05/10/2021,,,SAPI,,";
Agg.to 2021,Medico 2021,Ente 2021,Nuova Visita 2021,Tossicodipendenza 2021,Agg.to 2022,Medico 2022,Ente 2022,Nuova Visita 2022,Tossicodipendenza 2022,TONON,ANNAMARIA,PAOLAT GROUP SNC DI PAOLAT GIORGIO & C.,05/04/1973,,M,,True,False,True,True,TN5438766M,BDE,17/09/2020,02/08/2024,,,,TN5438766M95,,03/09/2025,,,,,,False,01/09/2020,,46637,PAOLAT GROUP SNC DI PAOLAT GIORGIO & C.,,Dipendente,EMETTERE TESSERINO 04/09/2020;" TESSERINO ARRIVATO,17/09/2020,,04/09/2020,,,True,False,False,C2,INDET,TP,""40,00"",False,,,,,False,True,12/10/2022,,2657,,True,False,False,False,,OK,10/09/2021,BENEDETTI ALESSANDRO,,07/09/2021,07/09/2021,13/09/2022,BENEDETTI ALESSANDRO,,06/09/2022,06/09/2022";
Agg.to 2021,Medico 2021,Ente 2021,Nuova Visita 2021,Tossicodipendenza 2021,Agg.to 2022,Medico 2022,Ente 2022,Nuova Visita 2022,Tossicodipendenza 2022,OSTI,ANNA,PAOLI FRANCO,08/05/1968,,,,True,True,True,True,U11X28249L,B,11/12/2020,08/05/2026,TN8006423,21/12/2020,10/12/2025,,,,,,,,,False,,,46110,PAOLI FRANCO,4,coll. Familiare,AGGIORNAMENTO IDONEITA' 16/12/2019; AGGIORNAMENTO IDONEITA',11/12/2020,OK,21/12/2012,,OK,False,False,False,,,,,False,,,,,,True,12/10/2022, | Categoria: coll. Familiare,0492,,False,False,False,,,OK,09/12/2021,QUINTARELLI EMANUELE,SAPI,09/12/2021,,,,SAPI,,;
Agg.to 2021,Medico 2021,Ente 2021,Nuova Visita 2021,Tossicodipendenza 2021,Agg.to 2022,Medico 2022,Ente 2022,Nuova Visita 2022,Tossicodipendenza 2022,PAOLI,FRANCO,PAOLI FRANCO,21/04/1962,,M,,True,True,True,True,TN5434085J,BCDE,09/07/2020,26/06/2025,TN8007964,05/11/2007,,TN5434085J95,,26/06/2025,,,28/07/1987,06/12/2001,31/01/2002,False,,,46110,PAOLI FRANCO,,Titolare,AGGIORNAMENTO IDONEITA',05/10/2020,,,,,False,False,False,,,,,False,,,,,False,True,18/10/2022, | Categoria: Titolare,0491,,False,False,False,False,,OK,10/09/2021,QUINTARELLI EMANUELE,SAPI,10/09/2021,10/09/2021,07/09/2022,QUINATRELLI EMANUELE,SAPI,06/09/2022,06/09/2022;;
Agg.to 2021,Medico 2021,Ente 2021,Nuova Visita 2021,Tossicodipendenza 2021,Agg.to 2022,Medico 2022,Ente 2022,Nuova Visita 2022,Tossicodipendenza 2022,PAOLI,MATTIA,PAOLI FRANCO,21/03/1991,,M,,True,True,True,True,TN5437060X,BC,28/08/2020,12/05/2023,TN8011374,27/02/2013,,TN5437060X95,,12/05/2023,,,,,,True,,,46110,PAOLI FRANCO,,coll. Familiare,AGGIORNAMENTO IDONEITA' 16/12/2019; AGGIORNAMENTO IDONEITA',11/12/2020,,20/12/2013,,,False,False,False,,,,,False,,,,,False,True,18/10/2022,TESSERINO 22-25 ARRIVATO 18/10/2022,1916,,False,False,False,False,,OK,09/12/2021,QUINTARELLI EMANUELE,SAPI,09/12/2021,,,,SAPI,,;
"Agg.to 2021,Medico 2021,Ente 2021,Nuova Visita 2021,Tossicodipendenza 2021,Agg.to 2022,Medico 2022,Ente 2022,Nuova Visita 2022,Tossicodipendenza 2022,ANGELI,CLAUDIO,PATERNOSTER LORENZO,27/07/1965,,M,,True,False,True,True,BS5982146L,BCD,25/09/2020,21/07/2023,,,,BS5982146L95,,01/09/2026,,,,,,True,23/12/2021,,46093,PATERNOSTER LORENZO,,Dipendente,,,,11/08/2022,,,False,False,False,4,INDET,TP,""39,00"",False,,,,,False,True,18/10/2022,TESSERINO 22-25 ARRIVATO 18/10/2022,2861,11/08/2022,False,False,False,False,,OK,,,,,,11/08/2022,,,16/05/2022,16/05/2022";;
Agg.to 2021,Medico 2021,Ente 2021,Nuova Visita 2021,Tossicodipendenza 2021,Agg.to 2022,Medico 2022,Ente 2022,Nuova Visita 2022,Tossicodipendenza 2022,PATERNOSTER,FERRUCCIO,PATERNOSTER LORENZO,28/08/1941,,,,False,False,True,True,U121C4058N,B,26/07/2021,28/08/2024,,,,,,,,,,,,False,,,46093,PATERNOSTER LORENZO,11,Autista a chiamata,AGGIORNAMENTO IDONEITA',31/08/2020,OK,02/09/2015,,OK,False,True,False,4,INDET,,,False,,,,,,False,12/10/2022,,2143,,False,True,False,,,,26/08/2021,PAROLARI GIACOMO,ECO SPES,26/08/2021,26/08/2021,,,ECO SPES,,;;
Agg.to 2021,Medico 2021,Ente 2021,Nuova Visita 2021,Tossicodipendenza 2021,Agg.to 2022,Medico 2022,Ente 2022,Nuova Visita 2022,Tossicodipendenza 2022,PATERNOSTER,LORENZO,PATERNOSTER LORENZO,16/06/1975,,M,,True,False,True,True,U164D5341H,BCD,25/10/2021,23/10/2026,TN8007982,07/11/2007,,U164D5341H95,,10/09/2025,,,09/09/1993,09/09/1993,,True,,,46093,PATERNOSTER LORENZO,,Titolare,AGGIORNAMENTO IDONEITA',31/08/2020,,,,,False,False,False,,,,,False,,,,,False,True,18/10/2022,TESSERINO 22-25 ARRIVATO 18/10/2022,0493,,False,False,False,False,,OK,26/08/2021,PAROLARI GIACOMO,ECO SPES,26/08/2021,26/08/2021,22/09/2022,PAROLARI GIACOMO,ECO SPES,19/08/2022,19/08/2022;;
Agg.to 2021,Medico 2021,Ente 2021,Nuova Visita 2021,Tossicodipendenza 2021,Agg.to 2022,Medico 2022,Ente 2022,Nuova Visita 2022,Tossicodipendenza 2022,PATERNOSTER,MICHELE,PATERNOSTER LORENZO,20/05/1968,,M,,False,False,True,True,U13N09776J,BCDE,02/09/2019,31/08/2024,TN8010700,12/10/2009,,NO CQC,,,,,28/07/1989,28/07/1989,28/07/1989,False,01/09/2016,,46093,PATERNOSTER LORENZO,,coll. Familiare,AGGIORNAMENTO IDONEITA',31/08/2020,,02/09/2016,,,False,False,False,,,,,False,,,,,False,False,12/10/2022, | Categoria: Dipendente,0494,,False,False,False,False,,OK,26/08/2021,PAROLARI GIACOMO,ECO SPES,26/08/2021,26/08/2021,22/09/2022,PAROLARI GIACOMO,ECO SPES,19/08/2022,19/08/2022;;
Agg.to 2021,Medico 2021,Ente 2021,Nuova Visita 2021,Tossicodipendenza 2021,Agg.to 2022,Medico 2022,Ente 2022,Nuova Visita 2022,Tossicodipendenza 2022,PEDROTTI,SABA,PATERNOSTER LORENZO,24/02/1979,,M,,True,False,True,True,U1X532600A,B,22/05/2017,24/02/2028,TN8007634,16/11/2006,10/01/2022,,,,,,,,,False,,,46093,PATERNOSTER LORENZO,,coll. Familiare,AGGIORNAMENTO IDONEITA',31/08/2020,,28/09/2012,,,False,False,False,,,,,False,,,,,False,False,12/10/2022, | Categoria: Dipendente,1080,,False,False,False,False,,OK,26/08/2021,PAROLARI GIACOMO,ECO SPES,26/08/2021,26/08/2021,22/09/2022,PAROLARI GIACOMO,ECO SPES,19/08/2022,19/08/2022;;
"Agg.to 2021,Medico 2021,Ente 2021,Nuova Visita 2021,Tossicodipendenza 2021,Agg.to 2022,Medico 2022,Ente 2022,Nuova Visita 2022,Tossicodipendenza 2022,PISANA,MIRKO MARIA,PATERNOSTER LORENZO,09/08/1981,,M,,True,False,True,True,U114L8922L,BCD,12/09/2022,10/09/2027,TN8011877,25/01/2017,,U114L8922L95,,18/10/2026,,,,,,False,01/07/2018,,46093,PATERNOSTER LORENZO,,Dipendente,AGGIORNAMENTO IDONEITA',31/08/2020,,29/06/2018,,,False,True,False,4,INDET,TP,""39,00"",False,,,,,False,True,12/10/2022,,2395,,False,True,False,False,,OK,26/08/2021,PAROLARI GIACOMO,ECO SPES,26/08/2021,26/08/2021,22/09/2022,PAROLARI GIACOMO,ECO SPES,19/08/2022,19/08/2022";;
"Agg.to 2021,Medico 2021,Ente 2021,Nuova Visita 2021,Tossicodipendenza 2021,Agg.to 2022,Medico 2022,Ente 2022,Nuova Visita 2022,Tossicodipendenza 2022,BALLHYSA,ROZETA,PEDERZOLLI DENIS,29/09/1975,,M,,True,True,True,True,U14F02639J,BD,31/07/2018,30/07/2023,,,,U14F02639J95,,09/09/2020,,,,02/07/2008,,False,01/09/2009,,46771,PEDERZOLLI DENIS,,Dipendente,,10/04/2019,,21/01/2013,,,True,False,False,C2,INDET,PT,""25,00"",False,,,,,False,True,13/10/2022, | Categoria: Dipendente,0932,,True,False,False,False,,OK,,,,,,08/03/2022,PRINCIVALEL ANDREA,,05/03/2022,05/03/2022";;
"Agg.to 2021,Medico 2021,Ente 2021,Nuova Visita 2021,Tossicodipendenza 2021,Agg.to 2022,Medico 2022,Ente 2022,Nuova Visita 2022,Tossicodipendenza 2022,BOMBARDELLI,ROMEO,PEDERZOLLI DENIS,26/12/1962,,,,True,False,True,True,U148J5939P,BCD,20/06/2022,17/06/2027,,,,U148J5939P95,,20/06/2023,,,,,,False,03/09/2018,,46771,PEDERZOLLI DENIS,8,Dipendente,AGGIORNAMENTO IDONEITA',10/04/2019,OK,31/01/2019,,OK,True,False,False,C2,INDET,PT,""25,00"",False,,,,,,True,12/10/2022,,2471,,True,False,False,,,OK,17/02/2021,PRINCIVALLE ANDREA,SAPI,06/02/2021,06/02/2021,11/02/2022,PRINCIVALLE ANDREA,SAPI,05/02/2022,05/02/2022";;
"Agg.to 2021,Medico 2021,Ente 2021,Nuova Visita 2021,Tossicodipendenza 2021,Agg.to 2022,Medico 2022,Ente 2022,Nuova Visita 2022,Tossicodipendenza 2022,CHISTE',WALTER,PEDERZOLLI DENIS,04/08/1958,,,,True,False,True,True,TN5429832F,BCDE,11/02/2020,19/11/2024,,,,TN5429832F95,,10/02/2025,,,,,,False,10/09/2014,,46771,PEDERZOLLI DENIS,8,Dipendente,,10/04/2019,OK,28/10/2014,AUTISTA TOLTO (IN ASPETTATIVA PER TUTTO IL 2018). RIASSUNTO 2019,OK,True,False,False,C2,DET,PT,""20,00"",False,,,,,,True,12/10/2022,,1980,,True,False,False,,,,17/02/2021,PRINCIVALLE ANDREA,SAPI,06/02/2021,06/02/2021,06/02/2021,,SAPI,,";;
Agg.to 2021,Medico 2021,Ente 2021,Nuova Visita 2021,Tossicodipendenza 2021,Agg.to 2022,Medico 2022,Ente 2022,Nuova Visita 2022,Tossicodipendenza 2022,PEDERZOLLI,DENIS,PEDERZOLLI DENIS,19/05/1981,,M,,True,True,True,True,TN5439107J,BCD,22/09/2020,14/10/2022,TN8008270,09/01/2008,,TN5439107J95,,18/09/2025,,,23/10/2002,23/10/2002,,False,,,46771,PEDERZOLLI DENIS,,Titolare,,10/04/2019,,,,,False,False,False,,,,,False,,,,,False,True,12/10/2022, | Categoria: Titolare,0507,,False,False,False,False,,OK,,,,,,,,,,;;
"Agg.to 2021,Medico 2021,Ente 2021,Nuova Visita 2021,Tossicodipendenza 2021,Agg.to 2022,Medico 2022,Ente 2022,Nuova Visita 2022,Tossicodipendenza 2022,SEGATA,ALDO,PEDERZOLLI DENIS,29/12/1965,,,,True,True,True,True,TN5429314K,BCD,31/01/2020,21/12/2024,TN8010644,18/08/2009,,TN5429314K95,,30/01/2025,,,16/11/1994,16/11/1994,,False,16/09/2010,,46771,PEDERZOLLI DENIS,8,Dipendente,AGGIORNAMENTO IDONEITA',10/04/2019,OK,21/01/2013,,OK,True,False,False,C2,INDET,TP,""40,00"",False,,,,,,True,12/10/2022, | Categoria: Dipendente,1608,,True,False,False,,,OK,17/02/2021,PRINCIVALLE ANDREA,SAPI,06/02/2021,06/02/2021,11/02/2022,PRINCIVALLE ANDREA,SAPI,05/02/2022,05/02/2022";;
Agg.to 2021,Medico 2021,Ente 2021,Nuova Visita 2021,Tossicodipendenza 2021,Agg.to 2022,Medico 2022,Ente 2022,Nuova Visita 2022,Tossicodipendenza 2022,GAZZINI,MICHELA,PEDRINOLLA FABRIZIO,11/08/1973,,,,False,False,True,True,U191J5043P,B,05/07/2022,11/08/2032,VR8008746,09/11/1998,18/04/2024,,,,,,,,,False,,,46911,PEDRINOLLA FABRIZIO,4,coll. Familiare,AGGIORNAMENTO IDONEITA',17/01/2020,OK,24/01/2013,,OK,False,False,False,,,,,False,,,,,,True,12/10/2022, | Categoria: coll. Familiare,0516,,False,False,False,,,,17/02/2021,BEDENETTI ALESSANDRO,,14/01/2021,14/01/2021,28/01/2022,BENEDETTI ALESSANDRO,,19/01/2022,19/01/2022;;
Agg.to 2021,Medico 2021,Ente 2021,Nuova Visita 2021,Tossicodipendenza 2021,Agg.to 2022,Medico 2022,Ente 2022,Nuova Visita 2022,Tossicodipendenza 2022,GIORDANI,NICOLAS,PEDRINOLLA FABRIZIO,02/04/1994,,,,False,False,True,True,TN5443490J,BDE,11/12/2020,11/12/2025,TN8011766,27/11/2015,23/11/2020,TN5443490J95,,31/10/2025,,,,,,False,01/09/2019,,46911,PEDRINOLLA FABRIZIO,8,Dipendente,RICHIESTA TESSERINO 11/09/2019; TESSERINO ARRIVATO 15/10/2019;" AGGIORNAMENTO IDONEITA',14/09/2020,OK,11/09/2019,,OK,True,False,False,C3,DET,PT,""30,00"",False,,,,,,False,12/10/2022,,2531,,True,False,False,,,,,,,,,,,,,"
Agg.to 2021,Medico 2021,Ente 2021,Nuova Visita 2021,Tossicodipendenza 2021,Agg.to 2022,Medico 2022,Ente 2022,Nuova Visita 2022,Tossicodipendenza 2022,PEDRINOLLA,FABRIZIO,PEDRINOLLA FABRIZIO,01/04/1971,,,,False,False,True,True,TN5479948B,BCDE,13/07/2022,16/09/2026,TN8007864,13/07/2022,,TN5479948B95,,27/09/2026,,,24/03/1990,23/01/1997,23/01/1997,False,,,46911,PEDRINOLLA FABRIZIO,10,Titolare,AGGIORNAMENTO IDONEITA' 11/09/2019; AGGIORNAMENTO IDONEITA',14/09/2020,TITOLARE,,,,False,False,False,,,,,False,,,,,,True,12/10/2022, | Categoria: Titolare,0514,,False,False,False,,,,,,,,,,,,,;
"Agg.to 2021,Medico 2021,Ente 2021,Nuova Visita 2021,Tossicodipendenza 2021,Agg.to 2022,Medico 2022,Ente 2022,Nuova Visita 2022,Tossicodipendenza 2022,SOINI,IVO,PEDRINOLLA FABRIZIO,20/01/1960,,,,False,False,True,True,TN5458138G,B,29/07/2021,20/01/2027,TN8011752,23/10/2015,,,,,,,,,,False,01/09/2021,,46911,PEDRINOLLA FABRIZIO,8,Dipendente,RICHIESTA TESSERINO 05/10/2021.TESSERINO ARRIVATO 15/10/2021,05/10/2021,OK,05/10/2021,RICHIESTA TESSERINO 05/10/2021. TESSERINO ARRIVATO 15/10/2021,OK,True,False,False,C3,DET,PT,""20,00"",False,,,,,,True,12/10/2022,,2746,,True,False,False,,,,05/10/2021,BENEDETTI ALESSANDRO,SAPI,30/09/2021,,,,SAPI,,";;
"Agg.to 2021,Medico 2021,Ente 2021,Nuova Visita 2021,Tossicodipendenza 2021,Agg.to 2022,Medico 2022,Ente 2022,Nuova Visita 2022,Tossicodipendenza 2022,ACRIS,MIHAIL,PEDRINOLLA GRAZIANO S.R.L.,12/12/1982,,M,,True,False,True,True,RM8381625C,BCD,22/07/2020,24/04/2023,TN8010118,03/09/2008,,RM8381625C95,,08/07/2025,,,14/04/2008,10/12/2007,,False,04/03/2015,,46972,PEDRINOLLA GRAZIANO SRL,,Dipendente,AGGIORNAMENTO IDONEITA'.RICHIESTA NUOVO TESSERINO 17/01/2022.TESSERINO ARRIVATO 26/01/2022,02/12/2019,,05/01/2016,,,True,False,False,C2,INDET,TP,""40,00"",False,,,,,False,True,08/11/2022,,2174,,True,False,False,False,,OK,26/11/2021,BENEDETTI ALESSANDRO,SAPI,04/11/2021,04/11/2021,,,SAPI,,";;
"Agg.to 2021,Medico 2021,Ente 2021,Nuova Visita 2021,Tossicodipendenza 2021,Agg.to 2022,Medico 2022,Ente 2022,Nuova Visita 2022,Tossicodipendenza 2022,AZZETTI,MARCO,PEDRINOLLA GRAZIANO S.R.L.,06/07/1977,,M,,True,False,True,True,TN5439079K,BCDE,19/09/2020,04/02/2025,,,,TN5439079K95,,18/09/2025,,,27/09/1997,01/12/2014,18/02/2015,False,17/12/2016,,46972,PEDRINOLLA GRAZIANO SRL,,Dipendente,AGGIORNAMENTO IDONEITA',13/11/2019,,15/03/2018,,,True,False,False,C2,INDET,PT,""10,00"",False,,,,,False,True,03/11/2022,,2343,,True,False,False,False,,OK,26/11/2021,BENEDETTI ALESSANDRO,SAPI,14/10/2021,14/10/2021,,,SAPI,,";;
Agg.to 2021,Medico 2021,Ente 2021,Nuova Visita 2021,Tossicodipendenza 2021,Agg.to 2022,Medico 2022,Ente 2022,Nuova Visita 2022,Tossicodipendenza 2022,CORNALI,ANTONIO,PEDRINOLLA GRAZIANO S.R.L.,16/06/1959,,M,,True,False,True,True,U123F4236N,BCDE,26/01/2022,25/01/2023,,,,U123F4236N95,,28/08/2025,,,,,,False,,,46972,PEDRINOLLA GRAZIANO SRL,,Dipendente,NON FREQUENTA CORSO.NON FREQUENTA CORSO. NON CHIEDIAMO TESSERINO,,,,,,False,False,False,,,,,False,,,,,False,True,17/11/2022,,2834,11/08/2022,False,False,False,False,,,,,,,,,,,,;;
"Agg.to 2021,Medico 2021,Ente 2021,Nuova Visita 2021,Tossicodipendenza 2021,Agg.to 2022,Medico 2022,Ente 2022,Nuova Visita 2022,Tossicodipendenza 2022,ECCHELI,STEFANO,PEDRINOLLA GRAZIANO S.R.L.,30/11/1955,,M,,True,False,True,True,U13X17594X,BCDE,22/12/2020,21/12/2022,TN8003593,08/03/1995,,U13X17594X95,,08/07/2025,,,,20/01/1987,20/01/1987,False,02/03/2015,,46972,PEDRINOLLA GRAZIANO SRL,,Dipendente,AGGIORNAMENTO IDONEITA',05/12/2019,,21/02/2013,,,True,False,False,C2,INDET,PT,""20,00"",False,,,,,False,True,07/11/2022,,1836,,True,False,False,False,,OK,07/12/2021,BENEDETTI ALESSANDRO,SAPI,29/11/2021,29/11/2021,,,SAPI,,";;
"Agg.to 2021,Medico 2021,Ente 2021,Nuova Visita 2021,Tossicodipendenza 2021,Agg.to 2022,Medico 2022,Ente 2022,Nuova Visita 2022,Tossicodipendenza 2022,FRISINGHELLI,ALFONSO,PEDRINOLLA GRAZIANO S.R.L.,11/09/1955,,M,,True,False,True,True,U161C8884S,BCDE,03/09/2021,02/09/2023,TN8007859,17/10/2007,,U161C8884S95,,08/01/2025,,,03/01/1980,03/01/1980,03/01/1980,False,18/05/2008,,46972,PEDRINOLLA GRAZIANO SRL,,Dipendente,AGGIORNAMENTO IDONEITA',02/12/2019,,21/02/2013,,,True,False,False,C1,INDET,TP,""40,00"",False,,,,,False,True,16/11/2022,,1837,,True,False,False,False,,OK,26/11/2021,BENEDETTI ALESSANDRO,SAPI,04/11/2021,04/11/2021,,,SAPI,,";;
"Agg.to 2021,Medico 2021,Ente 2021,Nuova Visita 2021,Tossicodipendenza 2021,Agg.to 2022,Medico 2022,Ente 2022,Nuova Visita 2022,Tossicodipendenza 2022,GIACOMUZZI,GINO,PEDRINOLLA GRAZIANO S.R.L.,01/11/1957,,M,,True,False,True,True,U12P06685M,BCD,16/10/2019,15/10/2024,,,,U12P06685M95,,02/09/2024,,,19/09/1979,19/09/1979,,False,05/07/2005,,46972,PEDRINOLLA GRAZIANO SRL,,Dipendente,AGGIORNAMENTO IDONEITA',05/12/2019,,21/02/2013,,,True,False,False,C2,INDET,TP,""40,00"",False,,,,,False,True,03/11/2022,,1833,,True,False,False,False,,OK,25/02/2021,BENEDETTI ALESSANDRO,23/02/2021,23/02/2021,,24/03/2022,BENEDETTI ALESSANDRO,23/02/2021,10/03/2022,10/03/2022";;
Agg.to 2021,Medico 2021,Ente 2021,Nuova Visita 2021,Tossicodipendenza 2021,Agg.to 2022,Medico 2022,Ente 2022,Nuova Visita 2022,Tossicodipendenza 2022,GIRAMONTI,FRANCO,PEDRINOLLA GRAZIANO S.R.L.,21/09/1961,,M,,True,True,True,True,TN5429066E,BCDE,28/01/2020,28/11/2024,,,,TN5429066E95,,27/01/2025,,,,,,False,05/08/2021,,46972,PEDRINOLLA GRAZIANO SRL,,Dipendente,ATTESA DOCUMENTI PER TESSERINO,,,,,,False,False,False,,,,,False,,,,,False,True,18/11/2022,RICHIESTA TESSERINO PAT 22-25  03/11/2022,2846,11/08/2022,False,False,False,False,,OK,03/11/2022,BENEDETTI ALESSANDRO,SAPI,04/11/2021,04/11/2021,,,SAPI,,;;
Agg.to 2021,Medico 2021,Ente 2021,Nuova Visita 2021,Tossicodipendenza 2021,Agg.to 2022,Medico 2022,Ente 2022,Nuova Visita 2022,Tossicodipendenza 2022,GUMPOLD,DIANA,PEDRINOLLA GRAZIANO S.R.L.,,,M,,True,False,True,True,U115L4252M,BCDE,13/09/2022,12/09/2027,TN8011508,18/11/2013,,U115L4252M95,,14/10/2024,,,,,,False,10/06/2022,,46972,PEDRINOLLA GRAZIANO SRL,,Dipendente,RICHIESTA TESSERINO 26/07/2022.TESSERINO ARRIVATO 03/08/2022,,,26/07/2022,,,True,False,False,,,,,False,,,,,False,True,16/11/2022,,2833,,True,False,False,False,,OK,,,,,,26/07/2022,D'AMANTE MARIA ROSARIA,,12/05/2022,12/05/2022;;
Agg.to 2021,Medico 2021,Ente 2021,Nuova Visita 2021,Tossicodipendenza 2021,Agg.to 2022,Medico 2022,Ente 2022,Nuova Visita 2022,Tossicodipendenza 2022,MOLTENI,MAURIZIO,PEDRINOLLA GRAZIANO S.R.L.,03/06/1955,,M,,True,False,True,True,U123H6922J,BCD,30/04/2022,28/04/2023,,,,U123H6922J95,,16/12/2025,,,,,,False,16/04/2019,,46972,PEDRINOLLA GRAZIANO SRL,,Autista a chiamata,RICHIESTA TESSERINO 10/01/2022. PATENTE PROROGA A GIUGNO 2022.TESSERINO ARRIVATO 18/01/2022,10/01/2022,,10/01/2022,,,True,False,False,C2,INDET,,,False,,,,,False,True,15/11/2022,,2793,,True,False,False,False,,OK,10/01/2022,BENEDETTI ALESSANDRO,SAPI,29/11/2021,29/11/2021,,,SAPI,,;;
Agg.to 2021,Medico 2021,Ente 2021,Nuova Visita 2021,Tossicodipendenza 2021,Agg.to 2022,Medico 2022,Ente 2022,Nuova Visita 2022,Tossicodipendenza 2022,PEDRINOLLA,DAVIDE,PEDRINOLLA GRAZIANO S.R.L.,26/05/1971,,M,,True,False,True,True,U193H8540X,BCDE,31/05/2022,30/05/2027,TN8004823,25/09/1995,,U193H8540X95,09/05/2012,24/08/2025,,,10/09/1992,10/09/1992,10/09/1992,False,,,46972,PEDRINOLLA GRAZIANO SRL,,Socio,AGGIORNAMENTO IDONEITA',19/11/2019,,21/02/2013,,,False,False,False,,,,,False,,,,,False,False,07/11/2022,,1835,,False,False,False,False,,OK,01/12/2021,BENEDETTI ALESSANDRO,SAPI,29/11/2021,29/11/2021,,,SAPI,,;;
Agg.to 2021,Medico 2021,Ente 2021,Nuova Visita 2021,Tossicodipendenza 2021,Agg.to 2022,Medico 2022,Ente 2022,Nuova Visita 2022,Tossicodipendenza 2022,PEDRINOLLA,GRAZIANO,PEDRINOLLA GRAZIANO S.R.L.,27/11/1939,,M,,True,False,True,True,U1149545N,BE,19/11/2021,27/11/2023,TN8007248,23/11/2004,11/10/2021,,,,,,23/09/1972,,,False,,,46972,PEDRINOLLA GRAZIANO SRL,,Titolare,,10/04/2019,,21/02/2013,,,False,False,False,,,,,False,,,,,False,True,16/11/2022,,1834,,False,False,False,False,,OK,,,,,,,,,,;;
Agg.to 2021,Medico 2021,Ente 2021,Nuova Visita 2021,Tossicodipendenza 2021,Agg.to 2022,Medico 2022,Ente 2022,Nuova Visita 2022,Tossicodipendenza 2022,PEDRINOLLA,MARCO,PEDRINOLLA GRAZIANO S.R.L.,19/07/1967,,M,,True,False,True,True,U184K0643Y,BCDE,31/08/2022,30/08/2027,TN8004706,19/09/1995,,U184K0643Y95,04/12/2012,24/08/2025,,,,08/10/1987,08/10/1987,False,,,46972,PEDRINOLLA GRAZIANO SRL,,Socio,AGGIORNAMENTO IDONEITA',13/11/2019,,23/10/2013,,,False,False,False,,,,,False,,,,,False,False,16/11/2022,,1832,,False,False,False,False,,OK,15/03/2021,BENEDETTI ALESSANDRO,SAPI,04/03/2021,04/03/2021,24/03/2022,BENEDETTI ALESSANDRO,SAPI,10/03/2022,13/03/2022;;
"Agg.to 2021,Medico 2021,Ente 2021,Nuova Visita 2021,Tossicodipendenza 2021,Agg.to 2022,Medico 2022,Ente 2022,Nuova Visita 2022,Tossicodipendenza 2022,GENNARA,ENZO,PEDRINOLLA SERENA,09/09/1969,,,,True,True,True,True,U13W72287X,BC,29/10/2020,28/10/2025,TN8012372,29/11/2021,,U13W72287X95,,28/10/2025,,,,,,False,15/09/2021,,46065,PEDRINOLLA SERENA,8,Dipendente,RICHIESTA TESSERINO 12/01/2022. TESSERINO ARRIVATO 20/01/2022,12/01/2022,OK,12/01/2022,RICHIESTA TESSERINO 12/01/2022. TESSERINO ARRIVATO 20/01/2022,OK,False,True,False,C1,INDET,TP,""40,00"",False,,,,,,True,12/10/2022,,2792,,False,True,False,,,OK,12/01/2022,ANTONACCI GENNARO,SEA,09/02/2021,09/02/2021,,,SEA,,";;
"Agg.to 2021,Medico 2021,Ente 2021,Nuova Visita 2021,Tossicodipendenza 2021,Agg.to 2022,Medico 2022,Ente 2022,Nuova Visita 2022,Tossicodipendenza 2022,MAURINA,FRANCO,PEDRINOLLA SERENA,17/12/1954,,M,,True,True,True,True,U17R21097C,BCD,17/01/2020,16/01/2022,TN8008220,21/12/2007,,U17R21097C95,,20/01/2020,,,,20/07/1977,,False,15/09/2014,,46065,PEDRINOLLA SERENA,,Dipendente,AGGIORNAMENTO IDONEITA',10/04/2019,,26/10/2012,,,False,True,False,3,DET,PT,""30,00"",False,,,,,False,True,12/10/2022, | Categoria: Dipendente,1590,,False,True,False,False,,OK,16/08/2022,,SAPI,29/10/2021,29/10/2021,,,SAPI,,";;
Agg.to 2021,Medico 2021,Ente 2021,Nuova Visita 2021,Tossicodipendenza 2021,Agg.to 2022,Medico 2022,Ente 2022,Nuova Visita 2022,Tossicodipendenza 2022,PEDRINOLLA,SERENA,PEDRINOLLA SERENA,02/08/1967,,,,True,True,True,True,TN2128383Z,B,21/04/1986,02/08/2024,TN8004339,14/09/1995,28/11/2023,,,,,,,,,False,,,46065,PEDRINOLLA SERENA,10,Titolare,,10/04/2019,TITOLARE,,,,False,False,False,,,,,False,,,,,,True,12/10/2022, | Categoria: Titolare,0523,,False,False,False,,,OK,,,,,,,,,,;;
Agg.to 2021,Medico 2021,Ente 2021,Nuova Visita 2021,Tossicodipendenza 2021,Agg.to 2022,Medico 2022,Ente 2022,Nuova Visita 2022,Tossicodipendenza 2022,WEBER,ANGELO,PEDRINOLLA SERENA,02/07/1956,,M,,True,True,True,True,U11M52421H,B,20/06/2019,02/07/2024,TN8010599,19/06/2009,28/11/2023,,,,,,,,,False,,,46065,PEDRINOLLA SERENA,,coll. Familiare,AGGIORNAMENTO IDONEITA',10/01/2020,,26/10/2012,,,False,False,False,,,,,False,,,,,False,True,26/10/2022, | Categoria: coll. Familiare,0524,,False,False,False,False,,OK,16/08/2022,,SAPI,29/10/2021,29/10/2021,,,SAPI,,;;
Agg.to 2021,Medico 2021,Ente 2021,Nuova Visita 2021,Tossicodipendenza 2021,Agg.to 2022,Medico 2022,Ente 2022,Nuova Visita 2022,Tossicodipendenza 2022,WEBER,VALENTINA,PEDRINOLLA SERENA,23/07/1994,,M,,True,True,True,True,TN5384493A,BDE,31/10/2017,31/10/2022,TN8011744,12/10/2015,09/10/2020,TN5384493A95,,12/04/2022,,,,,,False,01/01/2015,,46065,PEDRINOLLA SERENA,,coll. Familiare,AGGIORNAMENTO IDONEITA',10/01/2020,,10/12/2015,,,False,False,False,,,,,False,,,,,False,True,26/10/2022,,2172,,False,False,False,False,,OK,16/08/2022,,SAPI,29/10/2021,29/10/2021,,,SAPI,,;;
Agg.to 2021,Medico 2021,Ente 2021,Nuova Visita 2021,Tossicodipendenza 2021,Agg.to 2022,Medico 2022,Ente 2022,Nuova Visita 2022,Tossicodipendenza 2022,PEGORARO,SEBASTIANO,PEGORARO SEBASTIANO,29/01/1981,,,,False,False,True,True,TN5458184H,BCD,29/07/2021,26/04/2023,BL8004995,16/12/2003,,TN5458184H95,,26/04/2021,,,06/08/2009,23/11/2009,,False,,,46914,PEGORARO SEBASTIANO,10,Titolare,,10/04/2019,TITOLARE,,,,False,False,False,,,,,False,,,,,,True,12/10/2022, | Categoria: Titolare,0535,,False,False,False,,,,,,,,,,,,,;;
"Agg.to 2021,Medico 2021,Ente 2021,Nuova Visita 2021,Tossicodipendenza 2021,Agg.to 2022,Medico 2022,Ente 2022,Nuova Visita 2022,Tossicodipendenza 2022,BETTELINI,PAOLO ITALO JOSE',PERGBUS DI FUCHS MARIO E C. S.N.C.,17/06/1994,,M,,True,False,True,True,TN5409943G,BD,20/02/2019,07/12/2023,TN8012139,11/03/2019,,TN5409943G95,,20/02/2024,,,,,,True,26/03/2019,,46179,PERGBUS DI FUCHS MARIO E C. S.N.C.,,Dipendente,RICHIESTO TESSERINO 07/05/2019. TESSERINO ARRIVATO 24/05/2019,24/05/2019,,07/05/2019,,,True,False,False,C2,INDET,PT,""25,00"",False,,,,,False,True,18/10/2022,TESSERINO 22-25 ARRIVATO 18/10/2022,2497,,True,False,False,False,,OK,02/09/2021,QUINTARELLI EMANUELE,SAPI,01/07/2021,01/07/2021,22/08/2022,QUINATRELLI EMANUELE,SAPI,21/07/2022,21/07/2022";;
Agg.to 2021,Medico 2021,Ente 2021,Nuova Visita 2021,Tossicodipendenza 2021,Agg.to 2022,Medico 2022,Ente 2022,Nuova Visita 2022,Tossicodipendenza 2022,FUCHS,CRISTINA,PERGBUS DI FUCHS MARIO E C. S.N.C.,14/09/1979,,M,,True,False,True,True,U162G7728T,BCD,04/04/2022,02/04/2027,TN8008168,21/12/2007,,U162G7728T95,,21/12/2025,,,15/02/2001,15/02/2001,,True,,,46179,PERGBUS DI FUCHS MARIO E C. S.N.C.,,Titolare,,10/04/2019,,09/10/2012,,,False,False,False,,,,,False,,,,,False,True,18/10/2022,TESSERINO 22-25 ARRIVATO 18/10/2022,0091,,False,False,False,False,,OK,,,,,,,,,,;;
Agg.to 2021,Medico 2021,Ente 2021,Nuova Visita 2021,Tossicodipendenza 2021,Agg.to 2022,Medico 2022,Ente 2022,Nuova Visita 2022,Tossicodipendenza 2022,FUCHS,FLAVIO,PERGBUS DI FUCHS MARIO E C. S.N.C.,17/09/1987,,,,True,True,True,True,U17P38217E,BCDE,18/11/2019,16/11/2024,BZ8015426,24/10/2008,,U17P38217E95,,06/06/2024,,,05/02/2009,18/11/2008,27/07/2009,False,02/11/2009,,46179,PERGBUS DI FUCHS MARIO E C. S.N.C.,9,Socio,AGGIORNAMENTO IDONEITA' 19/11/2019; AGGIORNAMENTO IDONEITA',21/01/2020,OK,09/10/2012,,OK,False,False,False,,,,,False,,,,,,False,12/10/2022, | Categoria: Socio,1333,,False,False,False,,,OK,02/09/2021,QUINTARELLI EMANUELE,,15/01/2021,15/01/2021,20/01/2022,QUINTARELLI EMANUELE,,14/01/2022,14/01/2022;
Agg.to 2021,Medico 2021,Ente 2021,Nuova Visita 2021,Tossicodipendenza 2021,Agg.to 2022,Medico 2022,Ente 2022,Nuova Visita 2022,Tossicodipendenza 2022,FUCHS,MARIO,PERGBUS DI FUCHS MARIO E C. S.N.C.,20/03/1957,,,,True,True,True,True,TN5471215X,BCDE,01/03/2022,16/11/2023,TN8008167,21/12/2007,,TN5471215X95,,14/07/2025,,,03/04/1990,03/04/1990,03/04/1990,False,,,46179,PERGBUS DI FUCHS MARIO E C. S.N.C.,11,Autista a chiamata,AGGIORNAMENTO IDONEITA',19/11/2019,TITOLARE,,,,True,False,False,C2,,,,False,,,,,,True,12/10/2022, | Categoria: Titolare,0090,,True,False,False,,,OK,27/09/2021,QUINTARELLI EMANUELE,SAPI,23/09/2021,23/09/2021,12/09/2022,QUINTARELLI EMANUELE,SAPI,06/09/2022,06/09/2022;;
Agg.to 2021,Medico 2021,Ente 2021,Nuova Visita 2021,Tossicodipendenza 2021,Agg.to 2022,Medico 2022,Ente 2022,Nuova Visita 2022,Tossicodipendenza 2022,ACLER,LORIS,PERINI FRANCO,18/01/1990,,,,False,False,True,True,U188H3910X,BCDE,27/05/2022,26/05/2022,,,,U188H3910X95,,28/05/2024,,,,,,False,,,46056,PERINI FRANCO,,,ATTESA DOCUMENTI,,,,ATTESA DOCUMENTI,,True,False,False,,INDET,TP,,False,,,,,False,False,12/10/2022,,2850,11/08/2022,True,False,False,False,,,,,,,,,,,,;;
Agg.to 2021,Medico 2021,Ente 2021,Nuova Visita 2021,Tossicodipendenza 2021,Agg.to 2022,Medico 2022,Ente 2022,Nuova Visita 2022,Tossicodipendenza 2022,COSTANTINI,MASSIMO,PERINI FRANCO,17/11/1974,,,,False,False,True,True,TN5441391P,BCD,24/10/2020,13/07/2023,,,,TN5441391P95,,30/09/2025,,,,,,False,07/01/2020,,46056,PERINI FRANCO,8,Dipendente,RICHIESTA TESSERINO 06/02/2020;" TESSERINO ARRIVATO,14/02/2020,OK,06/02/2020,,OK,True,False,False,C2,DET,PT,""25,00"",False,,,,,,False,12/10/2022,,2641,,True,False,False,,,,,,,,,,,,,";
Agg.to 2021,Medico 2021,Ente 2021,Nuova Visita 2021,Tossicodipendenza 2021,Agg.to 2022,Medico 2022,Ente 2022,Nuova Visita 2022,Tossicodipendenza 2022,FRISINGHELLI,PAOLA,PERINI FRANCO,24/02/1962,,,,False,False,True,True,TN5439370L,BCD,25/09/2020,23/07/2021,TN8010899,17/05/2010,,TN5439370L95,09/04/2010,08/09/2025,,,23/07/2001,23/07/2001,,False,14/06/2010,,46056,PERINI FRANCO,11,Autista a chiamata,AGGIORNAMENTO IDONEITA',10/04/2019,OK,22/01/2013,,OK,True,False,False,C2,INDET,,,False,,,,,,False,12/10/2022, | Categoria: Autista a chiamata,1715,,True,False,False,,,,29/04/2021,MORATELLO FRANCESCO,SAPI,15/04/2021,15/04/2021,,,SAPI,,;;
"Agg.to 2021,Medico 2021,Ente 2021,Nuova Visita 2021,Tossicodipendenza 2021,Agg.to 2022,Medico 2022,Ente 2022,Nuova Visita 2022,Tossicodipendenza 2022,GRIGGI,CINZIA,PERINI FRANCO,10/07/1970,,,,False,False,True,True,U13G59740N,BCD,03/10/2018,02/10/2023,TN8008203,21/12/2007,,U13G59740N95,,09/09/2020,,,,,,False,04/07/2017,,46056,PERINI FRANCO,8,Dipendente,AGGIORNAMENTO IDONEITA',23/12/2019,OK,05/12/2018,,OK,True,False,False,C2,INDET,TP,""40,00"",False,,,,,,True,12/10/2022,,2455,,True,False,False,,,,,,,,,,,,,";;
Agg.to 2021,Medico 2021,Ente 2021,Nuova Visita 2021,Tossicodipendenza 2021,Agg.to 2022,Medico 2022,Ente 2022,Nuova Visita 2022,Tossicodipendenza 2022,LORENZI,GIULIO,PERINI FRANCO,28/05/1967,,,,False,False,True,True,TN5432052J,BCD,21/05/2020,13/03/2025,,,,TN5432052J95,,19/05/2025,,,,,,False,01/09/2018,,46056,PERINI FRANCO,8,Dipendente,AGGIORNAMENTO IDONEITA' 23/12/2019; RICHIESTA TESSERINO 02/03/2020;" TESSERINO ARRIVATO 12/03/2020,12/03/2020,OK,02/03/2020,AUTISTA NON UTILIZZATO IN APP FINO AL 02032020,OK,True,False,False,C2,DET,TP,""40,00"",False,,,,,,True,12/10/2022,,2454,,True,False,False,,,,,,,,,,,,,"
Agg.to 2021,Medico 2021,Ente 2021,Nuova Visita 2021,Tossicodipendenza 2021,Agg.to 2022,Medico 2022,Ente 2022,Nuova Visita 2022,Tossicodipendenza 2022,PERINI,FRANCO,PERINI FRANCO,04/10/1960,,,,False,False,True,True,U15J33266B,BCDE,06/02/2019,05/02/2024,TN8008967,07/04/2008,,U15J33266B95,,09/09/2020,,,02/11/1983,02/11/1983,02/11/1983,False,,,46056,PERINI FRANCO,10,Titolare,,10/04/2019,TITOLARE,,,,False,False,False,,,,,False,,,,,,True,12/10/2022, | Categoria: Titolare,0544,,False,False,False,,,,,,,,,,,,,;;
"Agg.to 2021,Medico 2021,Ente 2021,Nuova Visita 2021,Tossicodipendenza 2021,Agg.to 2022,Medico 2022,Ente 2022,Nuova Visita 2022,Tossicodipendenza 2022,PISONI,TIZIANO,PERINI FRANCO,18/01/1972,,,,True,False,True,True,U12B70566L,BCD,27/11/2017,25/11/2022,TN8011805,21/03/2016,,U12B70566L95,,09/06/2026,,,,,,False,01/07/2018,,46056,PERINI FRANCO,8,Dipendente,AGGIORNAMENTO IDONEITA',23/12/2019,OK,05/12/2018,,OK,True,False,False,C2,DET,TP,""40,00"",False,,,,,,True,12/10/2022,,2453,,True,False,False,,,OK,01/09/2022,,SAPI,22/12/2021,22/12/2021,,,SAPI,,";;
"Agg.to 2021,Medico 2021,Ente 2021,Nuova Visita 2021,Tossicodipendenza 2021,Agg.to 2022,Medico 2022,Ente 2022,Nuova Visita 2022,Tossicodipendenza 2022,REGOLI,TOMAS,PERINI FRANCO,01/05/1986,,,,False,False,True,True,TN5454939D,BCDE,11/06/2021,01/06/2026,,,,TN5454939D95,,07/06/2026,,,15/12/2008,31/07/2010,02/04/2011,False,25/02/2017,,46056,PERINI FRANCO,8,Dipendente,AGGIORNAMENTO IDONEITA',23/12/2019,OK,08/05/2017,,OK,True,False,False,C2,INDET,TP,""40,00"",False,,,,,,True,12/10/2022,,2285,,True,False,False,,,,,,,,,,,,,";;
"Agg.to 2021,Medico 2021,Ente 2021,Nuova Visita 2021,Tossicodipendenza 2021,Agg.to 2022,Medico 2022,Ente 2022,Nuova Visita 2022,Tossicodipendenza 2022,SCARPARI,PATRICK,PERINI FRANCO,30/06/1988,,,,False,False,True,True,BZ5368233N,BDE,03/08/2016,25/07/2021,TN8010704,12/10/2009,,BZ5368233N95,,26/07/2021,,,,22/02/2011,25/07/2016,False,03/12/2010,,46056,PERINI FRANCO,8,Dipendente,AGGIORNAMENTO IDONEITA',23/12/2019,OK,22/01/2013,,OK,True,False,False,C2,INDET,TP,""40,00"",False,,,,,,True,12/10/2022, | Categoria: Autista a chiamata,1319,,True,False,False,,,,,,,,,,,,,";;
"Agg.to 2021,Medico 2021,Ente 2021,Nuova Visita 2021,Tossicodipendenza 2021,Agg.to 2022,Medico 2022,Ente 2022,Nuova Visita 2022,Tossicodipendenza 2022,TEREZIU,ARBEN,PERINI FRANCO,18/08/1967,,,,False,False,True,True,U19B61172L,BCDE,20/01/2018,19/01/2023,,,,U19B61172L95,,09/09/2020,,,30/10/2002,30/10/2002,18/02/2003,False,06/05/2003,,46056,PERINI FRANCO,8,Dipendente,AGGIORNAMENTO IDONEITA',23/12/2019,OK,22/01/2013,,OK,True,False,False,C2,INDET,TP,""40,00"",False,,,,,,True,12/10/2022, | Categoria: Dipendente,0557,,True,False,False,,,,,,,,,,,,,";;
Agg.to 2021,Medico 2021,Ente 2021,Nuova Visita 2021,Tossicodipendenza 2021,Agg.to 2022,Medico 2022,Ente 2022,Nuova Visita 2022,Tossicodipendenza 2022,ZENI,NICOLA,PERINI FRANCO,16/10/1966,,,,False,False,True,True,TN5421193X,BCDE,25/09/2019,24/12/2023,TN8011776,22/12/2015,,TN5421193X95,,25/09/2024,,,,,,False,18/10/2019,,46056,PERINI FRANCO,8,Dipendente,RICHIESTA TESSERINO 30/01/2020;" TESSERINO ARRIVATO,07/02/2020,OK,30/01/2020,,OK,True,False,False,C2,DET,PT,""25,00"",False,,,,,,True,12/10/2022,,2639,,True,False,False,,,,,,,,,,,,,";
"Agg.to 2021,Medico 2021,Ente 2021,Nuova Visita 2021,Tossicodipendenza 2021,Agg.to 2022,Medico 2022,Ente 2022,Nuova Visita 2022,Tossicodipendenza 2022,FAVERO,MAURIZIO,PETERLINI S.R.L.,07/10/1969,,,,True,False,True,True,U16X60736N,B,20/01/2021,07/10/2026,TN8007515,24/03/2006,19/01/2026,,,,,,,,,False,20/01/2016,,46218,PETERLINI S.R.L.,8,Dipendente,,10/04/2019,OK,26/01/2016,,OK,True,False,False,C2,INDET,PT,""25,00"",False,,,,,,True,12/10/2022,,2181,,True,False,False,,,OK,16/09/2022,GIARRUSSO SALVATORE,ECO SPES,16/12/2021,16/12/2021,,,ECO SPES,,";;
"Agg.to 2021,Medico 2021,Ente 2021,Nuova Visita 2021,Tossicodipendenza 2021,Agg.to 2022,Medico 2022,Ente 2022,Nuova Visita 2022,Tossicodipendenza 2022,RIGON,LUCIO,PETERLINI S.R.L.,20/08/1976,,,,True,False,True,True,U18K32386P,BCD,13/04/2019,12/04/2024,TN8007158,20/07/2004,,U18K32386P95,,25/08/2021,,,03/05/2004,03/05/2004,,False,04/09/2008,,46218,PETERLINI S.R.L.,8,Dipendente,AGGIORNAMENTO IDONEITA',14/11/2019,OK,16/10/2012,,OK,True,False,False,C2,INDET,PT,""10,00"",False,,,,,,True,12/10/2022, | Categoria: Dipendente,1010,,True,False,False,,,OK,24/02/2021,GIARRUSSO SALVATORE,ECO SPES,19/02/2021,19/02/2021,16/09/2022,GIARRUSSO SALVATORE,ECO SPES,16/02/2022,16/02/2022";;
Agg.to 2021,Medico 2021,Ente 2021,Nuova Visita 2021,Tossicodipendenza 2021,Agg.to 2022,Medico 2022,Ente 2022,Nuova Visita 2022,Tossicodipendenza 2022,SLOMP,PIERO,PETERLINI S.R.L.,20/12/1973,,,,True,False,True,True,U139H8039J,B,07/05/2022,20/12/2032,TN8007388,11/07/2005,11/11/2026,,,,,,,,,False,12/09/2022,,46218,PETERLINI S.R.L.,8,Dipendente,RICHIESTA TESSERINO 02/12/2019;" TESSERINO ARRIVATO 11/12/2019,11/12/2019,OK,02/12/2019,,OK,True,False,False,C3,DET,PT,""15,00"",False,,,,,,True,12/10/2022,,2564,,True,False,False,,,OK,16/09/2022,GIARRUSSO SALVATORE,ECO SPES,16/12/2021,16/12/2021,,,ECO SPES,,";
"Agg.to 2021,Medico 2021,Ente 2021,Nuova Visita 2021,Tossicodipendenza 2021,Agg.to 2022,Medico 2022,Ente 2022,Nuova Visita 2022,Tossicodipendenza 2022,NESCI,ELVIS,PLANCHEL AUTONOLEGGI DI PLANCHEL RENATO & C. S.N.C.,06/12/1978,,,,True,False,True,True,U138J2014C,BCDE,15/06/2022,14/06/2027,,,,U138J2014C95,,04/09/2025,,,,,,False,13/09/2004,,46103,PLANCHEL AUTONOLEGGI DI PLANCHEL RENATO,8,Dipendente,AGGIORNAMENTO IDONEITA',19/11/2019,OK,25/01/2013,,OK,True,False,False,C2,INDET,TP,""40,00"",False,,,,,,True,12/10/2022, | Categoria: Dipendente,0605,,True,False,False,,,OK,,,,,,13/09/2022,,,18/02/2022,18/02/2022";;
Agg.to 2021,Medico 2021,Ente 2021,Nuova Visita 2021,Tossicodipendenza 2021,Agg.to 2022,Medico 2022,Ente 2022,Nuova Visita 2022,Tossicodipendenza 2022,PINTARELLI,CINZIA,PLANCHEL AUTONOLEGGI DI PLANCHEL RENATO & C. S.N.C.,19/04/1983,,,,True,False,True,True,U13S68173N,BD,15/02/2020,14/02/2025,,,,U13S68173N95,,19/07/2021,,,,28/11/2009,,False,,,46103,PLANCHEL AUTONOLEGGI DI PLANCHEL RENATO,9,Socio,,10/04/2019,OK,26/10/2017,,OK,False,False,False,,,,,False,,,,,,True,12/10/2022,,2274,,False,False,False,,,OK,10/01/2022,QUINTARELLI EMANUELE,SAPI,10/12/2021,10/12/2021,,,SAPI,,;;
Agg.to 2021,Medico 2021,Ente 2021,Nuova Visita 2021,Tossicodipendenza 2021,Agg.to 2022,Medico 2022,Ente 2022,Nuova Visita 2022,Tossicodipendenza 2022,PLANCHEL,FABRIZIO,PLANCHEL AUTONOLEGGI DI PLANCHEL RENATO & C. S.N.C.,17/07/1981,,,,True,False,True,True,U17C99090L,BCD,10/03/2018,09/03/2023,,,,U17C99090L95,,09/09/2020,,,13/02/2003,13/02/2003,,False,,,46103,PLANCHEL AUTONOLEGGI DI PLANCHEL RENATO,9,Socio,AGGIORNAMENTO IDONEITA',19/11/2019,TITOLARE,25/01/2013,,,False,False,False,,,,,False,,,,,,True,12/10/2022, | Categoria: Titolare,0604,,False,False,False,,,OK,11/02/2022,QUINTARELLI EMANUELE,SAPI,10/09/2021,10/09/2021,13/09/2022,QUINTARELLI EMANUELE,SAPI,06/09/2022,06/09/2022;;
Agg.to 2021,Medico 2021,Ente 2021,Nuova Visita 2021,Tossicodipendenza 2021,Agg.to 2022,Medico 2022,Ente 2022,Nuova Visita 2022,Tossicodipendenza 2022,PLANCHEL,RENATO,PLANCHEL AUTONOLEGGI DI PLANCHEL RENATO & C. S.N.C.,17/07/1950,,,,True,False,True,True,TN5422198L,B,26/09/2019,17/07/2025,TN8009047,22/04/2008,,,,,,,06/06/1977,06/06/1977,,False,,,46103,PLANCHEL AUTONOLEGGI DI PLANCHEL RENATO,9,Socio,,10/04/2019,TITOLARE,,,,False,False,False,,,,,False,,,,,,True,12/10/2022, | Categoria: Titolare,0600,,False,False,False,,,OK,,,,,,,,,,;;
Agg.to 2021,Medico 2021,Ente 2021,Nuova Visita 2021,Tossicodipendenza 2021,Agg.to 2022,Medico 2022,Ente 2022,Nuova Visita 2022,Tossicodipendenza 2022,BONAPACE,ALESSANDRO,RENDENA VIAGGI S.N.C. DI BONAPACE MANLIO E COZZIO MAURO,09/07/1989,,,,True,False,True,True,TN5450939H,BD,28/04/2021,21/02/2023,TN8010998,09/12/2010,30/11/2015,TN5450939H95,,28/04/2026,,,,,,False,,,46080,RENDENA VIAGGI S.N.C. DI BONAPACE MANLIO,9,Socio,AGGIORNAMENTO IDONEITA',17/08/2020,OK,28/09/2012,AUTISTA LICENZIATO GIUGNO 2016. RIENTRERA' SETTEMBRE 2016. AUTISTA LICENZIATO,DOCUMENTAZIONE GIA' DEPOSITATA PER CERTIFICAZIONE IDONEITA',False,False,False,,,,,False,,,,,False,False,12/10/2022,,1635,11/08/2022,False,False,False,False,,OK,,,,,,12/08/2022,PAROLARI GIACOMO,,04/08/2022,04/08/2022;;
Agg.to 2021,Medico 2021,Ente 2021,Nuova Visita 2021,Tossicodipendenza 2021,Agg.to 2022,Medico 2022,Ente 2022,Nuova Visita 2022,Tossicodipendenza 2022,BONAPACE,MANLIO,RENDENA VIAGGI S.N.C. DI BONAPACE MANLIO E COZZIO MAURO,08/10/1964,,,,True,True,True,True,TN5475448K,BCD,05/05/2022,27/01/2026,TN8007809,01/10/2007,,TN5475448K95,,26/04/2027,,,21/01/1991,21/01/1991,,False,,,46080,RENDENA VIAGGI S.N.C. DI BONAPACE MANLIO,9,Socio,AGGIORNAMENTO IDONEITA',17/08/2020,OK,28/09/2012,,DOCUMENTAZIONE GIA' DEPOSITATA PER CERTIFICAZIONE IDONEITA',False,False,False,,,,,False,,,,,,False,12/10/2022, | Categoria: Titolare,0609,,False,False,False,,,OK,,,,,,12/08/2022,PAROLARI GIACOMO,,04/08/2022,04/08/2022;;
Agg.to 2021,Medico 2021,Ente 2021,Nuova Visita 2021,Tossicodipendenza 2021,Agg.to 2022,Medico 2022,Ente 2022,Nuova Visita 2022,Tossicodipendenza 2022,BONAPACE,MIRKO,RENDENA VIAGGI S.N.C. DI BONAPACE MANLIO E COZZIO MAURO,22/09/1973,,,,True,True,True,True,TN547545CP,BCD,05/05/2022,29/12/2026,TN8007810,01/10/2007,,TN547545CP95,,26/04/2027,,,18/12/1996,18/12/1996,,False,,,46080,RENDENA VIAGGI S.N.C. DI BONAPACE MANLIO,9,Socio,AGGIORNAMENTO IDONEITA',17/08/2020,OK,28/09/2012,,DOCUMENTAZIONE GIA' DEPOSITATA PER CERTIFICAZIONE IDONEITA',False,False,False,,,,,False,,,,,,False,12/10/2022, | Categoria: Titolare,0608,,False,False,False,,,OK,,,,,,12/08/2022,PAROLARI GIACOMO,,04/08/2022,04/08/2022;;
Agg.to 2021,Medico 2021,Ente 2021,Nuova Visita 2021,Tossicodipendenza 2021,Agg.to 2022,Medico 2022,Ente 2022,Nuova Visita 2022,Tossicodipendenza 2022,COZZIO,MAURO,RENDENA VIAGGI S.N.C. DI BONAPACE MANLIO E COZZIO MAURO,14/12/1959,,,,True,True,True,True,TN5475449L,BCDE,05/05/2022,05/06/2024,TN8007811,01/10/2007,,TN5475449L95,,26/04/2027,,,,13/06/1984,13/06/1984,False,,,46080,RENDENA VIAGGI S.N.C. DI BONAPACE MANLIO,9,Socio,AGGIORNAMENTO IDONEITA',17/08/2020,OK,28/09/2012,,DOCUMENTAZIONE GIA' DEPOSITATA PER CERTIFICAZIONE IDONEITA',False,False,False,,,,,False,,,,,,False,12/10/2022, | Categoria: Titolare,0610,,False,False,False,,,OK,,,,,,12/08/2022,PAROLARI GIACOMO,,04/08/2022,04/08/2022;;
Agg.to 2021,Medico 2021,Ente 2021,Nuova Visita 2021,Tossicodipendenza 2021,Agg.to 2022,Medico 2022,Ente 2022,Nuova Visita 2022,Tossicodipendenza 2022,BOSETTI,NADIA,RIGOTTI FLAVIO,23/07/1957,,,,True,True,True,True,U125K5020G,B,14/07/2022,23/07/2027,TN8004982,04/10/1995,28/09/2023,,,,,,,,,False,,,46023,RIGOTTI FLAVIO,4,coll. Familiare,AGGIORNAMENTO IDONEITA',11/02/2020,OK,09/10/2012,,OK,False,False,False,,,,,False,,,,,,True,12/10/2022, | Categoria: coll. Familiare,0619,,False,False,False,,,OK,10/03/2021,ZANON GIULIO,SAPI,05/03/2021,05/03/2021,08/04/2022,ZANON GIULIO,SAPI,24/03/2022,24/03/2022;;
Agg.to 2021,Medico 2021,Ente 2021,Nuova Visita 2021,Tossicodipendenza 2021,Agg.to 2022,Medico 2022,Ente 2022,Nuova Visita 2022,Tossicodipendenza 2022,RIGOTTI,FLAVIO,RIGOTTI FLAVIO,09/10/1956,,,,True,True,True,True,U13J52525G,BCD,25/01/2019,09/10/2023,TN8008132,20/12/2007,,U1C089703M95,,09/09/2020,,,19/08/1981,09/01/1984,,False,,,46023,RIGOTTI FLAVIO,10,Titolare,,10/04/2019,TITOLARE,,,,False,False,False,,,,,False,,,,,,True,12/10/2022, | Categoria: Titolare,0618,,False,False,False,,,OK,,,,,,,,,,;;
Agg.to 2021,Medico 2021,Ente 2021,Nuova Visita 2021,Tossicodipendenza 2021,Agg.to 2022,Medico 2022,Ente 2022,Nuova Visita 2022,Tossicodipendenza 2022,RIGOTTI,MICHELE,RIGOTTI FLAVIO,05/05/1991,,M,,True,False,True,True,TN5426824D,BD,07/12/2019,22/01/2023,TN8011262,31/08/2012,,TN5426824D95,,06/12/2024,,,,18/01/2013,,True,25/09/2014,,46023,RIGOTTI FLAVIO,,coll. Familiare,AGGIORNAMENTO IDONEITA' 24/10/2019; AGGIORNAMENTO IDONEITA',26/10/2020,,01/10/2014,,,False,False,False,,,,,False,,,,,False,True,18/10/2022,TESSERINO 22-25 ARRIVATO 18/10/2022,1983,,False,False,False,False,,OK,12/10/2022,ZANON GIULIO,SAPI,09/10/2021,09/10/2021,12/10/2022,ZANON GIULIO,SAPI,08/10/2022,08/10/2022;
"Agg.to 2021,Medico 2021,Ente 2021,Nuova Visita 2021,Tossicodipendenza 2021,Agg.to 2022,Medico 2022,Ente 2022,Nuova Visita 2022,Tossicodipendenza 2022,SARTORI,ANDREW,RIGOTTI FLAVIO,15/07/1993,,M,,True,False,True,True,TN5432535Z,BDE,23/06/2020,23/06/2025,,,,TN5432535Z95,,26/02/2025,,,,,,True,26/04/2022,,46023,RIGOTTI FLAVIO,,Dipendente,RICHIESTA TESSERINO 18/07/2022.TESSERINO ARRIVATO 29/07/2022,15/07/2022,,15/07/2022,,,False,True,False,C3,DET,TP,""40,00"",False,,,,,False,True,18/10/2022,TESSERINO 22-25 ARRIVATO 18/10/2022,2832,,False,True,False,False,,OK,,,,,,15/07/2022,ZANON GIULIO,,30/04/2022,30/04/2022";;
Agg.to 2021,Medico 2021,Ente 2021,Nuova Visita 2021,Tossicodipendenza 2021,Agg.to 2022,Medico 2022,Ente 2022,Nuova Visita 2022,Tossicodipendenza 2022,RODLER,HELEN,RODLER DI RODLER ROBERTO,09/05/1997,,M,,True,False,True,True,TN5357470D,B,12/07/2016,09/05/2027,TN8012178,20/06/2019,20/06/2024,,,,,,,,,True,13/12/2019,,47354,RODLER DI RODLER ROBERTO,,coll. Familiare,RICHIESTA TESSERINO 07/03/2022.TESSERINO ARRIVATO 17/03/2022,07/03/2022,,07/03/2022,,,False,False,False,,,,,False,,,,,False,True,14/10/2022,TESSERINO 22-25 CONSEGNATO 14/10/22,2806,,False,False,False,False,,OK,,,,,,07/03/2022,QUINTARELLI EMANUELE,,03/03/2022,03/03/2022;;
Agg.to 2021,Medico 2021,Ente 2021,Nuova Visita 2021,Tossicodipendenza 2021,Agg.to 2022,Medico 2022,Ente 2022,Nuova Visita 2022,Tossicodipendenza 2022,RODLER,ROBERTO,RODLER DI RODLER ROBERTO,25/07/1965,,M,,True,False,True,True,U15W63631J,BCD,10/11/2020,09/11/2025,TN8011553,10/03/2014,,U15W63631J95,,18/02/2024,,,30/01/1987,30/01/1987,,True,,,47354,RODLER DI RODLER ROBERTO,,Titolare,,10/04/2019,,16/10/2017,,,False,False,False,,,,,False,,,,,False,True,18/10/2022,TESSERINO 22-25 ARRIVATO 18/10/2022,2316,,False,False,False,False,,OK,,,,,,,,,,;;
"Agg.to 2021,Medico 2021,Ente 2021,Nuova Visita 2021,Tossicodipendenza 2021,Agg.to 2022,Medico 2022,Ente 2022,Nuova Visita 2022,Tossicodipendenza 2022,MOAR,LINO,ROMEO TOUR DI ZADRA MIRKO,27/11/1967,,,,True,False,True,True,TN5438064C,BCDE,08/09/2020,31/07/2022,,,,TN5438064C95,,27/08/2025,,,,,,False,08/02/2022,,46945,ROMEO TOUR DI ZADRA MIRKO,8,Dipendente,RICHIESTA TESSERINO 11/04/2022. TESSERINO ARRIVATO 27/04/2022,11/04/2022,OK,11/04/2022,RICHIESTA TESSERINO 11/04/2022. TESSERINO ARRIVATO 27/04/2022,OK,False,True,False,C2,DET,PT,""30,00"",False,,,,,,False,12/10/2022,,2744,,False,True,False,,,OK,,,,,,11/04/2022,MORATELLO FRANCESCO,,21/03/2022,21/03/2022";;
Agg.to 2021,Medico 2021,Ente 2021,Nuova Visita 2021,Tossicodipendenza 2021,Agg.to 2022,Medico 2022,Ente 2022,Nuova Visita 2022,Tossicodipendenza 2022,ZADRA,MIRKO,ROMEO TOUR DI ZADRA MIRKO,20/05/1977,,M,,True,False,True,True,U1W833622J,BCDE,11/04/2017,10/04/2022,TN8008255,09/01/2008,,U1W833622J95,,09/09/2020,,,19/04/2000,24/05/2002,24/05/2002,True,,,46945,ROMEO TOUR DI ZADRA MIRKO,,Titolare,RICHIESTA DUPLICATO TESSERINO SMARRITO,01/12/2020,,12/08/2013,,,False,False,False,,,,,False,,,,,False,True,18/10/2022,TESSERINO 22-25 ARRIVATO 18/10/2022,1810,,False,False,False,False,,OK,,,,,,,,,,;;
Agg.to 2021,Medico 2021,Ente 2021,Nuova Visita 2021,Tossicodipendenza 2021,Agg.to 2022,Medico 2022,Ente 2022,Nuova Visita 2022,Tossicodipendenza 2022,ROPELATO,MAURIZIO,ROPELATO MAURIZIO,06/12/1959,,M,,True,False,True,True,U118D2262X,BDCE,29/09/2021,06/12/2024,TN8008256,09/01/2008,,U118D2262X95,,10/09/2025,,,,,,True,,,46089,ROPELATO MAURIZIO,,Titolare,,,,,,,False,False,False,,,,,False,,,,,False,True,18/10/2022,TESSERINO 22-25 ARRIVATO 18/10/2022,2858,11/08/2022,False,False,False,False,,OK,,,,,,,,,,;;
"Agg.to 2021,Medico 2021,Ente 2021,Nuova Visita 2021,Tossicodipendenza 2021,Agg.to 2022,Medico 2022,Ente 2022,Nuova Visita 2022,Tossicodipendenza 2022,BRENTARI,CLAUDIO,S. DUE DI SARTORELLI LUCA,09/09/1961,,,,False,False,True,True,U1N574491P,B,18/01/2016,09/09/2021,TN8011251,02/07/2012,21/06/2022,,,,,,,,,False,19/01/2015,,46301,S. DUE DI SARTORELLI LUCA,8,Dipendente,AGGIORNAMENTO IDONEITA',14/02/2020,OK,07/11/2013,,OK,True,False,False,C3,DET,TP,""40,00"",False,,,,,,False,12/10/2022,,1904,,True,False,False,,,,,,,,,,,,,";;
"Agg.to 2021,Medico 2021,Ente 2021,Nuova Visita 2021,Tossicodipendenza 2021,Agg.to 2022,Medico 2022,Ente 2022,Nuova Visita 2022,Tossicodipendenza 2022,CONCLI,MARTINA,S. DUE DI SARTORELLI LUCA,17/07/1981,,,,False,False,True,True,TN5439390N,BCDE,25/09/2020,20/06/2024,,,,TN5439390N95,,23/09/2025,,,14/11/2003,14/11/2003,30/08/2004,False,17/03/2005,,46301,S. DUE DI SARTORELLI LUCA,8,Dipendente,AGGIORNAMENTO IDONEITA',31/01/2020,OK,21/12/2012,,OK,True,False,False,C2,INDET,PT,""17,00"",False,,,,,,False,12/10/2022, | Categoria: Dipendente,0935,,True,False,False,,,,,,,,,,,,,";;
"Agg.to 2021,Medico 2021,Ente 2021,Nuova Visita 2021,Tossicodipendenza 2021,Agg.to 2022,Medico 2022,Ente 2022,Nuova Visita 2022,Tossicodipendenza 2022,DALPONTE,RASHID,S. DUE DI SARTORELLI LUCA,20/09/1990,,,,False,False,True,True,U15H13213H,B,06/12/2018,20/09/2029,TN5011564,01/04/2014,05/12/2023,,,,,,,,,False,01/02/2019,,46301,S. DUE DI SARTORELLI LUCA,8,Dipendente,AGGIORNAMENTO IDONEITA',14/02/2020,OK,08/02/2019,,OK,True,False,False,C3,INDET,PT,""30,00"",False,,,,,,False,12/10/2022,,2474,,True,False,False,,,,,,,,,,,,,";;
"Agg.to 2021,Medico 2021,Ente 2021,Nuova Visita 2021,Tossicodipendenza 2021,Agg.to 2022,Medico 2022,Ente 2022,Nuova Visita 2022,Tossicodipendenza 2022,D'AMATO,VINCENZO,S. DUE DI SARTORELLI LUCA,25/04/1970,,,,False,False,True,True,TN5385327F,BCD,15/11/2017,30/10/2022,,,,TN5385327F95,,15/11/2022,,,,,,False,12/01/2018,,46301,S. DUE DI SARTORELLI LUCA,8,Dipendente,AGGIORNAMENTO IDONEITA',20/02/2020,OK,23/02/2018,,OK,True,False,False,C2,INDET,TP,""40,00"",False,,,,,,False,12/10/2022,,2369,,True,False,False,,,,,,,,,,,,,";;
"Agg.to 2021,Medico 2021,Ente 2021,Nuova Visita 2021,Tossicodipendenza 2021,Agg.to 2022,Medico 2022,Ente 2022,Nuova Visita 2022,Tossicodipendenza 2022,DEGARA,CRISTINA,S. DUE DI SARTORELLI LUCA,15/12/1969,,,,False,False,True,True,U17E47124B,B,30/06/2018,15/12/2025,TN8011707,15/06/2015,20/12/2024,,,,,,,,,False,08/04/2021,,46301,S. DUE DI SARTORELLI LUCA,8,Dipendente,RICHIESTA TESSERINO 16/04/2021. TESSERINO ARRIVATO 29/04/2021,16/04/2021,OK,16/04/2021,RICHIESTA TESSERINO 16/04/2021. TESSERINO ARRIVATO 29/04/2021,OK,True,False,False,C3,DET,PT,""12,00"",False,,,,,,False,12/10/2022,,2725,,True,False,False,,,,16/04/2021,MORATELLO FRANCESCO,SAPI,15/04/2021,15/04/2021,,,SAPI,,";;
"Agg.to 2021,Medico 2021,Ente 2021,Nuova Visita 2021,Tossicodipendenza 2021,Agg.to 2022,Medico 2022,Ente 2022,Nuova Visita 2022,Tossicodipendenza 2022,DETASSIS,FRANCESCA,S. DUE DI SARTORELLI LUCA,13/01/1987,,,,False,False,True,True,U1M328285N,B,19/12/2005,13/01/2026,TN8010302,14/10/2008,24/10/2024,,,,,,,,,False,01/02/2019,,46301,S. DUE DI SARTORELLI LUCA,8,Dipendente,AGGIORNAMENTO IDONEITA',20/02/2020,,26/02/2019,,OK,True,False,False,C3,INDET,PT,""30,00"",False,,,,,,False,12/10/2022,,2476,,True,False,False,,,,,,,,,,,,,";;
Agg.to 2021,Medico 2021,Ente 2021,Nuova Visita 2021,Tossicodipendenza 2021,Agg.to 2022,Medico 2022,Ente 2022,Nuova Visita 2022,Tossicodipendenza 2022,GREBANOSU,ION,S. DUE DI SARTORELLI LUCA,29/04/1970,,,,False,False,True,True,I00492783S,DE,03/05/2019,21/04/2024,,,,I00492783S95,,21/04/2024,,,,,,False,06/07/2019,,46301,S. DUE DI SARTORELLI LUCA,8,Dipendente,RICHIESTA TESSERINO 21/10/2019;" TESSERINO ARRIVATO 31/10/2019,31/10/2019,OK,21/10/2019,,OK,True,False,False,C2,INDET,TP,""40,00"",False,,,,,,False,12/10/2022,,2548,,True,False,False,,,,,,,,,,,,,";
Agg.to 2021,Medico 2021,Ente 2021,Nuova Visita 2021,Tossicodipendenza 2021,Agg.to 2022,Medico 2022,Ente 2022,Nuova Visita 2022,Tossicodipendenza 2022,ISCHIA,CARLA,S. DUE DI SARTORELLI LUCA,24/10/1948,,,,False,False,True,True,U1V775781W,B,13/02/2017,24/10/2022,TN8005936,27/11/1997,18/01/2022,,,,,,,,,False,,,46301,S. DUE DI SARTORELLI LUCA,4,coll. Familiare,AGGIORNAMENTO IDONEITA',11/02/2020,OK VEDI TECA SARTORELLI S.R.L.,21/12/2012,,OK,False,False,False,,,,,False,,,,,,False,12/10/2022, | Categoria: coll. Familiare,0132,,False,False,False,,,,,,,,,,,,,;;
Agg.to 2021,Medico 2021,Ente 2021,Nuova Visita 2021,Tossicodipendenza 2021,Agg.to 2022,Medico 2022,Ente 2022,Nuova Visita 2022,Tossicodipendenza 2022,JILTEANU,GHEORGHE,S. DUE DI SARTORELLI LUCA,26/06/1971,,,,False,False,True,True,U12U36308G,BC,06/07/2020,04/07/2025,TN8011723,13/08/2015,,,,,,,,,,False,01/02/2022,,46301,S. DUE DI SARTORELLI LUCA,8,Dipendente,14/02/2022 RICHIESTA TESSERINO; TESSERINO ARRIVATO 25/02/2022,14/02/2022,,,RICHIESTA TESSERINO 14/02/2022; TESSERINO ARRIVATO 25/02/2022,,False,False,False,,,,,False,,,,,,False,12/10/2022,,2799,,False,False,False,,,,,,,,,14/02/2022,MORATELLO FRANCESCO,,03/02/2022,03/02/2022
"Agg.to 2021,Medico 2021,Ente 2021,Nuova Visita 2021,Tossicodipendenza 2021,Agg.to 2022,Medico 2022,Ente 2022,Nuova Visita 2022,Tossicodipendenza 2022,OCHISOR,ION,S. DUE DI SARTORELLI LUCA,12/06/1957,,,,False,False,True,True,U1X138061M,BCD,29/04/2017,28/04/2022,TN8008296,27/05/2008,,U1X138061M95,,09/09/2020,,,14/01/2005,15/05/2007,,False,15/01/2007,,46301,S. DUE DI SARTORELLI LUCA,8,Dipendente,AGGIORNAMENTO IDONEITA',14/02/2020,OK,21/12/2012,,OK,True,False,False,C2,INDET,TP,""40,00"",False,,,,,,False,12/10/2022, | Categoria: Dipendente,1113,,True,False,False,,,,,,,,,,,,,";;
Agg.to 2021,Medico 2021,Ente 2021,Nuova Visita 2021,Tossicodipendenza 2021,Agg.to 2022,Medico 2022,Ente 2022,Nuova Visita 2022,Tossicodipendenza 2022,PIDGHIRNII,IGOR,S. DUE DI SARTORELLI LUCA,09/06/1974,,,,False,False,True,True,TN5397466X,BCDE,19/06/2018,17/06/2021,,,,TN5397456X95,,21/03/2023,,,,,,False,01/07/2019,,46301,S. DUE DI SARTORELLI LUCA,8,Dipendente,RICHIESTA TESSERINO 21/10/2019;" TESSERINO ARRIVATO 31/10/2019,31/10/2019,OK,21/10/2019,,OK,True,False,False,C2,INDET,TP,""40,00"",False,,,,,,False,12/10/2022,,2547,,True,False,False,,,,,,,,,,,,,";
Agg.to 2021,Medico 2021,Ente 2021,Nuova Visita 2021,Tossicodipendenza 2021,Agg.to 2022,Medico 2022,Ente 2022,Nuova Visita 2022,Tossicodipendenza 2022,RUSU,MIRCEA,S. DUE DI SARTORELLI LUCA,24/06/1993,,,,False,False,True,True,U1Y693656S,B,28/07/2017,24/06/2028,TN8012092,12/10/2018,12/10/2023,,,,,,,,,False,03/02/2020,,46301,S. DUE DI SARTORELLI LUCA,8,Dipendente,RICHIESTA TESSERINO 31/01/2020;" TESSERINO ARRIVATO,07/02/2020,OK,31/01/2020,,OK,True,False,False,C3,INDET,PT,""30,00"",False,,,,,,False,12/10/2022,,2640,,True,False,False,,,,,,,,,,,,,";
Agg.to 2021,Medico 2021,Ente 2021,Nuova Visita 2021,Tossicodipendenza 2021,Agg.to 2022,Medico 2022,Ente 2022,Nuova Visita 2022,Tossicodipendenza 2022,SARTORELLI,LUCA,S. DUE DI SARTORELLI LUCA,31/08/1974,,,,False,False,True,True,U1V242579X,BCDE,17/01/2017,16/01/2022,TN8008628,25/02/2008,,U1V242579X95,,09/09/2020,,,16/01/1996,16/01/1996,20/01/1997,False,,,46301,S. DUE DI SARTORELLI LUCA,10,Titolare,AGGIORNAMENTO IDONEITA',31/01/2020,TITOLARE,,,,False,False,False,,,,,False,,,,,,True,12/10/2022, | Categoria: Titolare,0123,,False,False,False,,,,,,,,,,,,,;;
"Agg.to 2021,Medico 2021,Ente 2021,Nuova Visita 2021,Tossicodipendenza 2021,Agg.to 2022,Medico 2022,Ente 2022,Nuova Visita 2022,Tossicodipendenza 2022,XHAKOLLI,CHRISTIAN GIOVANNI,S. DUE DI SARTORELLI LUCA,19/08/1996,,,,False,False,True,True,TN5339248G,B,17/08/2015,19/08/2025,TN8011967,12/10/2017,11/10/2022,,,,,,,,,False,17/01/2018,,46301,S. DUE DI SARTORELLI LUCA,8,Dipendente,,10/04/2019,OK,08/03/2021,AGGIORNAMENTO IDONEITA',OK,True,False,False,C3,INDET,PT,""30,00"",False,,,,,,False,12/10/2022,,2387,,True,False,False,,,,08/03/2021,MORATELLO FRANCESCO,SAPI,18/01/2021,18/01/2021,,,SAPI,,";;
"Agg.to 2021,Medico 2021,Ente 2021,Nuova Visita 2021,Tossicodipendenza 2021,Agg.to 2022,Medico 2022,Ente 2022,Nuova Visita 2022,Tossicodipendenza 2022,XHAKOLLI,ILIRJAN,S. DUE DI SARTORELLI LUCA,30/01/1965,,,,False,False,True,True,VR5791309E,BCDE,25/01/2020,15/01/2025,,,,VR5791309E95,,20/01/2025,,,,,,False,29/09/2020,,46301,S. DUE DI SARTORELLI LUCA,8,Dipendente,TESSERINO ARRIVATO,01/02/2021,OK,25/01/2021,EMETTERE TESSERINO,OK,True,False,False,C2,INDET,TP,""40,00"",False,,,,,,False,12/10/2022,,2696,,True,False,False,,,,,,,,,,,,,";;
Agg.to 2021,Medico 2021,Ente 2021,Nuova Visita 2021,Tossicodipendenza 2021,Agg.to 2022,Medico 2022,Ente 2022,Nuova Visita 2022,Tossicodipendenza 2022,ANGELINI,DIEGO,SARCATOUR S.R.L.,29/08/1978,,,,False,False,True,True,U120B1394M,BCDE,07/06/2021,05/06/2026,TN8011922,23/05/2017,,U120B1394M95,,14/09/2025,,,,,,False,01/07/2019,,46463,SARCATOUR S.R.L.,8,Dipendente,EMETTERE TESSERINO 17/01/2020;" TESSERINO ARRIVATO 31/01/2020,31/01/2020,OK,17/01/2020,,OK,True,False,False,C4,INDET,TP,""40,00"",False,,,,,,True,12/10/2022,,2636,,True,False,False,,,,05/02/2021,MORATELLO FRANCESCO,SAPI,28/01/2021,28/01/2021,04/02/2022,MORATELLO FRANCESCO,SAPI,26/01/2022,";
"Agg.to 2021,Medico 2021,Ente 2021,Nuova Visita 2021,Tossicodipendenza 2021,Agg.to 2022,Medico 2022,Ente 2022,Nuova Visita 2022,Tossicodipendenza 2022,BOMBARDELLI,CLAUDIA,SARCATOUR S.R.L.,31/05/1962,,M,,False,False,True,True,U196H5329L,BCD,01/06/2022,31/05/2027,TN8010604,01/07/2009,,U196H5329L95,,24/08/2025,,,02/04/1991,02/04/1991,,False,16/09/2015,,46463,SARCATOUR S.R.L.,,Dipendente,AGGIORNAMENTO IDONEITA',17/01/2020,,07/09/2016,,,True,False,False,C4,INDET,PT,""30,00"",False,,,,,False,True,18/11/2022,,2228,,True,False,False,False,,,05/02/2021,MORATELLO FRANCESCO,SAPI,03/02/2021,03/02/2021,04/02/2022,MORATELLO FRANCESCO,SAPI,02/02/2022,";;
Agg.to 2021,Medico 2021,Ente 2021,Nuova Visita 2021,Tossicodipendenza 2021,Agg.to 2022,Medico 2022,Ente 2022,Nuova Visita 2022,Tossicodipendenza 2022,CORNALI,ANTONIO,SARCATOUR S.R.L.,,,,,False,False,True,True,,,,,,,,,,,,,,,,False,,,46463,SARCATOUR S.R.L.,,,,,,,ATTESA DOCUMENTI,,False,False,False,,,,,False,,,,,False,False,12/10/2022,,2848,11/08/2022,False,False,False,False,,,,,,,,,,,,;;
Agg.to 2021,Medico 2021,Ente 2021,Nuova Visita 2021,Tossicodipendenza 2021,Agg.to 2022,Medico 2022,Ente 2022,Nuova Visita 2022,Tossicodipendenza 2022,CORSINI,ARMANDO,SARCATOUR S.R.L.,03/02/1966,,M,,True,False,True,True,U197B9946F,BCD,19/07/2021,17/07/2026,,,,U197B9946F95,,01/10/2025,,,,,,False,11/10/2019,,46463,SARCATOUR S.R.L.,,Autista a chiamata,RICHIESTA TESSERINO 10/02/2020; TESSERINO ARRIVATO,14/02/2020,,10/02/2020,,,True,False,False,C3,DET,,,False,,,,,False,True,18/11/2022,,2643,,True,False,False,False,,,,,,,,,,,,;
"Agg.to 2021,Medico 2021,Ente 2021,Nuova Visita 2021,Tossicodipendenza 2021,Agg.to 2022,Medico 2022,Ente 2022,Nuova Visita 2022,Tossicodipendenza 2022,CRIMANI,ANTONIO,SARCATOUR S.R.L.,24/05/1962,,,,False,False,True,True,U12C90900N,BCD,06/02/2018,05/02/2023,,,,U12C90900N95,,09/09/2020,,,28/12/1987,28/12/1987,,False,01/03/2015,,46463,SARCATOUR S.R.L.,8,Dipendente,AGGIORNAMENTO IDONEITA',10/02/2020,OK,06/03/2013,,OK,True,False,False,C4,INDET,TP,""40,00"",False,,,,,,False,12/10/2022, | Categoria: Dipendente,1061,,True,False,False,,,,,,,,,,,,,";;
"Agg.to 2021,Medico 2021,Ente 2021,Nuova Visita 2021,Tossicodipendenza 2021,Agg.to 2022,Medico 2022,Ente 2022,Nuova Visita 2022,Tossicodipendenza 2022,FACCIO,FRANCO EMILIO,SARCATOUR S.R.L.,25/10/1961,,,,False,False,True,True,TN5420234K,BCDE,22/08/2019,01/08/2024,,,,TN5420234K95,,08/08/2024,,,,,,False,01/09/2021,,46463,SARCATOUR S.R.L.,8,Dipendente,RICHIESTA TESSERINO 25/11/2021.TESSERINO ARRIVATO 29/11/2021,25/11/2021,OK,25/11/2021,RICHIESTA TESSERINO 25/11/2021.TESSERINO ARRIVATO 29/11/2021,OK,True,False,False,C2,INDET,TP,""40,00"",False,,,,,,True,12/10/2022,,2772,,True,False,False,,,,25/11/2021,MORATELLO FRANCESCO,SAPI,18/11/2021,,,,SAPI,,";;
"Agg.to 2021,Medico 2021,Ente 2021,Nuova Visita 2021,Tossicodipendenza 2021,Agg.to 2022,Medico 2022,Ente 2022,Nuova Visita 2022,Tossicodipendenza 2022,FERNANDEZ IRIGOITIA,SILVIA MARIELA,SARCATOUR S.R.L.,02/04/1982,,,,False,False,True,True,TN5435801U,BDE,26/08/2020,10/01/2025,TN8011861,04/11/2016,21/10/2021,TN5435801U95,,26/08/2025,,,,,,False,24/09/2021,,46463,SARCATOUR S.R.L.,8,Dipendente,RICHIESTA TESSERINO 23/11/2021.TESSERINO ARRIVATO 29/11/2021. CHIESTO DUPLICATO 08/03/2022.TESSRINO ARRIVATO 17/03/2022,23/11/2021,OK,23/11/2021,RICHIESTA TESSERINO 23/11/2021.TESSERINO ARRIVATO 29/11/2021.CHIESTO DUPLICATO 08/03/2022.TESSRINO ARRIVATO 17/03/2022,OK,True,False,False,C3,DET,TP,""40,00"",False,,,,,,False,12/10/2022,,2769,,True,False,False,,,,23/11/2021,MORATELLO FRANCESCO,SAPI,18/11/2021,,,,SAPI,,";;
"Agg.to 2021,Medico 2021,Ente 2021,Nuova Visita 2021,Tossicodipendenza 2021,Agg.to 2022,Medico 2022,Ente 2022,Nuova Visita 2022,Tossicodipendenza 2022,GIOVANETTI,GIUSEPPE,SARCATOUR S.R.L.,12/02/1970,,,,False,False,True,True,TN5434307X,BCDE,14/07/2020,27/02/2025,,,,TN5434307X95,,02/07/2025,,,02/08/1995,02/08/1995,02/08/1995,False,17/03/2009,,46463,SARCATOUR S.R.L.,8,Dipendente,AGGIORNAMENTO IDONEITA',17/01/2020,OK,30/11/2012,,OK,True,False,False,C4,INDET,TP,""40,00"",False,,,,,,True,12/10/2022, | Categoria: Dipendente,1238,,True,False,False,,,,05/02/2021,MORATELLO FRANCESCO,SAPI,28/01/2021,28/01/2021,04/02/2022,MORATELLO FRANCESCO,SAPI,26/01/2022,";;
Agg.to 2021,Medico 2021,Ente 2021,Nuova Visita 2021,Tossicodipendenza 2021,Agg.to 2022,Medico 2022,Ente 2022,Nuova Visita 2022,Tossicodipendenza 2022,NARDELLI,OLIVIO,SARCATOUR S.R.L.,,,,,False,False,True,True,,,,,,,,,,,,,,,,False,,,46463,SARCATOUR S.R.L.,,,,,,,ATTESA DOCUMENTI,,False,False,False,,,,,False,,,,,False,False,12/10/2022,,2849,11/08/2022,False,False,False,False,,,,,,,,,,,,;;
Agg.to 2021,Medico 2021,Ente 2021,Nuova Visita 2021,Tossicodipendenza 2021,Agg.to 2022,Medico 2022,Ente 2022,Nuova Visita 2022,Tossicodipendenza 2022,SANTONI,DANTE,SARCATOUR S.R.L.,23/08/1936,,M,,False,False,True,True,TN5318784A,B,22/07/2014,20/09/2016,TN8006581,09/10/2001,17/07/2016,,,,,,,,,False,,,46463,SARCATOUR S.R.L.,,Socio,,10/04/2019,,,,,False,False,False,,,,,False,,,,,False,False,16/11/2022,Titolare / non guida,0636,,False,False,False,False,,,,,,,,,,,,;;
Agg.to 2021,Medico 2021,Ente 2021,Nuova Visita 2021,Tossicodipendenza 2021,Agg.to 2022,Medico 2022,Ente 2022,Nuova Visita 2022,Tossicodipendenza 2022,SANTONI,MATTEO,SARCATOUR S.R.L.,30/10/1976,,,,False,False,True,True,TN5423751P,BCDE,22/10/2019,12/11/2023,,,,TN5423751P95,,21/10/2024,,,25/05/1998,25/05/1998,25/05/1998,False,,,46463,SARCATOUR S.R.L.,9,Socio,AGGIORNAMENTO IDONEITA',10/02/2020,OK,30/11/2012,,OK,False,False,False,,,,,False,,,,,,False,12/10/2022, | Categoria: Titolare,0638,,False,False,False,,,,05/02/2021,MORATELLO FRANCESCO,SAPI,03/02/2021,03/02/2021,04/02/2022,MORATELLO FRANCESCI,SAPI,02/02/2022,;;
Agg.to 2021,Medico 2021,Ente 2021,Nuova Visita 2021,Tossicodipendenza 2021,Agg.to 2022,Medico 2022,Ente 2022,Nuova Visita 2022,Tossicodipendenza 2022,SANTONI,ROBERTO,SARCATOUR S.R.L.,31/12/1968,,,,False,False,True,True,U17M33650A,BCD,22/07/2019,20/07/2024,TN8008317,24/01/2008,,U17M33650A95,,09/09/2020,,,22/09/1994,22/09/1994,,False,,,46463,SARCATOUR S.R.L.,9,Socio,AGGIORNAMENTO IDONEITA',10/02/2020,OK,30/11/2012,,OK,False,False,False,,,,,False,,,,,,False,12/10/2022, | Categoria: Titolare,0637,,False,False,False,,,,05/02/2021,MORATELLO FRANCESCO,SAPI,03/02/2021,03/02/2021,04/02/2022,MORATELLO FRANCESCO,SAPI,02/02/2022,;;
"Agg.to 2021,Medico 2021,Ente 2021,Nuova Visita 2021,Tossicodipendenza 2021,Agg.to 2022,Medico 2022,Ente 2022,Nuova Visita 2022,Tossicodipendenza 2022,DETASSIS,IVANO,SARTORELLI SOCIETA' A RESPONSABILITA' LIMITATA IN SIGLA SARTORELLI S.R.L.,01/11/1962,,,,False,False,True,True,U14T37702W,BCD,04/06/2020,03/06/2025,,,,U14T37702W95,,30/06/2020,,,,,,False,04/11/2015,,46451,SARTORELLI SOCIETA' A RESPONSABILITA',8,Dipendente,AGGIORNAMENTO IDONEITA',31/01/2020,OK,22/01/2016,CONTRATTO AUTOSCUOLE,OK,False,False,False,4 LIVELLO,INDET,TP,""39,00"",False,,,,,,False,12/10/2022,,2177,,False,False,False,,,,,,,,,,,,,";;
Agg.to 2021,Medico 2021,Ente 2021,Nuova Visita 2021,Tossicodipendenza 2021,Agg.to 2022,Medico 2022,Ente 2022,Nuova Visita 2022,Tossicodipendenza 2022,DOKO,ARJAN,SARTORELLI SOCIETA' A RESPONSABILITA' LIMITATA IN SIGLA SARTORELLI S.R.L.,02/08/1960,,,,False,False,True,True,TN5439679K,BCDE,30/09/2020,15/09/2025,TN8011785,18/01/2016,,TN5439679K95,,18/09/2025,,,,,,False,04/11/2019,,46451,SARTORELLI SOCIETA' A RESPONSABILITA',8,Dipendente,EMETTERE TESSERINO 07/11/2019;" TESSERINO ARRIVATO,15/11/2019,OK,07/11/2019,,OK,True,False,False,C2,INDET,TP,""39,00"",False,,,,,,False,12/10/2022,,2560,,True,False,False,,,,08/03/2021,MORATELLO FRANCESCO,SAPI,25/02/2021,25/02/2021,,,SAPI,,";
"Agg.to 2021,Medico 2021,Ente 2021,Nuova Visita 2021,Tossicodipendenza 2021,Agg.to 2022,Medico 2022,Ente 2022,Nuova Visita 2022,Tossicodipendenza 2022,FATTORELLI,CRISTIAN,SARTORELLI SOCIETA' A RESPONSABILITA' LIMITATA IN SIGLA SARTORELLI S.R.L.,14/10/1981,,,,False,False,True,True,U1U347868N,BCD,14/11/2016,12/11/2021,TN8006935,04/07/2003,,U1U347868N95,,09/09/2020,,,07/04/2003,07/04/2003,,False,31/07/2009,,46451,SARTORELLI SOCIETA' A RESPONSABILITA',8,Dipendente,AGGIORNAMENTO IDONEITA',31/01/2020,OK,21/12/2012,,OK,True,False,False,C2,INDET,TP,""40,00"",False,,,,,,False,12/10/2022, | Categoria: Dipendente,0678,,True,False,False,,,,08/03/2021,MORATELLO FRANCESCO,SAPI,25/02/2021,25/02/2021,,,SAPI,,";;
"Agg.to 2021,Medico 2021,Ente 2021,Nuova Visita 2021,Tossicodipendenza 2021,Agg.to 2022,Medico 2022,Ente 2022,Nuova Visita 2022,Tossicodipendenza 2022,HOXHA,KRESHNIK,SARTORELLI SOCIETA' A RESPONSABILITA' LIMITATA IN SIGLA SARTORELLI S.R.L.,24/01/1975,,,,False,False,True,True,TN5447153B,BCDE,06/02/2021,29/01/2026,TN8011826,31/05/2016,,TN5447153B95,,04/02/2026,,,02/03/2015,08/02/2016,08/02/2016,False,11/11/2016,,46451,SARTORELLI SOCIETA' A RESPONSABILITA',8,Dipendente,AGGIORNAMENTO IDONEITA',31/01/2020,OK,22/11/2016,,OK,True,False,False,C2,INDET,PT,""35,00"",False,,,,,,False,12/10/2022,,2257,,True,False,False,,,,,,,,,,,,,";;
"Agg.to 2021,Medico 2021,Ente 2021,Nuova Visita 2021,Tossicodipendenza 2021,Agg.to 2022,Medico 2022,Ente 2022,Nuova Visita 2022,Tossicodipendenza 2022,IQBAL,JAVED,SARTORELLI SOCIETA' A RESPONSABILITA' LIMITATA IN SIGLA SARTORELLI S.R.L.,04/11/1984,,,,False,False,True,True,TN5398900G,BCDE,25/07/2018,19/12/2022,,,,TN5398900G95,,25/07/2023,,,,,,False,05/12/2018,,46451,SARTORELLI SOCIETA' A RESPONSABILITA',8,Dipendente,AGGIORNAMENTO IDONEITA',31/01/2020,OK,19/12/2018,,OK,True,False,False,C2,INDET,TP,""40,00"",False,,,,,,False,12/10/2022,,2461,,True,False,False,,,,08/03/2021,MORATELLO FRANCESCO,SAPI,11/02/2021,11/02/2021,,,SAPI,,";;
Agg.to 2021,Medico 2021,Ente 2021,Nuova Visita 2021,Tossicodipendenza 2021,Agg.to 2022,Medico 2022,Ente 2022,Nuova Visita 2022,Tossicodipendenza 2022,ISCHIA,CARLA,SARTORELLI SOCIETA' A RESPONSABILITA' LIMITATA IN SIGLA SARTORELLI S.R.L.,24/10/1948,,,,False,False,True,True,U1V775781W,B,13/02/2017,24/10/2022,TN8005936,27/11/1997,18/01/2022,,,,,,,,,False,,,46451,SARTORELLI SOCIETA' A RESPONSABILITA',9,Socio,AGGIORNAMENTO IDONEITA',11/02/2020,OK,21/12/2012,,OK,False,False,False,,,,,False,,,,,,False,12/10/2022, | Categoria: Socio,0652,,False,False,False,,,,,,,,,,,,,;;
"Agg.to 2021,Medico 2021,Ente 2021,Nuova Visita 2021,Tossicodipendenza 2021,Agg.to 2022,Medico 2022,Ente 2022,Nuova Visita 2022,Tossicodipendenza 2022,LASORELLA,TIZIANA,SARTORELLI SOCIETA' A RESPONSABILITA' LIMITATA IN SIGLA SARTORELLI S.R.L.,04/10/1973,,,,False,False,True,True,TN5428312X,BCD,11/01/2020,04/12/2024,TN8008262,09/01/2008,,TN5428312X95,,23/12/2024,,,,,,False,03/04/2018,,46451,SARTORELLI SOCIETA' A RESPONSABILITA',8,Dipendente,AGGIORNAMENTO IDONEITA',31/01/2020,OK,30/05/2018,,OK,True,False,False,C2,INDET,TP,""40,00"",False,,,,,,False,12/10/2022,,2391,,True,False,False,,,,,,,,,,,,,";;
"Agg.to 2021,Medico 2021,Ente 2021,Nuova Visita 2021,Tossicodipendenza 2021,Agg.to 2022,Medico 2022,Ente 2022,Nuova Visita 2022,Tossicodipendenza 2022,LAURINSKA,RENATA,SARTORELLI SOCIETA' A RESPONSABILITA' LIMITATA IN SIGLA SARTORELLI S.R.L.,16/05/1967,,,,False,False,True,True,TN5405738E,BCDE,20/11/2018,20/11/2023,TN8012077,17/03/2018,,TN5405738E,,01/12/2023,,,,,,False,11/01/2019,,46451,SARTORELLI SOCIETA' A RESPONSABILITA',8,Dipendente,AGGIORNAMENTO IDONEITA',31/01/2020,OK,12/02/2019,,OK,True,False,False,C2,INDET,TP,""40,00"",False,,,,,,False,12/10/2022,,2475,,True,False,False,,,,08/03/2021,MORATELLO FRANCESCO,SAPI,25/02/2021,25/02/2021,,,SAPI,,";;
"Agg.to 2021,Medico 2021,Ente 2021,Nuova Visita 2021,Tossicodipendenza 2021,Agg.to 2022,Medico 2022,Ente 2022,Nuova Visita 2022,Tossicodipendenza 2022,LEONI,SIMONE,SARTORELLI SOCIETA' A RESPONSABILITA' LIMITATA IN SIGLA SARTORELLI S.R.L.,10/04/1971,,,,False,False,True,True,U12P31742D,MB,17/10/2019,10/04/2030,TN8012167,17/05/2019,,,,,,,,,,False,02/07/2018,,46451,SARTORELLI SOCIETA' A RESPONSABILITA',8,DIPENDENTE,TESSERINO ARRIVATO,01/02/2021,OK,25/01/2021,EMETTERE TESSERINO,,True,False,False,C4,INDET,TP,""39,00"",False,,,,,,False,12/10/2022,,2695,,True,False,False,,,,,,,,,,,,,";;
"Agg.to 2021,Medico 2021,Ente 2021,Nuova Visita 2021,Tossicodipendenza 2021,Agg.to 2022,Medico 2022,Ente 2022,Nuova Visita 2022,Tossicodipendenza 2022,PISONI,MARIO,SARTORELLI SOCIETA' A RESPONSABILITA' LIMITATA IN SIGLA SARTORELLI S.R.L.,16/06/1965,,,,False,False,True,True,U1V503371K,BCDE,30/01/2017,28/01/2022,TN8008254,09/01/2008,,U1V503371K95,,09/09/2020,,,13/11/1985,14/03/1997,14/03/1997,False,13/09/2016,,46451,SARTORELLI SOCIETA' A RESPONSABILITA',8,Dipendente,AGGIORNAMENTO IDONEITA',31/01/2020,OK,03/10/2016,,OK,True,False,False,C2,INDET,TP,""40,00"",False,,,,,,False,12/10/2022,,2242,,True,False,False,,,,08/03/2021,MORATELLO FRANCESCO,SAPI,25/02/2021,25/02/2021,,,SAPI,,";;
"Agg.to 2021,Medico 2021,Ente 2021,Nuova Visita 2021,Tossicodipendenza 2021,Agg.to 2022,Medico 2022,Ente 2022,Nuova Visita 2022,Tossicodipendenza 2022,RIGHI,LUISA,SARTORELLI SOCIETA' A RESPONSABILITA' LIMITATA IN SIGLA SARTORELLI S.R.L.,18/06/1964,,,,False,False,True,True,TN5439386P,BD,25/09/2020,16/06/2023,,,,TN5439386P95,12/02/2013,23/09/2025,,,,04/08/2008,,False,12/09/2007,,46451,SARTORELLI SOCIETA' A RESPONSABILITA',8,Dipendente,AGGIORNAMENTO IDONEITA',31/01/2020,OK,21/12/2012,,OK,True,False,False,C3,INDET,PT,""21,00"",False,,,,,,False,12/10/2022, | Categoria: Dipendente,1179,,True,False,False,,,,,,,,,,,,,";;
Agg.to 2021,Medico 2021,Ente 2021,Nuova Visita 2021,Tossicodipendenza 2021,Agg.to 2022,Medico 2022,Ente 2022,Nuova Visita 2022,Tossicodipendenza 2022,RIZZI,CRISTIAN,SARTORELLI SOCIETA' A RESPONSABILITA' LIMITATA IN SIGLA SARTORELLI S.R.L.,08/01/1975,,,,False,False,True,True,TN5428310V,BCDE,11/01/2020,27/11/2024,,,,TN5428310V95,,23/12/2024,,,,,,False,28/11/2015,,46451,SARTORELLI SOCIETA' A RESPONSABILITA',11,Autista a chiamata,AGGIORNAMENTO IDONEITA',31/01/2020,OK,22/01/2016,,OK,True,False,False,C4,INDET,,,False,,,,,,False,12/10/2022,,2178,,True,False,False,,,,08/03/2021,MORATELLO FRANCESCO,SAPI,11/02/2021,11/02/2021,,,SAPI,,;;
Agg.to 2021,Medico 2021,Ente 2021,Nuova Visita 2021,Tossicodipendenza 2021,Agg.to 2022,Medico 2022,Ente 2022,Nuova Visita 2022,Tossicodipendenza 2022,SARTORELLI,ELIGIO,SARTORELLI SOCIETA' A RESPONSABILITA' LIMITATA IN SIGLA SARTORELLI S.R.L.,03/01/1948,,,,False,False,True,True,U13N95857U,B,06/09/2019,05/09/2021,TN8009609,09/09/2014,,,,,,,29/10/1968,29/11/1969,,False,,,46451,SARTORELLI SOCIETA' A RESPONSABILITA',10,Titolare,AGGIORNAMENTO IDONEITA',31/01/2020,TITOLARE,,,,False,False,False,,,,,False,,,,,,True,12/10/2022, | Categoria: Titolare,0650,,False,False,False,,,,,,,,,,,,,;;
Agg.to 2021,Medico 2021,Ente 2021,Nuova Visita 2021,Tossicodipendenza 2021,Agg.to 2022,Medico 2022,Ente 2022,Nuova Visita 2022,Tossicodipendenza 2022,SARTORELLI,LUCA,SARTORELLI SOCIETA' A RESPONSABILITA' LIMITATA IN SIGLA SARTORELLI S.R.L.,31/08/1974,,,,False,False,True,True,U1V242579X,BCDE,17/01/2017,16/01/2022,,,,U1V242579X95,,09/09/2020,,,,,,False,01/09/2002,,46451,SARTORELLI SOCIETA' A RESPONSABILITA',9,Socio,,10/04/2019,OK,21/12/2012,,OK,False,False,False,,,,,False,,,,,,False,12/10/2022, | Categoria: Socio,0939,,False,False,False,,,,08/03/2021,MORATELLO FRANCESCO,SAPI,03/12/2020,03/12/2020,,,SAPI,,;;
Agg.to 2021,Medico 2021,Ente 2021,Nuova Visita 2021,Tossicodipendenza 2021,Agg.to 2022,Medico 2022,Ente 2022,Nuova Visita 2022,Tossicodipendenza 2022,DONINI,IORAM,SIGNORI SI PARTE DI DONINI IORAM,20/01/1976,,M,,True,True,True,True,U195B5512M,BCDE,17/07/2021,16/07/2026,TN8005714,18/02/1997,,U195B5512M,,29/09/2025,,,06/03/1996,06/03/1996,06/03/1996,False,,,47609,SIGNORI SI PARTE DI DONINI IORAM,,Titolare,,10/04/2019,,28/11/2012,,,False,False,False,,,,,False,,,,,False,True,18/10/2022,,2625,,False,False,False,False,,OK,,,,,,,,,,;;
Agg.to 2021,Medico 2021,Ente 2021,Nuova Visita 2021,Tossicodipendenza 2021,Agg.to 2022,Medico 2022,Ente 2022,Nuova Visita 2022,Tossicodipendenza 2022,GIOVANNINI,CARLO,SIGNORI SI PARTE DI DONINI IORAM,10/03/1956,,M,,True,False,True,True,U153G1400F,BCDE,30/03/2022,29/03/2024,,,,U153B1400F,,10/12/2024,,,,,,False,24/09/2019,,47609,SIGNORI SI PARTE DI DONINI IORAM,,Dipendente,RICHIESTA TESSERINO 16/05/2019. TESSERINO ARRIVATO 24/05/2019. AGGIORNAMENTO IDONEITA' 14/11/19,24/05/2019,,16/05/2019,,,False,True,False,3 SUPER,,,,False,,,,,False,True,28/10/2022,,2626,,False,True,False,False,,OK,11/08/2022,BENEDETTI ALESSANDRO,SAPI,09/09/2021,09/09/2021,28/10/2022,BENEDETTI ALESSANDRO,SAPI,24/10/2022,24/10/2022;;
"Agg.to 2021,Medico 2021,Ente 2021,Nuova Visita 2021,Tossicodipendenza 2021,Agg.to 2022,Medico 2022,Ente 2022,Nuova Visita 2022,Tossicodipendenza 2022,MANSOURI,ANIS,SIGNORI SI PARTE DI DONINI IORAM,20/08/1994,,M,,True,False,True,True,TN5444937J,BCDE,13/01/2021,12/01/2026,TN8012272,24/02/2022,,TN5444937J95,,31/05/2025,,,,,,True,09/11/2021,,47609,SIGNORI SI PARTE DI DONINI IORAM,,Dipendente,RICHIESTA TESSERINO 28/07/2022.TESSERINO ARRIVATO 11/08/2022,28/07/2022,,28/07/2022,,,False,True,False,C3,INDET,PT,""25,00"",False,,,,,False,True,18/10/2022,TESSERINO 22-25 ARRIVATO 18/10/2022,2827,03/08/2022,False,True,False,False,,OK,,,,,,28/07/2022,BENEDETTI ALESSANDRO,,31/03/2022,31/03/2022";;
"Agg.to 2021,Medico 2021,Ente 2021,Nuova Visita 2021,Tossicodipendenza 2021,Agg.to 2022,Medico 2022,Ente 2022,Nuova Visita 2022,Tossicodipendenza 2022,MONTIBELLER,CHRISTIAN,SIGNORI SI PARTE DI DONINI IORAM,15/05/1998,,M,,True,False,True,True,VI5634139J,BCDE,11/09/2020,11/09/2025,,,,VI5634139J95,,25/09/2024,,,,,,True,19/04/2022,,47609,SIGNORI SI PARTE DI DONINI IORAM,,Dipendente,RICHIESTA TESSERINO 28/07/2022.TESSERINO ARRIVATO 11/08/2022,28/07/2022,,28/07/2022,,,False,True,False,C3,DET,TP,""40,00"",False,,,,,False,True,18/10/2022,TESSERINO 22-25 ARRIVATO 18/10/2022,2826,03/08/2022,False,True,False,False,,OK,,,,,,28/07/2022,BENEDETTI ALESSANDRO,,28/06/2022,28/06/2022";;
Agg.to 2021,Medico 2021,Ente 2021,Nuova Visita 2021,Tossicodipendenza 2021,Agg.to 2022,Medico 2022,Ente 2022,Nuova Visita 2022,Tossicodipendenza 2022,BELTRAMI,LUCA,SOLETANA VIAGGI S.R.L.,05/07/1971,,,,True,False,True,True,TN5417896T,BCDE,05/07/2019,18/01/2024,,,,TN5417896T95,,18/01/2024,,,,,,False,,,46434,SOLETANA VIAGGI S.R.L.,10,Titolare,AGGIORNAMENTO IDONEITA',17/01/2020,TITOLARE,28/11/2012,,,False,False,False,,,,,False,,,,,,True,12/10/2022, | Categoria: Titolare,1609,,False,False,False,,,OK,,,,,,26/08/2022,,,07/02/2022,07/02/2022;;
"Agg.to 2021,Medico 2021,Ente 2021,Nuova Visita 2021,Tossicodipendenza 2021,Agg.to 2022,Medico 2022,Ente 2022,Nuova Visita 2022,Tossicodipendenza 2022,MAJKIC,OGNJEN,SOLETANA VIAGGI S.R.L.,05/10/1992,,,,True,False,True,True,BS5898745P,BD,22/02/2018,03/11/2022,,,,BS5898745P95,,22/02/2023,,,,,,False,10/03/2018,,46434,SOLETANA VIAGGI S.R.L.,8,Dipendente,AGGIORNAMENTO IDONEITA',17/01/2020,OK,21/09/2018,,OK,True,False,False,C2/4,INDET,TP,""40,00"",False,,,,,,False,12/10/2022,,2424,,True,False,False,,,OK,25/03/2021,PAROLARI GIACOMO,ECO SPES,23/03/2021,23/03/2021,26/08/2022,,ECO SPES,08/03/2022,08/03/2022";;
Agg.to 2021,Medico 2021,Ente 2021,Nuova Visita 2021,Tossicodipendenza 2021,Agg.to 2022,Medico 2022,Ente 2022,Nuova Visita 2022,Tossicodipendenza 2022,PELLEGRINI,WALTER,SRT S.R.L.S.,11/09/1989,TRENTO,M,,True,True,True,True,U15P56778P,B,07/11/2019,11/09/2030,TN8012194,06/08/2019,01/08/2024,,,,,,,,,False,12/09/2022,,47865,SRT S.R.L.S.,,,,,,,,,False,False,False,,,,,True,,,,,False,False,16/11/2022,,,,False,False,False,False,,MANCA CASELLARIO X RICHIESTA TESSERINO,,,,,,16/11/2022,MORATELLO FRANCESCO,,13/10/2022,13/10/2022;;
"Agg.to 2021,Medico 2021,Ente 2021,Nuova Visita 2021,Tossicodipendenza 2021,Agg.to 2022,Medico 2022,Ente 2022,Nuova Visita 2022,Tossicodipendenza 2022,ADROGNA,ANNA,STENGHELE S.R.L.,29/10/1959,,M,,True,False,True,True,U127H7925J,BCD,03/05/2022,29/10/2026,,,,U127H7925J95,,09/09/2020,,,13/12/1991,13/12/1991,,False,12/10/2025,,46115,STENGHELE F.LLI SNC DI STENGHELE,,Dipendente,AGGIORNAMENTO IDONEITA',22/11/2019,,21/01/2013,,,False,False,True,5,INDET,TP,""40,00"",False,,,,,False,True,13/10/2022, | Categoria: Dipendente Part-time,0696,,False,False,True,False,,OK,30/09/2022,QUINTARELLI EMANUELE,SAPI,27/08/2021,27/08/2021,12/10/2022,QUINTARELLI EMANUELE,SAPI,22/09/2022,22/09/2022";;
"Agg.to 2021,Medico 2021,Ente 2021,Nuova Visita 2021,Tossicodipendenza 2021,Agg.to 2022,Medico 2022,Ente 2022,Nuova Visita 2022,Tossicodipendenza 2022,BERTOLDI,ALBERTO,STENGHELE S.R.L.,30/08/1981,,M,,True,False,True,True,TN5435954H,BCDE,11/08/2020,22/06/2025,,,,TN5435954H95,,30/07/2025,,,28/06/2002,11/06/2010,11/06/2010,False,07/01/2016,,46115,STENGHELE F.LLI SNC DI STENGHELE,,Dipendente,AGGIORNAMENTO IDONEITA',20/12/2019,,30/09/2022,,,False,False,True,5,INDET,TP,""40,00"",False,,,,,False,True,12/10/2022,,2176,,False,False,True,False,,OK,30/09/2022,QUINTARELLI EMANUELE,SAPI,17/12/2021,17/12/2021,,,SAPI,,";;
Agg.to 2021,Medico 2021,Ente 2021,Nuova Visita 2021,Tossicodipendenza 2021,Agg.to 2022,Medico 2022,Ente 2022,Nuova Visita 2022,Tossicodipendenza 2022,LUNELLI,FRANCO,STENGHELE S.R.L.,16/12/1964,,,,False,False,True,True,U153E6454M,BCDE,15/12/2021,14/12/2026,TN8003511,06/02/1995,,U153E6454M95,,31/03/2022,,,,05/05/1986,,False,,,46115,STENGHELE F.LLI SNC DI STENGHELE,11,Autista a chiamata,AGGIORNAMENTO IDONEITA',20/12/2019,OK,28/11/2012,,OK,False,False,True,4,INDET,,,False,,,,,,True,12/10/2022, | Categoria: Autista a chiamata,0697,,False,False,True,,,,,,,,,21/01/2022,QUINTARELLI EMANUELE,,14/01/2022,14/01/2022;;
Agg.to 2021,Medico 2021,Ente 2021,Nuova Visita 2021,Tossicodipendenza 2021,Agg.to 2022,Medico 2022,Ente 2022,Nuova Visita 2022,Tossicodipendenza 2022,LUNELLI,PAOLO,STENGHELE S.R.L.,22/10/1971,,,,False,False,True,True,U14P74795N,BCDE,02/11/2019,31/10/2022,TN8005481,04/06/1996,,U12G30868M95,,09/09/2020,,,05/10/1993,05/10/1993,05/10/1993,False,,,46115,STENGHELE F.LLI SNC DI STENGHELE,11,Autista a chiamata,AGGIORNAMENTO IDONEITA',20/12/2019,OK,28/11/2012,,OK,False,False,True,4,INDET,,,False,,,,,,True,12/10/2022, | Categoria: Autista a chiamata,0698,,False,False,True,,,,,,,,,,,,,;;
Agg.to 2021,Medico 2021,Ente 2021,Nuova Visita 2021,Tossicodipendenza 2021,Agg.to 2022,Medico 2022,Ente 2022,Nuova Visita 2022,Tossicodipendenza 2022,STENGHELE,ALDO,STENGHELE S.R.L.,26/09/1955,,,,False,False,True,True,U13C46745X,BCD,09/02/2018,26/09/2022,,,,U13C46745X95,,09/09/2020,,,,25/01/1977,,False,,,46115,STENGHELE F.LLI SNC DI STENGHELE,10,Titolare,,10/04/2019,TITOLARE,,,,False,False,False,,,,,False,,,,,,True,12/10/2022, | Categoria: Titolare,0694,,False,False,False,,,,,,,,,,,,,;;
"Agg.to 2021,Medico 2021,Ente 2021,Nuova Visita 2021,Tossicodipendenza 2021,Agg.to 2022,Medico 2022,Ente 2022,Nuova Visita 2022,Tossicodipendenza 2022,STENGHELE,ALESSIA,STENGHELE S.R.L.,13/07/1984,,M,,True,False,True,True,U178J3074X,BDE,30/06/2022,28/06/2027,,,,U178J3074X95,,12/10/2025,,,,22/05/2007,17/06/2016,False,04/11/2005,,46115,STENGHELE F.LLI SNC DI STENGHELE,,Dipendente,AGGIORNAMENTO IDONEITA e RICHIESTA DUPLICATO TESSERINO,21/11/2019,,21/01/2013,,,False,False,True,5,INDET,TP,""40,00"",False,,,,,False,True,12/10/2022, | Categoria: Dipendente,0960,,False,False,True,False,,OK,03/12/2021,QUINTARELLI EMANUELE,SAPI,04/06/2021,,11/07/2022,QUITARELLI EMANUELE,SAPI,30/06/2022,30/06/2022";;
"Agg.to 2021,Medico 2021,Ente 2021,Nuova Visita 2021,Tossicodipendenza 2021,Agg.to 2022,Medico 2022,Ente 2022,Nuova Visita 2022,Tossicodipendenza 2022,STENGHELE,ISABELLA,STENGHELE S.R.L.,11/08/1989,,,,False,False,True,True,U142J6908X,BCDE,16/06/2022,15/06/2027,,,,U142J6908X95,,25/09/2024,,,05/07/2013,20/12/2013,17/06/2016,False,01/08/2008,,46115,STENGHELE F.LLI SNC DI STENGHELE,8,Dipendente,AGGIORNAMENTO IDONEITA',22/11/2019,OK,21/01/2013,,OK,False,False,True,5,INDET,TP,""40,00"",False,,,,,,True,12/10/2022, | Categoria: Dipendente,1626,,False,False,True,,,,03/12/2021,QUINTARELLI EMANUELE,SAPI,01/10/2021,,,,SAPI,,";;
Agg.to 2021,Medico 2021,Ente 2021,Nuova Visita 2021,Tossicodipendenza 2021,Agg.to 2022,Medico 2022,Ente 2022,Nuova Visita 2022,Tossicodipendenza 2022,TRIFILETTI,ALESSIO,STENGHELE S.R.L.,06/12/1972,,M,,True,False,True,True,TN5423478F,BCDE,17/10/2019,08/10/2024,,,,TN5423478F95,,09/10/2024,,,,,,True,01/07/2022,,46115,STENGHELE F.LLI SNC DI STENGHELE,,Dipendente,RICHIESTA TESSERINO 11/08/2022,11/08/2022,,30/09/2022,,,False,False,True,,,,,False,,,,,False,True,18/10/2022,TESSERINO 22-25 ARRIVATO 18/10/2022,2863,14/08/2022,False,False,True,False,,OK,,,,,,11/08/2022,QUINTARELLI EMANUELE,,03/03/2022,03/03/2022;;
Agg.to 2021,Medico 2021,Ente 2021,Nuova Visita 2021,Tossicodipendenza 2021,Agg.to 2022,Medico 2022,Ente 2022,Nuova Visita 2022,Tossicodipendenza 2022,ECCHER,ANITA,SVALDI PIERINO,13/12/1952,,M,,True,False,True,True,TN544423U,B,16/12/2020,13/12/2025,TN8008605,21/02/2008,,,,,,,,,,False,,,46018,SVALDI PIERINO,,coll. Familiare,AGGIORNAMENTO IDONEITA',04/12/2019,,29/09/2022,,,False,False,False,,,,,False,,,,,False,True,12/10/2022, | Categoria: coll. Familiare,0705,,False,False,False,False,,OK,27/09/2022,QUINTARELLI EMANUELE,SAPI,05/11/2021,05/11/2021,,,SAPI,,;;
Agg.to 2021,Medico 2021,Ente 2021,Nuova Visita 2021,Tossicodipendenza 2021,Agg.to 2022,Medico 2022,Ente 2022,Nuova Visita 2022,Tossicodipendenza 2022,SVALDI,CHRISTIAN,SVALDI PIERINO,27/03/1979,,M,,True,False,True,True,U174D1302K,BCDE,30/10/2021,29/10/2026,,,,U174D1302K95,,31/03/2022,,,21/12/2000,21/12/2000,19/10/2009,False,,,46018,SVALDI PIERINO,,coll. Familiare,AGGIORNAMENTO IDONEITA',02/12/2019,,02/10/2012,,,False,False,False,,,,,False,,,,,False,True,12/10/2022, | Categoria: coll. Familiare,0709,,False,False,False,False,,OK,27/09/2022,QUINTARELLI EMANUELE,SAPI,05/11/2021,05/11/2021,,,SAPI,,;;
Agg.to 2021,Medico 2021,Ente 2021,Nuova Visita 2021,Tossicodipendenza 2021,Agg.to 2022,Medico 2022,Ente 2022,Nuova Visita 2022,Tossicodipendenza 2022,SVALDI,MIRKO,SVALDI PIERINO,07/08/1984,,M,,True,False,True,True,TN5431843N,BCDE,18/03/2020,21/01/2025,BS8017605,03/07/2008,,TN5431843N95,,03/03/2025,,,,30/05/2007,,False,,,46018,SVALDI PIERINO,,coll. Familiare,AGGIORNAMENTO IDONEITA',02/12/2019,,02/10/2012,,,False,False,False,,,,,False,,,,,False,True,12/10/2022, | Categoria: coll. Familiare,1177,,False,False,False,False,,OK,27/09/2022,QUINTARELLI EMANUELE,SAPI,14/10/2021,14/10/2021,,,SAPI,,;;
Agg.to 2021,Medico 2021,Ente 2021,Nuova Visita 2021,Tossicodipendenza 2021,Agg.to 2022,Medico 2022,Ente 2022,Nuova Visita 2022,Tossicodipendenza 2022,SVALDI,PIERINO,SVALDI PIERINO,10/08/1947,,M,,True,False,True,True,U11X86008W,BC,15/12/2020,14/12/2022,,,,,,,,,18/01/1982,18/01/1982,,False,,,46018,SVALDI PIERINO,,Titolare,,10/04/2019,,,,,False,False,False,,,,,False,,,,,False,True,12/10/2022, | Categoria: Titolare,0704,,False,False,False,False,,OK,,,,,,,,,,;;
Agg.to 2021,Medico 2021,Ente 2021,Nuova Visita 2021,Tossicodipendenza 2021,Agg.to 2022,Medico 2022,Ente 2022,Nuova Visita 2022,Tossicodipendenza 2022,TAMBURINI,MARIO,TAMBURINI MARIO,03/05/1971,,M,,True,True,True,True,TN5433564C,BD,30/06/2020,18/06/2025,TN5433564C95,21/02/2008,,TN548564C95,,23/06/2025,,,,11/07/2005,,False,,,46068,TAMBURINI MARIO,,Titolare,AGGIORNAMENTO IDONEITA',08/08/2019,,,,,False,False,False,,,,,False,,,,,False,True,12/10/2022, | Categoria: Titolare,0711,,False,False,False,False,,OK,,,,,,,,,,;;
Agg.to 2021,Medico 2021,Ente 2021,Nuova Visita 2021,Tossicodipendenza 2021,Agg.to 2022,Medico 2022,Ente 2022,Nuova Visita 2022,Tossicodipendenza 2022,VICENTINI,SARA,TAMBURINI MARIO,22/02/1971,,,,True,True,True,True,U12F00998N,B,19/07/2018,22/02/2029,TN8006035,28/07/1998,19/07/2023,,,,,,,,,False,,,46068,TAMBURINI MARIO,9,Associato in partecipazione,AGGIORNAMENTO IDONEITA',28/10/2019,OK,28/09/2012,,OK,False,False,False,,,,,False,,,,,,True,12/10/2022, | Categoria: coll. Familiare,0712,,False,False,False,,,OK,16/08/2022,,SAPI,04/11/2021,04/11/2021,,,SAPI,,;;
Agg.to 2021,Medico 2021,Ente 2021,Nuova Visita 2021,Tossicodipendenza 2021,Agg.to 2022,Medico 2022,Ente 2022,Nuova Visita 2022,Tossicodipendenza 2022,STABLUM,FRANCO,TAXI TRAVEL DI STABLUM FRANCO,07/04/1962,,,,True,True,True,True,TN5444302U,BD,11/12/2020,25/11/2025,TN8008593,21/02/2008,,TN5444302U95,,27/11/2025,,,,,,False,,,46514,STABLUM FRANCO,10,Titolare,,,,,,,False,False,False,,,,,False,,,,,False,True,12/10/2022,,2852,11/08/2022,False,False,False,False,,OK,,,,,,,,,,;;
Agg.to 2021,Medico 2021,Ente 2021,Nuova Visita 2021,Tossicodipendenza 2021,Agg.to 2022,Medico 2022,Ente 2022,Nuova Visita 2022,Tossicodipendenza 2022,GENTILINI,ANGELA,TAXI VIAGGI VALENTINELLI DI VALENTINELLI GIORGIO & C. SNC,10/08/1958,,,,True,False,True,True,U15F28215H,BCD,10/08/2018,09/08/2023,,,,U15F28215H95,,09/09/2020,,,,,,False,,,47073,TAXI VIAGGI VALENTINELLI & C. SNC,9,Socio,AGGIORNAMENTO IDONEITA'.NO CORSO AUTISTI,14/11/2019,OK,02/07/2013,NO CORSO AUTISTI,OK,False,False,False,,,,,False,,,,,,True,12/10/2022,,2149,,False,False,False,,,OK,27/09/2021,LOCATELLI ALBERTO,SAPI,23/02/2021,23/02/2021,29/08/2022,LOCATELLI ALBERTO,SAPI,11/02/2022,11/02/0202;;
"Agg.to 2021,Medico 2021,Ente 2021,Nuova Visita 2021,Tossicodipendenza 2021,Agg.to 2022,Medico 2022,Ente 2022,Nuova Visita 2022,Tossicodipendenza 2022,GENTILINI,NADIA,TAXI VIAGGI VALENTINELLI DI VALENTINELLI GIORGIO & C. SNC,19/01/1971,,,,True,False,True,True,U1Z107011C,BCD,11/09/2017,09/09/2022,,,,U1Z107011C95,,09/09/2020,,,,,,False,21/11/1997,,47073,TAXI VIAGGI VALENTINELLI & C. SNC,8,Dipendente,AGGIORNAMENTO IDONEITA',14/11/2019,OK,02/07/2013,,OK,False,True,False,3,INDET,TP,""39,00"",False,,,,,,True,12/10/2022,,2150,,False,True,False,,,OK,,,,,,29/08/2022,LOCATELLI ALBERTO,,11/02/2022,11/02/2022";;
"Agg.to 2021,Medico 2021,Ente 2021,Nuova Visita 2021,Tossicodipendenza 2021,Agg.to 2022,Medico 2022,Ente 2022,Nuova Visita 2022,Tossicodipendenza 2022,MAGNONI,DIEGO,TAXI VIAGGI VALENTINELLI DI VALENTINELLI GIORGIO & C. SNC,01/10/1971,,,,True,False,True,True,U12L65482S,BCD,08/05/2019,07/05/2024,,,,U12L65482S95,,09/09/2020,,,,,,False,22/12/2003,,47073,TAXI VIAGGI VALENTINELLI & C. SNC,8,Dipendente,AGGIORNAMENTO IDONEITA',14/11/2019,OK,02/07/2013,,OK,False,True,False,3,INDET,TP,""47,00"",False,,,,,,True,12/10/2022,,2151,,False,True,False,,,OK,29/08/2022,LOCATELLI ALBERTO,SAPI,03/09/2022,03/09/2022,,,SAPI,,";;
Agg.to 2021,Medico 2021,Ente 2021,Nuova Visita 2021,Tossicodipendenza 2021,Agg.to 2022,Medico 2022,Ente 2022,Nuova Visita 2022,Tossicodipendenza 2022,VALENTINELLI,GESSICA,TAXI VIAGGI VALENTINELLI DI VALENTINELLI GIORGIO & C. SNC,17/04/1981,,,,True,False,True,True,U1S049866U,BD,13/06/2016,11/06/2021,,,,U1S049866U95,,09/09/2020,,,,,,False,01/12/2007,,47073,TAXI VIAGGI VALENTINELLI & C. SNC,9,Socio,AGGIORNAMENTO IDONEITA',14/11/2019,OK,02/07/2013,,OK,False,False,False,,,,,False,,,,,,True,12/10/2022,,2152,,False,False,False,,,OK,,,,,,29/08/2022,LOCATELLI ALBERTO,,11/02/2022,11/02/2022;;
Agg.to 2021,Medico 2021,Ente 2021,Nuova Visita 2021,Tossicodipendenza 2021,Agg.to 2022,Medico 2022,Ente 2022,Nuova Visita 2022,Tossicodipendenza 2022,VALENTINELLI,GIORGIO,TAXI VIAGGI VALENTINELLI DI VALENTINELLI GIORGIO & C. SNC,11/05/1954,,,,True,False,True,True,U11M27394L,BCD,19/06/2019,18/06/2021,,,,U11M27394L95,,09/09/2020,,,,,,False,,,47073,TAXI VIAGGI VALENTINELLI & C. SNC,9,Socio,AGGIORNAMENTO IDONEITA',05/08/2019,TITOLARE,,,,False,False,False,,,,,False,,,,,,True,12/10/2022,,2148,,False,False,False,,,OK,29/08/2022,LOCATELLI ALBERTO,SAPI,03/09/2021,03/09/2021,,,SAPI,,;;
Agg.to 2021,Medico 2021,Ente 2021,Nuova Visita 2021,Tossicodipendenza 2021,Agg.to 2022,Medico 2022,Ente 2022,Nuova Visita 2022,Tossicodipendenza 2022,VALENTINELLI,MASSIMO,TAXI VIAGGI VALENTINELLI DI VALENTINELLI GIORGIO & C. SNC,02/09/1984,,,,True,False,True,True,U1U046376L,BD,24/10/2016,22/10/2021,,,,U1U046376L95,,09/09/2020,,,,,,False,02/01/2009,,47073,TAXI VIAGGI VALENTINELLI & C. SNC,9,Socio,AGGIORNAMENTO IDONEITA',14/11/2019,OK,02/07/2013,,OK,False,False,False,,,,,False,,,,,,True,12/10/2022,,2153,,False,False,False,,,OK,29/08/2022,LOCATELLI ALBERTO,SAPI,03/09/2021,03/09/2021,,,SAPI,,;;
Agg.to 2021,Medico 2021,Ente 2021,Nuova Visita 2021,Tossicodipendenza 2021,Agg.to 2022,Medico 2022,Ente 2022,Nuova Visita 2022,Tossicodipendenza 2022,ZAMPIERI,SERGIO,TAXI ZETA DI ZAMPIERI SERGIO,10/09/1972,,M,,True,True,True,True,U160L6189P,BCD,13/10/2022,12/10/2027,TN8009716,22/07/2008,,U160L6189P95,,20/01/2025,,,05/11/2002,05/11/2002,,False,,,46407,TAXI ZETA DI ZAMPIERI SERGIO,,Titolare,,10/04/2019,,,,,False,False,False,,,,,False,,,,,False,True,17/10/2022, | Categoria: Titolare,0877,,False,False,False,False,,OK,,,,,,,,,,;;
Agg.to 2021,Medico 2021,Ente 2021,Nuova Visita 2021,Tossicodipendenza 2021,Agg.to 2022,Medico 2022,Ente 2022,Nuova Visita 2022,Tossicodipendenza 2022,PANIZZA,GIAMPAOLO,TAXI-MINIBUS-AUTOBUS PANIZZA S.A.S. DI ZENDELI ILIR,11/08/1973,,M,,True,False,True,True,U14P95693X,BCDE,05/11/2019,04/11/2022,BS8019016,05/06/2009,,U14P95693X95,,09/09/2020,,,,,,True,01/07/2020,,47699,TAXI-MINIBUS-AUTOBUS PANIZZA S.A.S. DI ZENDELI ILIR,,Dipendente,RICHIESTA TESSERINO 17/08/2020;" TESSERINO ARRIVATO,21/10/2020,,17/08/2020,,,False,True,False,3,INDET,TP,""39,00"",False,,,,,False,True,18/10/2022,TESSERINO 22-25 ARRIVATO 18/10/2022,2651,,False,True,False,False,,OK,07/06/2022,LOCATELLI ALBERTO,SAPI,19/11/2021,19/11/2021,,,SAPI,,";
"Agg.to 2021,Medico 2021,Ente 2021,Nuova Visita 2021,Tossicodipendenza 2021,Agg.to 2022,Medico 2022,Ente 2022,Nuova Visita 2022,Tossicodipendenza 2022,ZENDELI,ILIR,TAXI-MINIBUS-AUTOBUS PANIZZA S.A.S. DI ZENDELI ILIR,03/05/1976,,M,,True,False,True,True,TN5431415L,BCD,05/03/2020,27/02/2025,,,,TN5431415L95,,02/02/2025,,,,,,True,,,47699,TAXI-MINIBUS-AUTOBUS PANIZZA S.A.S. DI ZENDELI ILIR,,Titolare,""emettere tesserino 30/07/2020,: TESSERINO ARRIVATO"",21/10/2020,,30/07/2020,,,False,False,False,,,,,False,,,,,False,True,18/10/2022,TESSERINO 22-25 ARRIVATO 18/10/2022,2649,,False,False,False,False,,OK,,,,,,,,,,";;
Agg.to 2021,Medico 2021,Ente 2021,Nuova Visita 2021,Tossicodipendenza 2021,Agg.to 2022,Medico 2022,Ente 2022,Nuova Visita 2022,Tossicodipendenza 2022,ZENDELI,KRENAR,TAXI-MINIBUS-AUTOBUS PANIZZA S.A.S. DI ZENDELI ILIR,25/12/1998,,M,,True,False,True,True,TN5372389K,B,21/03/2017,25/12/2027,TN8012293,25/09/2020,23/09/2025,,,,,,,,,True,01/10/2020,,47699,TAXI-MINIBUS-AUTOBUS PANIZZA S.A.S. DI ZENDELI ILIR,,Dipendente,RICHIESTA TESSERINO 22/04/2021.TESSERINO ARRIVATO,28/08/2020,,22/04/2021,,,False,False,False,,,,,False,,,,,False,True,18/10/2022,TESSERINO 22-25 ARRIVATO 18/10/2022,2655,,False,False,False,False,,OK,22/04/2021,LOCATELLI ALBERTO,SAPI,12/04/2021,12/04/2021,01/06/2022,GERMANI ROCCO,SAPI,17/05/2022,17/05/2022;;
"Agg.to 2021,Medico 2021,Ente 2021,Nuova Visita 2021,Tossicodipendenza 2021,Agg.to 2022,Medico 2022,Ente 2022,Nuova Visita 2022,Tossicodipendenza 2022,CANEPPELE,NADIA,TECNOBENZ DI VALLE GIOVANNI E GUIDO S.N.C.,21/12/1970,,,,True,False,True,True,U1X490805L,B,19/05/2017,21/12/2027,TN8006726,12/06/2002,10/10/2016,,,,,,,,,False,02/10/2006,,46154,TECNOBENZ DI VALLE GIOVANNI E GUIDO,8,Dipendente,AGGIORNAMENTO IDONEITA',10/04/2019,OK,21/01/2013,commercio. AUTISTA IN MALATTIA LICENZIATO. AUTISTA RIASSUNTA,OK,False,False,False,4 LIV,INDET,PT,""20,00"",False,,,,,,True,12/10/2022, | Categoria: Dipendente,0775,,False,False,False,,,OK,06/04/2021,BENEDETTI ALESSANDRO,SAPI,04/03/2021,04/03/2021,22/08/2022,BENEDETTI ALESSANDRO,SAPI,07/04/2022,07/04/2022";;
Agg.to 2021,Medico 2021,Ente 2021,Nuova Visita 2021,Tossicodipendenza 2021,Agg.to 2022,Medico 2022,Ente 2022,Nuova Visita 2022,Tossicodipendenza 2022,MICHELON,NADIA,TECNOBENZ DI VALLE GIOVANNI E GUIDO S.N.C.,23/12/1970,,M,,True,True,True,True,U1X824006N,B,09/06/2017,23/12/2027,,,,,,,,,,,,True,,,46154,TECNOBENZ DI VALLE GIOVANNI E GUIDO,,coll. Familiare,ATTESA DOCUMENTI PER TESSERINO. RICHIESTA TESSERINO PAT 22-25 15/09/2022,15/09/2022,,15/09/2022,,,False,False,False,,,,,False,,,,,False,True,13/10/2022,TESSERINO 22-25 ARRIVATO 16/09/2022,2867,18/09/2022,False,False,False,False,,OK,,,,,,22/08/2022,,,22/02/2022,22/02/2022;;
Agg.to 2021,Medico 2021,Ente 2021,Nuova Visita 2021,Tossicodipendenza 2021,Agg.to 2022,Medico 2022,Ente 2022,Nuova Visita 2022,Tossicodipendenza 2022,VALLE,GIOVANNI,TECNOBENZ DI VALLE GIOVANNI E GUIDO S.N.C.,21/04/1969,,,,True,False,True,True,TN5402717U,BCDE,08/10/2018,08/10/2023,,,,TN5402717U95,,29/08/2023,,,,,,False,,,46154,TECNOBENZ DI VALLE GIOVANNI E GUIDO,9,Socio,,10/04/2019,TITOLARE OK,24/01/2013,,,False,False,False,,,,,False,,,,,,True,12/10/2022, | Categoria: Titolare,0750,,False,False,False,,,,,,,,,,,,,;;
Agg.to 2021,Medico 2021,Ente 2021,Nuova Visita 2021,Tossicodipendenza 2021,Agg.to 2022,Medico 2022,Ente 2022,Nuova Visita 2022,Tossicodipendenza 2022,VALLE,GUIDO,TECNOBENZ DI VALLE GIOVANNI E GUIDO S.N.C.,08/02/1966,,M,,True,True,True,True,U115J1388C,BC,07/06/2022,06/06/2027,TN8006199,16/08/1999,,U115J1388C95,01/10/2008,,,,,,,False,,,46154,TECNOBENZ DI VALLE GIOVANNI E GUIDO,,Socio,,10/04/2019,,24/01/2013,,,False,False,False,,,,,False,,,,,False,True,12/10/2022, | Categoria: Titolare,0749,,False,False,False,False,,OK,,,,,,,,,,;;
Agg.to 2021,Medico 2021,Ente 2021,Nuova Visita 2021,Tossicodipendenza 2021,Agg.to 2022,Medico 2022,Ente 2022,Nuova Visita 2022,Tossicodipendenza 2022,CALLIGARI,DONATO,TI PORTO IO TRASPORTO INFERMI DI PELLEGRIN ARNALDO,13/06/1957,,M,,True,False,True,True,TN5444459H,B,17/12/2020,13/06/2026,TN8011808,21/03/2016,,,,,,,,,,False,01/07/2018,,46663,TI PORTO IO,,Autista a chiamata,,10/04/2019,,16/11/2018,,,True,False,False,C2,DET,,,False,,,,,False,True,03/11/2022,,2443,,True,False,False,False,,OK,09/02/2021,GRAVINA TOMMASO,,05/02/2021,05/02/2021,15/09/2022,GRAVINA TOMMASO,,15/02/2022,;;
Agg.to 2021,Medico 2021,Ente 2021,Nuova Visita 2021,Tossicodipendenza 2021,Agg.to 2022,Medico 2022,Ente 2022,Nuova Visita 2022,Tossicodipendenza 2022,FOLLADOR,ENOS,TI PORTO IO TRASPORTO INFERMI DI PELLEGRIN ARNALDO,04/08/1958,,M,,True,True,True,True,TN5482096G,BE,18/08/2022,04/08/2028,TN8008408,07/02/2008,,,,,,,,,,True,04/11/2021,,46663,TI PORTO IO,,Autista a chiamata,RICHIESTA TESSERINO PAT 22 25 15/09/2022,15/09/2022,,15/09/2022,,,True,False,False,,,,,False,,,,,False,True,13/10/2022,TESSERINO 22-25 ARRIVATO 16/09/2022,2870,18/09/2022,True,False,False,False,,OK,,,,,,15/09/2022,GRAVINA TOMMASO,,15/02/2022,15/02/2022;;
Agg.to 2021,Medico 2021,Ente 2021,Nuova Visita 2021,Tossicodipendenza 2021,Agg.to 2022,Medico 2022,Ente 2022,Nuova Visita 2022,Tossicodipendenza 2022,PELLEGRIN,ARNALDO,TI PORTO IO TRASPORTO INFERMI DI PELLEGRIN ARNALDO,15/02/1959,,M,,True,False,True,True,U182K3939V,BCDE,30/08/2022,29/08/2023,TN8007887,22/10/2007,,U182K3939V95,,25/11/2024,,,01/07/1981,19/11/2002,19/11/2002,False,,,46663,TI PORTO IO,,Titolare,,10/04/2019,,25/09/2018,,,False,False,False,,,,,False,,,,,False,True,03/11/2022, | Categoria: Titolare,1132,,False,False,False,False,,OK,,,,,,,,,,;;
Agg.to 2021,Medico 2021,Ente 2021,Nuova Visita 2021,Tossicodipendenza 2021,Agg.to 2022,Medico 2022,Ente 2022,Nuova Visita 2022,Tossicodipendenza 2022,TOMASELLO,IVO,TI PORTO IO TRASPORTO INFERMI DI PELLEGRIN ARNALDO,30/01/1957,,M,,True,False,True,True,TN5454335J,B,01/06/2021,30/01/2027,,,,,,,,,,,,False,01/07/2018,,46663,TI PORTO IO,,Autista a chiamata,,10/04/2019,,25/09/2018,,,True,False,False,C2,DET,,,False,,,,,False,True,03/11/2022,,2431,,True,False,False,False,,OK,09/02/2021,GRAVINA TOMMASO,,28/01/2021,28/01/2021,15/09/2022,GRAVINA TOMMASO,,15/02/2022,15/02/2022;;
"Agg.to 2021,Medico 2021,Ente 2021,Nuova Visita 2021,Tossicodipendenza 2021,Agg.to 2022,Medico 2022,Ente 2022,Nuova Visita 2022,Tossicodipendenza 2022,CARETTONI,GIACOMO,TN SERVICE LORENZI SRL A CAPITALE RIDOTTO,12/03/1968,,M,,True,False,True,True,U141B616P,BCDE,18/06/2021,17/06/2026,,,,U141B616P95,,22/07/2025,,,,,,False,11/02/2019,,46977,TN SERVICE LORENZI SRLCR,,Dipendente,,10/04/2019,,13/03/2019,,,True,False,False,C2,DET,TP,""40,00"",False,,,,,False,True,12/10/2022,,2488,,True,False,False,False,,OK,,,,,,16/09/2022,,,24/06/2022,24/06/2022";;
"Agg.to 2021,Medico 2021,Ente 2021,Nuova Visita 2021,Tossicodipendenza 2021,Agg.to 2022,Medico 2022,Ente 2022,Nuova Visita 2022,Tossicodipendenza 2022,COLLINI,ROBERTO,TN SERVICE LORENZI SRL A CAPITALE RIDOTTO,20/06/1979,,M,,True,False,True,True,U148J5954W,BCDE,20/06/2022,18/06/2022,BS8014660,05/10/2006,,U148J5954W95,,08/01/2026,,,23/10/2000,02/08/2006,02/08/2006,False,01/01/2013,,46977,TN SERVICE LORENZI SRLCR,,Dipendente,AGGIORNAMETO IDONEITA',23/12/2019,,06/02/2013,,,True,False,False,C2,INDET,TP,""40,00"",False,,,,,False,True,12/10/2022,,1821,,True,False,False,False,,OK,21/09/2022,,SAPI,17/12/2021,17/12/2021,,,SAPI,,";;
"Agg.to 2021,Medico 2021,Ente 2021,Nuova Visita 2021,Tossicodipendenza 2021,Agg.to 2022,Medico 2022,Ente 2022,Nuova Visita 2022,Tossicodipendenza 2022,FERRANDI,PONZIANO,TN SERVICE LORENZI SRL A CAPITALE RIDOTTO,13/10/1961,,,,True,False,True,True,TN5435821K,BCDE,07/08/2020,29/06/2023,BS8015099,02/10/2007,,TN5435821K95,,05/08/2025,,,,,,False,28/12/2012,,46977,TN SERVICE LORENZI SRLCR,8,Dipendente,AGGIORNAMENTO IDONEITA',23/12/2019,OK,13/02/2013,,OK,True,False,False,C1,INDET,PT,""27,00"",False,,,,,,True,12/10/2022,,1809,,True,False,False,,,OK,16/09/2022,,SAPI,17/12/2022,17/12/2022,,,SAPI,,";;
"Agg.to 2021,Medico 2021,Ente 2021,Nuova Visita 2021,Tossicodipendenza 2021,Agg.to 2022,Medico 2022,Ente 2022,Nuova Visita 2022,Tossicodipendenza 2022,FERRARI,FRANCA,TN SERVICE LORENZI SRL A CAPITALE RIDOTTO,15/06/1961,,M,,True,False,True,True,U12P78662K,B,19/10/2019,16/06/2025,TN8011483,08/10/2013,07/09/2023,,,,,,,,,False,14/07/2014,,46977,TN SERVICE LORENZI SRLCR,,Dipendente,RICHIESTA TESSERINO 27/04/2021.TESSERINO ARRIVATO 06/05/2021,27/04/2021,,27/04/2021,,,True,False,False,C2,INDET,PT,""30,00"",False,,,,,False,False,12/10/2022,,2722,,True,False,False,False,,MANCA AUTODICHIARAZIONE,27/04/2021,MORATELLO FRANCESCO,SAPI,20/03/2021,20/03/2021,,,SAPI,,";;
"Agg.to 2021,Medico 2021,Ente 2021,Nuova Visita 2021,Tossicodipendenza 2021,Agg.to 2022,Medico 2022,Ente 2022,Nuova Visita 2022,Tossicodipendenza 2022,PASI,GRAZIANO,TN SERVICE LORENZI SRL A CAPITALE RIDOTTO,20/06/1969,,M,,False,False,True,True,TN5426822B,BCDE,07/12/2019,22/11/2024,,,,TN5426822B95,,26/11/2024,,,04/11/1989,04/11/1989,04/11/1989,False,01/01/2013,,46977,TN SERVICE LORENZI SRLCR,,Dipendente,AGGIORNAMETO IDONEITA',13/11/2019,,06/02/2013,,,True,False,False,C2,INDET,TP,""40,00"",False,,,,,False,True,12/10/2022,,1822,,True,False,False,False,,OK,22/09/2022,,SAPI,22/10/2021,22/10/2021,,,SAPI,,";;
"Agg.to 2021,Medico 2021,Ente 2021,Nuova Visita 2021,Tossicodipendenza 2021,Agg.to 2022,Medico 2022,Ente 2022,Nuova Visita 2022,Tossicodipendenza 2022,PICCINOTTI,DIEGO,TN SERVICE LORENZI SRL A CAPITALE RIDOTTO,08/10/1978,,M,,True,False,True,True,BS5980750K,BDE,09/09/2020,22/08/2025,,,,BS5980750K95,,02/09/2025,,,,,,False,07/01/2021,,46977,TN SERVICE LORENZI SRLCR,,Dipendente,RICHIESTA TESSERINO 27/04/2021.TESSERINO ARRIVATO 06/05/2021,27/04/2021,,24/04/2021,,,True,False,False,C2,DET,TP,""40,00"",False,,,,,False,True,12/10/2022,,2721,,True,False,False,False,,OK,27/04/2021,MORATELLO FRANCESCO,SAPI,20/03/2021,20/03/2021,22/09/2022,,SAPI,12/03/2022,12/03/2022";;
"Agg.to 2021,Medico 2021,Ente 2021,Nuova Visita 2021,Tossicodipendenza 2021,Agg.to 2022,Medico 2022,Ente 2022,Nuova Visita 2022,Tossicodipendenza 2022,RIZZARDI,FRANCESCO,TN SERVICE LORENZI SRL A CAPITALE RIDOTTO,14/06/1963,,M,,True,False,True,True,U16J07347M,BCD,09/02/2019,08/02/2024,,,,U16J07347M95,,09/09/2020,,,12/02/2002,12/02/2004,,False,31/12/2015,,46977,TN SERVICE LORENZI SRLCR,,Dipendente,AGGIORNAMENTO IDONEITA',13/11/2019,,06/04/2016,,,True,False,False,C2,INDET,PT,""30,00"",False,,,,,False,True,12/10/2022,,2198,,True,False,False,False,,OK,22/09/2022,,SAOI,22/10/2021,22/10/2021,,,SAOI,,";;
Agg.to 2021,Medico 2021,Ente 2021,Nuova Visita 2021,Tossicodipendenza 2021,Agg.to 2022,Medico 2022,Ente 2022,Nuova Visita 2022,Tossicodipendenza 2022,TAVELLI,ANDREA,TN SERVICE LORENZI SRL A CAPITALE RIDOTTO,30/07/1987,,M,,True,False,True,True,U11P46086K,BD,01/11/2019,10/10/2024,,,,U11P46086K95,,03/12/2020,,,,11/11/2009,,False,01/01/2013,,46977,TN SERVICE LORENZI SRLCR,,Titolare,AGGIORNAMENTO IDONEITA',23/12/2019,,06/02/2013,,,False,False,False,,,,,False,,,,,False,True,12/10/2022,,1808,,False,False,False,False,,OK,22/09/2022,,SAPI,12/03/2022,12/03/2022,,,SAPI,,;;
Agg.to 2021,Medico 2021,Ente 2021,Nuova Visita 2021,Tossicodipendenza 2021,Agg.to 2022,Medico 2022,Ente 2022,Nuova Visita 2022,Tossicodipendenza 2022,TISI,RENATA,TN SERVICE LORENZI SRL A CAPITALE RIDOTTO,10/06/1965,,F,,True,True,True,True,TN5421161K,BD,07/09/2019,30/05/2023,TN8009964,11/08/2008,,TN5421161K95,,02/09/2024,,,,,,True,04/01/2021,,46977,TN SERVICE LORENZI SRLCR,,Dipendente,,,,27/09/2022,,,True,False,False,,,,,False,,,,,False,True,13/10/2022,RICHIESTA TESSERINO PAT 22-25 27/09/2022 - TESSERINO PAT 22-25 ARRIVATO 05/10/2022,2864,14/08/2022,True,False,False,False,,OK,27/09/2022,MORATELLO FRANCESCO,SAPI,23/09/2022,23/09/2022,,,SAPI,,;;
"Agg.to 2021,Medico 2021,Ente 2021,Nuova Visita 2021,Tossicodipendenza 2021,Agg.to 2022,Medico 2022,Ente 2022,Nuova Visita 2022,Tossicodipendenza 2022,BONAFINI,PAOLO,TODESCHI AUTONOLEGGI S.R.L.,25/08/1970,,M,,True,True,True,True,TN5434092P,BCD,09/07/2020,26/06/2025,,,,TN5434092P95,,03/07/2025,,,,,,False,28/08/2009,,46768,TODESCHI AUTONOLEGGI S.R.L.,,Dipendente,AGGIORNAMENTO IDONEITA',19/06/2020,,17/12/2012,,,False,True,False,3 SUPER,INDET,TP,""39,00"",False,,,,,False,True,12/10/2022, | Categoria: Dipendente,1206,,False,True,False,False,,OK,,,,,,05/05/2022,LOCATELLI ALBERTO,,28/04/2022,28/04/2022";;
"Agg.to 2021,Medico 2021,Ente 2021,Nuova Visita 2021,Tossicodipendenza 2021,Agg.to 2022,Medico 2022,Ente 2022,Nuova Visita 2022,Tossicodipendenza 2022,BRUNORI,IVANO,TODESCHI AUTONOLEGGI S.R.L.,12/03/1969,,M,,True,True,True,True,TN5438224K,BCDE,09/09/2020,24/08/2025,,,,TN5438224K95,,26/08/2025,,,13/10/1989,24/09/1990,24/09/1990,True,11/09/2017,,46768,TODESCHI AUTONOLEGGI S.R.L.,,Dipendente,AGGIORNAMENTO IDONEITA',14/11/2019,,21/09/2017,,,False,True,False,3 SUPER,DET,TP,""39,00"",False,,,,,False,True,18/10/2022,TESSERINO 22-25 ARRIVATO 18/10/2022,2302,,False,True,False,False,,OK,06/05/2022,CIUFFA VALERIO,SAPI,02/12/2021,02/12/2021,,,SAPI,,";;
"Agg.to 2021,Medico 2021,Ente 2021,Nuova Visita 2021,Tossicodipendenza 2021,Agg.to 2022,Medico 2022,Ente 2022,Nuova Visita 2022,Tossicodipendenza 2022,BUSSOLA,GIANNI,TODESCHI AUTONOLEGGI S.R.L.,09/05/1964,,M,,True,True,True,True,U17X34558T,BCDE,23/01/2021,22/02/2026,TN8011142,08/11/2011,,U17X34558T95,,20/08/2025,,,28/01/1991,28/01/1991,28/01/1991,False,29/08/2017,,46768,TODESCHI AUTONOLEGGI S.R.L.,,Dipendente,AGGIORNAMENTO IDONEITA',14/11/2019,,22/09/2017,,,False,True,False,3 SUPER,DET,TP,""39,00"",False,,,,,False,True,12/10/2022,,2301,,False,True,False,False,,OK,06/05/2022,CIUFFA VALERIO,SAPI,21/09/2021,21/09/2021,22/09/2022,LOCATELLI ALBERTO,SAPI,15/09/2022,15/09/2022";;
"Agg.to 2021,Medico 2021,Ente 2021,Nuova Visita 2021,Tossicodipendenza 2021,Agg.to 2022,Medico 2022,Ente 2022,Nuova Visita 2022,Tossicodipendenza 2022,D'OVIDIO,MARCO,TODESCHI AUTONOLEGGI S.R.L.,24/02/1977,,,,True,True,True,True,U195C8254U,BCDE,22/09/2021,21/09/2026,TN8006384,28/09/2000,,U195C8254U95,,20/08/2025,,,,,,False,11/12/2000,,46768,TODESCHI AUTONOLEGGI S.R.L.,8,Dipendente,AGGIORNAMENTO IDONEITA',20/12/2019,OK,28/09/2012,,DOCUMENTAZIONE GIA' DEPOSITATA PER CERTIFICAZIONE IDONEITA',False,True,False,3 SUPER,INDET,TP,""39,00"",False,,,,,,True,12/10/2022, | Categoria: Dipendente,0759,,False,True,False,,,OK,06/05/2022,CIUFFA VALERIO,,10/12/2021,10/12/2021,,,,,";;
Agg.to 2021,Medico 2021,Ente 2021,Nuova Visita 2021,Tossicodipendenza 2021,Agg.to 2022,Medico 2022,Ente 2022,Nuova Visita 2022,Tossicodipendenza 2022,ESPOSITO,GIOVANNI,TODESCHI AUTONOLEGGI S.R.L.,16/07/1955,,M,,True,True,True,True,U176K8526L,BCD,24/08/2022,23/08/2024,TN8004648,19/09/1995,,U176K8526L95,,09/09/2025,,,,,,False,04/02/1997,,46768,TODESCHI AUTONOLEGGI S.R.L.,,Autista a chiamata,AUTISTA LICENZIATO.AUTISTA LICENZIATO. AUTISTA RIASSUNTO IN DATA 17/01/2020,30/11/2019,,02/07/2013,,,False,True,False,3 SUPER,INDET,,,False,,,,,False,True,12/10/2022, | Categoria: Dipendente,0753,,False,True,False,False,,OK,,,,,,11/05/2022,LOCATELLI ALBERTO,,14/01/2022,14/01/2022;;
"Agg.to 2021,Medico 2021,Ente 2021,Nuova Visita 2021,Tossicodipendenza 2021,Agg.to 2022,Medico 2022,Ente 2022,Nuova Visita 2022,Tossicodipendenza 2022,PRUGNOLA,ENRICO,TODESCHI AUTONOLEGGI S.R.L.,28/05/1972,,M,,True,True,True,True,U182C7611K,BCDE,15/09/2021,14/09/2026,TN8006571,19/09/2001,,U182C7611K95,,20/08/2025,,,,,,False,22/01/2001,,46768,TODESCHI AUTONOLEGGI S.R.L.,,Dipendente,AGGIORNAMENTO IDONEITA',10/12/2019,,09/07/2013,,,False,True,False,3 SUPER,INDET,TP,""39,00"",False,,,,,False,True,12/10/2022, | Categoria: Dipendente,0758,,False,True,False,False,,OK,06/05/2022,CIUFFA VALERIO,,10/12/2021,10/12/2021,,,,,";;
Agg.to 2021,Medico 2021,Ente 2021,Nuova Visita 2021,Tossicodipendenza 2021,Agg.to 2022,Medico 2022,Ente 2022,Nuova Visita 2022,Tossicodipendenza 2022,TODESCHI,LORENZA,TODESCHI AUTONOLEGGI S.R.L.,25/07/1966,,M,,True,True,True,True,U1H104041C,B,23/01/2015,25/07/2025,TN8003501,03/02/1995,29/10/2025,,,,,,,,,True,,,46768,TODESCHI AUTONOLEGGI S.R.L.,,Socio - Consigliere Amministrazione,AGGIORNAMENTO IDONEITA',20/12/2019,,02/07/2013,,,False,False,False,,,,,False,,,,,False,True,18/10/2022,TESSERINO 22-25 ARRIVATO 18/10/2022,0756,,False,False,False,False,,OK,06/05/2022,CIUFFA VALERIO,,10/12/2021,10/12/2021,,,,,;;
"Agg.to 2021,Medico 2021,Ente 2021,Nuova Visita 2021,Tossicodipendenza 2021,Agg.to 2022,Medico 2022,Ente 2022,Nuova Visita 2022,Tossicodipendenza 2022,TODESCHI,MATTEO,TODESCHI AUTONOLEGGI S.R.L.,18/06/1971,,M,,True,True,True,True,TN5437918K,BCDE,04/09/2020,12/04/2023,TN8008667,27/02/2006,,TN5437918K95,,20/08/2025,,,,,,False,,,46768,TODESCHI AUTONOLEGGI S.R.L.,,Socio - Consigliere Amministrazione,""AGGIORNAMENTO IDONEITA' 14/11/2019, AGGIORNAMENTO IDONEITA'"",07/02/2020,,02/07/2013,,,False,False,False,,,,,False,,,,,False,True,12/10/2022, | Categoria: Dipendente,0757,,False,False,False,False,,OK,,,,,,05/05/2022,LOCATELLI ALBERTO,,14/01/2022,14/01/2022";;
"Agg.to 2021,Medico 2021,Ente 2021,Nuova Visita 2021,Tossicodipendenza 2021,Agg.to 2022,Medico 2022,Ente 2022,Nuova Visita 2022,Tossicodipendenza 2022,TOSLLUKU,VLADIMIR,TODESCHI AUTONOLEGGI S.R.L.,27/05/1972,,M,,True,True,True,True,TN5467089M,BD,03/03/2021,25/11/2026,,,,TN5467089M95,,03/03/2026,,,,,,True,01/02/2022,,46768,TODESCHI AUTONOLEGGI S.R.L.,,Dipendente,RICHIESTA TESSERINO 03/05/2022.TESSERINO ARRIVATO 10/05/2022,03/05/2022,,03/05/2022,,,False,True,False,C3,DET,TP,""40,00"",False,,,,,False,True,18/10/2022,TESSERINO 22-25 ARRIVATO 18/10/2022,2820,,False,True,False,False,,OK,,,,,,03/05/2022,LOCATELLI ALBERTO,,29/04/2022,29/04/2022";;
Agg.to 2021,Medico 2021,Ente 2021,Nuova Visita 2021,Tossicodipendenza 2021,Agg.to 2022,Medico 2022,Ente 2022,Nuova Visita 2022,Tossicodipendenza 2022,PARISI,DANIELE,TOLLER S.N.C. DI TOLLER CALLISTO E C.,01/11/1955,,,,True,False,True,True,TN5442945F,BCDE,19/11/2020,01/11/2022,,,,TN5442945F95,,18/11/2025,,,,,,False,01/06/2010,,46168,TOLLER S.N.C. DI TOLLER CALLISTO E C.,11,Autista a chiamata,AGGIORNAMENTO IDONEITA',24/12/2019,OK,11/01/2017,,OK,False,True,False,3 SUPER,,,,False,,,,,,True,12/10/2022, | Categoria: Dipendente,0771,,False,True,False,,,OK,12/04/2022,BENEDETTI ALESSANDRO,SAPI,09/12/2021,09/12/2021,,,SAPI,,;;
"Agg.to 2021,Medico 2021,Ente 2021,Nuova Visita 2021,Tossicodipendenza 2021,Agg.to 2022,Medico 2022,Ente 2022,Nuova Visita 2022,Tossicodipendenza 2022,PEDERGNANA,STEFANO,TOLLER S.N.C. DI TOLLER CALLISTO E C.,01/11/1965,,,,True,False,True,True,TN5426895M,BCDE,10/12/2019,22/11/2024,,,,TN5426895M95,,09/12/2024,,,,,,False,07/02/2014,,46168,TOLLER S.N.C. DI TOLLER CALLISTO E C.,8,Dipendente,AGGIORNAMENTO IDONEITA',24/12/2019,OK,24/09/2014,,OK,False,True,False,3 SUPER,INDET,TP,""39,00"",False,,,,,,True,12/10/2022,,1982,,False,True,False,,,OK,12/04/2022,BENEDETTI ALESSANDRO,SAPI,09/12/2021,09/12/2021,,,SAPI,,";;
Agg.to 2021,Medico 2021,Ente 2021,Nuova Visita 2021,Tossicodipendenza 2021,Agg.to 2022,Medico 2022,Ente 2022,Nuova Visita 2022,Tossicodipendenza 2022,TOLLER,ARIANNA,TOLLER S.N.C. DI TOLLER CALLISTO E C.,15/03/1997,,M,,True,False,True,True,TN5347000P,B,11/01/2016,15/03/2026,TN8012083,15/03/1997,05/09/2023,,,,,,,,,True,,,46168,TOLLER S.N.C. DI TOLLER CALLISTO E C.,,Socio Dipendente,RICHIESTA TESSERINO 01/09/2022.TESSERINO ARRIVATO 13/09/2022,01/09/2022,,01/09/2022,,,False,False,False,,,,,False,,,,,False,True,13/10/2022,TESSERINO 22-25 ARRIVATO 13/09/2022,2868,18/09/2022,False,False,False,False,,OK,,,,,,01/09/2022,,,30/06/2022,30/06/2022;;
Agg.to 2021,Medico 2021,Ente 2021,Nuova Visita 2021,Tossicodipendenza 2021,Agg.to 2022,Medico 2022,Ente 2022,Nuova Visita 2022,Tossicodipendenza 2022,TOLLER,VALENTINO,TOLLER S.N.C. DI TOLLER CALLISTO E C.,07/02/1963,,,,True,False,True,True,U17D25146K,BCDE,05/05/2018,04/05/2023,TN8009624,16/07/2008,,U17D25146K95,,09/09/2020,,,,,,False,,,46168,TOLLER S.N.C. DI TOLLER CALLISTO E C.,10,Titolare,,10/04/2019,TITOLARE,17/09/2012,,,False,False,False,,,,,False,,,,,,True,12/10/2022, | Categoria: Titolare,0766,,False,False,False,,,OK,,,,,,,,,,;;
Agg.to 2021,Medico 2021,Ente 2021,Nuova Visita 2021,Tossicodipendenza 2021,Agg.to 2022,Medico 2022,Ente 2022,Nuova Visita 2022,Tossicodipendenza 2022,MOSCHEN,CRISTINA,TOMA SPEED DI TOMASELLI PIERGIORGIO,10/02/1969,,M,,True,True,True,True,U15R82754K ,B,11/01/2020,10/02/2025,BZ8016088,09/09/2009,19/08/2025,,,,,,,,,False,05/05/2010,,46804,TOMA SPEED DI TOMASELLI PIERGIORGIO,,coll. Familiare,AGGIORNAMENTO IDONEITA',20/11/2019,,28/09/2012,,,False,False,False,,,,,False,,,,,False,True,18/11/2022, | Categoria: coll. Familiare,1583,,False,False,False,False,,OK,12/01/2022,QUINTARELLI EMANUELE,SAPI,12/11/2021,12/11/2021,18/11/2022,QUINTARELLI EMANUELE,SAPI,11/11/2022,11/11/2022;;
Agg.to 2021,Medico 2021,Ente 2021,Nuova Visita 2021,Tossicodipendenza 2021,Agg.to 2022,Medico 2022,Ente 2022,Nuova Visita 2022,Tossicodipendenza 2022,TOMASELLI,ALESSANDRO,TOMA SPEED DI TOMASELLI PIERGIORGIO,26/06/1999,,M,,True,False,True,True,TN5399081H,B,31/07/2018,26/06/2029,TN8012418,31/05/2022,26/05/2027,,,,,,,,,True,01/07/2022,,46804,TOMA SPEED DI TOMASELLI PIERGIORGIO,,coll. Familiare,RICHIESTA TESSERINO 11/07/2022. FA CORSO AL POSTO DI PIERGIORGIO.TESSERINO ARRIVATO 29/07/2022,11/07/2022,,04/07/2022,,,False,True,False,,,,,False,,,,,False,True,18/10/2022,TESSERINO 22-25 ARRIVATO 18/10/2022,2825,,False,True,False,False,,OK,,,,,,04/07/2022,QUINTARELLI EMANUELE,,01/07/2022,01/07/2022;;
Agg.to 2021,Medico 2021,Ente 2021,Nuova Visita 2021,Tossicodipendenza 2021,Agg.to 2022,Medico 2022,Ente 2022,Nuova Visita 2022,Tossicodipendenza 2022,TOMASELLI,PIERGIORGIO,TOMA SPEED DI TOMASELLI PIERGIORGIO,21/05/1966,,,,True,True,True,True,U12D34137N,BCD,31/03/2018,30/03/2023,TN8011726,28/08/2015,,TN5340229N95,,24/08/2020,,,08/06/1987,06/04/2008,,False,,,46804,TOMA SPEED DI TOMASELLI PIERGIORGIO,10,Titolare,,10/04/2019,TITOLARE,,,,False,False,False,,,,,False,,,,,,True,12/10/2022, | Categoria: Titolare,1318,,False,False,False,,,OK,,,,,,,,,,;;
Agg.to 2021,Medico 2021,Ente 2021,Nuova Visita 2021,Tossicodipendenza 2021,Agg.to 2022,Medico 2022,Ente 2022,Nuova Visita 2022,Tossicodipendenza 2022,PANIZZA,CLAUDIO,TONALE VIAGGI DI PANIZZA CLAUDIO,06/05/1980,,,,True,False,True,True,U185E3504K,BCDE,12/01/2022,11/01/2023,,,,U185E3504K95,,28/10/2025,,,15/11/2000,17/10/2001,,False,,,47459,TONALE VIAGGI DI PANIZZA CLAUDIO,10,Titolare,,10/04/2019,OK,,,OK,False,False,False,,,,,False,,,,,,True,12/10/2022,,2408,,False,False,False,,,OK,,,,,,,,,,;;
Agg.to 2021,Medico 2021,Ente 2021,Nuova Visita 2021,Tossicodipendenza 2021,Agg.to 2022,Medico 2022,Ente 2022,Nuova Visita 2022,Tossicodipendenza 2022,VIVALDI,TIZIANA,TORBOLE TOUR S.N.C. DI ZANELLA LUCA E C.,27/02/1973,,M,,True,True,True,True,TN5469433P,BD,28/01/2022,17/01/2027,,,,TN5469433P95,,20/01/2027,,,,,,False,,,46081,TORBOLE TOUR S.N.C. DI ZANELLA LUCA E C.,,Socio e Collab. Famigliare,AGGIORNAMENTO IDONEITA',24/02/2021,,17/10/2012,,,False,False,False,,,,,True,,,,,False,True,12/10/2022, | Categoria: Socio e Collab. Famigliare,0002,,False,False,False,False,,OK,24/02/2021,MORATELLO FRANCESCO,SAPI,11/02/2021,11/02/2021,17/08/2022,MORATELLO FRANCESCO,SAPI,05/05/2022,05/05/2022;;
Agg.to 2021,Medico 2021,Ente 2021,Nuova Visita 2021,Tossicodipendenza 2021,Agg.to 2022,Medico 2022,Ente 2022,Nuova Visita 2022,Tossicodipendenza 2022,ZANELLA,LUCA,TORBOLE TOUR S.N.C. DI ZANELLA LUCA E C.,29/11/1969,,M,,True,False,True,True,TN5468975H,BCD,20/01/2022,10/01/2027,,,,TN5468975H95,,13/01/2027,,,29/01/2001,29/01/2001,,True,,,46081,TORBOLE TOUR S.N.C. DI ZANELLA LUCA E C.,,Titolare,,10/04/2019,,,,,False,False,False,,,,,False,,,,,False,True,18/10/2022,TESSERINO 22-25 ARRIVATO 14/10/22,0001,,False,False,False,False,,OK,,,,,,,,,,;;
Agg.to 2021,Medico 2021,Ente 2021,Nuova Visita 2021,Tossicodipendenza 2021,Agg.to 2022,Medico 2022,Ente 2022,Nuova Visita 2022,Tossicodipendenza 2022,TRAINOTTI,PAOLO,TRAINOTTI PAOLO,09/05/1962,,,,False,False,True,True,U1L476088U,BCD,26/08/2015,25/08/2020,TN8004470,15/09/1995,,U1L476088U95,,09/09/2015,,,,,,False,,,46105,TRAINOTTI PAOLO,10,Titolare,,,,,,,False,False,False,,,,,False,,,,,False,True,12/10/2022,,2859,11/08/2022,False,False,False,False,,,,,,,,,,,,;;
"Agg.to 2021,Medico 2021,Ente 2021,Nuova Visita 2021,Tossicodipendenza 2021,Agg.to 2022,Medico 2022,Ente 2022,Nuova Visita 2022,Tossicodipendenza 2022,BONOMO,DANIELE,TRENTINOBUS S.R.L.,18/04/1970,,,,True,False,True,True,U17Z71669N,BCD,19/05/2021,18/05/2026,,,,U17Z71669N95,,18/09/2025,,,,,,False,01/01/2019,,46329,TRENTINOBUS S.R.L.,8,Dipendente,,10/04/2019,OK,30/01/2019,,OK,True,False,False,C2,INDET,TP,""40,00"",False,,,,,,True,12/10/2022,,2470,,True,False,False,,,OK,17/02/2021,BENEDETTI ALESSANDRO,SAPI,28/01/2021,28/01/2021,12/09/2022,,SAPI,13/01/2022,13/01/2022";;
Agg.to 2021,Medico 2021,Ente 2021,Nuova Visita 2021,Tossicodipendenza 2021,Agg.to 2022,Medico 2022,Ente 2022,Nuova Visita 2022,Tossicodipendenza 2022,CAZZOLLI,ANDREA,TRENTINOBUS S.R.L.,30/11/1959,,M,,True,False,True,True,U175J6005H,BCDE,30/06/2022,28/06/2024,,,,U175J6005H95,,14/02/2025,,,23/12/1981,07/08/1985,07/08/1985,False,16/08/2016,,46329,TRENTINOBUS S.R.L.,,Autista a chiamata,AGGIORNAMENTO IDONEITA',28/04/2021,,28/04/2021,,,True,False,False,C2,DET,,,False,,,,,False,True,12/10/2022,,2214,,True,False,False,False,,OK,28/04/2021,BENEDETTI ALESSANDRO,SAPI,25/02/2021,25/02/2021,12/09/2022,,SAPI,17/02/2022,17/02/2022;;
Agg.to 2021,Medico 2021,Ente 2021,Nuova Visita 2021,Tossicodipendenza 2021,Agg.to 2022,Medico 2022,Ente 2022,Nuova Visita 2022,Tossicodipendenza 2022,CHEROTTI,STEFANO,TRENTINOBUS S.R.L.,06/06/1966,,M,,True,False,True,True,U1G999414X,B,17/01/2015,06/06/2025,TN8012180,20/06/2019,20/06/2024,U1G999414X95,,,,,,,,True,07/03/2022,,46329,TRENTINOBUS S.R.L.,,Autista a chiamata,RICHIESTA TESSERINO 12/09/2022,,,12/09/2022,,,True,False,False,,,,,False,,,,,False,True,18/10/2022,TESSERINO 22-25 ARRIVATO 18/10/2022,2818,,True,False,False,False,,OK,,,,,,12/09/2022,BENEDETTI ALESSANDRO,,06/09/2022,06/09/2022;;
"Agg.to 2021,Medico 2021,Ente 2021,Nuova Visita 2021,Tossicodipendenza 2021,Agg.to 2022,Medico 2022,Ente 2022,Nuova Visita 2022,Tossicodipendenza 2022,GIORDANI,STEVE,TRENTINOBUS S.R.L.,18/06/1977,,,,True,False,True,True,U18W73480P,BD,28/11/2020,27/11/2025,TN8011010,29/12/2010,,U18W73480P95,,22/09/2025,,,,07/02/2006,,False,01/02/2014,,46329,TRENTINOBUS S.R.L.,8,Dipendente,AGGIORNAMENTO IDONEITA',14/11/2019,OK,28/02/2014,,OK,True,False,False,C2,INDET,TP,""40,00"",False,,,,,,True,12/10/2022,,1928,,True,False,False,,,OK,17/02/2021,BENEDETTI ALESSANDRO,SAPI,09/02/2021,09/02/2021,12/09/2022,,SAPI,01/02/2022,01/02/2022";;
"Agg.to 2021,Medico 2021,Ente 2021,Nuova Visita 2021,Tossicodipendenza 2021,Agg.to 2022,Medico 2022,Ente 2022,Nuova Visita 2022,Tossicodipendenza 2022,HUDOROVIC,JOS,TRENTINOBUS S.R.L.,07/01/1983,,M,,True,False,True,True,TN5399069X,BD,30/07/2018,30/07/2023,,,,TN5399069X95,,20/06/2023,,,,,,False,12/08/2018,,46329,TRENTINOBUS S.R.L.,,Dipendente,AGGIORNAMENTO IDONEITA',14/11/2019,,11/09/2018,,,True,False,False,C2,DET,TP,""40,00"",False,,,,,False,True,12/10/2022,,2414,,True,False,False,False,,OK,06/04/2022,BENEDETTI ALESSANDRO,SAPI,06/12/2021,06/12/2021,,,SAPI,,";;
Agg.to 2021,Medico 2021,Ente 2021,Nuova Visita 2021,Tossicodipendenza 2021,Agg.to 2022,Medico 2022,Ente 2022,Nuova Visita 2022,Tossicodipendenza 2022,MAFFEI,FRANCESCA,TRENTINOBUS S.R.L.,27/09/1980,,M,,True,False,True,True,U147G4057M,BCD,26/03/2022,25/03/2027,TN8008014,23/11/2007,,U147G4057M95,,18/09/2025,,,14/05/2002,14/05/2002,,False,,,46329,TRENTINOBUS S.R.L.,,Socio,,10/04/2019,,12/10/2022,,,False,False,False,,,,,False,,,,,False,True,12/10/2022,,1929,,False,False,False,False,,OK,06/04/2022,BENEDETTI ALESSANDRO,SAPI,07/09/2021,07/09/2021,12/09/2022,BENEDETTI ALESSANDRO,SAPI,06/09/2022,06/09/2022;;
Agg.to 2021,Medico 2021,Ente 2021,Nuova Visita 2021,Tossicodipendenza 2021,Agg.to 2022,Medico 2022,Ente 2022,Nuova Visita 2022,Tossicodipendenza 2022,MAFFEI,PAOLO,TRENTINOBUS S.R.L.,15/04/1970,,M,,True,False,True,True,U190G6044S,BCD,16/04/2022,15/04/2027,TN8001841,24/12/1991,,U190G6044S95,,18/09/2025,,,,,,False,,,46329,TRENTINOBUS S.R.L.,,Titolare,,10/04/2019,,12/10/2022,,,False,False,False,,,,,False,,,,,False,True,12/10/2022,,1930,,False,False,False,False,,OK,,,,,,,,,,;;
Agg.to 2021,Medico 2021,Ente 2021,Nuova Visita 2021,Tossicodipendenza 2021,Agg.to 2022,Medico 2022,Ente 2022,Nuova Visita 2022,Tossicodipendenza 2022,POLANA,LIVIO,TRENTINOBUS S.R.L.,10/10/1960,,,,True,False,True,True,TN5438262C,BCDE,09/09/2020,24/02/2022,TN8008310,18/01/2008,,TN5438262C95,,08/09/2025,,,,,,False,15/12/2020,,46329,TRENTINOBUS S.R.L.,11,Autista a chiamata,EMETTERE TESSERINO 24/02/2021; TESSERINO ARRIVATO,15/03/2021,OK,24/02/2021,,OK,True,False,False,C2,DET,,,False,,,,,,True,12/10/2022,,2704,,True,False,False,,,OK,06/04/2022,BENEDETTI ALESSANDRO,SAPI,01/07/2021,01/07/2021,12/09/2022,,SAPI,07/07/2022,07/07/2022;
Agg.to 2021,Medico 2021,Ente 2021,Nuova Visita 2021,Tossicodipendenza 2021,Agg.to 2022,Medico 2022,Ente 2022,Nuova Visita 2022,Tossicodipendenza 2022,RACCUIA,GIUSEPPE,TRENTINOBUS S.R.L.,09/01/1995,PATTI,M,,True,True,True,True,ME5503351C,BCDE,16/06/2022,16/06/2027,,,,ME5503351C95,,10/06/2026,,,,,,False,12/09/2022,,46329,TRENTINOBUS S.R.L.,,Dipendente,,,,,,,False,False,False,,,,,True,,,,,False,True,02/11/2022,RICHIESTA TESSERINO PAT 22-25  02/11/2022,,,False,False,False,False,,,,,,,,02/11/2022,BENEDETTI ALESSANDRO,,10/10/2022,20/10/2022;;
"Agg.to 2021,Medico 2021,Ente 2021,Nuova Visita 2021,Tossicodipendenza 2021,Agg.to 2022,Medico 2022,Ente 2022,Nuova Visita 2022,Tossicodipendenza 2022,SOFIA,DAVIDE,TRENTINOBUS S.R.L.,30/11/1984,MILAZZO,M,,True,True,True,True,ME5506834S,BD,19/08/2022,16/06/2027,,,,ME5506834S95,,19/08/2027,,,,,,False,12/09/2022,,46329,TRENTINOBUS S.R.L.,,Dipendente,,,,,,,False,False,False,C2,DETERMINATO,TP,""40,00"",True,,,,,False,True,02/11/2022,RICHIESTA TESSERINO PAT 22-25  02/11/2022,,,False,False,False,False,,,,,,,,02/11/2022,BENEDETTI ALESSANDRO,,20/10/2022,20/10/2022";;
Agg.to 2021,Medico 2021,Ente 2021,Nuova Visita 2021,Tossicodipendenza 2021,Agg.to 2022,Medico 2022,Ente 2022,Nuova Visita 2022,Tossicodipendenza 2022,ALVERA',PAOLO,VALBUS S.R.L.,22/01/1966,,,,True,True,True,True,TN5435631Z,BCDE,05/08/2020,18/12/2023,TN8010377,12/11/2008,,TN5435631Z95,,21/07/2025,,,23/01/1985,12/01/2004,12/01/2004,False,07/09/2010,,46780,VALBUS S.R.L.,8,Dipendente,AGGIORNAMENTO IDONEITA' 14/11/2019;" AGGIORNAMENTO IDONEITA',16/09/2020,OK,08/07/2013,,DOCUMENTAZIONE GIA' DEPOSITATA PER CERTIFICAZIONE IDONEITA',True,False,False,C2,INDET,TP,""40,00"",False,,,,,,True,12/10/2022, | Categoria: Dipendente,1594,,True,False,False,,,OK,02/09/2021,MAMMARELLA ROSANO,PROGETTO SALUTE SRL,26/08/2021,26/08/2021,01/09/2022,QUINTARELLI EMANUELE,PROGETTO SALUTE SRL,26/08/2022,26/08/2022";
Agg.to 2021,Medico 2021,Ente 2021,Nuova Visita 2021,Tossicodipendenza 2021,Agg.to 2022,Medico 2022,Ente 2022,Nuova Visita 2022,Tossicodipendenza 2022,CAMPREGHER,IVO,VALBUS S.R.L.,25/01/1959,,,,True,False,True,True,TN5462172Z,BCD,30/09/2021,11/09/2023,,,,TN5462172Z95,,15/09/2026,,,17/03/2004,09/09/2008,,False,24/09/2020,,46780,VALBUS S.R.L.,11,Autista a chiamata,EMETTERE TESSERINO 01/10/2020; TESSERINO ARRIVATO,13/10/2020,OK,01/10/2020,,OK,True,False,False,C2,INDET,,,False,,,,,,True,12/10/2022,,2668,,True,False,False,,,OK,19/10/2021,MAMMARELLA ROSANO,PROGETTO SALUTE SRL,04/10/2021,04/10/2021,01/09/2022,QUINTARELLI EMANUELE,PROGETTO SALUTE SRL,22/07/2022,22/07/2022;
Agg.to 2021,Medico 2021,Ente 2021,Nuova Visita 2021,Tossicodipendenza 2021,Agg.to 2022,Medico 2022,Ente 2022,Nuova Visita 2022,Tossicodipendenza 2022,FILIPPI,FRANCO,VALBUS S.R.L.,14/09/1959,TRENTO,M,,True,True,True,True,TN5439378D,BCDE,25/09/2020,09/02/2023,TN8008008,15/11/2007,,TN5439378D95,,10/09/2025,,,,,,False,28/09/2022,,46780,VALBUS S.R.L.,,Autista a chiamata,,,,,,,False,False,False,,,,,True,,,,,False,True,08/11/2022,RICHIESTA TESSERINO PAT 22-25 08/11/2022 ,,,False,False,False,False,,OK,,,,,,04/11/2022,QUINTARELLI EMANUELE,,14/10/2022,14/10/2022;;
Agg.to 2021,Medico 2021,Ente 2021,Nuova Visita 2021,Tossicodipendenza 2021,Agg.to 2022,Medico 2022,Ente 2022,Nuova Visita 2022,Tossicodipendenza 2022,TASSAINER,ERICO,VALBUS S.R.L.,30/09/1975,,,,True,False,True,True,TN5439976K,BCDE,03/10/2020,20/01/2025,,,,TN5439976K95,,28/09/2025,,,,,,False,01/10/2019,,46780,VALBUS S.R.L.,8,Dipendente,EMETTERE TESSERINO 01/10/2019; TESSERINO ARRIVATO 10/10/19. AGGIORNAMENTO IDONEITA' 14/11/2019;" AGGIORNAMENTO IDONEITA',16/09/2020,OK,01/10/2019,AUTISTA tolto. TESSERINO RESTITUITO. RIASSUNTO,OK,True,False,False,C2,INDET,PT,""24,00"",False,,,,,,True,12/10/2022,,2155,,True,False,False,,,OK,02/09/2021,MAMMARELLA ROSANO,PROGETTO SALUTE SRL,26/08/2021,26/08/2021,01/09/2022,QUINTARELLI EMANUELE,PROGETTO SALUTE SRL,26/08/2022,26/08/2022"
Agg.to 2021,Medico 2021,Ente 2021,Nuova Visita 2021,Tossicodipendenza 2021,Agg.to 2022,Medico 2022,Ente 2022,Nuova Visita 2022,Tossicodipendenza 2022,TRENTO,LUCA,VALBUS S.R.L.,28/04/1990,,M,,True,False,True,True,TN5395116C,BCD,08/05/2018,13/03/2023,,,,TN5395116C95,,02/05/2023,,,,,,True,09/11/2015,,46780,VALBUS S.R.L.,,Titolare,AGGIORNAMENTO IDONEITA' 14/11/2019; AGGIORNAMENTO IDONEITA',16/09/2020,,04/11/2015,,,False,False,False,,,,,False,,,,,False,True,18/10/2022,TESSERINO 22-25 ARRIVATO 18/10/2022,2164,,False,False,False,False,,OK,02/09/2021,MAMMARELLA ROSANO,PROGETTO SALUTE SRL,27/08/2021,27/08/2021,01/09/2022,QUINATRELLI EMANUELE,PROGETTO SALUTE SRL,26/08/2022,26/08/2022;
Agg.to 2021,Medico 2021,Ente 2021,Nuova Visita 2021,Tossicodipendenza 2021,Agg.to 2022,Medico 2022,Ente 2022,Nuova Visita 2022,Tossicodipendenza 2022,TRENTO,PAOLO,VALBUS S.R.L.,05/06/1965,,,,True,True,True,True,TN5424106U,BCDE,29/10/2019,22/10/2024,TN8010474,27/01/2009,,TN5424106U95,,23/10/2024,,,06/06/1994,14/11/1994,14/11/1994,False,21/03/2006,,46780,VALBUS S.R.L.,9,Socio Dipendente,AGGIORNAMENTO IDONEITA' 14/11/2019;" AGGIORNAMENTO IDONEITA',16/09/2020,OK,28/09/2012,,DOCUMENTAZIONE GIA' DEPOSITATA PER CERTIFICAZIONE IDONEITA',True,False,False,C2,INDET,TP,""40,00"",False,,,,,,True,12/10/2022, | Categoria: Dipendente,1058,,True,False,False,,,OK,02/09/2021,MAMMARELLA ROSANO,PROGETTO SALUTE SRL,27/08/2021,27/08/2021,01/09/2022,QUINTARELLI PAOLO,PROGETTO SALUTE SRL,26/08/2022,26/08/2022";
Agg.to 2021,Medico 2021,Ente 2021,Nuova Visita 2021,Tossicodipendenza 2021,Agg.to 2022,Medico 2022,Ente 2022,Nuova Visita 2022,Tossicodipendenza 2022,BOURKO,ANNA MARIE JEANNE,VALDUGA FRANCESCO,29/10/1972,,,,True,True,True,True,U112D1275C,BCD,24/09/2021,23/09/2026,TN8008251,09/01/2008,,U112D1275C95,,03/08/2025,,,24/04/2001,24/04/2001,,False,,,46054,VALDUGA FRANCESCO,4,coll. Familiare,AGGIORNAMENTO IDONEITA',14/11/2019,OK,08/02/2013,NO AUT APP DAL 2013 AL 30112018,OK,False,False,False,,,,,False,,,,,,True,12/10/2022, | Categoria: coll. Familiare,0025,,False,False,False,,,OK,08/08/2022,QUINTARELLI EMANUELE,SAPI,14/10/2021,14/10/2021,,,SAPI,,;;
Agg.to 2021,Medico 2021,Ente 2021,Nuova Visita 2021,Tossicodipendenza 2021,Agg.to 2022,Medico 2022,Ente 2022,Nuova Visita 2022,Tossicodipendenza 2022,VALDUGA,FRANCESCO,VALDUGA FRANCESCO,03/03/1964,,,,True,True,True,True,U139H7944X,BCDE,07/05/2022,06/05/2027,TN8004405,14/09/1995,,U139H7944X,,03/08/2025,,,18/10/1986,18/10/1986,01/06/1987,False,,,46054,VALDUGA FRANCESCO,10,Titolare,AGGIORNAMENTO IDONEITA',18/11/2019,TITOLARE,,,,False,False,False,,,,,False,,,,,,True,12/10/2022, | Categoria: Titolare,0024,,False,False,False,,,OK,08/08/2022,QUINTARELLI EMANUELE,SAPI,14/10/2021,14/10/2021,,,SAPI,,;;
Agg.to 2021,Medico 2021,Ente 2021,Nuova Visita 2021,Tossicodipendenza 2021,Agg.to 2022,Medico 2022,Ente 2022,Nuova Visita 2022,Tossicodipendenza 2022,ABRAM,AMANDA,VIAGGI AMANDA SRL,30/12/1956,,,,True,True,True,True,TN5474724F,B,22/04/2022,31/12/2027,TN8007930,05/11/2007,28/04/2027,,,,,,,,,False,,,46899,VIAGGI AMANDA SRL,10,Titolare,,,,,,,False,False,False,,,,,False,,,,,False,True,12/10/2022,,2860,11/08/2022,False,False,False,False,,OK,,,,,,18/08/2022,,,12/07/2022,12/07/2022;;
"Agg.to 2021,Medico 2021,Ente 2021,Nuova Visita 2021,Tossicodipendenza 2021,Agg.to 2022,Medico 2022,Ente 2022,Nuova Visita 2022,Tossicodipendenza 2022,ARTINI,FABRIZIO,VIAGGI BORDATI EZIO & C. S.N.C.,28/09/1975,,,,True,False,True,True,TN5450210N,BD,14/04/2021,26/01/2026,,,,TN5450210N,,14/04/2026,,,,,,False,01/06/2021,,46114,VIAGGI BORDATI EZIO & C. S.N.C.,8,Dipendente,RICHIESTA TESSERINO 01/06/2021.TESSERINO ARRIVATO 11/06/2021,01/06/2021,OK,01/06/2021,RICHIESTA TESSERINO 01/06/2021. TESSERINO ARRIVATO 11/06/2021,OK,True,False,False,C4,DET,TP,""40,00"",False,,,,,,True,12/10/2022,,2730,,True,False,False,,,OK,01/06/2021,PAROLARI GIACOMO,ECO SPES,31/05/2021,31/05/2021,29/08/2022,,ECO SPES,01/07/2022,01/07/2022";;
Agg.to 2021,Medico 2021,Ente 2021,Nuova Visita 2021,Tossicodipendenza 2021,Agg.to 2022,Medico 2022,Ente 2022,Nuova Visita 2022,Tossicodipendenza 2022,BORDATI,ALESSANDRO,VIAGGI BORDATI EZIO & C. S.N.C.,30/10/1976,,M,,True,False,True,True,TN5478467Y,BCDE,22/06/2022,04/05/2027,TN8007783,17/09/2007,,TN5478467Y95,,31/05/2027,,,09/02/1998,09/02/1998,17/09/2001,False,,,46114,VIAGGI BORDATI EZIO & C. S.N.C.,,Titolare,AGGIORNAMENTO IDONEITA' 26/11/2019; AGGIORNAMENTO IDONEITA',21/09/2020,,,,,False,False,False,,,,,False,,,,,False,True,12/10/2022, | Categoria: Titolare,0032,,False,False,False,False,,OK,06/09/2021,PAROLARI GIACOMO,ECO SPES,01/09/2021,01/09/2021,20/09/2022,PAROLARI GIACOMO,ECO SPES,19/09/2022,19/09/2022;
Agg.to 2021,Medico 2021,Ente 2021,Nuova Visita 2021,Tossicodipendenza 2021,Agg.to 2022,Medico 2022,Ente 2022,Nuova Visita 2022,Tossicodipendenza 2022,BORDATI,EZIO,VIAGGI BORDATI EZIO & C. S.N.C.,09/04/1945,,,,True,False,True,True,U15S11033F,BE,24/02/2020,09/04/2023,TN8008468,15/02/2008,17/05/2021,,,,,,,,,False,,,46114,VIAGGI BORDATI EZIO & C. S.N.C.,9,Socio,AGGIORNAMENTO IDONEITA' 19/07/2019; AGGIORNAMENTO IDONEITA',21/09/2020,OK,28/09/2012,,DOCUMENTAZIONE GIA' DEPOSITATA PER CERTIFICAZIONE IDONEITA',False,False,False,,,,,False,,,,,,True,12/10/2022, | Categoria: Socio,0033,,False,False,False,,,OK,06/09/2021,PAROLARI GIACOMO,ECO SPES,01/09/2021,01/09/2021,13/09/2022,PAROLARI GIACOMO ECO SPE,ECO SPES,12/09/2022,12/09/2022;
"Agg.to 2021,Medico 2021,Ente 2021,Nuova Visita 2021,Tossicodipendenza 2021,Agg.to 2022,Medico 2022,Ente 2022,Nuova Visita 2022,Tossicodipendenza 2022,DEL AGUILA AMIGO,CARLOS,VIAGGI BORDATI EZIO & C. S.N.C.,19/08/1987,,,,True,False,True,True,TN5460135M,BDE,15/09/2021,16/07/2023,,,,TN5460135M95,,15/09/2026,,,,,,False,01/12/2021,,46114,VIAGGI BORDATI EZIO & C. S.N.C.,8,Dipendente,RICHIESTA TESSERINO 27/12/2021.TESSERINO ARRIVATO 21/01/2022,27/12/2021,OK,27/12/2021,RICHIESTA TESSERINO 27/12/2021.TESSERINO ARRIVATO 21/01/2022,OK,True,False,False,C4,DET,TP,""40,00"",False,,,,,,True,12/10/2022,,2776,,True,False,False,,,OK,27/12/2021,PAROLARI GIACOMO,ECO SPES,26/11/2021,26/11/2021,,,ECO SPES,,";;
Agg.to 2021,Medico 2021,Ente 2021,Nuova Visita 2021,Tossicodipendenza 2021,Agg.to 2022,Medico 2022,Ente 2022,Nuova Visita 2022,Tossicodipendenza 2022,PANGRAZZI,MAURO,VIAGGI BORDATI EZIO & C. S.N.C.,27/08/1957,,,,True,False,True,True,U172J2276C,BCDE,28/06/2022,27/08/2024,,,,U172J2276C95,,08/10/2025,,,,,,False,20/12/2014,,46114,VIAGGI BORDATI EZIO & C. S.N.C.,11,Autista a chiamata,AGGIORNAMENTO IDONEITA'. DIPENDENTE STAGIONALE. AUTISTA LICENZIATO.AUTISTA RIASSUNTO FINO A MARZO 2023,17/01/2020,OK,22/01/2013,DIPENDENTE STAGIONALE. AUTISTA LICENZIATO.AUTISTA RIASSUNTO FINO A MARZO 2023,OK,True,False,False,C2,,,,False,,,,,,True,12/10/2022,,1748,,True,False,False,,,OK,06/09/2021,PAROLARI GIACOMO,ECO SPES,01/09/2021,01/09/2021,13/09/2022,PAROLARI GIACOMO,ECO SPES,12/09/2022,12/09/2022;;
"Agg.to 2021,Medico 2021,Ente 2021,Nuova Visita 2021,Tossicodipendenza 2021,Agg.to 2022,Medico 2022,Ente 2022,Nuova Visita 2022,Tossicodipendenza 2022,VALENTI,MORIS,VIAGGI BORDATI EZIO & C. S.N.C.,21/02/1975,,,,True,False,True,True,U13W02752D,BCDE,24/10/2020,23/10/2025,TN8008379,01/02/2008,,U13W02752D95,,09/04/2021,,,,,,False,06/12/2021,,46114,VIAGGI BORDATI EZIO & C. S.N.C.,8,Dipendente,RICHIESTA TESSERINO 27/12/2021.TESSERINO ARRIVATO 21/01/2022,27/12/2021,OK,27/12/2021,RICHIESTA TESSERINO 27/12/2021.TESSERINO ARRIVATO 21/01/2022,OK,True,False,False,C4,DET,TP,""40,00"",False,,,,,,True,12/10/2022,,2777,,True,False,False,,,OK,27/12/2021,PAROLARI GIACOMO,ECO SPES,17/12/2021,17/12/2021,,,ECO SPES,,";;
Agg.to 2021,Medico 2021,Ente 2021,Nuova Visita 2021,Tossicodipendenza 2021,Agg.to 2022,Medico 2022,Ente 2022,Nuova Visita 2022,Tossicodipendenza 2022,VALERIO,GIORGIO,VIAGGI BORDATI EZIO & C. S.N.C.,02/06/1965,,,,True,False,True,True,TN5477905B,BCD,10/06/2022,17/03/2026,TN8008265,08/01/2008,,TN5477905B95,,17/05/2027,,,24/03/1986,24/03/1986,,False,03/01/2015,,46114,VIAGGI BORDATI EZIO & C. S.N.C.,11,Autista a chiamata,AGGIORNAMENTO IDONEITA' 05/08/2019; AGGIORNAMENTO IDONEITA'.DIPENDENTE STAGIONALE.AUTISTA LICENZIATO.AUTISTA RIASSUNTO FINO A  OTTOBRE 2022,21/09/2020,OK,17/02/2016,DIPENDENTE STAGIONALE. AUTISTA LICENZIATO.AUTISTA RIASSUNTO FINO A  OTTOBRE 2022,OK,True,False,False,C2,,,,False,,,,,,True,12/10/2022,,2186,,True,False,False,,,OK,06/09/2021,PAROLARI GIACOMO,ECO SPES,01/09/2021,01/09/2021,13/09/2022,PAROLARI GIACOMO,ECO SPES,12/09/2022,12/09/2022;
Agg.to 2021,Medico 2021,Ente 2021,Nuova Visita 2021,Tossicodipendenza 2021,Agg.to 2022,Medico 2022,Ente 2022,Nuova Visita 2022,Tossicodipendenza 2022,BRIDA,FABRIZIO,VIAGGI CICOLINI S.R.L.,17/04/1971,,,,True,True,True,True,TN5439543F,BCDE,29/09/2020,26/10/2024,,,,TN5439543F95,,11/09/2025,,,28/01/1997,28/01/1997,13/06/1997,False,04/10/2009,,46153,VIAGGI CICOLINI S.N.C. DI CICOLINI,11,Autista a Chiamata,AGGIORNAMENTO IDONEITA' 12/09/19; AGGIORNAMENTO IDONEITA'.,28/08/2020,OK,22/03/2021,,OK,False,True,False,C3,INDET,,,False,,,,,,True,12/10/2022, | Categoria: Dipendente,1183,,False,True,False,,,OK,16/09/2021,PAROLARI GIACOMO,ECO SPES,26/08/2021,,,,ECO SPES,,;
Agg.to 2021,Medico 2021,Ente 2021,Nuova Visita 2021,Tossicodipendenza 2021,Agg.to 2022,Medico 2022,Ente 2022,Nuova Visita 2022,Tossicodipendenza 2022,CERESA,DANIELE,VIAGGI CICOLINI S.R.L.,07/08/1964,,M,,True,False,True,True,U164E3616C,BCD,21/12/2021,17/12/2026,,,,U164E3616C95,,07/08/2025,,,,,,False,01/12/2016,,46153,VIAGGI CICOLINI S.N.C. DI CICOLINI,,Dipendente,AGGIORNAMENTO IDONEITA' 12/09/19; AGGIORNAMENTO IDONEITA',12/09/2019,,31/01/2017,,,False,True,False,3 SUPER,,,,False,,,,,False,True,12/10/2022,,2261,,False,True,False,False,,OK,16/09/2021,PAROLARI GIACOMO,ECO SPES,09/09/2021,,22/09/2022,PAROLARI GIACOMO,ECO SPES,19/08/2022,19/08/2022;
Agg.to 2021,Medico 2021,Ente 2021,Nuova Visita 2021,Tossicodipendenza 2021,Agg.to 2022,Medico 2022,Ente 2022,Nuova Visita 2022,Tossicodipendenza 2022,CICOLINI,PIETRO,VIAGGI CICOLINI S.R.L.,29/04/1961,,,,False,False,True,True,TN5428689P,BCDE,21/01/2020,08/01/2025,,,,TN5428689P95,,13/01/2025,,,,,,False,,,46153,VIAGGI CICOLINI S.N.C. DI CICOLINI,10,Titolare,AGGIORNAMENTO IDONEITA' 11/09/19; AGGIORNAMENTO IDONEITA',28/08/2020,TITOLARE,,,,False,False,False,,,,,False,,,,,,True,12/10/2022, | Categoria: Titolare,0036,,False,False,False,,,,16/09/2021,PAROLARI GIACOMO,ECO SPES,26/08/2021,,22/08/2022,PAROLARI GIACOMO,ECO SPES,19/08/2022,19/08/2022;
Agg.to 2021,Medico 2021,Ente 2021,Nuova Visita 2021,Tossicodipendenza 2021,Agg.to 2022,Medico 2022,Ente 2022,Nuova Visita 2022,Tossicodipendenza 2022,FLESSATI,ADA,VIAGGI CORNELIO DI FLESSATI NICOLA E C. S.N.C.,05/09/1964,,M,,True,True,True,True,U136C9091E,BCD,04/08/2021,03/08/2026,TN8006601,12/11/2001,,U136C9091E,,04/09/2025,,,11/10/2001,11/10/2001,,False,,,46113,VIAGGI CORNELIO DI FLESSATI NICOLA,,Socio,AGGIORNAMENTO IDONEITA',10/12/2019,,28/09/2012,,,False,False,False,,,,,False,,,,,False,False,04/11/2022, | Categoria: Socio,0040,,False,False,False,False,,OK,13/10/2021,LOCATELLI ALBERTO,SAPI,12/10/2021,,04/11/2022,LOCATELLI ALBERTO,SAPI,25/10/2022,25/10/2022;;
Agg.to 2021,Medico 2021,Ente 2021,Nuova Visita 2021,Tossicodipendenza 2021,Agg.to 2022,Medico 2022,Ente 2022,Nuova Visita 2022,Tossicodipendenza 2022,FLESSATI,NICOLA,VIAGGI CORNELIO DI FLESSATI NICOLA E C. S.N.C.,22/12/1977,,,,True,True,True,True,TN5456702B,BCDE,09/07/2021,09/07/2026,TN8007801,26/09/2007,,TN5456702B95,,04/09/2025,,,,,,False,,,46113,VIAGGI CORNELIO DI FLESSATI NICOLA,10,Titolare,AGGIORNAMENTO IDONEITA'.AGGIORNAMENTO IDONEITA',13/07/2021,TITOLARE,17/09/2012,AGGIORNAMENTO IDONEITA',,False,False,False,,,,,False,,,,,,True,12/10/2022, | Categoria: Titolare,0041,,False,False,False,,,OK,13/07/2021,LOCATELLI ALBERTO,SAPI,25/06/2021,25/06/2021,13/06/2022,LOCATELLI ALBERTO,SAPI,10/06/2022,10/06/2022;;
Agg.to 2021,Medico 2021,Ente 2021,Nuova Visita 2021,Tossicodipendenza 2021,Agg.to 2022,Medico 2022,Ente 2022,Nuova Visita 2022,Tossicodipendenza 2022,GABRIELLI,STEFANO,VIAGGI CORNELIO DI FLESSATI NICOLA E C. S.N.C.,08/02/1996,,M,,True,False,True,True,BS6040872V,BDE,02/04/2022,02/04/2027,,,,BS6040872V95,,25/11/2026,,,,,,True,03/12/2021,,46113,VIAGGI CORNELIO DI FLESSATI NICOLA,,Dipendente,RICHIESTA TESSERINO 07/12/2021;" TESSERINO ARRIVATO 17/12,07/12/2021,,06/12/2021,,,True,False,False,C3,DET,TP,""40,00"",False,,,,,False,True,18/10/2022,TESSERINO 22-25 ARRIVATO 18/10/2022,2774,,True,False,False,False,,OK,06/12/2021,PRINCIVALLE ANDREA,SAPI,04/12/2021,,,,SAPI,,";
Agg.to 2021,Medico 2021,Ente 2021,Nuova Visita 2021,Tossicodipendenza 2021,Agg.to 2022,Medico 2022,Ente 2022,Nuova Visita 2022,Tossicodipendenza 2022,RAVELLI,GIULIANO,VIAGGI CORNELIO DI FLESSATI NICOLA E C. S.N.C.,26/04/1977,,,,False,False,True,True,TN5432898D,BCDE,17/06/2020,08/06/2025,,,,TN5432898D95,,15/06/2025,,,09/05/2001,09/05/2001,30/07/2010,False,,,46113,VIAGGI CORNELIO DI FLESSATI NICOLA,11,Autista a chiamata,AGGIORNAMENTO IDONEITA'.AUTISTA ASSUNTO MA CONGELATO PERCHE' NON PUO' AVERE CONTRATTO A CHIAMATA,20/11/2019,OK,16/10/2012,AUTISTA ASSUNTO MA CONGELATO PERCHE' NON PUO' AVERE CONTRATTO A CHIAMATA,OK,True,False,False,C2,INDET,,,False,,,,,,False,12/10/2022, | Categoria: Autista a chiamata,1241,,True,False,False,,,,13/10/2021,LOCATELLI ALBERTO,SAPI,12/10/2021,,,,SAPI,,;;
"Agg.to 2021,Medico 2021,Ente 2021,Nuova Visita 2021,Tossicodipendenza 2021,Agg.to 2022,Medico 2022,Ente 2022,Nuova Visita 2022,Tossicodipendenza 2022,SARTORE,MARIA,VIAGGI CORNELIO DI FLESSATI NICOLA E C. S.N.C.,05/06/1965,,M,,True,False,True,True,TN5456703C,BCDE,09/07/2021,09/07/2026,PD8016678,26/03/2008,,TN5456703C95,,04/09/2025,,,05/05/1993,05/05/1993,,True,17/02/2015,,46113,VIAGGI CORNELIO DI FLESSATI NICOLA,,Dipendente,AGGIORNAMENTO IDONEITA',17/02/2022,,19/02/2015,,,True,False,False,C2,INDET,TP,""40,00"",False,,,,,False,True,18/10/2022,TESSERINO 22-25 ARRIVATO 18/10/2022,2028,,True,False,False,False,,OK,04/02/2021,LOCATELLI ALBERTO,,27/01/2021,27/01/2021,17/02/2022,LOCATELLI ALBERTO,,10/02/2022,10/02/2022";;
Agg.to 2021,Medico 2021,Ente 2021,Nuova Visita 2021,Tossicodipendenza 2021,Agg.to 2022,Medico 2022,Ente 2022,Nuova Visita 2022,Tossicodipendenza 2022,CHINI,ANTHONY,VIAGGI FORMOLO S.A.S. DI FORMOLO ANGELO & C.,20/08/1991,CLES,M,CHNNHN91M20C794Z,True,True,True,True,U16P60482L,B,13/11/2019,20/08/2030,TN8011915,20/04/2017,02/05/2027,,,,,,,,,True,23/07/2022,,46391,VIAGGI FORMOLO S.A.S. DI FORMOLO ANGELO & C.,,Dipendente,,,,12/10/2022,,,True,False,False,,,,,False,,,,,False,True,21/10/2022,RICHIESTA TESSERINO PAT 22 25 12/10/2022 - TESSERINO PAT ARRIVATO 21/10/22,,,True,False,False,False,,OK,,,,,,12/10/2022,,,17/03/2022,17/03/2022;;
Agg.to 2021,Medico 2021,Ente 2021,Nuova Visita 2021,Tossicodipendenza 2021,Agg.to 2022,Medico 2022,Ente 2022,Nuova Visita 2022,Tossicodipendenza 2022,FORMOLO,ANGELO,VIAGGI FORMOLO S.A.S. DI FORMOLO ANGELO & C.,18/03/1982,,M,,True,False,True,True,TN5390016W,BD,13/02/2018,15/09/2022,TN8011695,29/05/2015,,TN5390016W95,,13/02/2023,,,,,,True,,,46391,VIAGGI FORMOLO S.A.S. DI FORMOLO ANGELO & C.,,Titolare,AGGIORNAMENTO IDONEITA',27/09/2019,,,,,False,False,False,,,,,False,,,,,False,True,18/10/2022,TESSERINO 22-25 ARRIVATO 18/10/2022,2193,,False,False,False,False,,OK,,,,,,,,,,;;
Agg.to 2021,Medico 2021,Ente 2021,Nuova Visita 2021,Tossicodipendenza 2021,Agg.to 2022,Medico 2022,Ente 2022,Nuova Visita 2022,Tossicodipendenza 2022,FORMOLO,ERMANNO,VIAGGI FORMOLO S.A.S. DI FORMOLO ANGELO & C.,09/11/1986,,,,True,True,True,True,U11C95502P,BD,30/01/2018,29/01/2023,TN8008114,13/12/2007,,NO CQC,,,,,,,,False,,,46391,VIAGGI FORMOLO S.A.S. DI FORMOLO ANGELO & C.,10,Titolare,AGGIORNAMENTO IDONEITA',27/09/2019,OK,28/01/2013,,OK,False,False,False,,,,,False,,,,,,True,12/10/2022,,2195,,False,False,False,,,OK,11/01/2022,PRINCIVALLE ANDREA,SAPI,11/12/2021,11/12/2021,,,SAPI,,;;
"Agg.to 2021,Medico 2021,Ente 2021,Nuova Visita 2021,Tossicodipendenza 2021,Agg.to 2022,Medico 2022,Ente 2022,Nuova Visita 2022,Tossicodipendenza 2022,FORMOLO,ISABELLA,VIAGGI FORMOLO S.A.S. DI FORMOLO ANGELO & C.,03/10/1975,,,,True,False,True,True,U144C1775N,B,10/08/2021,09/08/2022,TN8007266,30/12/2004,09/08/2022,,,,,,,,,False,13/06/2022,,46391,VIAGGI FORMOLO S.A.S. DI FORMOLO ANGELO & C.,9,Socio,RICHIESTA TESSERINO 04/07/2022.TESSERINO ARRIVATO 29/07/2022,04/07/2022,OK,04/07/2022,RICHIESTA TESSERINO 04/07/2022.TESSERINO ARRIVATO 29/07/2022,OK,True,False,False,C2,DET,PT,""5,00"",False,,,,,,False,12/10/2022,,2831,,True,False,False,,,OK,,,,,,04/07/2022,PRINCIVALLE ANDREA,,17/06/2022,17/06/2022";;
"Agg.to 2021,Medico 2021,Ente 2021,Nuova Visita 2021,Tossicodipendenza 2021,Agg.to 2022,Medico 2022,Ente 2022,Nuova Visita 2022,Tossicodipendenza 2022,CUEL,PAOLO,VIAGGI VALFASSA S.R.L.,17/10/1972,,M,,True,False,True,True,TN5473581F,BCDE,06/04/2022,25/03/2027,TN8009351,04/06/2008,,TN5473581F95,,29/03/2027,,,,,,True,02/05/2022,,47478,VIAGGI VALFASSA S.R.L.,,Dipendente,RICHIESTA TESSERINO 03/06/2022.TESSERINO ARRIVATO 14/06/2022,03/06/2022,,03/06/2022,,,False,True,False,C3,DET,TP,""40,00"",False,,,,,False,True,18/10/2022,TESSERINO 22-25 ARRIVATO 18/10/2022,2823,,False,True,False,False,,OK,,,,,,03/06/2022,GIAVARINA MASSIMO,,11/05/2022,11/05/2022";;
Agg.to 2021,Medico 2021,Ente 2021,Nuova Visita 2021,Tossicodipendenza 2021,Agg.to 2022,Medico 2022,Ente 2022,Nuova Visita 2022,Tossicodipendenza 2022,DESILVESTRO,FRANCO,VIAGGI VALFASSA S.R.L.,06/12/1959,,,,True,False,True,True,TN5474323K,BCD,14/04/2022,23/04/2023,TN8009391,10/06/2008,,TN5474323K95,,04/04/2027,,,,11/03/1988,,False,,,47478,VIAGGI VALFASSA S.R.L.,10,Titolare,,10/04/2019,TITOLARE,,,,False,False,False,,,,,False,,,,,,True,12/10/2022,,2445,,False,False,False,,,OK,,,,,,,,,,;;
"Agg.to 2021,Medico 2021,Ente 2021,Nuova Visita 2021,Tossicodipendenza 2021,Agg.to 2022,Medico 2022,Ente 2022,Nuova Visita 2022,Tossicodipendenza 2022,DESILVESTRO,MONICA,VIAGGI VALFASSA S.R.L.,04/05/1989,,M,,True,False,True,True,BZ5414491V,BD,05/01/2019,05/09/2023,TN8012220,22/10/2019,,BZ5414491V95,,10/12/2023,,,,,,False,16/10/2018,,47478,VIAGGI VALFASSA S.R.L.,,Dipendente,AUTISTA IN MATERNITA'.AGGIORNAMENTO IDONEITA'.AUTISTA TOLTO FINO AL 14/05/2021,14/05/2021,,,,,False,True,False,3,INDET,TP,""39,00"",False,,,,,False,True,12/10/2022,VISITA MEDICA VALE 2 ANNI - TOSSICODIPENDENZA A FINE SETT 2022,2446,,False,True,False,False,,OK,14/05/2021,GRAVINA TOMMASO,SAPI,10/05/2021,10/05/2021,30/09/2022,GIAVARINA MASSIMO,SAPI,10/05/2021,28/09/2022";;
"Agg.to 2021,Medico 2021,Ente 2021,Nuova Visita 2021,Tossicodipendenza 2021,Agg.to 2022,Medico 2022,Ente 2022,Nuova Visita 2022,Tossicodipendenza 2022,VENDER,LUCA,VIAGGI VALFASSA S.R.L.,26/02/1982,,M,,True,False,True,True,BZ5397614C,BD,23/02/2018,13/10/2022,,,,BZ5397614C95,,23/02/2023,,,,,,True,02/05/2019,,47478,VIAGGI VALFASSA S.R.L.,,Dipendente,AGGIORNAMENTO IDONEITA' 2019. AGGIORNAMENTO IDONEITA',03/05/2021,,29/04/2019,,,False,True,False,3,DET,PT,""6,00"",False,,,,,False,True,18/10/2022,TESSERINO 22-25 ARRIVATO 18/10/2022,2450,,False,True,False,False,,OK,03/05/2021,GRAVINA TOMMASO,SAPI,08/03/2021,08/03/2021,22/08/2022,,SAPI,11/05/2022,11/05/2022";;
Agg.to 2021,Medico 2021,Ente 2021,Nuova Visita 2021,Tossicodipendenza 2021,Agg.to 2022,Medico 2022,Ente 2022,Nuova Visita 2022,Tossicodipendenza 2022,ZANFRANCESCHI,MARCO,VIAGGIARE EGIDI,,,,,False,False,True,True,00000000000,,,,,,,,,,,,,,,False,01/09/2020,,46251,VIAGGIARE EGIDI,8,,,,,,,,False,False,False,,,,,False,,,,,,False,12/10/2022,,2672,,False,False,False,,,,,,,,,,,,,;;
Agg.to 2021,Medico 2021,Ente 2021,Nuova Visita 2021,Tossicodipendenza 2021,Agg.to 2022,Medico 2022,Ente 2022,Nuova Visita 2022,Tossicodipendenza 2022,GIOVANNINI,DAVIDE,VITO DI PEDRON VITTORIA,05/02/1998,,M,,True,False,True,True,TN5420804L,BCDE,16/09/2019,16/09/2024,,,,TN5420804L95,,24/10/2023,,,,,,True,18/10/2019,,46897,VITO DI PEDRON VITTORIA,,coll. Familiare,RICHIESTA TESSERINO 02/08/0022.TESSERINO ARRIVATO 11/08/2022,,,02/08/2022,,,False,True,False,,,,,False,,,,,False,True,18/10/2022,TESSERINO 22-25 ARRIVATO 18/10/2022,2845,03/08/2022,False,True,False,False,,OK,,,,,,02/08/2022,PRINCIVALLE ANDREA,,20/01/2022,28/01/2022;;
Agg.to 2021,Medico 2021,Ente 2021,Nuova Visita 2021,Tossicodipendenza 2021,Agg.to 2022,Medico 2022,Ente 2022,Nuova Visita 2022,Tossicodipendenza 2022,GIOVANNINI,JESSICA,VITO DI PEDRON VITTORIA,02/12/1994,,M,,True,False,True,True,TN5367144P,BD,13/12/2016,13/12/2021,,,,TN5367144P95,,23/11/2021,,,,,,False,,,46897,VITO DI PEDRON VITTORIA,9,Socio,RICHIESTA TESSERINO 27/05/2019. TESSERINO ARRIVATO,20/06/2019,OK,,,OK,False,False,False,,,,,False,,,,,False,True,12/10/2022,,2503,,False,False,False,False,,,,,,,,16/08/2022,PRINCIVALLE ANDREA,,06/08/2022,06/08/2022;;
Agg.to 2021,Medico 2021,Ente 2021,Nuova Visita 2021,Tossicodipendenza 2021,Agg.to 2022,Medico 2022,Ente 2022,Nuova Visita 2022,Tossicodipendenza 2022,GIOVANNINI,ONORIO,VITO DI PEDRON VITTORIA,04/06/1965,,M,,True,False,True,True,TN5428605C,BCDE,17/01/2020,11/12/2024,TN8010525,13/03/2009,,TN5428605C95,,19/12/2024,,,07/08/1987,12/12/1989,12/12/1989,True,,,46897,VITO DI PEDRON VITTORIA,,Autista a chiamata,AGGIORNAMENTO IDONEITA',30/12/2019,,29/11/2013,,,False,True,False,3 SUPER,INDET,,,False,,,,,False,True,18/10/2022,TESSERINO 22-25 ARRIVATO 18/10/2022,1633,,False,True,False,False,,OK,,,,,,16/08/2022,PRINCIVALLE ANDREA,,06/08/2022,06/08/2022;;
"Agg.to 2021,Medico 2021,Ente 2021,Nuova Visita 2021,Tossicodipendenza 2021,Agg.to 2022,Medico 2022,Ente 2022,Nuova Visita 2022,Tossicodipendenza 2022,MIHAILA,OCTAVIAN,VITO DI PEDRON VITTORIA,11/08/1985,,,,False,False,True,True,TN5441950K,BCDE,05/11/2020,19/10/2025,,,,TN5441950K95,,26/10/2025,,,,,,False,19/09/2015,,46897,VITO DI PEDRON VITTORIA,8,Dipendente,AGGIORNAMENTO IDONEITA',30/12/2019,OK,21/10/2015,,OK,False,True,False,3 SUPER,DET,PT,""10,00"",False,,,,,,False,12/10/2022,,2162,,False,True,False,,,,,,,,,,,,,";;
Agg.to 2021,Medico 2021,Ente 2021,Nuova Visita 2021,Tossicodipendenza 2021,Agg.to 2022,Medico 2022,Ente 2022,Nuova Visita 2022,Tossicodipendenza 2022,PEDRON,VITTORIA,VITO DI PEDRON VITTORIA,21/02/1972,,M,,True,False,True,True,TN5432208S,BD,03/06/2020,19/05/2025,TN8010526,13/03/2009,,TN5432208S95,,29/05/2025,,,,,,True,,,46897,VITO DI PEDRON VITTORIA,,Titolare,,10/04/2019,,,,,False,False,False,,,,,False,,,,,False,True,18/10/2022,TESSERINO 22-25 ARRIVATO 18/10/2022,1632,,False,False,False,False,,OK,,,,,,,,,,;;
"Agg.to 2021,Medico 2021,Ente 2021,Nuova Visita 2021,Tossicodipendenza 2021,Agg.to 2022,Medico 2022,Ente 2022,Nuova Visita 2022,Tossicodipendenza 2022,TURRINI,ERNESTO,VITO DI PEDRON VITTORIA,25/01/1971,,M,,True,False,True,True,TN5440174X,BCDE,08/10/2020,13/12/2022,,,,TN5440174X95,09/01/2013,06/10/2025,,,,,,True,05/08/2014,,46897,VITO DI PEDRON VITTORIA,,Dipendente,AGGIORNAMENTO IDONEITA',30/12/2019,,13/08/2014,,,False,True,False,3 SUPER,DET,TP,""39,00"",False,,,,,False,True,18/10/2022,TESSERINO 22-25 ARRIVATO 18/10/2022,1970,,False,True,False,False,,OK,08/02/2021,PRINCIVALLE ANDREA,SAPI,23/01/2021,23/01/2021,16/08/2022,PRINCIVALLE ANDREA,SAPI,22/01/2022,22/01/2022";;
Agg.to 2021,Medico 2021,Ente 2021,Nuova Visita 2021,Tossicodipendenza 2021,Agg.to 2022,Medico 2022,Ente 2022,Nuova Visita 2022,Tossicodipendenza 2022,DELL'AGNOLO,EMANUELE,VOLTOLINI SNC DI VOLTOLINI LUCA E MARTINO,25/03/1980,,M,,True,False,True,True,TN5438228M,BCD,09/09/2020,26/06/2024,TN8010821,,,TN5438228M95,,08/09/2025,,,,,,False,01/09/2014,,46063,VOLTOLINI SNC DI VOLTOLINI LUCA E,,Dipendente,AGGIORNAMENTO IDONEITA' 26/09/2019;"  AGGIORNAMENTO IDONEITA',31/08/2020,,02/09/2014,,,False,True,False,3J SPEC,INDET,TP,""39,00"",False,,,,,False,True,12/10/2022,,1974,,False,True,False,False,,OK,31/08/2021,QUINTARELLI EMANUELE,SAPI,27/08/2021,27/08/2021,20/09/2022,QUINTARELLI EMANUELE,SAPI,15/09/2022,15/09/2022";
"Agg.to 2021,Medico 2021,Ente 2021,Nuova Visita 2021,Tossicodipendenza 2021,Agg.to 2022,Medico 2022,Ente 2022,Nuova Visita 2022,Tossicodipendenza 2022,VOLTOLINI,FRANCESCO,VOLTOLINI SNC DI VOLTOLINI LUCA E MARTINO,23/06/1976,,,,True,False,True,True,TN5438744H,BCDE,16/09/2020,30/08/2024,TN8008963,07/04/2008,,TN5438744H95,,15/09/2025,,,25/03/1998,25/03/1998,,False,08/01/1999,,46063,VOLTOLINI SNC DI VOLTOLINI LUCA E,8,Dipendente,AGGIORNAMENTO IDONEITA',13/01/2020,OK,17/12/2012,,OK,False,True,False,3 SUPER,INDET,TP,""39,00"",False,,,,,,True,12/10/2022, | Categoria: Dipendente,0056,,False,True,False,,,OK,25/01/2021,QUINTARELLI EMANUELE,SAPI,08/01/2021,08/01/2021,10/01/2022,QUINTARELLI EMANUELE,SAPI,07/01/2022,07/01/2022";;
Agg.to 2021,Medico 2021,Ente 2021,Nuova Visita 2021,Tossicodipendenza 2021,Agg.to 2022,Medico 2022,Ente 2022,Nuova Visita 2022,Tossicodipendenza 2022,VOLTOLINI,LUCA,VOLTOLINI SNC DI VOLTOLINI LUCA E MARTINO,31/05/1962,,M,,True,True,True,True,VI5622861K,BCD,04/02/2020,15/01/2025,TN8008713,03/03/2008,,VI5622861K95,,24/01/2025,,,29/05/1990,29/05/1990,,False,,,46063,VOLTOLINI SNC DI VOLTOLINI LUCA E,,Titolare,AGGIORNAMENTO IDONEITA' 26/09/2019; AGGIORNAMENTO IDONEITA',31/08/2020,,28/09/2022,,,False,False,False,,,,,False,,,,,False,True,12/10/2022, | Categoria: Titolare,0057,,False,False,False,False,,OK,31/08/2021,QUINTARELLI EMANUELE,SAPI,27/08/2021,27/08/2021,28/09/2022,QUINTARELLI EMANUELE,SAPI,23/09/2022,23/09/2022;
Agg.to 2021,Medico 2021,Ente 2021,Nuova Visita 2021,Tossicodipendenza 2021,Agg.to 2022,Medico 2022,Ente 2022,Nuova Visita 2022,Tossicodipendenza 2022,ALTIERI,ALESSANDRO,ZAMPEDRI STEFANO,24/12/1990,,M,,True,False,True,True,TN5427994T,BCDE,22/01/2020,20/09/2024,TN8011182,21/02/2012,07/02/2022,TN5427994T95,,03/07/2024,,,,,,True,01/10/2020,,46044,ZAMPEDRI STEFANO,,Dipendente,EMETTERE TESSERINO 30/09/2020;" TESSERINO ARRIVATO. AGGIORNAMENTO IDONEITA',13/10/2020,,30/09/2020,,,True,False,False,C2,INDET,TP,""40,00"",False,,,,,False,True,18/10/2022,TESSERINO 22-25 ARRIVATO 18/10/2022,2667,,True,False,False,False,,OK,27/12/2021,QUINTARELLI EMANUELE,SAPI,10/12/2021,10/12/2021,,,SAPI,,";
Agg.to 2021,Medico 2021,Ente 2021,Nuova Visita 2021,Tossicodipendenza 2021,Agg.to 2022,Medico 2022,Ente 2022,Nuova Visita 2022,Tossicodipendenza 2022,DIFFINI,SALVATORE,ZAMPEDRI STEFANO,13/02/1964,,M,,True,True,True,True,TN5430582Z,BCDE,21/02/2020,05/01/2025,TN8007849,10/10/2007,,TN5430582Z95,,10/02/2025,,,19/11/1991,19/11/1991,19/11/1991,False,02/01/2004,,46044,ZAMPEDRI STEFANO,,Dipendente,AGGIORNAMENTO IDONEITA' 18/11/2019;" AGGIORNAMENTO IDONEITA',27/11/2020,,02/07/2013,,,True,False,False,C2,INDET,TP,""40,00"",False,,,,,False,True,08/11/2022, | Categoria: Dipendente,0078,,True,False,False,False,,OK,10/11/2021,QUINTARELLI EMANUELE,SAPI,05/11/2021,05/11/2021,08/11/2022,QUINTARELLI EMANUELE,SAPI,04/11/2022,04/11/2022";
Agg.to 2021,Medico 2021,Ente 2021,Nuova Visita 2021,Tossicodipendenza 2021,Agg.to 2022,Medico 2022,Ente 2022,Nuova Visita 2022,Tossicodipendenza 2022,MOSER,GIUSEPPE,ZAMPEDRI STEFANO,29/05/1965,,M,,True,True,True,True,TN5436321S,BCDE,14/08/2020,01/12/2023,TN8007833,10/10/2007,,TN5436321S95,,05/08/2025,,,12/05/1987,12/05/1987,29/11/1988,False,02/01/2004,,46044,ZAMPEDRI STEFANO,,Dipendente,AGGIORNAMENTO IDONEITA' 18/11/2019;" AGGIORNAMENTO IDONEITA',27/11/2020,,02/07/2013,,,True,False,False,C2,INDET,TP,""40,00"",False,,,,,False,True,08/11/2022, | Categoria: Dipendente,0080,,True,False,False,False,,OK,10/11/2021,QUINTARELLI EMANUELE,SAPI,05/11/2021,05/11/2021,08/11/2022,QUINTARELLI EMANUELE,SAPI,04/11/2022,04/11/2022";
"Agg.to 2021,Medico 2021,Ente 2021,Nuova Visita 2021,Tossicodipendenza 2021,Agg.to 2022,Medico 2022,Ente 2022,Nuova Visita 2022,Tossicodipendenza 2022,PIZZININI,MAURO,ZAMPEDRI STEFANO,04/09/1957,,M,,True,False,True,True,TN5432112X,BCD,28/05/2020,04/09/2024,,,,TN5432112X95,,27/04/2020,,,09/04/1990,09/04/1990,,True,19/09/2016,,46044,ZAMPEDRI STEFANO,,Dipendente,AGGIORNAMENTO IDONEITA',05/05/2020,,22/02/2016,,,True,False,False,C2,DET,TP,""40,00"",False,,,,,False,True,18/10/2022,TESSERINO 22-25 ARRIVATO 18/10/2022,2188,,True,False,False,False,,OK,22/03/2021,QUINTARELLI EMANUELE,SAPI,19/03/2021,19/03/2021,18/03/2022,QUINTARELLI EMANUELE,SAPI,17/03/2022,17/03/2022";;
Agg.to 2021,Medico 2021,Ente 2021,Nuova Visita 2021,Tossicodipendenza 2021,Agg.to 2022,Medico 2022,Ente 2022,Nuova Visita 2022,Tossicodipendenza 2022,ZAMPEDRI,STEFANO,ZAMPEDRI STEFANO,13/09/1967,,,,True,True,True,True,TN5436320V,BCD,14/08/2020,10/03/2023,TN8008276 riclassificato TN8004305,08/01/2008,,TN5436320V95,,05/08/2025,,,01/03/1988,01/03/1988,,False,,,46044,ZAMPEDRI STEFANO,10,Titolare,AGGIORNAMENTO IDONEITA'.AGGIORNAMENTO IDONEITA',13/07/2021,TITOLARE,13/07/2021,AGGIORNAMENTO IDONEITA',,False,False,False,,,,,False,,,,,,True,12/10/2022, | Categoria: Titolare,0076,,False,False,False,,,OK,13/07/2021,QUINTARELLI EMANUELE,SAPI,01/07/2021,01/07/2021,04/07/2022,QUINTARELLI EMANUELE,SAPI,30/06/2022,30/06/2022;;
Agg.to 2021,Medico 2021,Ente 2021,Nuova Visita 2021,Tossicodipendenza 2021,Agg.to 2022,Medico 2022,Ente 2022,Nuova Visita 2022,Tossicodipendenza 2022,ZOTTELE,FAUSTO,ZOTTELE FAUSTO & C SNC,23/04/1957,,,,True,True,True,True,TN5477155G,B,31/05/2022,23/04/2028,TN8004624,16/09/1995,,,,,,,,,,False,,,46125,ZOTTELE FAUSTO & C SNC,9,Socio,,10/04/2019,TITOLARE,06/03/2013,,,False,False,False,,,,,False,,,,,,False,12/10/2022, | Categoria: Titolare,0084,,False,False,False,,,OK,,,,,,,,,,;;
Agg.to 2021,Medico 2021,Ente 2021,Nuova Visita 2021,Tossicodipendenza 2021,Agg.to 2022,Medico 2022,Ente 2022,Nuova Visita 2022,Tossicodipendenza 2022,ZOTTELE,LORENA,ZOTTELE FAUSTO & C SNC,20/11/1987,,,,True,True,True,True,U15W59027E,B,09/11/2020,20/11/2029,TN8010959,09/09/2020,29/05/2022,,,,,,,,,False,,,46125,ZOTTELE FAUSTO & C SNC,10,Titolare,,10/04/2019,LICENZIATO,,AUTISTA tolto 2012.,,False,False,False,,,,,False,,,,,,True,12/10/2022, | Categoria: Dipendente,1617,,False,False,False,,,OK,,,,,,,,,,;;
